spot_id,title,road_address,address,latitude,longitude,open_date,close_date
651,📢 오픈 예정인 팝업스토어 소식 📢,,,,,2024-09-27,2024-09-27
719,저장 & 공유 필수❗,,,,,2024-10-04,2024-10-04
532,아톰 70주년 팝업스토어,,"09.05(목)-09.29(일)
",,,2024-09-05,2024-09-29
562,나메코 팝업스토어,,"09.05(목)-10.14(월)
",,,2024-09-05,2024-10-14
522,어뮤즈 X 헬로키티 팝업,,09.05(목)–09.18(수) (9.16,,,2024-09-05,2024-09-18
524,포토이즘X최래성 팝업,,"09.06(금)-09.12(목)
",,,2024-09-06,2024-09-12
553,보노보노 팝업,,"09.11(수)-09.22(일)
",,,2024-09-11,2024-09-22
555,보노보노 팝업,,"09.11(수)-09.22(일)
",,,2024-09-11,2024-09-22
560,보노보노 팝업,,"09.11(수)-09.22(일)
",,,2024-09-11,2024-09-22
530,최애의 아이 팝업스토어,,"09.26(목) - 10.09(수)
",,,2024-09-26,2024-10-09
614,뮤지컬 알라딘 팝업스토어,,"10.01(화)-10.13(일)
",,,2024-09-23,2024-09-23
611,집이 없어 홈커밍데이,,"10.03(목)-10.16(수)
",,,2024-09-23,2024-09-23
1025,NCT DREAM 팝업스토어,,"11.12(화)-12.01(일)
",,,2024-11-07,
1128,BTS 진 팝업스토어 러닝 와일드 투 해피니스,,"11.19(화)-12.01(일)
",,,2024-11-21,
881,절대 놓치면 안되는,,"2024.11.30-2025.03.03
",,,2024-10-24,2024-10-24
601,시야쥬 팝업스토어,,"9.13(금)-09.26(목) 
",,,2024-09-13,2024-09-26
559,로보락 팝업스토어,,"9/14(토)-9/22(일)
",,,2024-09-14,2024-09-22
182,박카스 블루 웨이브 양양 팝업,,강원특별자치도 양양군 현남면,37.97294,128.76071,2024-07-30,2024-08-04
1126,✨️치이카와 X 카카오프렌즈 콜라보✨️,,"전국 카카오프렌즈 오프라인 매장
",,,2024-11-20,
1125,✨️치이카와 X 카카오프렌즈 콜라보✨️,,"전국 카카오프렌즈 오프라인 매장
",,,2024-11-15,
230,트렉스타 팝업,강원특별자치도 강릉시 강릉대로 198,강원특별자치도 강릉시 교동 162-79,37.757748,128.89227,2024-08-03,2024-08-11
3312,안테나숍 아트마켓 팝업,강원특별자치도 강릉시 경강로2046번길 5,"강원특별자치도 강릉시 경강로2046번길 5 (명주동, 작은공연장 단)",37.75126,128.89282,2025-06-16,2025-08-24
2268,리쥬란 팝업 - 강릉,강원특별자치도 강릉시 남문길 9,강원특별자치도 강릉시 남문동 10,37.750607,128.89331,2025-03-14,2025-04-20
865,스위트스팟,강원특별자치도 속초시 울산바위길 3,강원특별자치도 속초시 노학동 1073-66,38.205082,128.51532,2024-01-01,2026-12-31
79,아임비타 비타민 스테이션 팝업,강원특별자치도 양양군 현북면 하조대해안길 119,강원특별자치도 양양군 현북면 중광정리 508,38.027836,128.71729,2024-07-23,2024-08-04
215,한국 튜브 샵 HANKOOK TUBE SHOP 팝업,강원특별자치도 양양군 현북면 하조대해안길 119,강원특별자치도 양양군 현북면 중광정리 508,38.027836,128.71729,2024-08-09,2024-08-18
188,블루보틀 커피 트럭 양양 팝업,강원특별자치도 양양군 현북면 하조대해안길 119,강원특별자치도 양양군 현북면 중광정리 508,38.027836,128.71729,2024-07-12,2024-08-25
65,HUNCH 팝업,강원특별자치도 양양군 현북면 하조대해안길 144,강원특별자치도 양양군 현북면 중광정리 0,38.029526,128.71582,2024-07-13,2024-08-25
839,AK플라자 X 유어굿즈 원주 팝업,강원특별자치도 원주시 봉화로 1,강원특별자치도 원주시 단계동 1123,37.34567,127.92767,2024-10-25,2024-10-30
5059,쿠키런 스위트랜드 스노우 어드벤처 이벤트 - 원주,강원특별자치도 원주시 지정면 오크밸리2길 40,강원특별자치도 원주시 지정면 오크밸리2길 40 (판대리),37.40856,127.80768,2025-12-20,2026-02-18
5121,메르세데스 벤츠 윈터 라운지 이벤트,강원특별자치도 평창군 대관령면 올림픽로 715,"강원특별자치도 평창군 대관령면 올림픽로 715 (용산리, 용평리조트)",37.645767,128.68059,2025-12-20,2026-02-22
4800,댕댕마불로 여행갈개 팝업,경기 고양시 덕양구 고양대로 1955,"경기 고양시 덕양구 고양대로 1955 (동산동, 스타필드 고양)",37.6467,126.89469,2025-11-28,2025-11-30
5780,토미카 팝업 - 고양,경기 고양시 덕양구 고양대로 1955,"경기 고양시 덕양구 고양대로 1955 (동산동, 스타필드 고양)",37.647266,126.89551,2026-03-06,2026-03-19
1433,곽철이 팝업 - 고양,경기 고양시 덕양구 고양대로 1955,경기 고양시 덕양구 동산동 370,37.646896,126.89462,2024-12-23,2025-01-08
1761,놀그라미 팝업 - 고양,경기 고양시 덕양구 고양대로 1955,경기 고양시 덕양구 동산동 370,37.64706,126.89505,2025-02-06,2025-02-19
217,미(米)토피아 페스티밥 고양 팝업,경기 고양시 덕양구 고양대로 1955,경기 고양시 덕양구 동산동 370,37.646793,126.892685,2024-08-06,2024-08-19
1873,푸디버디 팝업 - 고양,경기 고양시 덕양구 고양대로 1955,경기 고양시 덕양구 동산동 370,37.646946,126.895195,2025-02-06,2025-02-19
2069,한국타미야 미니카 페스티벌 팝업 - 고양,경기 고양시 덕양구 고양대로 1955,경기 고양시 덕양구 동산동 370,37.646996,126.89541,2025-02-26,2025-03-09
1118,레고 산타 빌리지 고양 팝업,경기 고양시 덕양구 고양대로 1955,경기 고양시 덕양구 동산동 370,37.647095,126.89544,2024-11-15,2025-01-12
1806,스타필드 윈터 키즈 스트리트 팝업 - 고양,경기 고양시 덕양구 고양대로 1955,경기 고양시 덕양구 동산동 370,37.646976,126.8954,2025-02-06,2025-02-19
1582,요기보 X 야마하 팝업 - 고양,경기 고양시 덕양구 고양대로 1955,경기 고양시 덕양구 동산동 370,37.646732,126.89454,2025-01-09,2025-01-15
1918,미래엔 디지털초코 팝업 - 고양,경기 고양시 덕양구 고양대로 1955,경기 고양시 덕양구 동산동 370,37.646667,126.89425,2025-02-21,2025-02-23
4267,노만주의 이벤트 - 정원사의 비밀정원,경기 고양시 덕양구 호국로1539번길 9-9,경기 고양시 덕양구 호국로1539번길 9-9 (대자동),37.68865,126.90007,2025-10-25,2025-11-02
4369,대한민국 쓱데이 그린매직 낭만 으쓱전,경기 고양시 일산서구 킨텍스로 171,"경기 고양시 일산서구 킨텍스로 171 (대화동, 일산 킨텍스 복합개발)",37.661522,126.74428,2025-10-31,2025-11-02
5928,원피스 애니메이션 25주년 기념 특별전 - 고양,경기 고양시 일산서구 킨텍스로 217-59,"경기 고양시 일산서구 킨텍스로 217-59 (대화동, 제2킨텍스)",37.664696,126.742065,2026-05-01,2026-05-27
2592,현대자동차 X 캐치! 티니핑 전시,경기 고양시 일산서구 킨텍스로 217-6,경기 고양시 일산서구 대화동 2601,37.666206,126.74769,2025-05-01,2025-06-01
360,콘텐츠 유니버스 코리아 2024 페스티벌,경기 고양시 일산서구 킨텍스로 217-60,경기 고양시 일산서구 대화동 2600,37.668934,126.745804,2024-08-29,2024-08-30
1553,쓰리제로 팝업 - 고양,경기 고양시 일산서구 호수로 817,경기 고양시 일산서구 대화동 2602,37.66776,126.75176,2025-01-03,2025-01-12
2037,하뚱 팝업 - 고양,경기 고양시 일산서구 호수로 817,경기 고양시 일산서구 대화동 2602,37.667908,126.75187,2025-02-24,2025-03-02
2644,초이락 팝업 - 고양,경기 고양시 일산서구 호수로 817,경기 고양시 일산서구 대화동 2602,37.667797,126.75179,2025-05-02,2025-05-06
1170,우당탕탕 선물가게 팝업,경기 고양시 일산서구 호수로 817,경기 고양시 일산서구 대화동 2602,37.668003,126.75158,2024-11-29,2024-12-05
1552,소프스튜디오 팝업 - 고양,경기 고양시 일산서구 호수로 817,경기 고양시 일산서구 대화동 2602,37.667774,126.75169,2025-01-03,2025-01-12
1658,한유아 미디어아트 전시,경기 고양시 일산서구 호수로 817,경기 고양시 일산서구 대화동 2602,37.668205,126.75159,2025-01-15,2025-02-03
2036,글루타넥스 팝업 - 고양,경기 고양시 일산서구 호수로 817,경기 고양시 일산서구 대화동 2602,37.668133,126.751236,2025-02-24,2025-03-06
1295,제이트리 고양 팝업,경기 고양시 일산서구 호수로 817,경기 고양시 일산서구 대화동 2602,37.66794,126.751564,2024-12-02,2024-12-15
1616,럭셔리앤올 팝업 - 고양,경기 고양시 일산서구 호수로 817,경기 고양시 일산서구 대화동 2602,37.66781,126.75174,2025-01-06,2025-01-19
1618,명랑핫도그 팝업 - 고양,경기 고양시 일산서구 호수로 817,경기 고양시 일산서구 대화동 2602,37.668003,126.751335,2025-01-10,2025-01-23
632,키득키득 팝업,경기 고양시 일산서구 호수로 817,경기 고양시 일산서구 대화동 2602,37.66826,126.75115,2024-09-09,2024-10-03
1617,자근 프로젝트 팝업 - 고양,경기 고양시 일산서구 호수로 817,경기 고양시 일산서구 대화동 2602,37.66823,126.75133,2025-01-13,2025-01-19
4658,오프아워 팝업 - 고양,경기 고양시 일산서구 호수로 817,경기 고양시 일산서구 호수로 817 (대화동),37.667717,126.75177,2025-11-11,2025-11-23
4640,LMR 팝업,경기 고양시 일산서구 호수로 817,경기 고양시 일산서구 호수로 817 (대화동),37.667686,126.751724,2025-11-07,2025-11-20
5164,허니스쿱하우스 팝업 - 고양,경기 고양시 일산서구 호수로 817,경기 고양시 일산서구 호수로 817 (대화동),37.667625,126.751945,2025-12-29,2026-01-07
3417,미스터두낫띵 팝업,경기 고양시 일산서구 호수로 817,경기 고양시 일산서구 호수로 817 (대화동),37.66829,126.75101,2025-07-25,2025-08-07
3491,카스쿨 페스티벌,경기 과천시 광명로 181,"경기 과천시 광명로 181 (막계동, 서울랜드)",37.436462,127.02421,2025-08-23,2025-08-23
1384,콩순이와 꿀잼친구들 광명 팝업,경기 광명시 양지로 17,경기 광명시 일직동 512-3,37.418682,126.88289,2024-12-20,2024-12-25
2922,짱구와 친구들 팝업 - 김포,경기 김포시 고촌읍 아라육로152번길 100,"경기 김포시 고촌읍 아라육로152번길 100 (전호리, 현대프리미엄아울렛)",37.597237,126.78523,2025-06-06,2025-06-29
4347,원피스 팝업스토어 현대아울렛 김포점,경기 김포시 고촌읍 아라육로152번길 100,"경기 김포시 고촌읍 아라육로152번길 100 (전호리, 현대프리미엄아울렛)",37.598984,126.786285,2025-10-24,2025-11-02
2926,짱구와 친구들 팝업 - 김포_사본_사본_사본_사본,경기 김포시 고촌읍 아라육로152번길 100,"경기 김포시 고촌읍 아라육로152번길 100 (전호리, 현대프리미엄아울렛)",37.597237,126.78523,2025-06-06,2025-06-29
2402,캐치! 티니핑 팝업 - 김포,경기 김포시 고촌읍 아라육로152번길 100,경기 김포시 고촌읍 전호리 654,37.59708,126.78522,2025-03-27,2025-04-13
2044,곽철이 X 더 닐라이 콜라보 카페,경기 김포시 양촌읍 양촌역길 80,경기 김포시 양촌읍 유현리 80-5,37.642868,126.61403,2025-03-01,2025-03-31
3939,노크럼 베이커리 팝업,경기 남양주시 늘을2로14번길 12,경기 남양주시 늘을2로14번길 12 (평내동),37.65365,127.245285,2025-09-12,2025-09-14
1624,헌터 팝업 - 남양주,경기 남양주시 다산순환로 50,경기 남양주시 다산동 6141,37.616257,127.15243,2025-01-10,2025-01-23
1608,이치란 라멘 팝업 - 남양주,경기 남양주시 다산순환로 50,경기 남양주시 다산동 6141,37.616356,127.15255,2025-01-10,2025-01-16
2924,짱구와 친구들 팝업 - 남양주,경기 남양주시 다산순환로 50,"경기 남양주시 다산순환로 50 (다산동, 현대프리미엄아울렛 SPACE1)",37.616257,127.15243,2025-06-06,2025-06-29
2864,현대모비스 모비로드 팝업,경기 남양주시 다산순환로 50,"경기 남양주시 다산순환로 50 (다산동, 현대프리미엄아울렛 SPACE1)",37.616104,127.15222,2025-05-30,2025-06-08
4163,캠프 보산 팝업 - 보산을 담다,경기 동두천시 평화로 2539,"경기 동두천시 평화로 2539 (보산동, 보산역)",37.914223,127.05728,2025-09-26,2025-12-31
458,소북쿠키 부천 팝업,경기 부천시 소사구 옥길로 1,경기 부천시 소사구 옥길동 768,37.46123,126.81359,2024-09-01,2024-11-30
3213,찢고 붙이는 예술 놀이터 2025 PaperSea - 부천,경기 부천시 소사구 옥길로 1,"경기 부천시 소사구 옥길로 1 (옥길동, 스타필드시티 부천)",37.46152,126.81394,2025-08-08,2025-08-17
809,눈사람 눙눙이 팝업 - 부천,경기 부천시 원미구 길주로 172,경기 부천시 원미구 중동 1165,37.50448,126.7611,2024-10-18,2024-10-31
281,BIAF X 명탐정 코난:100만 달러의 펜타그램 팝업,경기 부천시 원미구 길주로 172,경기 부천시 원미구 중동 1165,37.50447,126.761116,2024-08-01,2024-08-11
512,오드소피 X 비클린 팝업,경기 부천시 원미구 길주로 172,경기 부천시 원미구 중동 1165,37.504368,126.76107,2024-09-05,2024-09-11
2717,르버브 X 비클린 팝업 - 부천,경기 부천시 원미구 길주로 172,경기 부천시 원미구 중동 1165,37.50436,126.760925,2025-05-15,2025-05-21
5878,달리 팝업 - 부천,경기 부천시 원미구 길주로 180,경기 부천시 원미구 중동 1164,37.504295,126.7618,2026-03-12,2026-03-18
1984,코스노리 팝업 - 부천,경기 부천시 원미구 길주로 180,경기 부천시 원미구 중동 1164-1,37.50446,126.761826,2025-02-14,2025-02-27
1526,유어굿즈 아트페스타 팝업,경기 부천시 원미구 길주로 180,경기 부천시 원미구 중동 1164-1,37.504272,126.76213,2025-01-03,2025-01-15
2314,플르부아 팝업 - 부천,경기 부천시 원미구 길주로 180,경기 부천시 원미구 중동 1164-1,37.504265,126.76195,2025-03-20,2025-03-26
1982,파넬 팝업 - 부천,경기 부천시 원미구 길주로 180,경기 부천시 원미구 중동 1164-1,37.5044,126.76199,2025-02-14,2025-02-27
2108,주닥 팝업 - 부천,경기 부천시 원미구 길주로 180,경기 부천시 원미구 중동 1164-1,37.504456,126.761505,2025-03-06,2025-03-12
2063,노매뉴얼 팝업 - 부천,경기 부천시 원미구 길주로 180,경기 부천시 원미구 중동 1164-1,37.504288,126.761955,2025-02-28,2025-03-20
1727,벨르아망 팝업 - 부천,경기 부천시 원미구 길주로 180,경기 부천시 원미구 중동 1164-1,37.50446,126.761955,2025-01-30,2025-02-05
1529,퓨처 그라운드 부천 팝업,경기 부천시 원미구 길주로 180,경기 부천시 원미구 중동 1164-1,37.504215,126.762054,2024-12-06,2025-02-09
1983,루미르 팝업 - 부천,경기 부천시 원미구 길주로 180,경기 부천시 원미구 중동 1164-1,37.504276,126.76191,2025-02-14,2025-02-27
1894,터치인솔 팝업 - 부천,경기 부천시 원미구 길주로 180,경기 부천시 원미구 중동 1164-1,37.50425,126.762115,2025-02-21,2025-02-27
1944,비클린 뷰티 위크 팝업 - 부천,경기 부천시 원미구 길주로 180,경기 부천시 원미구 중동 1164-1,37.504333,126.76193,2025-02-14,2025-02-27
1659,비클린 X 티슬로 팝업 - 부천,경기 부천시 원미구 길주로 180,경기 부천시 원미구 중동 1164-1,37.5042,126.76202,2025-01-16,2025-01-22
1896,터치인솔 팝업 - 부천_사본,경기 부천시 원미구 길주로 180,경기 부천시 원미구 중동 1164-1,37.50425,126.762115,2025-02-21,2025-02-27
5005,득댐그래놀라바 팝업,경기 성남시 분당구 동판교로177번길 25,"경기 성남시 분당구 동판교로177번길 25 (삼평동, 판교 호반 써밋 플레이스)",37.39719,127.11353,2025-12-17,2025-12-21
3995,백현상회 팝업 ,경기 성남시 분당구 동판교로52번길 19-13,경기 성남시 분당구 백현동 586-4,37.38558,127.11467,2025-09-24,2025-09-24
1685,팜플래닛 X 매드바닐라 콜라보 카페 팝업,경기 성남시 분당구 분당내곡로 131,경기 성남시 분당구 백현동 534,37.395466,127.112114,2025-01-20,2025-01-23
1770,하리보 팝업 - 분당,경기 성남시 분당구 서현로 190,경기 성남시 분당구 서현동 251-2,37.38801,127.12422,2025-01-23,2025-02-28
235,미니언즈X하울팟 분당 팝업,경기 성남시 분당구 서현로 251,경기 성남시 분당구 서현동 80-2,37.38455,127.12944,2024-08-03,2024-09-02
1712,다우닝 X 권오상 콜라보레이션 전시,경기 성남시 분당구 운중로 251,경기 성남시 분당구 판교동 592,37.389587,127.09094,2025-01-23,2025-03-03
1667,케르종 팝업 - 판교,경기 성남시 분당구 판교역로146번길 20,경기 성남시 분당구 백현동 541,37.39295,127.11225,2025-02-14,2025-02-20
2649,디젤 팝업 - 판교,경기 성남시 분당구 판교역로146번길 20,경기 성남시 분당구 백현동 541,37.3924,127.11207,2025-05-01,2025-06-11
2050,쿨키튼 팝업 - 판교,경기 성남시 분당구 판교역로146번길 20,경기 성남시 분당구 백현동 541,37.39268,127.112045,2025-02-28,2025-03-13
1494,하하우스 판교 팝업,경기 성남시 분당구 판교역로146번길 20,경기 성남시 분당구 백현동 541,37.39289,127.11228,2025-01-03,2025-01-16
1955,볼앤체인 팝업 - 판교,경기 성남시 분당구 판교역로146번길 20,경기 성남시 분당구 백현동 541,37.39301,127.11219,2025-02-17,2025-03-09
1463,영롱시네마 판교 팝업,경기 성남시 분당구 판교역로146번길 20,경기 성남시 분당구 백현동 541,37.392982,127.11207,2025-01-03,2025-01-09
1954,클라랑스 뷰티 팩토리 - 판교,경기 성남시 분당구 판교역로146번길 20,경기 성남시 분당구 백현동 541,37.392696,127.112175,2025-02-17,2025-02-23
645,시크릿랩 팝업,경기 성남시 분당구 판교역로146번길 20,경기 성남시 분당구 백현동 541,37.392662,127.11228,2024-09-20,2024-10-03
911,24/7 팝업,경기 성남시 분당구 판교역로146번길 20,경기 성남시 분당구 백현동 541,37.39255,127.11247,2024-10-25,2024-11-03
1721,플랫포인트 팝업 - 판교,경기 성남시 분당구 판교역로146번길 20,경기 성남시 분당구 백현동 541,37.39278,127.11229,2025-02-01,2025-03-31
2620,슬리핑보틀 팝업 - 판교,경기 성남시 분당구 판교역로146번길 20,경기 성남시 분당구 백현동 541,37.392582,127.11237,2025-05-02,2025-05-08
2430,팝가스토어 판교점,경기 성남시 분당구 판교역로146번길 20,경기 성남시 분당구 백현동 541,37.392868,127.11208,2025-04-04,2025-05-31
844,포레포레 파티 메리메리 팝업,경기 성남시 분당구 판교역로146번길 20,경기 성남시 분당구 백현동 541,37.39345,127.112114,2024-10-15,2024-10-31
490,테디테일즈 판교 팝업,경기 성남시 분당구 판교역로146번길 20,경기 성남시 분당구 백현동 541,37.39238,127.111725,2024-09-06,2024-09-19
1572,파비안 네그린 전시 - 판교,경기 성남시 분당구 판교역로146번길 20,경기 성남시 분당구 백현동 541,37.39312,127.1123,2024-11-26,2025-03-23
295,JEEP RUNGET 팝업,경기 성남시 분당구 판교역로146번길 20,경기 성남시 분당구 백현동 541,37.39278,127.11218,2024-08-15,2024-08-18
477,세인트존스 랜드 팝업,경기 성남시 분당구 판교역로146번길 20,경기 성남시 분당구 백현동 541,37.392796,127.112045,2024-08-30,2024-09-05
1787,가샤폰 스트리트 팝업 - 판교,경기 성남시 분당구 판교역로146번길 20,경기 성남시 분당구 백현동 541,37.392704,127.11229,2025-01-24,2025-05-18
1448,위대한 축구선수 100인전 전시,경기 성남시 분당구 판교역로146번길 20,경기 성남시 분당구 백현동 541,37.392666,127.111946,2024-12-21,2025-02-23
2049,쓰리제로 팝업 - 판교,경기 성남시 분당구 판교역로146번길 20,경기 성남시 분당구 백현동 541,37.392883,127.11228,2025-02-28,2025-03-16
21,SENTI SUMMER CLUB 팝업,경기 성남시 분당구 판교역로146번길 20,경기 성남시 분당구 백현동 541,37.392796,127.112045,2024-07-12,2024-07-28
2221,미차이 팝업 - 판교,경기 성남시 분당구 판교역로146번길 20,경기 성남시 분당구 백현동 541,37.393017,127.11207,2025-03-13,2025-03-19
2405,스탠리 팝업 - 판교,경기 성남시 분당구 판교역로146번길 20,경기 성남시 분당구 백현동 541,37.392696,127.11201,2025-03-28,2025-04-10
402,WMC 현대백화점 판교점 팝업,경기 성남시 분당구 판교역로146번길 20,경기 성남시 분당구 백현동 541,37.39284,127.11191,2024-08-23,2024-09-05
1449,개비의 매직하우스 팝업,경기 성남시 분당구 판교역로146번길 20,경기 성남시 분당구 백현동 541,37.39268,127.11228,2024-12-13,2024-12-27
2658,팝가스토어 판교점 어린이날 이벤트,경기 성남시 분당구 판교역로146번길 20,경기 성남시 분당구 백현동 541,37.393078,127.11207,2025-05-01,2025-05-06
161,데드풀X울버린 판교 팝업,경기 성남시 분당구 판교역로146번길 20,경기 성남시 분당구 백현동 541,37.392796,127.112045,2024-07-23,2024-08-11
2583,소니엔젤 팝업,경기 성남시 분당구 판교역로146번길 20,경기 성남시 분당구 백현동 541,37.393017,127.11199,2025-04-25,2025-05-08
5593,오버워치 디지털 팝업,경기 성남시 분당구 판교역로146번길 20,경기 성남시 분당구 백현동 541,37.39282,127.11211,2026-02-12,2026-02-22
423,샤크 뷰티 팝업,경기 성남시 분당구 판교역로146번길 20,경기 성남시 분당구 백현동 541,37.392796,127.112045,2024-08-20,2024-09-08
841,프롬퓨처 X PCM 팝업,경기 성남시 분당구 판교역로146번길 20,경기 성남시 분당구 백현동 541,37.392643,127.112404,2024-10-18,2024-10-24
554,시야쥬 팝업,경기 성남시 분당구 판교역로146번길 20,경기 성남시 분당구 백현동 541,37.392742,127.112236,2024-09-13,2024-09-26
1641,윤서울안경 팝업,경기 성남시 분당구 판교역로146번길 20,경기 성남시 분당구 백현동 541,37.392933,127.112335,2025-01-13,2025-01-19
1462,카밀 팝업 - 판교,경기 성남시 분당구 판교역로146번길 20,경기 성남시 분당구 백현동 541,37.392815,127.11233,2024-12-26,2025-01-31
1956,대베르세르크전 팝업 - 판교,경기 성남시 분당구 판교역로146번길 20,경기 성남시 분당구 백현동 541,37.393063,127.111885,2025-02-14,2025-02-27
1845,타무르 팝업 - 판교,경기 성남시 분당구 판교역로146번길 20,경기 성남시 분당구 백현동 541,37.392933,127.11227,2025-02-15,2025-02-20
2582,스미스키 팝업,경기 성남시 분당구 판교역로146번길 20,경기 성남시 분당구 백현동 541,37.392532,127.11203,2025-04-25,2025-05-08
1571,셀럽제이 팝업 - 판교,경기 성남시 분당구 판교역로146번길 20,경기 성남시 분당구 백현동 541,37.392643,127.11228,2025-01-06,2025-01-12
1523,차일드라이프 판교 팝업,경기 성남시 분당구 판교역로146번길 20,경기 성남시 분당구 백현동 541,37.392796,127.112015,2025-01-03,2025-01-09
2567,소니엔젤 팝업,경기 성남시 분당구 판교역로146번길 20,경기 성남시 분당구 백현동 541,37.392876,127.1122,2025-04-25,2025-05-08
843,쓰리제로 팝업,경기 성남시 분당구 판교역로146번길 20,경기 성남시 분당구 백현동 541,37.39313,127.11252,2024-10-15,2024-10-27
846,캔디키튼스 팝업,경기 성남시 분당구 판교역로146번길 20,경기 성남시 분당구 백현동 541,37.392796,127.112045,2024-10-18,2024-10-24
210,미니언즈 팬케이크 하우스 팝업,경기 성남시 분당구 판교역로146번길 20,경기 성남시 분당구 백현동 541,37.392796,127.112045,2024-08-02,2024-08-15
1788,앳킨슨 팝업 - 판교,경기 성남시 분당구 판교역로146번길 20,경기 성남시 분당구 백현동 541,37.39296,127.11183,2025-01-27,2025-02-09
2710,스윔마베베 팝업 - 판교,경기 성남시 분당구 판교역로146번길 20,경기 성남시 분당구 백현동 541,37.392967,127.11207,2025-05-23,2025-05-29
1680,프랑브아즈 팝업 - 판교,경기 성남시 분당구 판교역로146번길 20,경기 성남시 분당구 백현동 541,37.392826,127.11236,2025-01-17,2025-01-31
1678,보따리제과점 팝업 - 판교,경기 성남시 분당구 판교역로146번길 20,경기 성남시 분당구 백현동 541,37.392708,127.11229,2025-01-17,2025-01-23
1739,풋볼스탠다드 팝업 - 판교,경기 성남시 분당구 판교역로146번길 20,경기 성남시 분당구 백현동 541,37.392975,127.11187,2025-02-01,2025-02-13
637,퐁당패밀리 판교 팝업,경기 성남시 분당구 판교역로146번길 20,경기 성남시 분당구 백현동 541,37.392796,127.112045,2024-09-23,2024-10-06
1679,세렝게티커피 팝업 - 판교,경기 성남시 분당구 판교역로146번길 20,경기 성남시 분당구 백현동 541,37.393032,127.11195,2025-01-17,2025-01-23
2668,쏭크 팝업 - 판교,경기 성남시 분당구 판교역로146번길 20,경기 성남시 분당구 백현동 541,37.392467,127.11205,2025-05-01,2025-05-07
2653,리드볼트 팝업 - 판교,경기 성남시 분당구 판교역로146번길 20,경기 성남시 분당구 백현동 541,37.392986,127.112236,2025-04-21,2025-05-06
425,세인트존스 랜드 팝업,경기 성남시 분당구 판교역로146번길 20,경기 성남시 분당구 백현동 541,37.392685,127.11195,2024-08-30,2024-09-05
845,깔롱골프 팝업,경기 성남시 분당구 판교역로146번길 20,경기 성남시 분당구 백현동 541,37.393154,127.1117,2024-10-21,2024-11-10
855,나 혼자만 레벨업 X PEER 팝업,경기 성남시 분당구 판교역로146번길 20,경기 성남시 분당구 백현동 541,37.392563,127.11182,2024-10-11,2024-10-24
803,소프스튜디오 팝업,경기 성남시 분당구 판교역로146번길 20,경기 성남시 분당구 백현동 541,37.392796,127.11229,2024-10-15,2024-10-27
913,삼성 갤럭시 Z Fold SE 팝업,경기 성남시 분당구 판교역로146번길 20,경기 성남시 분당구 백현동 541,37.392815,127.11254,2024-10-25,2024-11-03
1266,터치인솔 X 비클린 팝업 - 판교,경기 성남시 분당구 판교역로146번길 20,경기 성남시 분당구 백현동 541,37.392803,127.11212,2024-12-05,2024-12-11
1666,팰리세이드 팝업 - 판교,경기 성남시 분당구 판교역로146번길 20,경기 성남시 분당구 백현동 541,37.392902,127.11189,2025-01-15,2025-01-27
910,데스커 팝업,경기 성남시 분당구 판교역로146번길 20,경기 성남시 분당구 백현동 541,37.392532,127.11172,2024-10-21,2024-11-03
2047,소프스튜디오 팝업 - 판교,경기 성남시 분당구 판교역로146번길 20,경기 성남시 분당구 백현동 541,37.39263,127.11207,2025-02-28,2025-03-16
259,가마쿠라 와라비모찌 팝업,경기 성남시 분당구 판교역로146번길 20,경기 성남시 분당구 백현동 541,37.392796,127.112045,2024-08-09,2024-08-29
1831,아임타입 팝업 - 판교,경기 성남시 분당구 판교역로146번길 20,경기 성남시 분당구 백현동 541,37.39288,127.11233,2025-02-14,2025-02-27
964,아이큐박스 팝업,경기 성남시 분당구 판교역로146번길 20,경기 성남시 분당구 백현동 541,37.39276,127.11182,2024-10-28,2024-11-07
476,세인트존스 랜드 팝업,경기 성남시 분당구 판교역로146번길 20,경기 성남시 분당구 백현동 541,37.392773,127.112236,2024-08-30,2024-09-05
1825,룩옵티컬 팝업 - 판교,경기 성남시 분당구 판교역로146번길 20,경기 성남시 분당구 백현동 541,37.392876,127.11215,2025-01-23,2025-03-23
1623,팝마트 팝업 : 라부부의 어설픈 작전 - 판교,경기 성남시 분당구 판교역로146번길 20,경기 성남시 분당구 백현동 541,37.392796,127.112015,2025-01-17,2025-01-31
1945,비클린 뷰티 위크 팝업 - 판교,경기 성남시 분당구 판교역로146번길 20,경기 성남시 분당구 백현동 541,37.392723,127.11237,2025-02-14,2025-02-27
1575,검은 수녀들 X 매트블랙커피 팝업 - 판교,경기 성남시 분당구 판교역로146번길 20,경기 성남시 분당구 백현동 541,37.392582,127.11193,2025-01-06,2025-01-19
1720,드리미 팝업 - 판교,경기 성남시 분당구 판교역로146번길 20,경기 성남시 분당구 백현동 541,37.39277,127.11219,2025-01-27,2025-02-23
1754,Insta360 팝업 - 판교,경기 성남시 분당구 판교역로146번길 20,경기 성남시 분당구 백현동 541,37.39291,127.11239,2025-01-24,2025-03-30
842,르니나 팝업,경기 성남시 분당구 판교역로146번길 20,경기 성남시 분당구 백현동 541,37.39261,127.11175,2024-10-18,2024-10-24
1789,테스 스미스 로버츠 <Tiny Art World> 전시,경기 성남시 분당구 판교역로146번길 20,경기 성남시 분당구 백현동 541,37.392742,127.112305,2025-01-24,2025-03-23
1367,샤넬 워치 & 주얼리 팝업,경기 성남시 분당구 판교역로146번길 20,경기 성남시 분당구 백현동 541,37.392754,127.11213,2024-12-05,2024-12-30
518,Abib 팝업,경기 성남시 분당구 판교역로146번길 20,경기 성남시 분당구 백현동 541,37.39284,127.11195,2024-09-05,2024-09-11
1987,로니엘 팝업 - 판교,경기 성남시 분당구 판교역로146번길 20,경기 성남시 분당구 백현동 541,37.39275,127.11227,2025-03-07,2025-03-13
912,헤비츠 팝업,경기 성남시 분당구 판교역로146번길 20,경기 성남시 분당구 백현동 541,37.393024,127.11164,2024-10-25,2024-10-31
1738,포몽드 팝업 - 판교,경기 성남시 분당구 판교역로146번길 20,경기 성남시 분당구 백현동 541,37.39271,127.112236,2025-02-01,2025-02-13
2217,힘펠 팝업 - 판교,경기 성남시 분당구 판교역로146번길 20,경기 성남시 분당구 백현동 541,37.392918,127.11225,2025-03-10,2025-03-23
3421,테일로디 팝업,경기 성남시 분당구 판교역로146번길 20,"경기 성남시 분당구 판교역로146번길 20 (백현동, 현대백화점 판교점)",37.39312,127.112,2025-08-11,2025-08-24
5940,메카소울 팝업 - 판교,경기 성남시 분당구 판교역로146번길 20,"경기 성남시 분당구 판교역로146번길 20 (백현동, 현대백화점 판교점)",37.392796,127.112015,2026-03-20,2026-04-02
4499,The Next Idol 팝업 - 판교,경기 성남시 분당구 판교역로146번길 20,"경기 성남시 분당구 판교역로146번길 20 (백현동, 현대백화점 판교점)",37.39314,127.111946,2025-10-27,2025-11-09
4117,퀄리스포츠 팝업,경기 성남시 분당구 판교역로146번길 20,"경기 성남시 분당구 판교역로146번길 20 (백현동, 현대백화점 판교점)",37.39236,127.11183,2025-09-19,2025-10-02
2919,팝가스토어 판교점,경기 성남시 분당구 판교역로146번길 20,"경기 성남시 분당구 판교역로146번길 20 (백현동, 현대백화점 판교점)",37.393063,127.11207,2025-06-01,2025-06-30
3197,츄바스코 팝업 - 판교,경기 성남시 분당구 판교역로146번길 20,"경기 성남시 분당구 판교역로146번길 20 (백현동, 현대백화점 판교점)",37.392994,127.11201,2025-07-01,2025-07-13
3695,이태리타올 이벤트 - 판교,경기 성남시 분당구 판교역로146번길 20,"경기 성남시 분당구 판교역로146번길 20 (백현동, 현대백화점 판교점)",37.392895,127.11233,2025-08-22,2025-08-22
4056,MOKA X WEE 키즈아트마켓 - Tiny Wonders,경기 성남시 분당구 판교역로146번길 20,"경기 성남시 분당구 판교역로146번길 20 (백현동, 현대백화점 판교점)",37.392582,127.1122,2025-09-16,2025-09-28
5315,메종본뉘 팝업 - 판교_사본,경기 성남시 분당구 판교역로146번길 20,"경기 성남시 분당구 판교역로146번길 20 (백현동, 현대백화점 판교점)",37.392647,127.11201,2026-01-12,2026-02-01
3696,이태리타올 이벤트 - 판교_사본,경기 성남시 분당구 판교역로146번길 20,"경기 성남시 분당구 판교역로146번길 20 (백현동, 현대백화점 판교점)",37.392895,127.11233,2025-08-22,2025-08-22
5260,쏘쏘사라다 - 판교,경기 성남시 분당구 판교역로146번길 20,"경기 성남시 분당구 판교역로146번길 20 (백현동, 현대백화점 판교점)",37.392853,127.112144,2026-01-09,2026-01-15
4058,포지티브미 팝업 ,경기 성남시 분당구 판교역로146번길 20,"경기 성남시 분당구 판교역로146번길 20 (백현동, 현대백화점 판교점)",37.392193,127.1121,2025-09-19,2025-09-28
5672,트리드 팝업 - 판교,경기 성남시 분당구 판교역로146번길 20,"경기 성남시 분당구 판교역로146번길 20 (백현동, 현대백화점 판교점)",37.39267,127.11211,2026-02-20,2026-03-05
3531,팝가스토어 판교점,경기 성남시 분당구 판교역로146번길 20,"경기 성남시 분당구 판교역로146번길 20 (백현동, 현대백화점 판교점)",37.393063,127.11207,2025-08-01,2025-08-12
3091,로블록스 팝업,경기 성남시 분당구 판교역로146번길 20,"경기 성남시 분당구 판교역로146번길 20 (백현동, 현대백화점 판교점)",37.39312,127.11188,2025-08-01,2025-08-17
4996,이케아 팝업 - 판교,경기 성남시 분당구 판교역로146번길 20,"경기 성남시 분당구 판교역로146번길 20 (백현동, 현대백화점 판교점)",37.393333,127.11215,2025-12-19,
5516,선데이모닝플레이트 팝업 전시 - 십이지신 동물들,경기 성남시 분당구 판교역로146번길 20,"경기 성남시 분당구 판교역로146번길 20 (백현동, 현대백화점 판교점)",37.39271,127.11211,2026-02-02,2026-02-11
4222,IWC 샤프하우젠 팝업,경기 성남시 분당구 판교역로146번길 20,"경기 성남시 분당구 판교역로146번길 20 (백현동, 현대백화점 판교점)",37.392113,127.11212,2025-09-30,2025-10-19
3423,엣프터 팝업 - After the Door,경기 성남시 분당구 판교역로146번길 20,"경기 성남시 분당구 판교역로146번길 20 (백현동, 현대백화점 판교점)",37.393234,127.11244,2025-08-08,2025-08-21
4634,퍼마톨로지 팝업 - 판교,경기 성남시 분당구 판교역로146번길 20,"경기 성남시 분당구 판교역로146번길 20 (백현동, 현대백화점 판교점)",37.392395,127.11198,2025-11-11,2025-11-20
5553,청월당 팝업 - 판교,경기 성남시 분당구 판교역로146번길 20,"경기 성남시 분당구 판교역로146번길 20 (백현동, 현대백화점 판교점)",37.392796,127.11213,2026-02-12,2026-02-22
3322,판타스틱 4 팝업 - 판교,경기 성남시 분당구 판교역로146번길 20,"경기 성남시 분당구 판교역로146번길 20 (백현동, 현대백화점 판교점)",37.39233,127.11212,2025-07-21,2025-07-31
5536,해리포터 마호도코로 팝업 - 판교,경기 성남시 분당구 판교역로146번길 20,"경기 성남시 분당구 판교역로146번길 20 (백현동, 현대백화점 판교점)",37.392776,127.112045,2026-02-10,2026-04-30
5254,메종본뉘 팝업 - 판교,경기 성남시 분당구 판교역로146번길 20,"경기 성남시 분당구 판교역로146번길 20 (백현동, 현대백화점 판교점)",37.392647,127.11201,2026-01-12,2026-02-01
3633,올라올라 팝업 - 판교,경기 성남시 분당구 판교역로146번길 20,"경기 성남시 분당구 판교역로146번길 20 (백현동, 현대백화점 판교점)",37.392498,127.11224,2025-08-22,2025-09-07
5604,리필드 팝업 - 판교,경기 성남시 분당구 판교역로146번길 20,"경기 성남시 분당구 판교역로146번길 20 (백현동, 현대백화점 판교점)",37.392784,127.112015,2026-02-09,2026-02-19
4034,정관장 팝업 ,경기 성남시 분당구 판교역로146번길 20,"경기 성남시 분당구 판교역로146번길 20 (백현동, 현대백화점 판교점)",37.392635,127.11191,2025-09-16,2025-09-29
5573,바디앤 팝업 - 판교,경기 성남시 분당구 판교역로146번길 20,"경기 성남시 분당구 판교역로146번길 20 (백현동, 현대백화점 판교점)",37.39279,127.112045,2026-02-02,2026-03-02
3811,WMC 팝업,경기 성남시 분당구 판교역로146번길 20,"경기 성남시 분당구 판교역로146번길 20 (백현동, 현대백화점 판교점)",37.39248,127.11168,2025-09-01,2025-09-07
3175,팝가스토어 판교점,경기 성남시 분당구 판교역로146번길 20,"경기 성남시 분당구 판교역로146번길 20 (백현동, 현대백화점 판교점)",37.393063,127.11207,2025-07-01,2025-07-31
3701,NS 프로틴 팝업 - 판교,경기 성남시 분당구 판교역로146번길 20,"경기 성남시 분당구 판교역로146번길 20 (백현동, 현대백화점 판교점)",37.392868,127.11222,2025-08-23,2025-08-23
4999,박뚜기 소금빵 팝업,경기 성남시 분당구 판교역로146번길 20,"경기 성남시 분당구 판교역로146번길 20 (백현동, 현대백화점 판교점)",37.392986,127.112434,2025-12-15,2026-01-15
4135,오도넛 현대백화점 판교점 팝업,경기 성남시 분당구 판교역로146번길 20,"경기 성남시 분당구 판교역로146번길 20 (백현동, 현대백화점 판교점)",37.39243,127.11199,2025-09-29,2025-10-23
3111,류학생 어남선 팝업 - 판교,경기 성남시 분당구 판교역로146번길 20,"경기 성남시 분당구 판교역로146번길 20 (백현동, 현대백화점 판교점)",37.39305,127.11185,2025-06-13,2025-06-29
3500,휙 팝업,경기 성남시 분당구 판교역로146번길 20,"경기 성남시 분당구 판교역로146번길 20 (백현동, 현대백화점 판교점)",37.392906,127.112305,2025-08-08,2025-08-14
3516,하카블랙스 팝업 - 판교,경기 성남시 분당구 판교역로146번길 20,"경기 성남시 분당구 판교역로146번길 20 (백현동, 현대백화점 판교점)",37.39306,127.112015,2025-08-01,2025-08-14
3501,보바 팝업 ,경기 성남시 분당구 판교역로146번길 20,"경기 성남시 분당구 판교역로146번길 20 (백현동, 현대백화점 판교점)",37.392937,127.11245,2025-08-08,2025-08-14
4095,셔레이드쇼 팝업,경기 성남시 분당구 판교역로146번길 20,"경기 성남시 분당구 판교역로146번길 20 (백현동, 현대백화점 판교점)",37.392982,127.11244,2025-09-26,2025-10-04
4955,선데이모닝플레이트 팝업,경기 성남시 분당구 판교역로146번길 20,"경기 성남시 분당구 판교역로146번길 20 (백현동, 현대백화점 판교점)",37.39239,127.112,2025-12-12,2025-12-25
3444,쿠쿠전자 에코웨일 팝업 - 판교,경기 성남시 분당구 판교역로146번길 20,"경기 성남시 분당구 판교역로146번길 20 (백현동, 현대백화점 판교점)",37.39249,127.11215,2025-08-01,2025-08-14
3749,글입다 팝업 ,경기 성남시 분당구 판교역로146번길 20,"경기 성남시 분당구 판교역로146번길 20 (백현동, 현대백화점 판교점)",37.39257,127.11221,2025-08-21,2025-09-21
5153,오프사이드 팝업 - 판교,경기 성남시 분당구 판교역로146번길 20,"경기 성남시 분당구 판교역로146번길 20 (백현동, 현대백화점 판교점)",37.393185,127.112175,2026-01-16,2026-02-01
5040,르희캐시미어 팝업,경기 성남시 분당구 판교역로146번길 20,"경기 성남시 분당구 판교역로146번길 20 (백현동, 현대백화점 판교점)",37.39226,127.11159,2025-12-19,2025-12-25
5691,플로로도라 X 비클린 팝업 - 판교,경기 성남시 분당구 판교역로146번길 20,"경기 성남시 분당구 판교역로146번길 20 (백현동, 현대백화점 판교점)",37.392784,127.11205,2026-02-20,2026-03-05
3082,업비트 팝업,경기 성남시 분당구 판교역로146번길 20,"경기 성남시 분당구 판교역로146번길 20 (백현동, 현대백화점 판교점)",37.392437,127.112,2025-06-17,2025-06-23
4755,아카라라이프 팝업 - 판교,경기 성남시 분당구 판교역로146번길 20,"경기 성남시 분당구 판교역로146번길 20 (백현동, 현대백화점 판교점)",37.392952,127.11195,2025-11-24,2025-12-07
4523,쫀냐미 쇼룸 in  카페운중동,경기 성남시 분당구 하오개로344번길 8,경기 성남시 분당구 하오개로344번길 8 (운중동),37.39056,127.05637,2025-11-07,2025-11-20
854,이나벨로 팝업,경기 성남시 분당구 황새울로200번길 45,경기 성남시 분당구 수내동 14,37.378277,127.11427,2024-10-23,2024-12-31
853,성북당 십원빵 팝업,경기 성남시 분당구 황새울로200번길 45,경기 성남시 분당구 수내동 14,37.378323,127.1145,2024-10-18,2024-10-24
1014,조선양봉 분당 팝업,경기 성남시 분당구 황새울로200번길 45,경기 성남시 분당구 수내동 14,37.378284,127.114456,2024-11-08,2024-11-14
1976,무민 아라비아 팝업 - 분당_사본,경기 성남시 분당구 황새울로360번길 42,경기 성남시 분당구 서현동 263,37.385166,127.122986,2025-02-21,2025-02-27
1673,빌레로이앤보흐 & 까사부가티 팝업 - 분당,경기 성남시 분당구 황새울로360번길 42,경기 성남시 분당구 서현동 263,37.384933,127.12307,2025-01-17,2025-01-23
1977,꼬떼따블 팝업 - 분당,경기 성남시 분당구 황새울로360번길 42,경기 성남시 분당구 서현동 263,37.385166,127.122986,2025-02-21,2025-02-27
1383,콩순이와 꿀잼친구들 성남 팝업,경기 성남시 분당구 황새울로360번길 42,경기 성남시 분당구 서현동 263,37.3851,127.1227,2024-12-06,2024-12-18
1975,무민 아라비아 팝업 - 분당,경기 성남시 분당구 황새울로360번길 42,경기 성남시 분당구 서현동 263,37.385166,127.122986,2025-02-21,2025-02-27
840,AK플라자 X 유어굿즈 분당 팝업,경기 성남시 분당구 황새울로360번길 42,경기 성남시 분당구 서현동 263,37.385235,127.123184,2024-11-01,2024-11-07
1672,솔트팩토리 팝업 - 분당,경기 성남시 분당구 황새울로360번길 42,경기 성남시 분당구 서현동 263,37.385086,127.123,2025-01-10,2025-01-23
941,온브릭스 분당 팝업,경기 성남시 분당구 황새울로360번길 42,경기 성남시 분당구 서현동 263,37.38514,127.1231,2024-10-25,2024-11-07
4075,가민 팝업,경기 성남시 분당구 황새울로360번길 42,"경기 성남시 분당구 황새울로360번길 42 (서현동, AK플라자)",37.385128,127.12312,2025-09-19,2025-09-25
3896,피넛버터바나나 팝업,경기 성남시 분당구 황새울로360번길 42,"경기 성남시 분당구 황새울로360번길 42 (서현동, AK플라자)",37.385082,127.12265,2025-09-05,2025-09-25
5398,두바이 쫀득 쿠키 팝업 - 분당,경기 성남시 분당구 황새울로360번길 42,"경기 성남시 분당구 황새울로360번길 42 (서현동, AK플라자)",37.385204,127.12322,2026-01-23,2026-01-29
5057,주토피아2 팝업 | 윈터 베케이션 @ AK플라자 분당,경기 성남시 분당구 황새울로360번길 42,"경기 성남시 분당구 황새울로360번길 42 (서현동, AK플라자)",37.384827,127.122955,2025-12-25,2026-01-08
3123,삶은감자 팝업 - 분당,경기 성남시 분당구 황새울로360번길 42,"경기 성남시 분당구 황새울로360번길 42 (서현동, AK플라자)",37.385147,127.122986,2025-06-27,2025-07-03
234,미니언즈X하울팟 위례 팝업,경기 성남시 수정구 위례순환로4길 24,경기 성남시 수정구 창곡동 525-10,37.469025,127.14982,2024-08-03,2024-09-02
1429,무유무유 팝업 - 판교,경기 성남시 수정구 창업로 17,경기 성남시 수정구 시흥동 288-2,37.41188,127.09758,2024-11-29,2025-02-28
1405,리베르 수원 팝업,경기 수원시 권선구 세화로 134,경기 수원시 권선구 서둔동 381,37.264168,126.99742,2024-12-13,2024-12-26
1256,롯데 크리스마스 마켓 수원 팝업,경기 수원시 권선구 세화로 134,경기 수원시 권선구 서둔동 381,37.264202,126.997826,2024-11-28,2025-01-05
2348,KT 롤스터 팝업,경기 수원시 권선구 세화로 134,경기 수원시 권선구 서둔동 381,37.26398,126.99717,2025-03-29,2025-03-30
2492,괴수 8호 팝업 - 수원,경기 수원시 권선구 세화로 134,경기 수원시 권선구 서둔동 381,37.26397,126.99716,2025-05-01,2025-05-15
3527,여수언니 팝업 - 수원 ,경기 수원시 권선구 세화로 134,"경기 수원시 권선구 세화로 134 (서둔동, 타임빌라스 수원)",37.264038,126.99745,2025-08-22,2025-08-28
3849,K리그 X 산리오캐릭터즈 팝업 ,경기 수원시 권선구 세화로 134,"경기 수원시 권선구 세화로 134 (서둔동, 타임빌라스 수원)",37.264065,126.99749,2025-09-05,2025-09-18
3607,브론즈윅 팝업 - 수원,경기 수원시 권선구 세화로 134,"경기 수원시 권선구 세화로 134 (서둔동, 타임빌라스 수원)",37.264008,126.997635,2025-08-08,2025-09-07
3347,복숭아주의보 팝업 - 수원,경기 수원시 권선구 세화로 134,"경기 수원시 권선구 세화로 134 (서둔동, 타임빌라스 수원)",37.263958,126.99743,2025-07-25,2025-08-03
5467,이상한 행궁동 팝업 - 수원,경기 수원시 권선구 세화로 134,"경기 수원시 권선구 세화로 134 (서둔동, 타임빌라스 수원)",37.263966,126.9973,2026-02-13,2026-02-26
5058,치이상점 팝업 - 수원,경기 수원시 권선구 세화로 134,"경기 수원시 권선구 세화로 134 (서둔동, 타임빌라스 수원)",37.26399,126.99758,2025-12-19,2025-12-30
5885,브레더스 팝업 - 수원,경기 수원시 영통구 광교중앙로 124,"경기 수원시 영통구 광교중앙로 124 (하동, 갤러리아 광교)",37.28525,127.05746,2026-03-13,2026-03-26
1062,중식여신 X GUO 동파육 만두 광교 팝업,경기 수원시 영통구 광교중앙로 124,경기 수원시 영통구 하동 1017-2,37.285267,127.057236,2024-11-22,2024-11-28
1544,포컬포인트 광교 팝업,경기 수원시 영통구 광교중앙로 124,경기 수원시 영통구 하동 1017-2,37.285164,127.05763,2025-01-03,2025-01-09
1482,노티드 X 박은영 셰프 '크림 멘보' 광교 팝업,경기 수원시 영통구 광교중앙로 124,경기 수원시 영통구 하동 1017-2,37.28527,127.057526,2025-01-03,2025-01-09
1901,쿠키런: 킹덤 4주년 기념 행사 <거짓의 카니발> - 수원,경기 수원시 영통구 광교중앙로 140,경기 수원시 영통구 하동 1017,37.285744,127.05946,2025-02-22,2025-02-23
5446,레미레미 팝업 - 수원,경기 수원시 영통구 신원로250번길 13,"경기 수원시 영통구 신원로250번길 13 (원천동, 현대 테라타워 영통)",37.257885,127.06124,2026-01-30,2026-02-13
4189,현재온도 37.5도 전시 - 수원,경기 수원시 영통구 태장로 39,경기 수원시 영통구 태장로 39 (망포동),37.239395,127.05072,2025-10-13,2025-10-16
5615,무모한상점 팝업 - 수원,경기 수원시 장안구 수성로 175,경기 수원시 장안구 수성로 175 (정자동),37.28746,126.99163,2026-02-13,2026-02-26
5625,참치학교 팝업 - 수원,경기 수원시 장안구 수성로 175,경기 수원시 장안구 수성로 175 (정자동),37.287487,126.99081,2026-02-13,2026-03-03
4722,리드볼트 팝업,경기 수원시 장안구 수성로 175,경기 수원시 장안구 수성로 175 (정자동),37.287243,126.991455,2025-11-28,2025-12-18
3874,요아정 팝업 - Sweet Moments at YOAJUNG,경기 수원시 장안구 수성로 175,경기 수원시 장안구 수성로 175 (정자동),37.28706,126.99113,2025-09-02,2025-11-03
3246,레페리 셀렉트스토어 팝업 - 수원,경기 수원시 장안구 수성로 175,경기 수원시 장안구 수성로 175 (정자동),37.28724,126.99111,2025-07-04,2025-07-13
5182,말마프렌즈 팝업 - 수원,경기 수원시 장안구 수성로 175,경기 수원시 장안구 수성로 175 (정자동),37.287083,126.9913,2026-01-02,2026-01-04
5749,와플대학 두바이 디저트 팝업 - 수원,경기 수원시 장안구 수성로 175,경기 수원시 장안구 수성로 175 (정자동),37.287445,126.99158,2026-03-04,2026-06-08
4730,삼성전자 오디세이 게임 스테이션 팝업 - 수원,경기 수원시 장안구 수성로 175,경기 수원시 장안구 수성로 175 (정자동),37.28726,126.99147,2025-11-29,2025-12-07
3825,이웃집통통이 팝업 ,경기 수원시 장안구 수성로 175,경기 수원시 장안구 수성로 175 (정자동),37.28703,126.991234,2025-08-29,2025-10-30
4154,스티치 팝업,경기 수원시 장안구 수성로 175,경기 수원시 장안구 수성로 175 (정자동),37.287056,126.99115,2025-10-03,2025-10-16
4983,조앤프렌즈 팝업 - 수원,경기 수원시 장안구 수성로 175,경기 수원시 장안구 수성로 175 (정자동),37.286957,126.99113,2025-12-19,2025-12-28
5239,크래킹커피 팝업 - 수원,경기 수원시 장안구 수성로 175,경기 수원시 장안구 수성로 175 (정자동),37.287407,126.99154,2026-01-08,2026-04-08
5757,탄산마그네슘 팝업 - 수원,경기 수원시 장안구 수성로 175,경기 수원시 장안구 수성로 175 (정자동),37.287445,126.99158,2026-02-27,2026-03-12
4173,또봇 팝업,경기 수원시 장안구 수성로 175,경기 수원시 장안구 수성로 175 (정자동),37.287376,126.991455,2025-10-02,2025-10-12
1393,위글위글 수원 팝업,경기 수원시 장안구 수성로 175,경기 수원시 장안구 정자동 111-14,37.28754,126.99196,2024-12-13,2024-12-26
140,마녀공장x미니언즈 팝업,경기 수원시 장안구 수성로 175,경기 수원시 장안구 정자동 111-14,37.287487,126.99084,2024-07-19,2024-08-01
399,로보락 팝업,경기 수원시 장안구 수성로 175,경기 수원시 장안구 정자동 111-14,37.287357,126.99062,2024-08-23,2024-10-24
1808,감성교복 팝업 - 수원,경기 수원시 장안구 수성로 175,경기 수원시 장안구 정자동 111-14,37.28738,126.99168,2025-01-31,2025-02-14
280,오둥이의 아르바이트 수원 팝업,경기 수원시 장안구 수성로 175,경기 수원시 장안구 정자동 111-14,37.287357,126.99062,2024-08-02,2024-08-22
1548,SOUP X 토티 작가 팝업 - 수원,경기 수원시 장안구 수성로 175,경기 수원시 장안구 정자동 111-14,37.28766,126.99131,2025-01-03,2025-01-16
2032,바버 팝업 - 수원,경기 수원시 장안구 수성로 175,경기 수원시 장안구 정자동 111-14,37.28735,126.99126,2025-02-27,2025-03-09
1655,강병인 글씨 예술가의 신년 덕담 이벤트 - 수원,경기 수원시 장안구 수성로 175,경기 수원시 장안구 정자동 111-14,37.28738,126.99142,2025-01-28,2025-01-28
1851,WMC 팝업 - 수원,경기 수원시 장안구 수성로 175,경기 수원시 장안구 정자동 111-14,37.287613,126.99179,2025-02-15,2025-02-27
1538,호쿠네 X 리북방 X 보어드앤헝그리 X 탉강정 흑백요리사 수원 팝업,경기 수원시 장안구 수성로 175,경기 수원시 장안구 정자동 111-14,37.287262,126.99154,2024-12-31,2025-05-15
1053,쿠키런 윈터 페스티벌,경기 수원시 장안구 수성로 175,경기 수원시 장안구 정자동 111-14,37.287445,126.99158,2024-11-21,2025-01-01
2097,반스 팝업 - 수원,경기 수원시 장안구 수성로 175,경기 수원시 장안구 정자동 111-14,37.287308,126.99124,2025-02-28,2025-03-13
1547,김씨네과일 신년 운수대통 팝업 - 수원,경기 수원시 장안구 수성로 175,경기 수원시 장안구 정자동 111-14,37.2872,126.99148,2025-01-10,2025-01-19
436,우주먼지 먼지포켓 팝업,경기 수원시 장안구 수성로 175,경기 수원시 장안구 정자동 111-14,37.28724,126.9919,2024-08-20,2024-09-01
1640,탉강정 X 미식유튜버 타임어택 이벤트,경기 수원시 장안구 수성로 175,경기 수원시 장안구 정자동 111-14,37.287235,126.9915,2025-01-18,2025-01-18
486,포켓몬 팝업,경기 수원시 장안구 수성로 175,경기 수원시 장안구 정자동 111-14,37.287697,126.992165,2024-09-23,2024-10-10
1546,신년 운빨 제작소 팝업 - 수원,경기 수원시 장안구 수성로 175,경기 수원시 장안구 정자동 111-14,37.287537,126.99191,2025-01-10,2025-01-19
2584,몽모의 이상한 동물원 팝업 - 수원,경기 수원시 장안구 수성로 175,경기 수원시 장안구 정자동 111-14,37.287296,126.9914,2025-04-25,2025-05-08
2375,OY 팝업 - 수원,경기 수원시 장안구 수성로 175,경기 수원시 장안구 정자동 111-14,37.287235,126.991066,2025-03-28,2025-04-10
3399,꿈빛 파티시엘 팝업,경기 수원시 팔달구 덕영대로 924,"경기 수원시 팔달구 덕영대로 924 (매산로1가, AK플라자)",37.265007,126.99989,2025-07-25,2025-08-20
5168,주토피아2 팝업 | 윈터 베케이션 @ 수원AK플라자,경기 수원시 팔달구 덕영대로 924,"경기 수원시 팔달구 덕영대로 924 (매산로1가, AK플라자)",37.265453,126.99994,2026-01-02,2026-01-22
4044,은혼 팝업 - 계속 스탠바이 하고 있었습니다,경기 수원시 팔달구 덕영대로 924,"경기 수원시 팔달구 덕영대로 924 (매산로1가, AK플라자)",37.26548,126.99992,2025-09-19,2025-10-22
5681,캐릭캐릭 체인지 팝업 - 수원,경기 수원시 팔달구 덕영대로 924,"경기 수원시 팔달구 덕영대로 924 (매산로1가, AK플라자)",37.266994,126.999725,2026-02-27,2026-03-25
3180,오마케 팝업 - 수원,경기 수원시 팔달구 덕영대로 924,"경기 수원시 팔달구 덕영대로 924 (매산로1가, AK플라자)",37.265453,127.00065,2025-06-27,2025-07-23
4825,민트초코월드 팝업 - 수원,경기 수원시 팔달구 덕영대로 924,"경기 수원시 팔달구 덕영대로 924 (매산로1가, AK플라자)",37.265533,127.000374,2025-12-05,2025-12-18
4780,사카모토데이즈 팝업 - 수원,경기 수원시 팔달구 덕영대로 924,"경기 수원시 팔달구 덕영대로 924 (매산로1가, AK플라자)",37.265533,126.999886,2025-11-28,2025-12-22
3286,꿈빛 파티시엘 팝업 - 수원,경기 수원시 팔달구 덕영대로 924,"경기 수원시 팔달구 덕영대로 924 (매산로1가, AK플라자)",37.265457,127.000534,2025-07-25,2025-08-20
5358,꿈빛 파티시엘 팝업 - 수원,경기 수원시 팔달구 덕영대로 924,"경기 수원시 팔달구 덕영대로 924 (매산로1가, AK플라자)",37.265553,127.000725,2026-01-27,2026-02-25
5852,웨차이굿즈 팝업 - 수원,경기 수원시 팔달구 덕영대로 924,"경기 수원시 팔달구 덕영대로 924 (매산로1가, AK플라자)",37.26558,127.0007,2026-03-20,2026-04-09
4651,주토피아2 팝업 - 메가박스 수원AK,경기 수원시 팔달구 덕영대로 924,"경기 수원시 팔달구 덕영대로 924 (매산로1가, AK플라자)",37.26558,126.99993,2025-11-20,2025-12-21
4181,다올상점 팝업,경기 수원시 팔달구 덕영대로 924,"경기 수원시 팔달구 덕영대로 924 (매산로1가, AK플라자)",37.26547,127.0004,2025-10-03,2025-10-16
5194,치이상점 팝업,경기 수원시 팔달구 덕영대로 924,"경기 수원시 팔달구 덕영대로 924 (매산로1가, AK플라자)",37.265713,127.00022,2026-01-01,2026-01-31
1386,쁘띠팩토리 수원 팝업,경기 수원시 팔달구 덕영대로 924,경기 수원시 팔달구 매산로1가 18,37.265537,127.0003,2024-12-13,2024-12-19
1496,눈사람 눙눙이 팝업 - 수원,경기 수원시 팔달구 덕영대로 924,경기 수원시 팔달구 매산로1가 18,37.2658,127.000275,2024-12-20,2025-01-02
1495,이상훈TV 토이뮤지엄 수원 팝업,경기 수원시 팔달구 덕영대로 924,경기 수원시 팔달구 매산로1가 18,37.265606,127.00043,2024-12-13,2025-08-31
838,AK플라자 X 유어굿즈 수원 팝업,경기 수원시 팔달구 덕영대로 924,경기 수원시 팔달구 매산로1가 18,37.266552,127.00017,2024-10-17,2024-10-27
1662,몽삭 팝업 - 수원,경기 수원시 팔달구 덕영대로 924,경기 수원시 팔달구 매산로1가 18,37.265507,127.000656,2025-01-17,2025-01-30
5001,주스 팝업 - 냥냥냥냥냥 해피윈터,경기 수원시 팔달구 정조로 864,경기 수원시 팔달구 정조로 864 (북수동),37.285107,127.01598,2025-12-19,2025-12-25
5135,상쾌환 팝업,경기 시흥시 서울대학로 173,경기 시흥시 배곧동 242,37.3667,126.71834,2026-01-01,2026-04-30
1341,스머피 매지컬 크리스마스 팝업,경기 시흥시 서해안로 699,경기 시흥시 배곧동 36,37.379475,126.73616,2024-11-01,2024-12-29
3221,찢고 붙이는 예술 놀이터 2025 PaperSea - 안성,경기 안성시 공도읍 서동대로 3930-39,"경기 안성시 공도읍 서동대로 3930-39 (진사리, 스타필드 안성)",36.994812,127.14687,2025-07-24,2025-08-06
3958,토미카 팝업 ,경기 안성시 공도읍 서동대로 3930-39,"경기 안성시 공도읍 서동대로 3930-39 (진사리, 스타필드 안성)",36.99461,127.14676,2025-09-17,2025-09-30
2223,꾸까 팝업 - 안성,경기 안성시 공도읍 서동대로 3930-39,경기 안성시 공도읍 진사리 354,36.994072,127.14748,2025-03-12,2025-03-24
1807,스타필드 윈터 키즈 스트리트 팝업 - 안성,경기 안성시 공도읍 서동대로 3930-39,경기 안성시 공도읍 진사리 354,36.994534,127.14731,2025-02-21,2025-03-06
1657,강병인 글씨 예술가의 신년 덕담 이벤트 - 안성,경기 안성시 공도읍 서동대로 3930-39,경기 안성시 공도읍 진사리 354,36.99458,127.1473,2025-01-30,2025-01-30
457,소북쿠키 안성 팝업,경기 안성시 공도읍 서동대로 3930-39,경기 안성시 공도읍 진사리 354,36.9947,127.14584,2024-09-01,2024-11-30
1119,레고 산타 빌리지 안성 팝업,경기 안성시 공도읍 서동대로 3930-39,경기 안성시 공도읍 진사리 354,36.99506,127.14712,2024-11-17,2025-01-13
1874,푸디버디 팝업 - 안성,경기 안성시 공도읍 서동대로 3930-39,경기 안성시 공도읍 진사리 354,36.994747,127.1469,2025-02-21,2025-03-06
4972,문화창작플랫폼 X 무직타이거 팝업 전시 - 안성맞춤 만남공방,경기 안성시 중앙로412번길 28,경기 안성시 중앙로412번길 28 (동본동),37.005917,127.27178,2025-12-19,2025-12-28
1477,FC안양 팝업,경기 안양시 동안구 시민대로 180,경기 안양시 동안구 호계동 1039,37.389896,126.95045,2024-12-27,2025-01-05
2810,헤이딜러 오프라인,경기 여주시 명품로 360,"경기 여주시 명품로 360 (상거동, 여주프리미엄아울렛)",37.239212,127.609985,2025-06-06,2025-11-30
1178,스타벅스 Merrier Together 팝업,경기 여주시 명품로 360,경기 여주시 상거동 460,37.242218,127.612434,2024-11-16,2024-12-29
1340,렉토 프레젠츠 크리스마스 팝업,경기 여주시 명품로 360,경기 여주시 상거동 460-14,37.241737,127.61249,2024-11-15,2024-12-29
1084,스타벅스 크리스마스 팝업,경기 여주시 명품로 360,"여주시 여주 프리미엄 아울렛 EAST 중앙광장
",37.24218,127.612885,2024-11-16,2024-12-29
1354,레고 홀리데이 마켓 용인 팝업,경기 용인시 기흥구 신고매로 124,경기 용인시 기흥구 고매동 884,37.225388,127.121315,2024-12-12,2024-12-25
3427,ㅇㅇ,경기 용인시 수지구 도마치로 91,경기 용인시 수지구 도마치로 91 (성복동),37.323597,127.059906,2025-07-19,2025-08-28
1063,YJACK 팝업,경기 용인시 수지구 포은대로 536,경기 용인시 수지구 죽전동 1285,37.325043,127.10826,2024-11-11,2024-12-01
744,한글과자 죽전 팝업,경기 용인시 수지구 포은대로 536,경기 용인시 수지구 죽전동 1285,37.325035,127.10825,2024-10-04,2024-10-10
1964,조아용 팝업 - 용인,경기 용인시 수지구 포은대로 552,경기 용인시 수지구 죽전동 1282,37.32526,127.10994,2025-02-24,2025-03-10
3171,에버랜드 썸머캠프 인 핑크퐁월드,경기 용인시 처인구 포곡읍 에버랜드로 199,"경기 용인시 처인구 포곡읍 에버랜드로 199 (전대리, 삼성에버랜드)",37.294067,127.202126,2025-07-04,2025-08-03
4485,세가 슈퍼레이스 이벤트,경기 용인시 처인구 포곡읍 에버랜드로 199,"경기 용인시 처인구 포곡읍 에버랜드로 199 (전대리, 삼성에버랜드)",37.296253,127.207085,2025-11-01,2025-11-02
1139,무민 X 에버랜드 팝업,경기 용인시 처인구 포곡읍 에버랜드로 199,경기 용인시 처인구 포곡읍 전대리 310,37.293953,127.20218,2024-12-06,2025-03-03
2329,삼성 라이온즈 X 바오패밀리 팝업,경기 용인시 처인구 포곡읍 에버랜드로 199,경기 용인시 처인구 포곡읍 전대리 310,37.29414,127.202934,2025-03-28,2025-06-22
1346,핀란드 셋방살이 팝업,경기 용인시 처인구 포곡읍 에버랜드로 199,경기 용인시 처인구 포곡읍 전대리 310,37.292736,127.20311,2024-12-06,2025-01-01
761,세종대왕 X 플레이모빌 팝업,경기 의왕시 바라산로 1,경기 의왕시 학의동 1039,37.375614,127.00945,2024-10-08,2024-10-20
670,하리보 패밀리 파크 팝업,경기 의왕시 바라산로 1,경기 의왕시 학의동 1039,37.375614,127.009445,2024-09-06,2024-09-29
1306,디즈니 플러피 페스티벌,경기 의왕시 바라산로 1,경기 의왕시 학의동 1039,37.37579,127.01045,2024-12-06,2025-01-05
1591,퓨처플라넷 2050 팝업 - 의정부,경기 의정부시 시민로 지하 100,경기 의정부시 의정부동 99-6,37.738586,127.046196,2025-01-10,2025-04-09
1202,시몬스 테라스 크리스마스 마켓,경기 이천시 모가면 사실로 988,경기 이천시 모가면 신갈리 374,37.197906,127.44635,2024-12-06,2024-12-15
422,아르디움 팝업,경기 파주시 문발로 302,경기 파주시 문발동 640,37.719265,126.69372,2024-08-17,2024-09-18
5179,말마프렌즈 팝업 - 파주,경기 파주시 와석순환로515번길 70,"경기 파주시 와석순환로515번길 70 (와동동, 힐스테이트 더 운정)",37.728985,126.76463,2025-12-31,2026-01-01
5091,흔한남매 팝업 - 파주,경기 파주시 와석순환로515번길 70,"경기 파주시 와석순환로515번길 70 (와동동, 힐스테이트 더 운정)",37.729095,126.76454,2026-01-08,2026-01-21
1815,엠앤엠즈 팝업 - 파주,경기 파주시 탄현면 필승로 200,경기 파주시 탄현면 법흥리 1790-8,37.769444,126.6951,2025-01-27,2025-03-16
1177,메리 위글마스 크리스마스 팝업,경기 파주시 탄현면 필승로 200,경기 파주시 탄현면 법흥리 1790-8,37.76943,126.695274,2024-11-01,2024-12-29
926,구쯔 원더랜드 평택 팝업,경기 평택시 평택로 51,경기 평택시 평택동 185-579,36.99134,127.08559,2024-10-24,2024-11-06
3119,2025 산리오 키즈 페스티벌,경기 하남시 미사대로 750,"경기 하남시 미사대로 750 (신장동, 스타필드 하남)",37.54507,127.22351,2025-08-08,2025-08-10
4464,약손명가 팝업 - 하남,경기 하남시 미사대로 750,"경기 하남시 미사대로 750 (신장동, 스타필드 하남)",37.545265,127.22459,2025-10-31,2025-11-09
4840,소닉 레이싱 크로스월드 시연회,경기 하남시 미사대로 750,"경기 하남시 미사대로 750 (신장동, 스타필드 하남)",37.545357,127.2236,2025-12-04,2025-12-17
3740,헬로키티 X 아루마루 팝업 ,경기 하남시 미사대로 750,"경기 하남시 미사대로 750 (신장동, 스타필드 하남)",37.54506,127.22394,2025-08-28,2025-08-31
3247,레페리 셀렉트스토어 팝업 - 하남,경기 하남시 미사대로 750,"경기 하남시 미사대로 750 (신장동, 스타필드 하남)",37.54531,127.22389,2025-07-04,2025-07-13
4796,브롤스타즈 팝업 - 메리 브롤리마스 in Starfield,경기 하남시 미사대로 750,"경기 하남시 미사대로 750 (신장동, 스타필드 하남)",37.54542,127.22412,2025-11-14,2026-01-01
4544,스토케 모먼트 팝업,경기 하남시 미사대로 750,"경기 하남시 미사대로 750 (신장동, 스타필드 하남)",37.545036,127.223755,2025-11-07,2025-11-13
4292,스캔바이미 팝업,경기 하남시 미사대로 750,"경기 하남시 미사대로 750 (신장동, 스타필드 하남)",37.545338,127.22445,2025-10-17,2025-10-30
3084,베리시 팝업 - 하남,경기 하남시 미사대로 750,"경기 하남시 미사대로 750 (신장동, 스타필드 하남)",37.545296,127.22334,2025-06-18,2025-06-30
5908,아투스모멍트 팝업 - 하남,경기 하남시 미사대로 750,"경기 하남시 미사대로 750 (신장동, 스타필드 하남)",37.545498,127.22373,2026-03-17,2026-03-30
3222,찢고 붙이는 예술 놀이터 2025 PaperSea - 하남,경기 하남시 미사대로 750,"경기 하남시 미사대로 750 (신장동, 스타필드 하남)",37.545364,127.22368,2025-07-09,2025-07-22
648,조르단 과일농장 하남 팝업,경기 하남시 미사대로 750,경기 하남시 신장동 616,37.545837,127.22227,2024-10-03,2024-10-06
1551,아벤느 안티에이징 연구소 하남 팝업,경기 하남시 미사대로 750,경기 하남시 신장동 616,37.545383,127.22371,2025-01-02,2025-01-08
2311,레스트 인 네이처 팝업 - 하남,경기 하남시 미사대로 750,경기 하남시 신장동 616,37.545483,127.22377,2025-03-20,2025-04-02
224,미(米)토피아 페스티밥 하남 팝업,경기 하남시 미사대로 750,경기 하남시 신장동 616,37.54597,127.22231,2024-08-21,2024-09-11
2070,한국타미야 미니카 페스티벌 팝업 - 하남,경기 하남시 미사대로 750,경기 하남시 신장동 616,37.545437,127.223816,2025-03-21,2025-03-26
1257,브뤼셀프라이 하남 팝업,경기 하남시 미사대로 750,경기 하남시 신장동 616,37.545303,127.22411,2024-11-01,2025-02-04
1509,플랫포인트 하남 팝업,경기 하남시 미사대로 750,경기 하남시 신장동 616,37.54598,127.22237,2025-01-06,2025-01-31
2101,브루클린웍스 팝업 - 하남,경기 하남시 미사대로 750,경기 하남시 신장동 616,37.54542,127.22366,2025-03-06,2025-03-19
727,🦷 조르단 과일농장 🪥,경기 하남시 미사대로 750,경기 하남시 신장동 616,37.54597,127.22231,2024-10-07,2024-10-07
2326,레고 보태니컬 팝업,경기 하남시 미사대로 750,경기 하남시 신장동 616,37.54528,127.224396,2025-03-21,2025-04-02
5423,레고 보태니컬 팝업_사본,경기 하남시 미사대로 750,경기 하남시 신장동 616,37.54528,127.224396,2025-03-21,2025-04-02
1389,피넛버터바나나 하남 팝업,경기 하남시 미사대로 750,경기 하남시 신장동 616,37.54533,127.22333,2024-12-19,2024-12-29
8,푸디버디 팝업,경기 하남시 미사대로 750,경기 하남시 신장동 616,37.54597,127.22231,2024-07-11,2024-07-31
599,펍지 운동회 스타필드 하남 팝업,경기 하남시 미사대로 750,경기 하남시 신장동 616,37.545918,127.2227,2024-09-20,2024-09-30
2706,요기보 팝업 - 하남,경기 하남시 미사대로 750,경기 하남시 신장동 616,37.54534,127.22344,2025-05-10,2025-05-18
1868,토미카 팝업 - 하남,경기 하남시 미사대로 750,경기 하남시 신장동 616,37.545624,127.2235,2025-02-13,2025-02-23
1102,로얄캐닌 브랜드 팝업,경기 하남시 미사대로 750,경기 하남시 신장동 616,37.545517,127.22366,2024-11-23,2024-12-08
1809,레스트 인 네이처 팝업 - 하남,경기 하남시 미사대로 750,경기 하남시 신장동 616,37.54558,127.223366,2025-02-06,2025-02-19
1146,코카-콜라 크리스마스 빌리지 팝업,경기 하남시 미사대로 750,경기 하남시 신장동 616,37.54541,127.22385,2024-11-17,2025-01-01
786,카누 호환캡슐 팝업,경기 하남시 미사대로 750,경기 하남시 신장동 616,37.545403,127.22394,2024-10-17,2024-10-27
1708,치플레 팝업 - 하남,경기 하남시 미사대로 750,경기 하남시 신장동 616,37.545345,127.22369,2025-01-17,2025-03-04
2427,스텔라앤츄이스 팝업 - 하남,경기 하남시 미사대로 750,경기 하남시 신장동 616,37.54547,127.22361,2025-04-04,2025-04-13
1388,실바니안 패밀리 하남 팝업,경기 하남시 미사대로 750,경기 하남시 신장동 616,37.5454,127.22415,2024-12-16,2024-12-29
2078,필립스 라떼고 팝업 - 하남,경기 하남시 미사대로 750,경기 하남시 신장동 616,37.545483,127.223434,2025-02-27,2025-03-12
2104,요기보 팝업 - 하남,경기 하남시 미사대로 750,경기 하남시 신장동 616,37.5453,127.22413,2025-03-06,2025-03-18
2102,컬럼비아 팝업 - 하남,경기 하남시 미사대로 750,경기 하남시 신장동 616,37.545506,127.22348,2025-03-06,2025-03-19
272,하츠네미쿠 팝업,경기 하남시 미사대로 750,경기 하남시 신장동 616,37.546,127.2222,2024-08-09,2024-08-11
1697,레고 시티 팝업 - 하남,경기 하남시 미사대로 750,경기 하남시 신장동 616,37.545666,127.22361,2025-01-20,2025-02-02
725,🦷 조르단 과일농장 🪥,경기 하남시 미사대로 750,경기 하남시 신장동 616,37.54597,127.22231,2024-10-07,2024-10-07
2448,리카리카 팝업,경기 하남시 미사대로 750,경기 하남시 신장동 616,37.5455,127.22341,2025-04-04,2025-04-17
5424,레고 보태니컬 팝업_사본_사본,경기 하남시 미사대로 750,경기 하남시 신장동 616,37.54528,127.224396,2025-03-21,2025-04-02
99,그랜드 카누 호텔 (하남) 팝업,경기 하남시 미사대로 750,경기 하남시 신장동 616,37.54597,127.22231,2024-08-02,2024-08-19
315,코렐 듀라나노 팝업,경기 하남시 미사대로 750,경기 하남시 신장동 616,37.54597,127.22231,2024-08-16,2024-08-29
3214,찢고 붙이는 예술 놀이터 2025 PaperSea - 위례,경기 하남시 위례대로 200,"경기 하남시 위례대로 200 (학암동, 스타필드시티 위례점)",37.4802,127.14851,2025-08-08,2025-08-17
1090,요기보 팝업,경기 화성시 동탄역로 160,경기 화성시 오산동 1089,37.200672,127.09792,2024-11-08,2024-11-21
5430,까까 팝업 - 동탄,경기 화성시 동탄중앙로 220,"경기 화성시 동탄중앙로 220 (반송동, 메타폴리스)",37.20485,127.06928,2026-01-01,2026-02-28
1499,스파오키즈 김해 팝업,경남 김해시 김해대로 2232,경남 김해시 외동 1264,35.2293,128.87239,2024-12-24,2025-01-23
639,남해 독일마을 팝업,경남 김해시 장유로 469,경남 김해시 신문동 1414,35.185,128.82996,2024-09-20,2024-09-29
3786,프로젝트유어사이드 팝업 ,경남 진주시 진주대로941번길 17-16,경남 진주시 강남동 245-13,35.178818,128.08797,2025-09-05,2025-09-07
2355,잔망루피 in 군항제 팝업,경남 창원시 진해구 충장로 71,경남 창원시 진해구 여좌동 761-474,35.151665,128.66177,2025-03-28,2025-04-06
1067,헤이딜러 내차조향소 경주 팝업,경북 경주시 교촌안길 21,경북 경주시 교동 57-16,35.829994,129.2169,2024-11-12,2024-11-17
4330,페리카나 타임트래블 팝업 - 경주,경북 경주시 원효로 104,경북 경주시 원효로 104 (노동동),35.841774,129.21217,2025-10-22,2025-10-26
4329,명랑핫도그 X 쿵야 레스토랑즈 팝업 - 경주,경북 경주시 원효로 110,경북 경주시 원효로 110 (노동동),35.841553,129.21288,2025-10-22,2025-10-26
327,청.바.지 팝업,경북 경주시 포석로 1058-26,경북 경주시 황남동 306-17,35.83525,129.2105,2024-08-23,2024-08-24
340,청년이 바꾸는 지방 청바지 팝업스토어,경북 경주시 포석로 1058-26,경북 경주시 황남동 306-17,35.835327,129.21051,2024-08-23,2024-08-24
492,도란도란 군위 자두빵 포항 팝업,경북 포항시 북구 흥해읍 포항역로 1,경북 포항시 북구 흥해읍 이인리 137-1,36.071606,129.34193,2024-08-06,2024-10-04
3190,SME 비디오샵 컨셉 프로모션 - 광주,광주 광산구 월곡반월로 53,광주 광산구 월곡반월로 53 (월곡동),35.169586,126.81269,2025-07-03,2025-07-06
1877,이케아 팝업 - 광주,광주 동구 독립로 268,광주 동구 대인동 7-1,35.15456,126.91215,2025-02-08,2025-08-17
810,헤이딜러 내차조향소 광주 팝업,광주 동구 동명로14번길 14,광주 동구 동명동 154-15,35.14997,126.924736,2024-10-22,2024-10-27
4177,카페 엠엔알 미네랄 팝업,광주 북구 비엔날레로 111,"광주 북구 비엔날레로 111 (용봉동, 비엔날레전시관)",35.18311,126.88915,2025-08-30,2025-11-02
192,광주FC 팝업,광주 서구 금화로 240,광주 서구 풍암동 423-2,35.13316,126.87652,2024-07-27,2024-12-08
1707,한강 북라운지 팝업 - 광주,광주 서구 무진대로 932,광주 서구 광천동 49-1,35.16036,126.8825,2025-01-02,2025-02-27
1722,브릭나인 팝업 - 광주,광주 서구 무진대로 932,광주 서구 광천동 49-1,35.16043,126.882454,2025-01-20,2025-02-02
1585,오징어 게임 시즌2 팝업 - 광주,광주 서구 무진대로 932,광주 서구 광천동 49-1,35.160362,126.88256,2025-01-10,2025-01-23
341,잔망스플래쉬 팝업스토어,광주 서구 무진대로 932,광주 서구 광천동 49-1,35.160725,126.882706,2024-08-15,2024-08-29
1923,스텝케어 팝업 - 광주,광주 서구 무진대로 932,광주 서구 광천동 49-1,35.16045,126.88245,2025-02-11,2025-04-30
298,잔망스플래쉬 팝업,광주 서구 무진대로 932,광주 서구 광천동 49-1,35.160725,126.882706,2024-08-15,2024-08-29
5250,캐릭터라인 팝업 - 광주,광주 서구 무진대로 932,"광주 서구 무진대로 932 (광천동, 신세계백화점)",35.16052,126.88247,2026-01-02,2026-01-22
4331,구석구석 김치 도둑 추적 작전 팝업,광주 서구 무진대로 932,"광주 서구 무진대로 932 (광천동, 신세계백화점)",35.159496,126.88282,2025-10-17,2025-10-19
4458,2025 광주 빵 페스타 - 광주,광주 서구 상무누리로 30,"광주 서구 상무누리로 30 (치평동, 김대중컨벤션센터)",35.14654,126.84053,2025-10-30,2025-11-01
3189,SME 비디오샵 컨셉 프로모션 - 대구,대구 달서구 서당로9길 51,대구 달서구 서당로9길 51 (신당동),35.856052,128.49269,2025-07-03,2025-07-06
5743,캐리마켓 팝업 - 대구,대구 동구 동부로 149,"대구 동구 동부로 149 (신천동, 신세계동대구복합환승센터)",35.87794,128.6292,2026-02-20,2026-03-05
2823,피너츠 75주년 기념 팝업 - 대구,대구 동구 동부로 149,"대구 동구 동부로 149 (신천동, 신세계동대구복합환승센터)",35.877804,128.62906,2025-05-23,2025-06-01
3254,<오징어 게임> 시즌 3 팝업 - 대구,대구 동구 동부로 149,"대구 동구 동부로 149 (신천동, 신세계동대구복합환승센터)",35.877754,128.62889,2025-07-17,2025-07-31
5080,더퓨처샵 팝업 - 대구,대구 동구 동부로 149,"대구 동구 동부로 149 (신천동, 신세계동대구복합환승센터)",35.87784,128.62997,2025-12-15,2025-12-31
5134,위프하우스 팝업 - 대구,대구 동구 동부로 149,"대구 동구 동부로 149 (신천동, 신세계동대구복합환승센터)",35.87786,128.62978,2025-12-26,2025-12-31
2007,차일드라이프 팝업 - 대구,대구 동구 동부로 149,대구 동구 신천동 1506,35.87769,128.62917,2025-02-15,2025-02-27
1763,무민 아라비아 팝업 - 대구,대구 동구 동부로 149,대구 동구 신천동 1506,35.877766,128.62917,2025-01-24,2025-02-09
902,헤이딜러 내차조향소 대구 팝업,대구 북구 호국로 300-22,대구 북구 서변동 495-9,35.929977,128.60075,2024-10-29,2024-11-03
3685,피치모먼트 팝업 - 대구,대구 수성구 수성못6길 18,대구 수성구 수성못6길 18 (두산동),35.827038,128.62367,2025-08-20,2025-10-12
1446,미스터두낫띵 대구 팝업,대구 중구 경상감영길 184,대구 중구 문화동 6-2,35.871933,128.59732,2024-12-19,2024-12-31
583,빅나인원더랜드 대구장 팝업,대구 중구 경상감영길 8,대구 중구 서문로1가 58,35.870987,128.5879,2024-09-05,2024-09-29
413, 짱구는 여행 중 대구 팝업 ,대구 중구 달구벌대로 2077,,35.86663,128.59062,2024-09-27,2024-10-06
1402,곽철이 팝업 - 대구,대구 중구 달구벌대로 2077,대구 중구 계산동2가 200,35.866547,128.59071,2024-12-20,2025-01-02
1107,올웨이즈프린팅,대구 중구 달구벌대로 2077,대구 중구 계산동2가 200,35.866627,128.59064,2024-11-15,2024-11-28
1234,키키쿼카 스노우빌리지 대구 팝업,대구 중구 달구벌대로 2077,대구 중구 계산동2가 200,35.86667,128.59058,2024-11-29,2024-12-12
1491,콜렉팅룸 팝업 - 대구 팝업스토어,대구 중구 달구벌대로 2077,대구 중구 계산동2가 200,35.86663,128.59062,2024-12-27,2025-01-13
19,원피스 애니메이션 25주년 팝업,대구 중구 달구벌대로 2077,대구 중구 계산동2가 200,35.866867,128.59068,2024-07-26,2024-08-04
1254,호텔 827 대구 팝업 ,대구 중구 달구벌대로 2077,대구 중구 계산동2가 200,35.866543,128.59053,2024-11-29,2024-12-08
80,오밀조밀 깨댕이 과일가게,대구 중구 달구벌대로 2077,대구 중구 계산동2가 200,35.866623,128.59087,2024-07-25,2024-08-01
1360,우스끄 쇼룸 대구 팝업,대구 중구 달구벌대로 2077,대구 중구 계산동2가 200,35.866802,128.59062,2024-12-13,2025-01-02
1562,비비앙 팝업 - 대구,대구 중구 달구벌대로 2077,대구 중구 계산동2가 200,35.866764,128.59038,2025-01-02,2025-01-31
1104,삶은 감자 대구 팝업,대구 중구 달구벌대로 2077,대구 중구 계산동2가 200,35.866627,128.59064,2024-11-12,2024-11-28
1654,에이프 AAPE 팝업 - 대구,대구 중구 달구벌대로 2077,대구 중구 계산동2가 200,35.866512,128.59076,2025-01-17,2025-01-30
1235,센스튜디오 대구 팝업,대구 중구 달구벌대로 2077,대구 중구 계산동2가 200,35.866566,128.59071,2024-11-29,2024-12-11
1687,토폴로지 팝업 - 대구,대구 중구 달구벌대로 2077,대구 중구 계산동2가 200,35.866573,128.59071,2025-01-03,2025-01-31
307,왼그기그 팝업,대구 중구 달구벌대로 2077,대구 중구 계산동2가 200,35.866627,128.59064,2024-08-13,2024-08-22
1822,베러플레이스 팝업 - 대구,대구 중구 달구벌대로 2077,대구 중구 계산동2가 200,35.86651,128.59067,2025-02-03,2025-02-16
2052,피넛버터바나나 팝업 - 대구,대구 중구 달구벌대로 2077,대구 중구 계산동2가 200,35.8667,128.59076,2025-02-28,2025-03-13
2238,푸우 팝업 - 대구,대구 중구 달구벌대로 2077,대구 중구 계산동2가 200,35.866657,128.59038,2025-03-17,2025-04-20
1560,페이즈 팝업 - 대구,대구 중구 달구벌대로 2077,대구 중구 계산동2가 200,35.8665,128.5908,2025-01-02,2025-01-16
1120,나이스웨더 엔트로피 메이크업 팝업,대구 중구 달구벌대로 2077,대구 중구 계산동2가 200,35.866535,128.5905,2024-11-15,2024-11-30
2237,위캔더스 팝업 - 대구,대구 중구 달구벌대로 2077,대구 중구 계산동2가 200,35.86668,128.59053,2025-03-14,2025-03-27
858,에르고시스템 팝업,대구 중구 달구벌대로 2077,대구 중구 계산동2가 200,35.86652,128.59035,2024-10-18,2024-11-07
859,바이엘캐시미어 팝업,대구 중구 달구벌대로 2077,대구 중구 계산동2가 200,35.86669,128.5909,2024-10-18,2024-10-27
1735,PHYPS 팝업 - 대구,대구 중구 달구벌대로 2077,대구 중구 계산동2가 200,35.86667,128.59088,2025-01-31,2025-02-06
1891,시스티나 팝업 - 대구,대구 중구 달구벌대로 2077,대구 중구 계산동2가 200,35.866745,128.59088,2025-02-14,2025-02-27
1468,데일리라이크 대구 팝업,대구 중구 달구벌대로 2077,대구 중구 계산동2가 200,35.866478,128.5908,2024-12-20,2025-01-02
2202,리멤버 팝업 - 대구,대구 중구 달구벌대로 2077,대구 중구 계산동2가 200,35.86648,128.59067,2025-03-05,2025-03-16
1545,핑구 팝업 - 대구,대구 중구 달구벌대로 2077,대구 중구 계산동2가 200,35.866745,128.59033,2025-01-03,2025-01-16
168,오밀조밀 깨댕이 과일가게 팝업,대구 중구 달구벌대로 2077,대구 중구 계산동2가 200,35.866585,128.59032,2024-07-25,2024-08-01
2484,삼성 라이온즈 X 바오패밀리 팝업 - 대구,대구 중구 달구벌대로 2077,대구 중구 계산동2가 200,35.866783,128.59076,2025-04-22,2025-05-07
3126,도로시와 팝업 - 대구,대구 중구 달구벌대로 2077,대구 중구 계산동2가 200,35.86676,128.59048,2025-06-27,2025-07-03
1890,커버낫 팝업 - 대구,대구 중구 달구벌대로 2077,대구 중구 계산동2가 200,35.866558,128.59088,2025-02-14,2025-02-20
1457,빵빵이와 옥지의 만물상 대구 팝업,대구 중구 달구벌대로 2077,대구 중구 계산동2가 200,35.86652,128.59053,2025-01-04,2025-01-19
1850,흰디 팝업 - 대구,대구 중구 달구벌대로 2077,대구 중구 계산동2가 200,35.866783,128.59064,2025-02-14,2025-03-09
22,주술회전 대구 팝업,대구 중구 달구벌대로 2077,대구 중구 계산동2가 200,35.86681,128.59045,2024-08-05,2024-08-11
1892,잇더즌매터 팝업 - 대구,대구 중구 달구벌대로 2077,대구 중구 계산동2가 200,35.86657,128.59052,2025-02-14,2025-02-27
1848,뮤토모 팝업 - 대구,대구 중구 달구벌대로 2077,대구 중구 계산동2가 200,35.866734,128.5905,2025-02-03,2025-02-20
2207,쿨키튼 팝업 - 대구_사본,대구 중구 달구벌대로 2077,대구 중구 계산동2가 200,35.866577,128.5907,2025-02-28,2025-03-13
557,해리포터 위자드몰 더현대 대구 팝업,대구 중구 달구벌대로 2077,대구 중구 계산동2가 200,35.866405,128.59087,2024-09-11,2024-09-26
1009,스윙셋 대구 팝업,대구 중구 달구벌대로 2077,대구 중구 계산동2가 200,35.866478,128.59079,2024-11-08,2024-12-01
944,우니토 팝업,대구 중구 달구벌대로 2077,대구 중구 계산동2가 200,35.866493,128.59087,2024-10-29,2024-11-14
1689,슬코 팝업 - 대구,대구 중구 달구벌대로 2077,대구 중구 계산동2가 200,35.866554,128.5908,2025-01-10,2025-02-02
1230,던전밥 대구 팝업,대구 중구 달구벌대로 2077,대구 중구 계산동2가 200,35.86661,128.59059,2024-12-06,2024-12-19
2191,감탄브라 팝업 - 대구,대구 중구 달구벌대로 2077,대구 중구 계산동2가 200,35.866558,128.59077,2025-03-07,2025-03-13
1469,이터널유 대구 팝업,대구 중구 달구벌대로 2077,대구 중구 계산동2가 200,35.86647,128.59082,2024-12-20,2025-01-02
1924,메종본뉘 팝업 - 대구,대구 중구 달구벌대로 2077,대구 중구 계산동2가 200,35.866535,128.59058,2025-02-21,2025-03-06
167,원피스 애니메이션 25주년 팝업,대구 중구 달구벌대로 2077,대구 중구 계산동2가 200,35.866627,128.59064,2024-07-26,2024-08-04
1122,탈리다쿰 대구 팝업,대구 중구 달구벌대로 2077,대구 중구 계산동2가 200,35.866505,128.59091,2024-11-15,2024-11-28
1734,풀리오 팝업 - 대구,대구 중구 달구벌대로 2077,대구 중구 계산동2가 200,35.866547,128.59071,2025-01-24,2025-02-02
3125,수바코 팝업 - 대구,대구 중구 달구벌대로 2077,대구 중구 계산동2가 200,35.86664,128.59076,2025-06-20,2025-07-03
943,스튜디홈 팝업,대구 중구 달구벌대로 2077,대구 중구 계산동2가 200,35.866627,128.59064,2024-10-29,2024-11-10
1174,정년이 X 더현대 대구 팝업,대구 중구 달구벌대로 2077,대구 중구 계산동2가 200,35.86663,128.59062,2024-11-22,2024-12-05
1820,우닉 팝업 - 대구,대구 중구 달구벌대로 2077,대구 중구 계산동2가 200,35.866657,128.59045,2025-02-07,2025-02-13
2051,쿨키튼 팝업 - 대구,대구 중구 달구벌대로 2077,대구 중구 계산동2가 200,35.866577,128.5907,2025-02-28,2025-03-13
703,짱구는 여행중 in 대구,대구 중구 달구벌대로 2077,대구 중구 계산동2가 200,35.866627,128.59064,2024-09-27,2024-10-06
2372,에이치슈 팝업 - 대구,대구 중구 달구벌대로 2077,대구 중구 계산동2가 200,35.866596,128.59052,2025-03-28,2025-04-10
2236,왼그기그 팝업 - 대구,대구 중구 달구벌대로 2077,대구 중구 계산동2가 200,35.866608,128.59074,2025-03-14,2025-03-28
942,텐트를 잘치는 남자 팝업,대구 중구 달구벌대로 2077,대구 중구 계산동2가 200,35.866627,128.59064,2024-10-29,2024-11-14
857,리버풀 FC 팝업,대구 중구 달구벌대로 2077,대구 중구 계산동2가 200,35.866432,128.5908,2024-10-18,2024-10-31
1637,구황작물빵 팝업 - 대구,대구 중구 달구벌대로 2077,대구 중구 계산동2가 200,35.866753,128.59087,2025-01-11,2025-01-23
1663,소소로와 팝업 - 대구,대구 중구 달구벌대로 2077,대구 중구 계산동2가 200,35.866543,128.59076,2025-01-17,2025-01-30
1737,솜프 팝업 - 대구,대구 중구 달구벌대로 2077,대구 중구 계산동2가 200,35.866814,128.59052,2025-01-31,2025-02-13
1106,텐텐문방구 대구 팝업,대구 중구 달구벌대로 2077,대구 중구 계산동2가 200,35.866627,128.59064,2024-11-15,2024-11-28
277,한국가스공사 페가수스 X 더현대 대구,대구 중구 달구벌대로 2077,대구 중구 계산동2가 200,35.866627,128.59064,2024-08-09,2024-08-15
1561,수바코 팝업 - 대구,대구 중구 달구벌대로 2077,대구 중구 계산동2가 200,35.86655,128.59055,2025-01-03,2025-01-16
1849,소운 수채화 캐리커쳐 이벤트 - 대구,대구 중구 달구벌대로 2077,대구 중구 계산동2가 200,35.866837,128.59059,2025-02-14,2025-02-23
856,커비 팝업,대구 중구 달구벌대로 2077,대구 중구 계산동2가 200,35.86653,128.59035,2024-10-14,2024-10-31
2246,르플랑에떼 팝업 - 대구,대구 중구 달구벌대로 2077,대구 중구 계산동2가 200,35.8666,128.59071,2025-03-14,2025-03-27
640,짱구는 여행 중 대구 팝업,대구 중구 달구벌대로 2077,대구 중구 계산동2가 200,35.86691,128.59071,2024-09-27,2024-10-06
1922,스텝케어 팝업 - 대구,대구 중구 달구벌대로 2077,대구 중구 계산동2가 200,35.86675,128.59093,2025-02-07,2025-02-27
82,신카이 마코토 대구 팝업,대구 중구 달구벌대로 2077,대구 중구 계산동2가 200,35.866627,128.59064,2024-07-27,2024-08-08
1105,미수아바흐브 팝업,대구 중구 달구벌대로 2077,대구 중구 계산동2가 200,35.866627,128.59064,2024-11-12,2024-11-24
1121,트리밍버드 대구 팝업,대구 중구 달구벌대로 2077,대구 중구 계산동2가 200,35.86673,128.59094,2024-11-14,2024-12-05
1821,핀리 팝업 - 대구,대구 중구 달구벌대로 2077,대구 중구 계산동2가 200,35.866783,128.59076,2025-02-01,2025-02-27
701,짱구는 여행중 in 대구,대구 중구 달구벌대로 2077,대구 중구 계산동2가 200,35.866627,128.59064,2024-09-27,2024-10-06
1636,하리보리빙 팝업 - 대구,대구 중구 달구벌대로 2077,대구 중구 계산동2가 200,35.866756,128.59052,2025-01-14,2025-02-17
5814,도담도담 팝업 - 대구,대구 중구 달구벌대로 2077,"대구 중구 달구벌대로 2077 (계산동2가, 현대백화점)",35.86663,128.59062,2026-03-06,2026-03-25
5276,아즈산산 팝업 - 대구,대구 중구 달구벌대로 2077,"대구 중구 달구벌대로 2077 (계산동2가, 현대백화점)",35.866657,128.59076,2026-01-01,2026-01-15
2941,2025 짱구 팝업 - 대구,대구 중구 달구벌대로 2077,"대구 중구 달구벌대로 2077 (계산동2가, 현대백화점)",35.866573,128.59042,2025-09-19,2025-10-04
5817,더현대 대구 포토네컷 이벤트,대구 중구 달구벌대로 2077,"대구 중구 달구벌대로 2077 (계산동2가, 현대백화점)",35.86663,128.59062,2026-03-06,2026-03-26
5436,빵고미 팝업 – 대구,대구 중구 달구벌대로 2077,"대구 중구 달구벌대로 2077 (계산동2가, 현대백화점)",35.866623,128.5907,2026-01-23,2026-02-05
5567,어고 팝업 - 대구,대구 중구 달구벌대로 2077,"대구 중구 달구벌대로 2077 (계산동2가, 현대백화점)",35.866608,128.59055,2026-02-27,2026-03-19
3334,몽모의 이상한 동물원 팝업 - 대구,대구 중구 달구벌대로 2077,"대구 중구 달구벌대로 2077 (계산동2가, 현대백화점)",35.866554,128.59044,2025-07-25,2025-08-17
5348,곰돌찡 토끼찡이랑 파자마파티 팝업 - 대구,대구 중구 달구벌대로 2077,"대구 중구 달구벌대로 2077 (계산동2가, 현대백화점)",35.866547,128.59068,2026-01-12,2026-01-25
3220,패트와 매트 팝업 - 대구,대구 중구 달구벌대로 2077,"대구 중구 달구벌대로 2077 (계산동2가, 현대백화점)",35.86654,128.59047,2025-07-12,2025-07-24
2972,원피스 팝업 - 대구,대구 중구 달구벌대로 2077,"대구 중구 달구벌대로 2077 (계산동2가, 현대백화점)",35.866463,128.59055,2025-08-22,2025-08-31
3256,우주먼지 대구 팝업 - 팡이의 버블세탁소,대구 중구 달구벌대로 2077,"대구 중구 달구벌대로 2077 (계산동2가, 현대백화점)",35.866703,128.5908,2025-07-04,2025-07-24
5815,오픈갤러리 기획전 - 쉼의 좌표,대구 중구 달구벌대로 2077,"대구 중구 달구벌대로 2077 (계산동2가, 현대백화점)",35.86663,128.59062,2026-02-23,2026-03-15
5421,플레이인더박스 팝업 - 대구,대구 중구 달구벌대로 2077,"대구 중구 달구벌대로 2077 (계산동2가, 현대백화점)",35.866554,128.59073,2026-01-26,2026-02-26
3901,해리포터 위자드몰 팝업 - 대구,대구 중구 달구벌대로 2077,"대구 중구 달구벌대로 2077 (계산동2가, 현대백화점)",35.866524,128.59076,2025-09-17,2025-10-13
4241,라카 팝업 - 대구,대구 중구 달구벌대로 2077,"대구 중구 달구벌대로 2077 (계산동2가, 현대백화점)",35.866425,128.59088,2025-10-10,2025-10-16
5738,림버스 컴퍼니 3주년 팝업 - 대구,대구 중구 달구벌대로 2077,"대구 중구 달구벌대로 2077 (계산동2가, 현대백화점)",35.86663,128.59062,2026-03-13,2026-03-19
4932,주토피아 홀리데이 마켓 팝업 - 대구,대구 중구 달구벌대로 2077,"대구 중구 달구벌대로 2077 (계산동2가, 현대백화점)",35.866463,128.5909,2025-12-06,2025-12-31
2936,얼렁뚱땅 상점 팝업 - 대구,대구 중구 달구벌대로 2077,"대구 중구 달구벌대로 2077 (계산동2가, 현대백화점)",35.8665,128.59067,2025-06-13,2025-06-26
5816,슈퍼띵스 팝업,대구 중구 달구벌대로 2077,"대구 중구 달구벌대로 2077 (계산동2가, 현대백화점)",35.86663,128.59062,2026-02-27,2026-03-26
3642,사내뷰공업 팝업 - 대구,대구 중구 달구벌대로 2077,"대구 중구 달구벌대로 2077 (계산동2가, 현대백화점)",35.866566,128.59087,2025-08-23,2025-08-31
4080,치이상점 팝업 - 대구,대구 중구 달구벌대로 2077,"대구 중구 달구벌대로 2077 (계산동2가, 현대백화점)",35.866463,128.59096,2025-09-19,2025-09-30
4611,오도넛 팝업 - 대구,대구 중구 달구벌대로 2077,"대구 중구 달구벌대로 2077 (계산동2가, 현대백화점)",35.86659,128.59088,2025-11-11,
5181,애드 팝업 - 대구,대구 중구 달구벌대로 2077,"대구 중구 달구벌대로 2077 (계산동2가, 현대백화점)",35.866516,128.59084,2026-01-01,2026-01-15
5439,캐릭터라인 팝업 - 대구,대구 중구 달구벌대로 2077,"대구 중구 달구벌대로 2077 (계산동2가, 현대백화점)",35.86661,128.59074,2026-01-23,2026-02-12
5264,빵빵이의 타로집 팝업 - 대구,대구 중구 달구벌대로 2077,"대구 중구 달구벌대로 2077 (계산동2가, 현대백화점)",35.866653,128.59079,2026-01-17,2026-02-01
5641,쿵야 레스토랑즈 팝업 - 대구,대구 중구 달구벌대로 2077,"대구 중구 달구벌대로 2077 (계산동2가, 현대백화점)",35.86663,128.59064,2026-02-21,2026-03-02
2341,호즈미 팝업 - 대구,대구 중구 달구벌대로414길 26,대구 중구 남산동 437-3,35.86496,128.58936,2025-03-24,2025-05-11
323,새로 얼굴 동굴 (새로 -2.57°C) 팝업,대구 중구 동성로2길 50,대구 중구 공평동 53-13,35.868217,128.59692,2024-08-09,2024-08-25
1846,비비랩 팝업 - 대구,대구 중구 동성로5길 33,대구 중구 삼덕동1가 5-1,35.86784,128.59647,2025-02-01,2025-02-28
2517,K리그 X 산리오캐릭터즈 팝업 - 대구,대구 중구 동성로6길 12-13,대구 중구 공평동 45-1,35.868397,128.59575,2025-05-14,2025-05-28
1116,무신사 스토어 대구 스니커즈 기획전 팝업,대구 중구 동성로6길 12-13,대구 중구 공평동 45-1,35.86844,128.5958,2024-11-22,2024-12-04
1550,지도표 성경김 팝업 - 대전,대전 동구 중앙로 215,대전 동구 정동 1-1,36.334385,127.43215,2025-01-06,2025-03-06
4119,구석구석트럭 팝업,대전 동구 중앙로 215,"대전 동구 중앙로 215 (정동, 대전역)",36.334335,127.43211,2025-09-26,2025-09-28
3877,구석구석 인삼이 숨바꼭질 팝업 ,대전 동구 중앙로 215,"대전 동구 중앙로 215 (정동, 대전역)",36.334324,127.43216,2025-09-05,2025-09-07
2962,꿈돌이네 라면가게 팝업,대전 동구 철갑2길 16,대전 동구 철갑2길 16 (소제동),36.33528,127.437096,2025-06-09,2025-07-26
4946,꿈돌이X뽀로로 스위트 부티크 팝업 - 대전,대전 동구 철갑3길 17,대전 동구 철갑3길 17 (소제동),36.33383,127.438095,2025-12-08,2026-01-25
2938,2025 꿈돌이 팝업전시,대전 동구 철갑3길 17,대전 동구 철갑3길 17 (소제동),36.33388,127.438095,2025-06-09,2025-07-26
4255,꿈돌이 팝업 - 대전,대전 동구 철갑3길 17,대전 동구 철갑3길 17 (소제동),36.333927,127.43806,2025-10-16,2025-11-23
4082,왼그기그 팝업 - 대전,대전 서구 계룡로 598,"대전 서구 계룡로 598 (괴정동, 롯데백화점)",36.340736,127.38925,2025-09-26,2025-10-12
520,테디테일즈 대전 팝업,대전 서구 계룡로 598,대전 서구 괴정동 423-1,36.340687,127.38955,2024-08-30,2024-09-29
976,주디마리 대전 팝업,대전 서구 대덕대로 211,대전 서구 둔산동 1036,36.35182,127.3782,2024-10-25,2024-11-07
1481,노티드 X 박은영 셰프 '크림 멘보' 대전 팝업,대전 서구 대덕대로 211,대전 서구 둔산동 1036,36.35192,127.37825,2025-01-03,2025-01-09
2453,쿠키런 팝업 - 대전,대전 서구 대덕대로 211,대전 서구 둔산동 1036,36.351826,127.37811,2025-04-10,2025-04-20
1318,우주먼지 연말 대전 팝업,대전 서구 대덕대로 211,대전 서구 둔산동 1036,36.35189,127.37829,2024-12-12,2024-12-30
691,오둥이의 아르바이트 대전 팝업,대전 유성구 엑스포로 1,대전 유성구 도룡동 3-1,36.37515,127.38187,2024-09-27,2024-10-17
1584,오징어 게임 시즌2 팝업 - 대전,대전 유성구 엑스포로 1,대전 유성구 도룡동 3-1,36.375156,127.381615,2025-01-10,2025-01-23
813,위니비니 대전 팝업,대전 유성구 엑스포로 1,대전 유성구 도룡동 3-1,36.375248,127.38141,2024-10-18,2024-10-31
988,헤이딜러 내차조향소 대전 팝업,대전 유성구 엑스포로 1,대전 유성구 도룡동 3-1,36.37524,127.38141,2024-11-05,2024-11-10
3526,여수언니 팝업 - 대전,대전 유성구 엑스포로 1,대전 유성구 엑스포로 1 (도룡동),36.374912,127.38135,2025-08-15,2025-08-28
4437,빵빵이와 옥지 팝업 - 꿀잼도시 대전 city,대전 유성구 엑스포로 1,대전 유성구 엑스포로 1 (도룡동),36.37514,127.380974,2025-11-07,2025-11-23
5082,주토피아2 팝업 | 윈터 베케이션 @ 신세계 대전,대전 유성구 엑스포로 1,"대전 유성구 엑스포로 1 (도룡동, 대전신세계 아트앤사이언스)",36.37545,127.38311,2025-12-30,2026-01-18
5805,스토케 팝업 ,대전 유성구 엑스포로 1,"대전 유성구 엑스포로 1 (도룡동, 대전신세계 아트앤사이언스)",36.37513,127.38151,2026-03-06,2026-03-12
4337,유온 팝업스토어 - 유온이와 온천 되살리기 대작전,대전 유성구 온천북로 12,"대전 유성구 온천북로 12 (봉명동, 유성온천관리사무소)",36.356953,127.34406,2025-10-11,2025-11-09
729,니니키즈 팝업,대전 유성구 테크노중앙로 123,대전 유성구 용산동 579,36.423435,127.39851,2024-10-08,2024-10-13
2030,이케아 팝업 - 대전,대전 유성구 테크노중앙로 123,대전 유성구 용산동 579,36.423553,127.39804,2025-02-20,2025-06-19
316,버디프렌즈 팝업,대전 유성구 테크노중앙로 123,대전 유성구 용산동 579,36.42355,127.39835,2024-08-13,2024-08-25
4917,원피스 팝업 - 대전,대전 유성구 테크노중앙로 123,"대전 유성구 테크노중앙로 123 (용산동, 현대프리미엄아울렛 대전점)",36.423084,127.39837,2025-12-19,2025-12-28
2925,짱구와 친구들 팝업 - 대전,대전 유성구 테크노중앙로 123,"대전 유성구 테크노중앙로 123 (용산동, 현대프리미엄아울렛 대전점)",36.423435,127.39851,2025-06-06,2025-06-29
3192,SME 비디오샵 컨셉 프로모션 - 대전,대전 중구 중교로 23,대전 중구 중교로 23 (대흥동),36.3251,127.42259,2025-07-03,2025-07-06
3738,성심당 이벤트 - 나만의 성심당 케이크 만들기,대전 중구 중교로73번길 11,대전 중구 중교로73번길 11 (은행동),36.327103,127.427414,2025-08-28,2025-08-28
5217,메이드바이 행운맨숀 팝업 - 대전,대전 중구 중교로73번길 14,대전 중구 중교로73번길 14 (은행동),36.3273,127.42748,2026-01-07,2026-04-08
3847,그럴만두 팝업 - 대전 ,대전 중구 중교로73번길 14,대전 중구 중교로73번길 14 (은행동),36.327282,127.4275,2025-09-03,2025-11-05
1430,무유무유 팝업 - 대전,대전 중구 중앙로 141,대전 중구 선화동 3-1,36.328857,127.42508,2024-11-27,2025-01-07
1325,우리들의 365일 대전 팝업,대전 중구 중앙로129번길 30,대전 중구 선화동 32-4,36.32935,127.423546,2024-11-12,2025-01-12
1489,새로 신년 부산 팝업,부산 강서구 명지국제6로 168,부산 강서구 명지동 3438,35.093044,128.9182,2025-01-08,2025-01-12
1083,부산 금정 STYLE-UP 팝업,부산 금정구 오시게로 20,부산 금정구 부곡동 873-98,35.219234,129.08647,2024-11-15,2024-11-16
1079,포켓몬 부산 팝업,부산 기장군 기장읍 기장해안로 147,부산 기장군 기장읍 당사리 524,35.191696,129.21257,2024-11-22,2024-12-29
94,문보장(文寶藏) X 아난티 앳 부산,부산 기장군 기장읍 기장해안로 267-7,부산 기장군 기장읍 시랑리 733,35.198658,129.2211,2024-06-01,2024-08-31
324,LA ROSEE X ANANTI 팝업,부산 기장군 기장읍 기장해안로 267-7,부산 기장군 기장읍 시랑리 733,35.198658,129.2211,2024-07-04,2024-08-31
1573,곰곰이와 찬찬이 전시 - 부산,부산 기장군 기장읍 동부산관광6로 59,부산 기장군 기장읍 석산리 293,35.204372,129.21278,2024-12-13,2025-03-09
3191,SME 비디오샵 컨셉 프로모션 - 부산,부산 기장군 기장읍 동부산관광로 34,부산 기장군 기장읍 동부산관광로 34 (시랑리),35.193924,129.21397,2025-07-03,2025-07-06
1018,반찬일기장 팝업,부산 기장군 기장읍 읍내로104번길 16,부산 기장군 기장읍 대라리 72-1,35.243546,129.21529,2024-11-04,2024-11-16
1307,엠앤엠즈 크리스마스 부산 팝업,부산 기장군 장안읍 정관로 1133,부산 기장군 장안읍 좌천리 545,35.324978,129.23622,2024-11-09,2024-12-29
747,헤이딜러 내차조향소 부산 프리미엄 아울렛 팝업,부산 기장군 장안읍 정관로 1133,부산 기장군 장안읍 좌천리 545,35.323803,129.23508,2024-10-14,2024-10-20
1179,슈팅스타 캐치! 티니핑 크리스마스 팝업,부산 기장군 장안읍 정관로 1133,부산 기장군 장안읍 좌천리 545,35.324596,129.23592,2024-11-01,2025-01-01
669,이케아 커넥트현대 팝업,부산 동구 범일로 125,부산 동구 범일동 62-5,35.1413,129.05858,2024-09-04,2024-12-03
1206,위자드몰 팝업 - 부산,부산 동구 범일로 125,부산 동구 범일동 62-5,35.14128,129.05861,2024-11-29,2024-12-08
1396,디즈니스토어 부산 팝업,부산 동구 범일로 125,부산 동구 범일동 62-5,35.141224,129.05864,2024-12-16,2024-12-29
1454,먼작귀 페스타 팝업 - 부산,부산 동구 범일로 125,부산 동구 범일동 62-5,35.14128,129.05861,2025-01-17,2025-01-26
2942,2025 짱구 팝업 - 부산,부산 동구 범일로 125,"부산 동구 범일로 125 (범일동, 커넥트현대)",35.141205,129.05861,2025-10-10,2025-10-26
5493,몬스타기어 팝업 - 부산,부산 동구 범일로 125,"부산 동구 범일로 125 (범일동, 커넥트현대)",35.141293,129.05858,2026-01-30,2026-02-26
4266,라삭굿즈 팝업 - 부산,부산 동구 범일로 125,"부산 동구 범일로 125 (범일동, 커넥트현대)",35.141132,129.05873,2025-10-31,2025-11-09
508,부산맥주 X 커넥트현대 X 자갈치오지매 팝업,부산 동구 범일로 126,부산 동구 범일동 834-19,35.141163,129.05959,2024-09-04,2024-09-12
509,하트티라미수 커넥트현대 팝업,부산 동구 범일로 126,부산 동구 범일동 834-19,35.141163,129.05959,2024-09-04,2024-09-18
185,탑텐 부산역 쿨에어 팝업,부산 동구 중앙대로 206,부산 동구 초량동 1187-1,35.11511,129.04141,2024-07-26,2024-08-24
2222,탑텐 팝업 - 부산,부산 동구 중앙대로 206,부산 동구 초량동 1187-1,35.11491,129.04147,2025-03-07,2025-04-30
4913,GS25 데이지에일 팝업 - 부산,부산 동구 중앙대로180번길 12,부산 동구 중앙대로180번길 12 (초량동),35.11284,129.04024,2025-12-04,2025-12-09
3420,CU X 투모로우바이투게더 팝업 - 부산,부산 부산진구 가야대로 748,부산 부산진구 가야대로 748 (부전동),35.157307,129.0532,2025-07-21,2025-08-22
5244,위드썸 팝업 - 부산,부산 부산진구 가야대로 772,"부산 부산진구 가야대로 772 (부전동, 롯데백화점부산본점)",35.15677,129.05646,2025-12-29,2026-01-15
4929,몽모의 크리스마스 파티 팝업,부산 부산진구 가야대로 772,"부산 부산진구 가야대로 772 (부전동, 롯데백화점부산본점)",35.15649,129.0561,2025-12-05,2025-12-18
5510,해리포터 위자드몰 팝업 - 부산,부산 부산진구 가야대로 772,"부산 부산진구 가야대로 772 (부전동, 롯데백화점부산본점)",35.15679,129.05641,2026-02-21,2026-03-08
3303,치이상점 팝업 - 부산,부산 부산진구 가야대로 772,"부산 부산진구 가야대로 772 (부전동, 롯데백화점부산본점)",35.15666,129.05641,2025-07-18,2025-07-24
4943,크런틴 팝업 - 부산,부산 부산진구 가야대로 772,"부산 부산진구 가야대로 772 (부전동, 롯데백화점부산본점)",35.15667,129.05653,2025-12-05,2025-12-18
5904,얼렁뚱땅 상점 - 부산,부산 부산진구 가야대로 772,"부산 부산진구 가야대로 772 (부전동, 롯데백화점부산본점)",35.15679,129.05641,2026-04-10,2026-04-19
3489,롬앤 핑크오피스 팝업 - 부산,부산 부산진구 가야대로 772,"부산 부산진구 가야대로 772 (부전동, 롯데백화점부산본점)",35.156868,129.05664,2025-08-08,2025-09-04
3812,굴뚝강아지 웃음 클리닉 팝업 - 부산,부산 부산진구 가야대로 772,"부산 부산진구 가야대로 772 (부전동, 롯데백화점부산본점)",35.156567,129.0565,2025-09-05,2025-09-11
5084,위드썸 팝업 - 부산,부산 부산진구 가야대로 772,"부산 부산진구 가야대로 772 (부전동, 롯데백화점부산본점)",35.156525,129.05646,2025-12-19,2025-12-28
3499,스크럽 대디 팝업 - 부산,부산 부산진구 가야대로 772,"부산 부산진구 가야대로 772 (부전동, 롯데백화점부산본점)",35.156914,129.05652,2025-08-08,2025-08-22
3311,포켓몬 팝업 - 부산,부산 부산진구 가야대로 772,"부산 부산진구 가야대로 772 (부전동, 롯데백화점부산본점)",35.15638,129.05663,2025-07-25,2025-08-17
5343,다흑의 곤충 & 파충류 팝업 - 부산,부산 부산진구 가야대로 772,"부산 부산진구 가야대로 772 (부전동, 롯데백화점부산본점)",35.156796,129.05641,2026-01-23,2026-02-01
3869,산리오 X 올리브영 큐티런 in 부산 롯데백화점 본점,부산 부산진구 가야대로 772,"부산 부산진구 가야대로 772 (부전동, 롯데백화점부산본점)",35.156807,129.05658,2025-09-12,2025-09-21
1144,드래곤볼 부산 팝업,부산 부산진구 가야대로 772,부산 부산진구 부전동 503-15,35.15679,129.05641,2024-11-22,2024-12-01
1932,하리보리빙 팝업 - 부산,부산 부산진구 가야대로 772,부산 부산진구 부전동 503-15,35.156742,129.05655,2025-02-19,2025-03-04
1143,드래곤볼 팝업 부산 팝업,부산 부산진구 가야대로 772,부산 부산진구 부전동 503-15,35.15696,129.05643,2024-11-22,2024-12-01
917,테이스티드 X 시시호시 팝업,부산 부산진구 가야대로 772,부산 부산진구 부전동 503-15,35.15679,129.05641,2024-10-18,2024-10-31
1933,러쉬 팝업 - 부산,부산 부산진구 가야대로 772,부산 부산진구 부전동 503-15,35.156445,129.0563,2025-02-14,2025-02-27
1398,핑구 팝업 - 부산,부산 부산진구 가야대로 772,부산 부산진구 부전동 503-15,35.156765,129.05646,2024-12-16,2024-12-29
1930,킨제네라 팝업 - 부산,부산 부산진구 가야대로 772,부산 부산진구 부전동 503-15,35.15676,129.05644,2025-02-14,2025-02-27
93,Rockfish Weatherwear 부산 팝업,부산 부산진구 동성로71번길 38,부산 부산진구 전포동 300-28,35.15699,129.06621,2024-06-06,2024-08-31
2591,우주먼지 아케이드 팝업 - 부산,부산 부산진구 서면로 39,부산 부산진구 부전동 521-1,35.154205,129.05724,2025-04-23,2025-05-25
1456,빵빵이와 옥지의 만물상 부산 팝업,부산 부산진구 서면로 39,부산 부산진구 부전동 521-1,35.15427,129.0573,2024-12-01,2024-12-31
2292,집이 없어 팝업 - 부산,부산 부산진구 서면로 39,부산 부산진구 부전동 521-1,35.15427,129.0573,2025-03-12,2025-04-28
3844,그럴만두 팝업 - 부산 ,부산 부산진구 전포대로199번길 34,"부산 부산진구 전포대로199번길 34 (전포동, 카페 라비앙로즈)",35.154606,129.06334,2025-09-02,2025-11-04
5215,메이드바이 행운맨숀 팝업 - 서면_사본,부산 부산진구 전포대로199번길 34,"부산 부산진구 전포대로199번길 34 (전포동, 카페 라비앙로즈)",35.154648,129.06334,2026-01-06,2026-04-07
5214,메이드바이 행운맨숀 팝업 - 서면,부산 부산진구 전포대로199번길 34,"부산 부산진구 전포대로199번길 34 (전포동, 카페 라비앙로즈)",35.154648,129.06334,2026-01-06,2026-04-07
3845,그럴만두 팝업 - 부산 _사본,부산 부산진구 전포대로199번길 34,"부산 부산진구 전포대로199번길 34 (전포동, 카페 라비앙로즈)",35.154606,129.06334,2025-09-02,2025-11-04
92,"소소히히 이번 여름에, 나랑 다꾸할래? (부산) 팝업",부산 부산진구 전포대로199번길 34,부산 부산진구 전포동 685-6,35.154644,129.06334,2024-06-19,2024-09-04
4791,파베아 팝업 - 부산,부산 부산진구 전포대로210번길 39-4,부산 부산진구 전포대로210번길 39-4 (전포동),35.1556,129.06764,2025-11-27,2025-12-06
2818,다이노탱 쿽스카우트 팝업 - 부산,부산 부산진구 전포대로255번길 41,"부산 부산진구 전포대로255번길 41 (전포동, 전포상가)",35.15919,129.06306,2025-05-30,2025-07-27
1580,홀로라이브 X 소닉 콜라보 팝업 - 부산,부산 부산진구 중앙대로 627,부산 부산진구 범천동 869-28,35.148705,129.0589,2024-12-13,2025-01-14
2249,주술회전 X 애니메이트 콜라보 카페 팝업 - 부산,부산 부산진구 중앙대로 672,부산 부산진구 부전동 227-2,35.152874,129.05957,2025-03-14,2025-04-15
1692,니지산지 X 애니메이트 콜라보 카페 팝업 - 부산,부산 부산진구 중앙대로 672,부산 부산진구 부전동 227-2,35.15293,129.05968,2025-01-17,2025-02-18
2024,이번 생은 우주대스타 X 애니플러스 콜라보 카페 팝업 - 부산,부산 부산진구 중앙대로 672,부산 부산진구 부전동 227-2,35.152836,129.05959,2025-02-20,2025-03-23
2034,OY X EE PLACE 팝업,부산 부산진구 중앙대로 672,부산 부산진구 부전동 227-2,35.153126,129.05952,2025-02-27,2025-03-23
1997,흑집사 -기숙학교 편 X 애니메이트 콜라보 카페 팝업 - 부산,부산 부산진구 중앙대로 672,부산 부산진구 부전동 227-2,35.152916,129.0595,2025-02-21,2025-03-11
2294,약탈혼 X 투니크 콜라보 카페 팝업 - 부산,부산 부산진구 중앙대로 672,부산 부산진구 부전동 227-2,35.15289,129.05963,2025-03-27,2025-04-20
2598,문호 스트레이독스 X 애니메이트 콜라보 카페 - 부산,부산 부산진구 중앙대로 672,부산 부산진구 부전동 227-2,35.152874,129.05957,2025-04-18,2025-05-13
2834,문호 스트레이독스×애니메이트 콜라보 카페 - 부산_사본,부산 부산진구 중앙대로 672,부산 부산진구 부전동 227-2,35.152874,129.05957,2025-04-18,2025-05-13
1991,스킵과 로퍼 X 투니크 콜라보 카페 팝업 - 부산,부산 부산진구 중앙대로 672,부산 부산진구 부전동 227-2,35.15294,129.05962,2025-02-27,2025-03-23
596,실바니안 패밀리 크림이의 여행일기 팝업,부산 부산진구 중앙대로 672,부산 부산진구 부전동 227-2,35.153015,129.0596,2024-09-10,2024-10-13
332,투니크 부산점 X 개구리 중사 케로로 팝업,부산 부산진구 중앙대로 672,부산 부산진구 부전동 227-2,35.153015,129.0596,2024-08-08,2024-09-22
452,개구리 중사 케로로 팝업,부산 부산진구 중앙대로 672,부산 부산진구 부전동 227-2,35.153015,129.0596,2024-08-08,2024-09-22
5007,캐릭캐릭 체인지 X 애니메이트 콜라보 카페 - 부산,부산 부산진구 중앙대로 672,"부산 부산진구 중앙대로 672 (부전동, 삼정타워)",35.15291,129.0597,2025-12-19,2026-01-13
5655,광안제일분식 팝업 - 부산,부산 부산진구 중앙대로 672,"부산 부산진구 중앙대로 672 (부전동, 삼정타워)",35.15293,129.05963,2026-02-05,2026-02-24
4029,카와이토모 퍼글러 팝업 ,부산 부산진구 중앙대로 672,"부산 부산진구 중앙대로 672 (부전동, 삼정타워)",35.152733,129.05965,2025-09-12,2025-10-31
3742,패트와 매트 팝업 - 부산 ,부산 부산진구 중앙대로 672,"부산 부산진구 중앙대로 672 (부전동, 삼정타워)",35.152832,129.05962,2025-09-02,2025-10-19
5654,헌터X헌터 X 애니플러스 콜라보 카페 - 부산,부산 부산진구 중앙대로 672,"부산 부산진구 중앙대로 672 (부전동, 삼정타워)",35.153008,129.0596,2026-03-26,2026-05-10
5238,톰과 제리 팝업 - 부산,부산 부산진구 중앙대로 672,"부산 부산진구 중앙대로 672 (부전동, 삼정타워)",35.15292,129.05966,2026-01-05,2026-01-14
5680,애플우드 팝업 - 부산,부산 부산진구 중앙대로 672,"부산 부산진구 중앙대로 672 (부전동, 삼정타워)",35.153008,129.0596,2026-02-27,2026-03-31
4223,나가노 마켓 팝업 - 부산 ,부산 부산진구 중앙대로 672,"부산 부산진구 중앙대로 672 (부전동, 삼정타워)",35.152733,129.05965,2025-10-03,2025-10-19
5112,너를 찾는 파도 X 투니크 콜라보 카페 - 부산,부산 부산진구 중앙대로 672,"부산 부산진구 중앙대로 672 (부전동, 삼정타워)",35.15326,129.0597,2026-01-01,2026-01-18
3045,다마고치 X 투니크 콜라보 카페 - 부산,부산 부산진구 중앙대로 672,"부산 부산진구 중앙대로 672 (부전동, 삼정타워)",35.152905,129.05965,2025-06-19,2025-07-13
2835,NU: 카니발 X 애니메이트 콜라보 카페 - 부산,부산 부산진구 중앙대로 672,"부산 부산진구 중앙대로 672 (부전동, 삼정타워)",35.15319,129.05952,2025-05-16,2025-06-10
5723,승리의 여신: 니케 X 애니메이트 콜라보 카페 - 부산,부산 부산진구 중앙대로 672,"부산 부산진구 중앙대로 672 (부전동, 삼정타워)",35.153008,129.0596,2026-02-13,2026-03-17
5638,무용지용 팝업 - 부산,부산 부산진구 중앙대로 672,"부산 부산진구 중앙대로 672 (부전동, 삼정타워)",35.152992,129.05962,2026-02-23,2026-03-08
5404,모프샌드 팝업 - 부산,부산 부산진구 중앙대로 672,"부산 부산진구 중앙대로 672 (부전동, 삼정타워)",35.152927,129.05962,2026-01-17,2026-03-02
5870,로맨스 판타지 X 애니메이트 콜라보 카페 - 부산,부산 부산진구 중앙대로 672,"부산 부산진구 중앙대로 672 (부전동, 삼정타워)",35.153008,129.0596,2026-03-20,2026-04-17
5478,원베이크팩토리 팝업 - 부산,부산 부산진구 중앙대로 672,"부산 부산진구 중앙대로 672 (부전동, 삼정타워)",35.152927,129.05962,2026-01-31,2026-02-22
3508,귀멸의칼날 팝업 - 부산,부산 부산진구 중앙대로 672,"부산 부산진구 중앙대로 672 (부전동, 삼정타워)",35.153248,129.0597,2025-09-11,2025-09-24
5915,그 비스크 돌은 사랑을 한다 X 애니플러스 콜라보 카페 - 부산,부산 부산진구 중앙대로 672,"부산 부산진구 중앙대로 672 (부전동, 삼정타워)",35.153008,129.0596,2026-04-02,2026-05-17
3952,에일리언스테이지 X 애니플러스 콜라보 카페 - 부산 ,부산 부산진구 중앙대로 672,"부산 부산진구 중앙대로 672 (부전동, 삼정타워)",35.152843,129.05966,2025-09-25,2025-10-26
5715,빙의자들을 위한 특혜 X 투니크 콜라보 팝업 - 부산,부산 부산진구 중앙대로 672,"부산 부산진구 중앙대로 672 (부전동, 삼정타워)",35.153008,129.0596,2026-03-05,2026-03-29
4215,지박소년 하나코 군 2기 콜라보 카페 - 부산,부산 부산진구 중앙대로 672,"부산 부산진구 중앙대로 672 (부전동, 삼정타워)",35.1528,129.05972,2025-10-30,2025-12-14
5745,빤쮸토끼 팝업 - 부산,부산 부산진구 중앙대로 672,"부산 부산진구 중앙대로 672 (부전동, 삼정타워)",35.153008,129.0596,2026-02-07,2026-03-02
3096,"타시로, 너란 녀석은 X 애니메이트 콜라보 카페 - 부산",부산 부산진구 중앙대로 672,"부산 부산진구 중앙대로 672 (부전동, 삼정타워)",35.15287,129.05956,2025-06-13,2025-07-15
5228,크록스 케이스 팝업 - 부산,부산 부산진구 중앙대로 672,"부산 부산진구 중앙대로 672 (부전동, 삼정타워)",35.15291,129.05965,2026-01-03,2026-02-22
5399,이상한 나라의 밀가루공장 팝업 - 부산,부산 부산진구 중앙대로 672,"부산 부산진구 중앙대로 672 (부전동, 삼정타워)",35.15296,129.05963,2026-01-23,2026-01-30
1567,이토 준지 호러하우스 전시 - 부산,부산 부산진구 중앙대로666번길 50,부산 부산진구 부전동 537-9,35.151844,129.0603,2024-12-14,2025-06-08
5147,체인소 맨 전시 - 부산,부산 부산진구 중앙대로666번길 50,"부산 부산진구 중앙대로666번길 50 (부전동, 더샵 센트럴스타)",35.151764,129.06023,2026-01-21,2026-05-31
1369,상상의 티셔츠 놀이터 부산 팝업,부산 사하구 낙동남로 1413,부산 사하구 하단동 526-6,35.106766,128.96655,2024-12-14,2024-12-22
5535,미피와 마법 우체통 전시 _사본,부산 수영구 광남로 96,"부산 수영구 광남로 96 (광안동, 광안 포디움프레스티지 1)",35.15039,129.11516,2025-09-11,2026-01-11
3818,미피와 마법 우체통 전시 ,부산 수영구 광남로 96,"부산 수영구 광남로 96 (광안동, 광안 포디움프레스티지 1)",35.15039,129.11516,2025-09-11,2026-01-11
746,헤이딜러 내차조향소 부산 밀락더마켓 팝업,부산 수영구 민락수변로17번길 56,부산 수영구 민락동 113-31,35.154274,129.127,2024-10-11,2024-10-13
2479,윈브레 X 팝퍼블 콜라보 카페 - 부산,부산 수영구 민락수변로17번길 56,부산 수영구 민락동 113-31,35.154034,129.12697,2025-04-18,2025-06-29
1743,리락쿠마 X 팝퍼블 콜라보 팝업 - 부산,부산 수영구 민락수변로17번길 56,부산 수영구 민락동 113-31,35.154137,129.127,2025-02-14,2025-04-13
3184,스펀지밥 X 팝퍼블 콜라보 카페 - 부산,부산 수영구 민락수변로17번길 56,부산 수영구 민락수변로17번길 56 (민락동),35.1541,129.12704,2025-07-04,2025-10-12
3331,진로 두껍더마켓 팝업 - 부산,부산 수영구 민락수변로17번길 56,부산 수영구 민락수변로17번길 56 (민락동),35.15422,129.12704,2025-07-04,2025-09-30
1330,크리스마스 빌리지 부산 마켓,부산 영도구 봉래나루로 214,부산 영도구 봉래동2가 149,35.09648,129.04453,2024-12-13,2024-12-29
1186,스폰지밥의 우당탕탕 시간여행 전시,부산 영도구 해양로195번길 180,부산 영도구 동삼동 201-6,35.08644,129.0768,2024-11-30,2025-05-25
3143,알라딘 팝업 - 부산,부산 영도구 해양로195번길 180,부산 영도구 해양로195번길 180 (동삼동),35.086597,129.07697,2025-06-25,2025-08-31
2908,짱구와 함께 떠나는 캠핑 어드벤처 전시,부산 영도구 해양로195번길 180,부산 영도구 해양로195번길 180 (동삼동),35.08639,129.07672,2025-06-28,2025-11-02
1773,플레이브 X 일상의틈 팝업 - 부산,부산 중구 광복로 69,부산 중구 광복동2가 18-3,35.098946,129.03264,2025-02-04,2025-02-10
5827,소니엔젤 팝업 - 부산,부산 중구 비프광장로 28,부산 중구 비프광장로 28 (남포동5가),35.098473,129.02812,2026-03-12,2026-03-25
1319,쿠키런 은하수 정거장 부산 팝업,부산 중구 용두산길 37-27,부산 중구 광복동2가 1-2,35.10018,129.0332,2024-12-13,2024-12-25
350,부기 썸머 나이트 팝업,부산 중구 용두산길 37-28,부산 중구 광복동2가 1-2,35.101242,129.03262,2024-08-15,2024-08-25
5905,미미달 팝업 - 부산,부산 중구 중앙대로 2,"부산 중구 중앙대로 2 (중앙동7가, 롯데백화점광복점)",35.097984,129.03664,2026-03-13,2026-03-26
5316,정남미명과 팝업 - 부산,부산 중구 중앙대로 2,"부산 중구 중앙대로 2 (중앙동7가, 롯데백화점광복점)",35.098007,129.03653,2026-01-09,2026-01-22
4631,G-STAR 2025 Playshop,부산 해운대구 APEC로 55,"부산 해운대구 APEC로 55 (우동, 벡스코)",35.169064,129.13602,2025-11-13,2025-11-16
5538,미피와 친구들 팝업 - 부산,부산 해운대구 구남로 17,부산 해운대구 구남로 17 (우동),35.162533,129.1601,2026-02-05,2026-03-02
5856,한교동 팝업 - 부산,부산 해운대구 구남로 17,부산 해운대구 구남로 17 (우동),35.162533,129.1601,2026-03-14,2026-04-12
194,커티삭 위스키 부산 팝업,부산 해운대구 동백로 52,부산 해운대구 우동 747-7,35.156567,129.15202,2024-07-26,2024-08-25
5344,나메코 팝업 - 부산,부산 해운대구 센텀4로 15,"부산 해운대구 센텀4로 15 (우동, 센텀시티 몰)",35.169857,129.12817,2026-02-13,2026-03-05
5906,마르디 메크르디 레쁘띠 팝업 - 부산,부산 해운대구 센텀남대로 35,"부산 해운대구 센텀남대로 35 (우동, 신세계백화점센텀시티점)",35.168667,129.1291,2026-03-13,2026-04-09
5512,힘펠 팝업 - 부산,부산 해운대구 센텀남대로 35,"부산 해운대구 센텀남대로 35 (우동, 신세계백화점센텀시티점)",35.16858,129.1295,2026-02-01,2026-02-28
5206,로엠 X 츄 팝업 - 부산,부산 해운대구 센텀남대로 35,"부산 해운대구 센텀남대로 35 (우동, 신세계백화점센텀시티점)",35.168774,129.12935,2026-01-02,2026-01-22
5019,소니엔젤 팝업 - 부산,부산 해운대구 센텀남대로 35,"부산 해운대구 센텀남대로 35 (우동, 신세계백화점센텀시티점)",35.16878,129.13022,2025-12-12,2026-01-31
5798,조앤프렌즈 팝업 - 부산,부산 해운대구 센텀남대로 35,"부산 해운대구 센텀남대로 35 (우동, 신세계백화점센텀시티점)",35.16882,129.12952,2026-03-12,2026-03-22
3318,외모지상주의 팝업 - 부산,부산 해운대구 센텀남대로 35,"부산 해운대구 센텀남대로 35 (우동, 신세계백화점센텀시티점)",35.168747,129.1298,2025-07-18,2025-07-31
4947,조구만 브라키오 X 우디 히어로 팝업 - YOUR STUBBY NEIGHBORHOOD,부산 해운대구 센텀남대로 35,"부산 해운대구 센텀남대로 35 (우동, 신세계백화점센텀시티점)",35.168564,129.12976,2025-12-05,2025-12-18
5207,포레포레 팝업 - 부산,부산 해운대구 센텀남대로 35,"부산 해운대구 센텀남대로 35 (우동, 신세계백화점센텀시티점)",35.16887,129.12932,2025-12-12,2026-01-14
4982,조앤프렌즈 팝업 - 부산,부산 해운대구 센텀남대로 35,"부산 해운대구 센텀남대로 35 (우동, 신세계백화점센텀시티점)",35.168915,129.13008,2025-12-19,2025-12-28
5696,낫포너드 팝업 - 부산,부산 해운대구 센텀남대로 35,"부산 해운대구 센텀남대로 35 (우동, 신세계백화점센텀시티점)",35.16882,129.12952,2026-02-27,2026-03-12
3268,점프샵 팝업 - 부산,부산 해운대구 센텀남대로 35,"부산 해운대구 센텀남대로 35 (우동, 신세계백화점센텀시티점)",35.168873,129.12993,2025-08-01,2025-08-10
5532,므메미무 팝업 - 부산,부산 해운대구 센텀남대로 35,"부산 해운대구 센텀남대로 35 (우동, 신세계백화점센텀시티점)",35.16868,129.12909,2026-02-11,2026-02-22
4390,미닉스 X 부산 신세계 센텀시티점 팝업,부산 해운대구 센텀남대로 35,"부산 해운대구 센텀남대로 35 (우동, 신세계백화점센텀시티점)",35.168804,129.12979,2025-10-16,2025-10-29
5485,리드볼트 팝업 - 부산,부산 해운대구 센텀남대로 35,"부산 해운대구 센텀남대로 35 (우동, 신세계백화점센텀시티점)",35.168617,129.12904,2026-01-30,2026-02-12
5859,마이티즈 팝업 - Wonder Room - 부산,부산 해운대구 센텀남대로 35,"부산 해운대구 센텀남대로 35 (우동, 신세계백화점센텀시티점)",35.16867,129.12909,2026-03-23,2026-04-05
3141,<오징어 게임> 시즌 3 팝업 - 부산,부산 해운대구 센텀남대로 35,"부산 해운대구 센텀남대로 35 (우동, 신세계백화점센텀시티점)",35.16875,129.12921,2025-06-27,2025-07-10
5702,[부산] NCT DREAM 팝업 - SWEET Dreamiez,부산 해운대구 센텀남대로 35,"부산 해운대구 센텀남대로 35 (우동, 신세계백화점센텀시티점)",35.16866,129.12907,2026-03-05,2026-03-11
1080,탄광마을의 흰둥이 부산 팝업,부산 해운대구 센텀남대로 35,부산 해운대구 우동 1495,35.16865,129.12909,2024-11-15,2024-11-24
1321,잔망루피 홀리 익스프레스 부산 팝업,부산 해운대구 센텀남대로 35,부산 해운대구 우동 1495,35.1688,129.12946,2024-12-13,2024-12-26
2714,피너츠 75주년 기념 팝업 - 부산,부산 해운대구 센텀남대로 35,부산 해운대구 우동 1495,35.168636,129.12909,2025-05-09,2025-05-18
416,본투윈 팝업,부산 해운대구 센텀남대로 35,부산 해운대구 우동 1495,35.1691,129.12993,2024-08-26,2024-09-12
382,쿵야레스토랑즈 용기상점 팝업,부산 해운대구 센텀남대로 35,부산 해운대구 우동 1495,35.168644,129.12907,2024-08-16,2024-08-25
606,퓌 젤리 푸딩 바 부산 팝업,부산 해운대구 센텀남대로 35,부산 해운대구 우동 1495,35.168694,129.1288,2024-09-13,2024-09-26
2001,예일 팝업 - 부산,부산 해운대구 센텀남대로 35,부산 해운대구 우동 1495,35.16877,129.12926,2025-02-21,2025-03-06
247,KEYTH X 신세계 팝업,부산 해운대구 센텀남대로 35,부산 해운대구 우동 1495,35.168644,129.12907,2024-07-30,2024-08-08
1026,짱구는 여행중 부산 팝업,부산 해운대구 센텀남대로 35,부산 해운대구 우동 1495,35.168785,129.12903,2024-11-15,2024-11-24
5759,무센트 팝업 - 부산,부산 해운대구 센텀남대로 35,부산 해운대구 우동 1495,35.168667,129.12906,2026-03-13,2026-03-26
107,스폰지밥 25주년 부산 팝업,부산 해운대구 센텀남대로 35,부산 해운대구 우동 1495,35.168644,129.12907,2024-08-02,2024-08-15
1728,레더리 팝업 - 부산,부산 해운대구 센텀남대로 35,부산 해운대구 우동 1495,35.168655,129.12909,2025-01-20,2025-02-06
102,오둥이의 아르바이트 부산 팝업,부산 해운대구 센텀남대로 35,부산 해운대구 우동 1495,35.168644,129.12907,2024-07-19,2024-08-01
1447,오징어 게임 시즌2 X 신세계 백화점 부산 팝업,부산 해운대구 센텀남대로 35,부산 해운대구 우동 1495,35.168793,129.12991,2024-12-20,2025-01-05
1498,스파오키즈 부산 팝업,부산 해운대구 센텀남대로 35,부산 해운대구 우동 1495,35.16868,129.12962,2024-12-20,2025-01-16
5772,봄날엔 팝업 - 부산,부산 해운대구 센텀남대로 59,"부산 해운대구 센텀남대로 59 (우동, 롯데백화점센텀시티점)",35.169804,129.1311,2026-03-06,2026-03-19
1861,유어굿즈 다꾸프렌즈 페스티벌 팝업 - 부산,부산 해운대구 센텀남대로 59,부산 해운대구 우동 1496,35.169815,129.13123,2025-02-12,2025-03-03
4750,2025 크리스마스 빌리지 - 부산,부산 해운대구 수영강변대로 120,"부산 해운대구 수영강변대로 120 (우동, 영화의전당)",35.170803,129.1272,2025-11-27,2025-12-25
4424,스미스앤레더 팝업 - 부산,부산 해운대구 좌동로 19,부산 해운대구 좌동로 19 (중동),35.16804,129.16919,2025-10-24,2025-10-30
1995,부산아쿠아리움 X 동물의 숲 팝업,부산 해운대구 해운대해변로 266,부산 해운대구 중동 1411-4,35.159245,129.16092,2025-02-25,2025-05-30
501,맘스터치 X 블루아카이브 부산 해운대 팝업,부산 해운대구 해운대해변로 277,부산 해운대구 중동 1412-7,35.15987,129.16148,2024-09-03,2024-10-10
504,맘스터치 X 블루아카이브 부산 해운대 팝업,부산 해운대구 해운대해변로 277,부산 해운대구 중동 1412-7,35.15987,129.16148,2024-09-03,2024-10-10
4501,퀘이사존 데이 팝업 - 부산,부산 해운대구 해운대해변로 292,"부산 해운대구 해운대해변로 292 (중동, 그랜드 조선 부산)",35.16003,129.16298,2025-11-14,2025-11-14
3413,ㅇㅇ,서울 강남구 가로수길 5,서울 강남구 가로수길 5 (신사동),37.51821,127.02315,2025-07-29,2025-08-21
3415,냉기주의보 팝업 - 서늘한 서점,서울 강남구 가로수길 5,서울 강남구 가로수길 5 (신사동),37.51821,127.02315,2025-07-22,2025-09-21
3515,d,서울 강남구 가로수길 5,서울 강남구 가로수길 5 (신사동),37.518394,127.0229,2025-07-29,2025-09-20
3414,ㄴㅇㄹ,서울 강남구 가로수길 5,서울 강남구 가로수길 5 (신사동),37.51821,127.02315,2025-07-29,2025-09-21
700,조커 팝업,서울 강남구 가로수길 55-5,서울 강남구 신사동 534-2,37.52147,127.02232,2024-09-21,2024-10-04
4126,하운드팟X벤 작가 라이브 드로잉 팝업,서울 강남구 가로수길 82,서울 강남구 가로수길 82 (신사동),37.523464,127.0227,2025-09-25,2025-10-12
2873,비긴스 바이 정샘물 X 정샘물 키즈 팝업,서울 강남구 가로수길 82,서울 강남구 가로수길 82 (신사동),37.52347,127.022736,2025-05-27,2025-06-30
3202,캐리랜드 팝업,서울 강남구 가로수길 82,서울 강남구 가로수길 82 (신사동),37.523426,127.02266,2025-07-01,2025-08-04
4363,캐리랜드 팝업,서울 강남구 가로수길 82,서울 강남구 가로수길 82 (신사동),37.523457,127.02268,2025-10-17,2025-11-13
4827,이야이야앤프렌즈 팝업,서울 강남구 가로수길 82,서울 강남구 가로수길 82 (신사동),37.523483,127.0227,2025-11-27,2026-01-06
5382,디즈니 X 아이스비스킷 팝업,서울 강남구 가로수길 82,서울 강남구 가로수길 82 (신사동),37.523434,127.02271,2026-01-22,2026-02-28
4283,포인티티 팝업,서울 강남구 가로수길 82,서울 강남구 가로수길 82 (신사동),37.523457,127.02269,2025-10-15,2025-11-11
3641,티켓투더문 팝업 ,서울 강남구 가로수길 82,서울 강남구 가로수길 82 (신사동),37.523502,127.02277,2025-08-13,2025-09-03
4608,세컨드모닝 팝업,서울 강남구 가로수길 82,서울 강남구 가로수길 82 (신사동),37.523376,127.022736,2025-11-07,2025-11-26
5941,캐리랜드 쁘띠팩토리 팝업,서울 강남구 가로수길 82,서울 강남구 가로수길 82 (신사동),37.52343,127.02274,2026-03-17,2026-04-30
4826,삭스어필 팝업,서울 강남구 가로수길 82,서울 강남구 가로수길 82 (신사동),37.523476,127.02268,2025-11-27,2026-01-07
2874,헉슬리 X 헬로 선라이즈 팝업,서울 강남구 가로수길 82,서울 강남구 가로수길 82 (신사동),37.523376,127.02276,2025-05-27,2025-06-30
3733,하운드팟 팝업 ,서울 강남구 가로수길 82,서울 강남구 가로수길 82 (신사동),37.52346,127.02269,2025-09-03,2025-09-14
4325,몽레브 팝업,서울 강남구 가로수길 82,서울 강남구 가로수길 82 (신사동),37.523376,127.02273,2025-10-15,2025-11-04
5907,푸마키즈 팝업,서울 강남구 가로수길 82,서울 강남구 가로수길 82 (신사동),37.52343,127.02274,2026-03-20,2026-04-07
3541,하운드팟 팝업 ,서울 강남구 가로수길 82,서울 강남구 가로수길 82 (신사동),37.523487,127.0227,2025-08-05,2025-09-02
3269,비욘 팝업,서울 강남구 가로수길 82,서울 강남구 가로수길 82 (신사동),37.52351,127.02269,2025-07-08,2025-08-04
2836,콰니 X 헤븐리젤리 팝업,서울 강남구 가로수길 82,서울 강남구 가로수길 82 (신사동),37.52336,127.022705,2025-05-23,2025-06-23
3204,스크럽 대디 팝업,서울 강남구 가로수길 82,서울 강남구 가로수길 82 (신사동),37.52336,127.02278,2025-07-01,2025-08-04
3540,배쓰프로젝트 팝업 ,서울 강남구 가로수길 82,서울 강남구 가로수길 82 (신사동),37.52337,127.02274,2025-08-05,2025-09-01
3938,베베드피노 X 피너츠 팝업 ,서울 강남구 가로수길 82,서울 강남구 가로수길 82 (신사동),37.5235,127.022766,2025-09-04,2025-10-16
5029,몬치치 팝업,서울 강남구 가로수길 82,서울 강남구 가로수길 82 (신사동),37.523365,127.02276,2025-12-18,
4687,캐리랜드 크리스마스 팝업,서울 강남구 가로수길 82,서울 강남구 가로수길 82 (신사동),37.523376,127.02274,2025-11-14,2026-01-07
3639,선데이후르츠마켓 팝업 ,서울 강남구 가로수길 82,서울 강남구 가로수길 82 (신사동),37.523365,127.02276,2025-08-13,2025-09-03
1682,오스트리야 팝업,서울 강남구 가로수길 82,서울 강남구 신사동 547,37.52338,127.022705,2025-01-18,2025-02-11
2045,탈리다쿰 X 라인프렌즈 팝업,서울 강남구 가로수길 82,서울 강남구 신사동 547,37.523376,127.02274,2025-02-27,2025-03-13
2297,우브에 팝업,서울 강남구 가로수길 82,서울 강남구 신사동 547,37.523415,127.022766,2025-03-23,2025-04-02
1592,캐리마켓 동물원 팝업,서울 강남구 가로수길 82,서울 강남구 신사동 547,37.52343,127.02274,2025-01-10,2025-02-11
2038,메팔 팝업,서울 강남구 가로수길 82,서울 강남구 신사동 547,37.52343,127.02274,2025-02-27,2025-03-20
2544,캐리마켓 캐리블러썸 팝업,서울 강남구 가로수길 82,서울 강남구 신사동 547,37.523384,127.02278,2025-04-17,2025-05-08
2725,몬치치 팝업,서울 강남구 가로수길 82,서울 강남구 신사동 547,37.523357,127.022736,2025-05-09,2025-05-22
1277,리민 팝업,서울 강남구 가로수길 82,서울 강남구 신사동 547,37.52343,127.02274,2024-11-15,2024-12-16
1681,쿼시 팝업,서울 강남구 가로수길 82,서울 강남구 신사동 547,37.523388,127.022766,2025-01-10,2025-02-14
1577,아이홉 팝업,서울 강남구 가로수길 82,서울 강남구 신사동 547,37.52343,127.02274,2025-01-07,2025-01-31
2407,캐리마켓 홈 팝업,서울 강남구 가로수길 82,서울 강남구 신사동 547,37.523396,127.02274,2025-04-01,2025-04-16
1863,캐리마켓 스쿨 팝업,서울 강남구 가로수길 82,서울 강남구 신사동 547,37.5234,127.02271,2025-02-12,2025-03-06
5503,탈리다쿰 X 라인프렌즈 팝업_사본,서울 강남구 가로수길 82,서울 강남구 신사동 547,37.523376,127.02274,2025-02-27,2025-03-13
2487,아이스비스킷 X 스마일리 팝업,서울 강남구 가로수길 82,서울 강남구 신사동 547,37.523373,127.0227,2025-04-10,2025-04-23
2726,프라포투투 팝업 - 신사,서울 강남구 가로수길 82,서울 강남구 신사동 547,37.523354,127.022705,2025-05-09,2025-05-21
2076,푸마키즈 스피드캣 팝업,서울 강남구 가로수길 82,서울 강남구 신사동 547,37.523415,127.02275,2025-03-13,2025-03-31
2347,서커스 보이 밴드 팝업,서울 강남구 가로수길 82,서울 강남구 신사동 547,37.52343,127.02274,2025-03-26,2025-04-03
2953,츠바키 팝업,서울 강남구 강남대로 406,"서울 강남구 강남대로 406 (역삼동, GLASS TOWER)",37.49892,127.027664,2025-05-31,2025-06-30
5176,스픽 팝업,서울 강남구 강남대로 420,"서울 강남구 강남대로 420 (역삼동, 역삼빌딩)",37.500107,127.02707,2025-12-31,2026-01-02
3041,순환의 재발견 전시,서울 강남구 강남대로 426,"서울 강남구 강남대로 426 (역삼동, 진우빌딩)",37.500626,127.026665,2025-06-11,2025-06-22
4681,"창조의 경계 전시 - AI, 인간, 그리고 예술",서울 강남구 강남대로 426,"서울 강남구 강남대로 426 (역삼동, 진우빌딩)",37.500534,127.026764,2025-11-14,2025-12-31
3102,올데이 프로젝트 팝업 ,서울 강남구 강남대로 426,"서울 강남구 강남대로 426 (역삼동, 진우빌딩)",37.50059,127.02669,2025-06-23,2025-07-06
3288,갤럭시 Z Flip7ㅣZ Fold7 팝업,서울 강남구 강남대로 426,"서울 강남구 강남대로 426 (역삼동, 진우빌딩)",37.500603,127.02668,2025-07-10,2025-08-10
2824,앰플엔 블레미샷 팝업,서울 강남구 강남대로 426,"서울 강남구 강남대로 426 (역삼동, 진우빌딩)",37.500572,127.02677,2025-05-22,2025-05-25
4429,메일지워터 팝업,서울 강남구 강남대로 426,"서울 강남구 강남대로 426 (역삼동, 진우빌딩)",37.50055,127.02679,2025-10-24,2025-10-26
4088,아이폰17 팝업,서울 강남구 강남대로 426,"서울 강남구 강남대로 426 (역삼동, 진우빌딩)",37.50052,127.026764,2025-09-19,2025-10-19
1,갤럭시 Z폴드6 Z플립6 팝업,서울 강남구 강남대로 426,서울 강남구 역삼동 815-5,37.50058,127.02676,2024-07-11,2024-07-24
1744,갤럭시 S25 팝업,서울 강남구 강남대로 426,서울 강남구 역삼동 815-5,37.50061,127.026726,2025-01-24,2025-02-16
2198,지수 팝업,서울 강남구 강남대로 426,서울 강남구 역삼동 815-5,37.500572,127.02677,2025-03-14,2025-03-23
2472,바바토토 식물 팝업_사본,서울 강남구 강남대로 426,서울 강남구 역삼동 815-5,37.50057,127.026726,2025-03-28,2025-04-06
226,아카페라 X 포스터샵 팝업,서울 강남구 강남대로 426,서울 강남구 역삼동 815-5,37.50058,127.02676,2024-08-02,2024-08-11
1518,오징어 게임 시즌2 X LG유플러스 강남 팝업,서울 강남구 강남대로 426,서울 강남구 역삼동 815-5,37.500576,127.02674,2024-12-20,2025-01-12
938,정년이 X 잔망 루피 팝업,서울 강남구 강남대로 426,서울 강남구 역삼동 815-5,37.50058,127.02676,2024-10-30,2024-11-10
2676,유플러스가 안심을 선물합니다 팝업,서울 강남구 강남대로 426,서울 강남구 역삼동 815-5,37.500614,127.02673,2025-05-02,2025-05-18
169,포레스트 팝업,서울 강남구 강남대로 426,서울 강남구 역삼동 815-5,37.500664,127.02682,2024-07-26,2024-07-28
2359,바바토토 식물 팝업,서울 강남구 강남대로 426,서울 강남구 역삼동 815-5,37.50057,127.026726,2025-03-28,2025-04-13
1205,조명가게 팝업,서울 강남구 강남대로 426,서울 강남구 역삼동 815-5,37.500576,127.026794,2024-11-29,2024-12-15
1966,유어굿즈 팝업,서울 강남구 강남대로 426,서울 강남구 역삼동 815-5,37.50057,127.0268,2025-02-19,2025-02-27
227,FC BAYERN 팝업,서울 강남구 강남대로 470,서울 강남구 역삼동 808,37.504368,127.02496,2024-07-26,2024-08-09
3579,케미스트릿 팝업 ,서울 강남구 강남대로 지하 396,"서울 강남구 강남대로 지하 396 (역삼동, 강남역)",37.498234,127.027145,2025-08-08,2025-08-30
1525,삼미제빵소 팝업,서울 강남구 강남대로 지하 396,서울 강남구 역삼동 858,37.497738,127.02772,2025-01-01,2025-03-31
1493,전지적 독자 시점 팝업,서울 강남구 강남대로102길 34,서울 강남구 역삼동 618-11,37.503056,127.02811,2024-12-20,2025-01-05
3025,에이티즈 팝업,서울 강남구 강남대로160길 42,서울 강남구 강남대로160길 42 (신사동),37.52035,127.02209,2025-06-13,2025-06-19
2807,아이들 We are 팝업,서울 강남구 강남대로160길 42,서울 강남구 강남대로160길 42 (신사동),37.52035,127.02209,2025-05-23,2025-06-01
1058,NCT DREAM 신사동 팝업,서울 강남구 강남대로160길 42,서울 강남구 신사동 519-13,37.52035,127.02209,2024-11-15,2024-11-29
1199,제로니 팝업,서울 강남구 강남대로160길 42,서울 강남구 신사동 519-13,37.52035,127.02209,2024-12-06,2024-12-26
523,오션 보틀 X 에디 강 팝업,서울 강남구 강남대로160길 45,서울 강남구 신사동 534-24,37.52068,127.02233,2024-09-06,2024-10-06
2011,GGLS X 마미손 팝업,서울 강남구 강남대로160길 47,서울 강남구 신사동 534-23,37.52066,127.02247,2025-02-28,2025-03-03
2327,세븐에잇언더 팝업,서울 강남구 강남대로160길 47,서울 강남구 신사동 534-23,37.52066,127.02247,2025-03-21,2025-04-20
718,정년이 X 평화다방 팝업,서울 강남구 강남대로94길 10,서울 강남구 역삼동 819,37.49921,127.028175,2024-10-03,2024-11-02
860,정년이x평화다방 팝업스토어,서울 강남구 강남대로94길 10,서울 강남구 역삼동 819,37.499195,127.02823,2024-10-03,2024-11-02
4,BTS 지민 팝업,서울 강남구 광평로34길 24,서울 강남구 수서동 789,37.482635,127.09433,2024-07-22,2024-07-28
4186,2025 보드게임 페스타,서울 강남구 남부순환로 3104,"서울 강남구 남부순환로 3104 (대치동, SETEC)",37.495537,127.07171,2025-10-25,2025-10-26
4069,처음처럼 영동시장 스테이션 팝업,서울 강남구 논현동 163-11,서울 강남구 논현동 163-11,37.50824,127.023766,2025-09-18,2025-10-02
5277,로얄앤코하우스 X 농부시장 마르쉐 팝업,서울 강남구 논현로 709,"서울 강남구 논현로 709 (논현동, 로얄토토 논현동사옥)",37.515373,127.02982,2026-01-17,2026-01-17
1762,언차티드에스테틱퀘스트 <일상미학 - 미지의 미적탐험> 팝업,서울 강남구 논현로132길 5,서울 강남구 논현동 86-7,37.51497,127.03095,2025-01-27,2025-02-09
714,RAMAHOME X STUDIO WOM 팝업,서울 강남구 논현로132길 5,서울 강남구 논현동 86-7,37.514996,127.030914,2024-09-26,2024-10-12
1824,라로제 팝업,서울 강남구 도곡로 401,서울 강남구 대치동 937,37.497017,127.05333,2025-02-07,2025-02-13
1533,오드비 강남 팝업,서울 강남구 도곡로 401,서울 강남구 대치동 937,37.49697,127.053345,2024-12-30,2025-01-13
1615,쿠오카 팝업 - 강남,서울 강남구 도곡로 401,서울 강남구 대치동 937,37.49691,127.053375,2025-01-17,2025-01-23
1823,포렌 팝업,서울 강남구 도곡로 401,서울 강남구 대치동 937,37.496918,127.05325,2025-02-07,2025-02-20
4062,껠끄쇼즈 팝업,서울 강남구 도곡로70길 5,서울 강남구 도곡로70길 5 (대치동),37.496964,127.05665,2025-09-24,2025-09-24
286,빵빵이와 옥지의 만물상 팝업,서울 강남구 도산대로 220,서울 강남구 논현동 61-3,37.520275,127.03112,2024-08-19,2024-09-01
271,빵빵이와 옥지의 만물상 팝업,서울 강남구 도산대로 220,서울 강남구 논현동 61-3,37.520275,127.03112,2024-08-19,2024-09-01
276,빵빵이와 옥지의 만물상 팝업,서울 강남구 도산대로 220,서울 강남구 논현동 61-3,37.520275,127.03112,2024-08-19,2024-09-01
376,빵빵이와 옥지의 만물상,서울 강남구 도산대로 220,서울 강남구 논현동 61-3,37.520275,127.03112,2024-08-19,2024-09-01
5422,LG전자 브랜드 전시 - THE FIRST : Origins,서울 강남구 도산대로 403,"서울 강남구 도산대로 403 (청담동, LG 청담빌딩)",37.523674,127.03964,2026-01-28,2026-12-31
5383,LG전자 ART NIGHT with 이연 작가,서울 강남구 도산대로 403,"서울 강남구 도산대로 403 (청담동, LG 청담빌딩)",37.52366,127.03965,2026-02-10,2026-02-12
5931,메트로시티 팝업,서울 강남구 도산대로 417,"서울 강남구 도산대로 417 (청담동, FIRST LIGHT 타워)",37.52381,127.041115,2026-03-25,2026-03-29
5501,스노우 팝업,서울 강남구 도산대로 442,"서울 강남구 도산대로 442 (청담동, 피엔폴루스)",37.52323,127.04408,2026-02-06,2026-02-20
5633,원파디 팝업,서울 강남구 도산대로 442,"서울 강남구 도산대로 442 (청담동, 피엔폴루스)",37.52331,127.04412,2026-02-27,2026-03-05
1635,외모지상주의 종건잡기 팝업,서울 강남구 도산대로11길 29,서울 강남구 신사동 517-27,37.519325,127.022224,2025-01-30,2025-02-16
3741,데이식스 팝업 - Day6.zip : The Home of Our Decade,서울 강남구 도산대로15길 35,서울 강남구 도산대로15길 35 (신사동),37.520546,127.023155,2025-09-01,2025-09-07
434,농심 짜파게티 X 춘식당 콜라보 팝업,서울 강남구 도산대로23길 17,서울 강남구 신사동 559-10,37.520126,127.02596,2024-08-23,2024-09-30
4587,리튼 X 트키 팝업,서울 강남구 도산대로45길 10-2,서울 강남구 도산대로45길 10-2 (신사동),37.523083,127.0359,2025-11-07,2025-11-20
2035,KIMYO 팝업,서울 강남구 도산대로45길 10-2,서울 강남구 신사동 651-2,37.523087,127.035934,2025-02-28,2025-03-02
3965,설화수 팝업 - SECRET HOUSE ,서울 강남구 도산대로45길 18,서울 강남구 도산대로45길 18 (신사동),37.523502,127.03554,2025-09-12,2025-09-28
4442,압구정 로데오 페스타 - 紙上 : On Paper,서울 강남구 도산대로45길 20,"서울 강남구 도산대로45길 20 (신사동, 도산전시관)",37.52391,127.03558,2025-10-29,2025-10-29
1570,라춘복배달 이벤트,서울 강남구 도산대로45길 20,서울 강남구 신사동 649-9,37.523907,127.0356,2024-12-24,2025-02-02
5065,화요 X B.O.P. 팝업,서울 강남구 도산대로49길 32-1,서울 강남구 도산대로49길 32-1 (신사동),37.525135,127.037285,2025-12-23,2025-12-23
1694,레스포색 x 마이멜로디 쿠로미 콜라보레이션 팝업,서울 강남구 도산대로49길 8,서울 강남구 신사동 652-3,37.52335,127.03742,2025-01-17,2025-02-06
2080,새로도원 팝업,서울 강남구 도산대로51길 44,서울 강남구 신사동 657-28,37.52599,127.03839,2025-03-29,2025-08-31
4542,오브제바이쿤달 팝업,서울 강남구 도산대로53길 39,"서울 강남구 도산대로53길 39 (신사동, 신사동 C/K빌딩)",37.525826,127.03889,2025-10-27,2025-11-30
1263,오브제바이쿤달 팝업,서울 강남구 도산대로53길 39,서울 강남구 신사동 657-37,37.52583,127.038925,2024-10-16,2025-02-28
2532,쿤달 X 시스플래닛 팝업,서울 강남구 도산대로53길 39,서울 강남구 신사동 657-37,37.52583,127.038925,2025-04-17,2025-05-16
5826,소니엔젤 팝업 - 강남,서울 강남구 봉은사로 524,"서울 강남구 봉은사로 524 (삼성동, 웨스틴 서울 파르나스)",37.51266,127.05885,2026-03-12,2026-03-25
4720,저속노화 대잔치 팝업,서울 강남구 봉은사로 524,"서울 강남구 봉은사로 524 (삼성동, 웨스틴 서울 파르나스)",37.51292,127.05711,2025-11-21,2025-11-30
4902,티니핑 X 아트박스 팝업 - 강남,서울 강남구 봉은사로 524,"서울 강남구 봉은사로 524 (삼성동, 웨스틴 서울 파르나스)",37.512943,127.05706,2025-11-27,2025-12-14
1476,서울일러스트레이션페어V.18,서울 강남구 봉은사로 524,서울 강남구 삼성동 159,37.51277,127.058754,2024-12-26,2024-12-29
1514,모든 조건이 조화로울 때 전시,서울 강남구 봉은사로104길 7,서울 강남구 삼성동 161-13,37.513966,127.06231,2024-11-12,2025-02-08
3532,샤이니 키 X 무비무드 팝업 ,서울 강남구 봉은사로4길 32,서울 강남구 봉은사로4길 32 (역삼동),37.50277,127.02659,2025-08-05,2025-08-10
5325,글루글루 X BYTP 팝업,서울 강남구 봉은사로4길 37,서울 강남구 봉은사로4길 37 (역삼동),37.50244,127.02711,2026-01-16,2026-04-17
1347,오뚜기 X 귤메달 크리스마스 팝업,서울 강남구 봉은사로51길 19,서울 강남구 논현동 269-10,37.511288,127.04232,2024-12-03,2025-01-06
1942,오뚜기 X 코코하 팝업,서울 강남구 봉은사로51길 19,서울 강남구 논현동 269-10,37.511288,127.04232,2025-02-06,2025-03-17
2377,씨스터앤 자선 프리마켓 팝업,서울 강남구 선릉로 338,서울 강남구 대치동 921,37.49991,127.05159,2025-03-28,2025-03-29
5580,에이티즈 X 이마트24 팝업 - 강남,서울 강남구 선릉로 524,"서울 강남구 선릉로 524 (삼성동, 선릉대림아크로텔)",37.506657,127.048386,2026-02-10,2026-02-15
946,디즈니 100주년 기념 전시,서울 강남구 선릉로 807,서울 강남구 신사동 666-7,37.52435,127.03913,2024-10-18,2024-12-31
2061,우주먼지 팝업,서울 강남구 선릉로 807,서울 강남구 신사동 666-7,37.52438,127.03917,2025-02-28,2025-03-30
393,디즈니 100주년 기념 전시,서울 강남구 선릉로 807,서울 강남구 신사동 666-7,37.52435,127.03913,2024-10-18,2025-06-01
498,탐앤탐스 X 도란도란 군위 자두빵 팝업,서울 강남구 선릉로 823,서울 강남구 신사동 665-1,37.52573,127.039536,2024-09-02,2024-09-30
4310,벤슨 X 엔믹스 팝업,서울 강남구 선릉로 829,"서울 강남구 선릉로 829 (신사동, CANON)",37.526176,127.03978,2025-10-03,2025-10-31
4565,끌리메 뷰티 팝업,서울 강남구 선릉로115길 24,서울 강남구 선릉로115길 24 (논현동),37.511917,127.04102,2025-11-21,2025-11-30
4494,몽블랑 팝업,서울 강남구 선릉로132길 13,서울 강남구 선릉로132길 13 (청담동),37.518253,127.04217,2025-10-31,2025-11-02
4289,인앤아웃 버거 팝업,서울 강남구 선릉로152길 37,"서울 강남구 선릉로152길 37 (청담동, 청담동 올리브빌딩)",37.524612,127.042625,2025-10-15,2025-10-15
2280,쌤소나이트 115주년 팝업,서울 강남구 선릉로152길 37,서울 강남구 청담동 90-19,37.524647,127.04268,2025-03-10,2025-04-09
4959,발롱블랑 라이프 팝업,서울 강남구 선릉로153길 13,"서울 강남구 선릉로153길 13 (신사동, 한조빌딩)",37.524582,127.038284,2025-12-12,2025-12-13
4692,그레이스유 X 네이버 팝업,서울 강남구 선릉로153길 22,"서울 강남구 선릉로153길 22 (신사동, JLJ빌딩)",37.524986,127.037544,2025-11-17,2025-11-23
2353,루이비통 X 무라카미 다카시 팝업,서울 강남구 선릉로153길 38,서울 강남구 신사동 647-21,37.524815,127.036285,2025-03-21,2025-05-22
2837,루이비통 X 무라카미 다카시 팝업_사본,서울 강남구 선릉로153길 38,서울 강남구 신사동 647-21,37.524815,127.036285,2025-03-21,2025-05-22
2845,루이비통 X 무라카미 다카시 팝업_사본,서울 강남구 선릉로153길 38,서울 강남구 신사동 647-21,37.524815,127.036285,2025-03-21,2025-05-22
1554,루이비통 X 무라카미 다카시 팝업,서울 강남구 선릉로153길 38,서울 강남구 신사동 647-21,37.524815,127.036285,2025-01-06,2025-01-15
3029,르신드롬 플리마켓,서울 강남구 선릉로157길 20-8,서울 강남구 선릉로157길 20-8 (신사동),37.526623,127.038536,2025-06-14,2025-06-14
4398,비테도산 팝업,서울 강남구 선릉로161길 18,서울 강남구 선릉로161길 18 (신사동),37.52748,127.03901,2025-10-25,2025-10-30
1269,하우스 오브 미나리마 팝업,서울 강남구 선릉로62길 5,서울 강남구 대치동 936-29,37.497375,127.05306,2024-12-07,2025-12-31
2006,레어01 팝업,서울 강남구 압구정로 165,서울 강남구 압구정동 429,37.527412,127.02761,2025-02-21,2025-02-27
1350,인디고션 블루 팝업,서울 강남구 압구정로 165,서울 강남구 압구정동 429,37.527424,127.02732,2024-12-13,2024-12-19
1502,Haus of CHA 팝업,서울 강남구 압구정로 165,서울 강남구 압구정동 429,37.527367,127.027466,2024-12-27,2025-01-05
2005,이안 조 팝업,서울 강남구 압구정로 165,서울 강남구 압구정동 429,37.52742,127.02737,2025-02-21,2025-02-27
1399,샤크 뷰티 팝업,서울 강남구 압구정로 165,서울 강남구 압구정동 429,37.527317,127.02745,2024-12-16,2024-12-22
1865,마야니 팝업 - 압구정,서울 강남구 압구정로 165,서울 강남구 압구정동 429,37.527287,127.027664,2025-02-13,2025-02-14
2109,카일로 팝업,서울 강남구 압구정로 165,서울 강남구 압구정동 429,37.527306,127.027626,2025-03-07,2025-03-13
2446,토와브 팝업,서울 강남구 압구정로 165,서울 강남구 압구정동 429,37.527325,127.02757,2025-04-01,2025-04-30
1625,이울라이 팝업 ,서울 강남구 압구정로 165,서울 강남구 압구정동 429,37.52737,127.0274,2025-01-17,2025-01-23
4468,슈트패브릭 팝업,서울 강남구 압구정로 165,"서울 강남구 압구정로 165 (압구정동, 현대백화점본점)",37.5274,127.02759,2025-11-07,2025-11-13
4774,그린다이아 홀리데이 팝업 - 압구정,서울 강남구 압구정로 165,"서울 강남구 압구정로 165 (압구정동, 현대백화점본점)",37.52739,127.02767,2025-12-04,2025-12-17
5159,진도모피 팝업,서울 강남구 압구정로 165,"서울 강남구 압구정로 165 (압구정동, 현대백화점본점)",37.527275,127.02785,2026-01-09,2026-01-18
5262,쏘쏘사라다 - 압구정,서울 강남구 압구정로 165,"서울 강남구 압구정로 165 (압구정동, 현대백화점본점)",37.527405,127.027405,2026-01-23,2026-01-29
5552,트루타월 팝업,서울 강남구 압구정로 165,"서울 강남구 압구정로 165 (압구정동, 현대백화점본점)",37.527367,127.027466,2026-02-06,2026-02-19
3698,마티에 프리미에르 팝업 ,서울 강남구 압구정로 165,"서울 강남구 압구정로 165 (압구정동, 현대백화점본점)",37.527416,127.02729,2025-08-22,2025-10-16
5546,오우르 팝업,서울 강남구 압구정로 165,"서울 강남구 압구정로 165 (압구정동, 현대백화점본점)",37.527367,127.027466,2026-02-09,2026-02-19
5143,크리스탈렌 팝업,서울 강남구 압구정로 165,"서울 강남구 압구정로 165 (압구정동, 현대백화점본점)",37.52729,127.02785,2026-01-02,2026-01-08
4746,스카우트 팝업,서울 강남구 압구정로 165,"서울 강남구 압구정로 165 (압구정동, 현대백화점본점)",37.52737,127.027565,2025-11-28,2025-12-11
2898,나폴레옹과자점 팝업,서울 강남구 압구정로 165,"서울 강남구 압구정로 165 (압구정동, 현대백화점본점)",37.527367,127.027466,2025-05-30,2025-06-12
4654,문달 팝업 - Curated House,서울 강남구 압구정로 165,"서울 강남구 압구정로 165 (압구정동, 현대백화점본점)",37.527412,127.027275,2025-11-14,2025-11-20
4262,보리수파리 팝업,서울 강남구 압구정로 165,"서울 강남구 압구정로 165 (압구정동, 현대백화점본점)",37.527218,127.02744,2025-10-10,2025-10-16
3658,헬로맨 팝업,서울 강남구 압구정로 165,"서울 강남구 압구정로 165 (압구정동, 현대백화점본점)",37.52741,127.02766,2025-08-15,2025-08-21
5690,프리터 팝업,서울 강남구 압구정로 165,"서울 강남구 압구정로 165 (압구정동, 현대백화점본점)",37.527367,127.027466,2026-02-23,2026-03-05
4936,에버에이유 팝업,서울 강남구 압구정로 165,"서울 강남구 압구정로 165 (압구정동, 현대백화점본점)",37.52726,127.02765,2025-12-05,2025-12-11
5314,데가제 팝업,서울 강남구 압구정로 165,"서울 강남구 압구정로 165 (압구정동, 현대백화점본점)",37.527348,127.027504,2026-01-30,2026-02-08
1332,빅토리아 크래킹 팝업,서울 강남구 압구정로 343,서울 강남구 압구정동 494,37.528343,127.04033,2024-12-06,2025-01-02
1534,오드비 압구정 팝업,서울 강남구 압구정로 343,서울 강남구 압구정동 494,37.528484,127.04029,2024-12-28,2025-02-28
428,줄라이 팝업,서울 강남구 압구정로 343,서울 강남구 압구정동 494,37.528427,127.040146,2024-08-23,2024-09-26
1597,갤러리아 X 삼성금거래소 팝업,서울 강남구 압구정로 343,서울 강남구 압구정동 494,37.528477,127.040054,2025-01-10,2025-02-02
1349,휘오 울림워터 팝업,서울 강남구 압구정로 343,서울 강남구 압구정동 494,37.528477,127.040054,2024-12-12,2024-12-15
1061,중식여신 X GUO 동파육 만두 압구정 팝업,서울 강남구 압구정로 343,서울 강남구 압구정동 494,37.528477,127.040054,2024-11-15,2024-11-21
1479,노티드 X 박은영 셰프 '크림 멘보' 강남 팝업,서울 강남구 압구정로 343,서울 강남구 압구정동 494,37.528305,127.04037,2025-01-03,2025-01-09
1322,피넛버터바나나 압구정 팝업,서울 강남구 압구정로 343,서울 강남구 압구정동 494,37.528477,127.04013,2024-12-06,2024-12-22
2025,란제리한 팝업,서울 강남구 압구정로 343,서울 강남구 압구정동 494,37.52833,127.04023,2025-02-21,2025-03-06
2349,레스포색 X 로베르토 카발리 팝업,서울 강남구 압구정로 343,서울 강남구 압구정동 494,37.528305,127.04025,2025-03-24,2025-04-06
3436,도로보도넛 팝업,서울 강남구 압구정로 343,"서울 강남구 압구정로 343 (압구정동, 갤러리아백화점)",37.5285,127.04037,2025-07-28,2025-08-07
3683,솔트앤멜로우 팝업,서울 강남구 압구정로 343,"서울 강남구 압구정로 343 (압구정동, 갤러리아백화점)",37.528473,127.040375,2025-08-29,2025-09-04
5226,미은당 팝업,서울 강남구 압구정로 343,"서울 강남구 압구정로 343 (압구정동, 갤러리아백화점)",37.528477,127.040054,2026-01-09,2026-01-15
3059,써피 팝업,서울 강남구 압구정로 343,"서울 강남구 압구정로 343 (압구정동, 갤러리아백화점)",37.528355,127.04033,2025-06-01,2025-06-30
4098,에핑글러 팝업,서울 강남구 압구정로 408,서울 강남구 압구정로 408 (청담동),37.527287,127.04145,2025-09-18,2025-10-15
2287,쿠로 데님 팝업,서울 강남구 압구정로 408,서울 강남구 청담동 78-6,37.5272,127.0414,2025-03-14,2025-04-02
2416,스티치 컴스 블루 팝업,서울 강남구 압구정로 408,서울 강남구 청담동 78-6,37.52725,127.04142,2025-04-03,2025-04-23
2302,에핑글러 팝업,서울 강남구 압구정로 408,서울 강남구 청담동 78-6,37.5272,127.0414,2025-03-13,2025-04-03
4725,정화백 개인전 - 온기의 순간 : A Moment of Warmth,서울 강남구 압구정로 459,"서울 강남구 압구정로 459 (청담동, 한솥빌딩)",37.525517,127.04695,2025-11-14,2025-12-13
3590,청담 퐁당 전시 - 특별한 상상 ,서울 강남구 압구정로 459,"서울 강남구 압구정로 459 (청담동, 한솥빌딩)",37.52549,127.04709,2025-08-08,2025-09-27
915,REKET 가로수길 팝업,서울 강남구 압구정로10길 30-1,서울 강남구 신사동 524-18,37.52163,127.02179,2024-10-25,2024-10-27
4414,비알워터풀 팝업,서울 강남구 압구정로42길 32,"서울 강남구 압구정로42길 32 (신사동, 백현빌딩)",37.52684,127.03467,2025-10-29,2025-10-29
3805,인스타360 플래그십 스토어 오픈 이벤트 ,서울 강남구 압구정로42길 36,"서울 강남구 압구정로42길 36 (신사동, 금광아크존1)",37.526554,127.034454,2025-08-29,2025-08-31
2357,아웃도어 갤러리 팝업,서울 강남구 압구정로42길 43,서울 강남구 신사동 645-25,37.526073,127.03471,2025-03-28,2025-05-08
2318,메디큐브 X 쿠로미 팝업,서울 강남구 압구정로46길 38,서울 강남구 신사동 644-19,37.526146,127.03584,2025-03-21,2025-04-21
2315,포맨트 X 쿠로미 팝업,서울 강남구 압구정로46길 38,서울 강남구 신사동 644-19,37.526157,127.03588,2025-03-21,2025-04-21
1233,누데이크 X 제니 팝업,서울 강남구 압구정로46길 50,서울 강남구 신사동 649-8,37.52537,127.03568,2024-11-28,2025-01-03
1589,젠틀몬스터 주얼리 컬렉션 팝업,서울 강남구 압구정로46길 50,서울 강남구 신사동 649-8,37.52537,127.03568,2025-01-10,2025-02-27
220,뮈글러 X 젠틀몬스터 콜라보 팝업,서울 강남구 압구정로46길 50,서울 강남구 신사동 649-8,37.52545,127.03574,2024-07-18,2024-09-22
1437,쿠로미 은하계 본부 전시,서울 강남구 압구정로46길 67,서울 강남구 신사동 648-25,37.524303,127.03653,2024-12-18,2025-03-20
3481,케이스티파이 X 무라카미 다카시 팝업 - 무라카미 월드,서울 강남구 압구정로46길 67,서울 강남구 압구정로46길 67 (신사동),37.524315,127.03656,2025-07-17,2025-08-31
1097,K팝 디자이너 팝업,서울 강남구 압구정로50길 25,서울 강남구 신사동 663-2,37.526623,127.03791,2024-11-14,2024-11-24
4642,관광객들 전시 - The Tourists,서울 강남구 압구정로75길 6,"서울 강남구 압구정로75길 6 (청담동, 송은아트스페이스)",37.52611,127.0469,2025-10-25,2025-12-13
2795,이지오 X 희희 팝업,서울 강남구 양재천로 191,"서울 강남구 양재천로 191 (도곡동, 동화빌딩)",37.48275,127.046364,2025-05-16,2025-06-08
34,영화 밤낚시 서울 팝업,서울 강남구 언주로 738,서울 강남구 논현동 91,37.52126,127.03436,2024-07-02,2024-09-01
1764,산타마리아노벨라 메디치 가든 아트 팝업,서울 강남구 언주로 864,서울 강남구 신사동 636-4,37.52743,127.03392,2025-02-05,2025-02-12
5810,김용일 개인전 - 그리움을 닮은 풍경,서울 강남구 언주로146길 9,서울 강남구 언주로146길 9 (논현동),37.520004,127.03548,2026-02-28,2026-03-24
5394,존재의 형태 전시,서울 강남구 언주로146길 9,서울 강남구 언주로146길 9 (논현동),37.520016,127.03552,2026-01-24,2026-02-14
4306,윤종 하이경 2인전 - 시간의 정원,서울 강남구 언주로146길 9,서울 강남구 언주로146길 9 (논현동),37.52002,127.03553,2025-10-18,2025-11-08
3962,"이은황, 진영 전시 - Echoes Within",서울 강남구 언주로146길 9,서울 강남구 언주로146길 9 (논현동),37.520016,127.03551,2025-09-13,2025-10-04
4707,고차분 심봉민 2인전 - 집으로 가는 길,서울 강남구 언주로146길 9,서울 강남구 언주로146길 9 (논현동),37.520016,127.03552,2025-11-22,2025-12-20
1913,마담티라미수 팝업 - 강남,서울 강남구 언주로164길 21-3,서울 강남구 신사동 645-15,37.52574,127.035225,2025-02-16,2025-02-22
1418,모모이 팝업,서울 강남구 언주로164길 21-3,서울 강남구 신사동 645-15,37.52574,127.035225,2024-12-13,2025-01-12
688,무지개맨션 팝업,서울 강남구 언주로164길 21-3,서울 강남구 신사동 645-15,37.525734,127.035225,2024-10-05,2024-10-13
4476,"U-KNOW, BUT I KNOW 전시회",서울 강남구 언주로164길 21-3,서울 강남구 언주로164길 21-3 (신사동),37.52574,127.035225,2025-11-05,2025-11-09
1246,두아리파 팝업,서울 강남구 언주로168길 24,서울 강남구 신사동 645-18,37.52585,127.03551,2024-12-02,2024-12-07
5197,헬로키티 X 지수 팝업,서울 강남구 언주로168길 24,서울 강남구 언주로168길 24 (신사동),37.52592,127.035545,2026-01-14,2026-01-20
4417,논노드 팝업,서울 강남구 언주로168길 24,서울 강남구 언주로168길 24 (신사동),37.52585,127.03552,2025-10-25,2025-10-27
5844,조셉앤스테이시 X 몬치치 팝업,서울 강남구 언주로168길 24,서울 강남구 언주로168길 24 (신사동),37.526012,127.035576,2026-03-18,2026-04-01
5710,데님 티어스 팝업,서울 강남구 언주로168길 24,서울 강남구 언주로168길 24 (신사동),37.52592,127.035545,2026-03-07,2026-03-14
5073,한스룸 팝업,서울 강남구 언주로168길 24,서울 강남구 언주로168길 24 (신사동),37.525833,127.03552,2025-12-16,2025-12-29
3031,아디다스 오리지널스 플래그십 도산 오픈 이벤트,서울 강남구 언주로168길 29,서울 강남구 언주로168길 29 (신사동),37.526146,127.03612,2025-06-13,2025-06-15
2716,크록스 X 스와로브스키 팝업 - 강남,서울 강남구 언주로174길 30,서울 강남구 신사동 640-2,37.52783,127.03636,2025-05-07,2025-05-14
2286,브리핑 팝업,서울 강남구 언주로174길 30,서울 강남구 신사동 640-2,37.527863,127.036316,2025-03-18,2025-03-24
1884,머렐 팝업 - 압구정,서울 강남구 언주로174길 30,서울 강남구 신사동 640-2,37.527847,127.0363,2025-02-13,2025-02-19
1355,무신사 엠프티 홀리데이 팝업,서울 강남구 언주로174길 30,서울 강남구 신사동 640-2,37.527863,127.036316,2024-12-12,2024-12-31
4046,Chase with the Black Sheriff 이벤트 ,서울 강남구 언주로174길 30,"서울 강남구 언주로174길 30 (신사동, 로빈명품관)",37.527782,127.03637,2025-09-25,2025-09-25
2830,엠프티 베이스먼트 1주년 팝업,서울 강남구 언주로174길 30,"서울 강남구 언주로174길 30 (신사동, 로빈명품관)",37.527924,127.036285,2025-05-22,2025-06-04
4919,엠프티 윈터 마켓 팝업,서울 강남구 언주로174길 30,"서울 강남구 언주로174길 30 (신사동, 로빈명품관)",37.527843,127.036354,2025-12-05,2025-12-18
1311,내일의 응원단 팝업,서울 강남구 역삼로 180,서울 강남구 역삼동 790-6,37.495453,127.03886,2024-11-13,2024-12-18
5736,크런키 스트레스 타파 학원,서울 강남구 역삼로 466,서울 강남구 역삼로 466 (대치동),37.50279,127.05818,2026-02-24,2026-03-09
337,코엑스 아쿠아리움 X 모여봐요 동물의 숲 팝업,서울 강남구 영동대로 513,서울 강남구 삼성동 159,37.51341,127.05849,2024-07-29,2024-10-27
1630,주토피아 팝업 - 코엑스,서울 강남구 영동대로 513,서울 강남구 삼성동 159,37.512177,127.05885,2024-12-27,2025-02-18
2516,썬키스트 팝업,서울 강남구 영동대로 513,서울 강남구 삼성동 159,37.51195,127.05853,2025-04-18,2025-04-20
1380,브롤스타즈 크리스마스 팝업,서울 강남구 영동대로 513,서울 강남구 삼성동 159,37.509495,127.06165,2024-12-12,2024-12-26
1998,글루미베어 팝업,서울 강남구 영동대로 513,서울 강남구 삼성동 159,37.512196,127.058846,2025-02-26,2025-03-23
1777,핫토이 팝업,서울 강남구 영동대로 513,서울 강남구 삼성동 159,37.512756,127.058624,2025-01-24,2025-02-24
2015,국립공원 캐릭터 팝업,서울 강남구 영동대로 513,서울 강남구 삼성동 159,37.51125,127.059166,2025-03-06,2025-03-10
771,룰루레몬 <TogetherWeGrow> 팝업,서울 강남구 영동대로 513,서울 강남구 삼성동 159,37.511734,127.06106,2024-10-11,2024-10-12
2016,2025 한국국제베이커리페어,서울 강남구 영동대로 513,서울 강남구 삼성동 159,37.512283,127.05891,2025-04-02,2025-04-05
1750,인벤타리오: 2025 문구페어,서울 강남구 영동대로 513,서울 강남구 삼성동 159,37.512226,127.0589,2025-04-02,2025-04-06
1293,잔망루피 크리스마스 익스프레스 팝업,서울 강남구 영동대로 513,서울 강남구 삼성동 159,37.51214,127.05873,2024-12-10,2024-12-25
1378,후후루 팝업,서울 강남구 영동대로 513,서울 강남구 삼성동 159,37.512363,127.05869,2024-12-01,2024-12-27
1258,별마당 도서관 골드 포레스트 팝업,서울 강남구 영동대로 513,서울 강남구 삼성동 159,37.511955,127.059296,2024-11-15,2025-01-31
1769,갤럭시 스튜디오 팝업 - 코엑스,서울 강남구 영동대로 513,서울 강남구 삼성동 159,37.511723,127.05942,2025-01-23,2025-02-23
2518,블루록 팝업,서울 강남구 영동대로 513,서울 강남구 삼성동 159,37.512573,127.05888,2025-05-01,2025-05-07
1656,강병인 글씨 예술가의 신년 덕담 이벤트 - 코엑스,서울 강남구 영동대로 513,서울 강남구 삼성동 159,37.512333,127.05883,2025-01-29,2025-01-29
2077,클럽메드 푸켓 팝업,서울 강남구 영동대로 513,서울 강남구 삼성동 159,37.511303,127.05945,2025-03-05,2025-03-11
592,웹툰 집이 없어 홈커밍데이 팝업,서울 강남구 영동대로 513,서울 강남구 삼성동 159,37.512775,127.0585,2024-10-03,2024-10-16
1010,스웨터하우스 팝업,서울 강남구 영동대로 513,서울 강남구 삼성동 159,37.512672,127.05881,2024-11-13,2024-11-17
1684,2025 서울리빙디자인페어,서울 강남구 영동대로 513,서울 강남구 삼성동 159,37.512177,127.05931,2025-02-26,2025-03-02
5064,안경만두 팝업 in 서울 일러스트레이션 페어,서울 강남구 영동대로 513,"서울 강남구 영동대로 513 (삼성동, 코엑스)",37.5118,127.059845,2025-12-25,2025-12-28
5589,곰돌이 푸 100주년 팝업,서울 강남구 영동대로 513,"서울 강남구 영동대로 513 (삼성동, 코엑스)",37.512688,127.05883,2026-02-25,2026-03-01
4650,주토피아2 팝업 - 메가박스 코엑스,서울 강남구 영동대로 513,"서울 강남구 영동대로 513 (삼성동, 코엑스)",37.511574,127.05881,2025-11-20,2025-12-10
3323,판타스틱 4 팝업,서울 강남구 영동대로 513,"서울 강남구 영동대로 513 (삼성동, 코엑스)",37.512707,127.05855,2025-07-24,2025-07-30
3248,레페리 셀렉트스토어 팝업 - 코엑스,서울 강남구 영동대로 513,"서울 강남구 영동대로 513 (삼성동, 코엑스)",37.51135,127.05929,2025-07-04,2025-07-13
4798,해리포터 마호도코로 팝업,서울 강남구 영동대로 513,"서울 강남구 영동대로 513 (삼성동, 코엑스)",37.511875,127.05901,2025-12-04,2026-01-04
5537,삼양 1963 팝업 - 삼양 1963 백일잔치,서울 강남구 영동대로 513,"서울 강남구 영동대로 513 (삼성동, 코엑스)",37.51266,127.058815,2026-02-07,2026-02-08
5021,와사비베어 팝업 - 강남,서울 강남구 영동대로 513,"서울 강남구 영동대로 513 (삼성동, 코엑스)",37.511517,127.05872,2025-12-12,2026-01-08
5801,서울국제불교박람회,서울 강남구 영동대로 513,"서울 강남구 영동대로 513 (삼성동, 코엑스)",37.511166,127.05915,2026-04-02,2026-04-05
3561,팝마트 X 토이콘 서울 이벤트,서울 강남구 영동대로 513,"서울 강남구 영동대로 513 (삼성동, 코엑스)",37.512005,127.05879,2025-08-07,2025-08-10
3716,고메잇강남 페스티벌,서울 강남구 영동대로 513,"서울 강남구 영동대로 513 (삼성동, 코엑스)",37.51132,127.059525,2025-08-17,2025-08-31
5649,플레이인더박스 X 네이버웹툰 팝업 - 강남,서울 강남구 영동대로 513,"서울 강남구 영동대로 513 (삼성동, 코엑스)",37.512615,127.05883,2026-02-06,2026-03-15
3756,AMD X 이터널리턴 팝업,서울 강남구 영동대로 513,"서울 강남구 영동대로 513 (삼성동, 코엑스)",37.512054,127.05874,2025-08-28,2025-08-31
4328,영화 <위키드: 포 굿> 팝업,서울 강남구 영동대로 513,"서울 강남구 영동대로 513 (삼성동, 코엑스)",37.511806,127.05926,2025-10-31,2025-11-26
3277,스티치 X 버터 팝업 이벤트,서울 강남구 영동대로 513,"서울 강남구 영동대로 513 (삼성동, 코엑스)",37.512306,127.05827,2025-07-12,2025-08-17
3631,클래키 팝업 - 코엑스,서울 강남구 영동대로 513,"서울 강남구 영동대로 513 (삼성동, 코엑스)",37.511986,127.059296,2025-08-13,2025-08-28
5269,GS25 X 플레이브 팝업 - 역삼,서울 강남구 테헤란로 223,"서울 강남구 테헤란로 223 (역삼동, 큰길타워빌딩)",37.502407,127.04071,2026-01-16,2026-01-31
4911,GS25 데이지에일 팝업 - 강남,서울 강남구 테헤란로 223,"서울 강남구 테헤란로 223 (역삼동, 큰길타워빌딩)",37.502426,127.04059,2025-12-04,2025-12-09
1799,어바웃 유어 유스 팝업,서울 강남구 테헤란로 517,서울 강남구 삼성동 159-7,37.508488,127.05994,2025-02-07,2025-02-14
1522,바이리네 팝업,서울 강남구 테헤란로 517,서울 강남구 삼성동 159-7,37.50852,127.0598,2025-01-03,2025-01-12
1798,클라랑스 뷰티 팩토리 팝업,서울 강남구 테헤란로 517,서울 강남구 삼성동 159-7,37.508648,127.05963,2025-02-07,2025-02-09
1557,뮤토모 팝업,서울 강남구 테헤란로 517,서울 강남구 삼성동 159-7,37.508568,127.05979,2025-01-09,2025-01-22
2273,베티나르디 팝업,서울 강남구 테헤란로 517,서울 강남구 삼성동 159-7,37.508583,127.05988,2025-03-14,2025-04-10
1866,하스초콜릿 팝업,서울 강남구 테헤란로 517,서울 강남구 삼성동 159-7,37.508698,127.05955,2025-02-07,2025-02-14
1797,설화수 자음생 팝업,서울 강남구 테헤란로 517,서울 강남구 삼성동 159-7,37.508743,127.059746,2025-02-07,2025-02-13
2235,샹테카이 팝업,서울 강남구 테헤란로 517,서울 강남구 삼성동 159-7,37.50853,127.05977,2025-03-10,2025-03-23
1588,해브레스 팝업,서울 강남구 테헤란로 517,서울 강남구 삼성동 159-7,37.50872,127.05987,2025-01-10,2025-01-31
1893,아이언대디 팝업,서울 강남구 테헤란로 517,서울 강남구 삼성동 159-7,37.50867,127.05965,2025-02-14,2025-02-27
5882,더케미 팝업,서울 강남구 테헤란로 517,서울 강남구 삼성동 159-7,37.508614,127.05977,2026-03-13,2026-03-25
1778,라라브릭 팝업,서울 강남구 테헤란로 517,서울 강남구 삼성동 159-7,37.50876,127.05977,2025-01-23,2025-02-09
2233,레브당스 팝업,서울 강남구 테헤란로 517,서울 강남구 삼성동 159-7,37.50866,127.05972,2025-03-14,2025-03-20
5881, 우부아 팝업,서울 강남구 테헤란로 517,서울 강남구 삼성동 159-7,37.508614,127.05977,2026-04-10,2026-04-16
268,니커버커 베이글 현대백화점 무역센터점 팝업,서울 강남구 테헤란로 517,서울 강남구 삼성동 159-7,37.50865,127.05978,2024-07-01,2024-09-30
1800,매기 팝업,서울 강남구 테헤란로 517,서울 강남구 삼성동 159-7,37.508713,127.05981,2025-02-07,2025-02-13
1864,마야니 팝업 - 코엑스,서울 강남구 테헤란로 517,서울 강남구 삼성동 159-7,37.508633,127.059875,2025-02-07,2025-02-17
2728,LG트윈스 X 블루밍테일 팝업,서울 강남구 테헤란로 517,서울 강남구 삼성동 159-7,37.5086,127.05964,2025-05-13,2025-05-22
1633,봄사무소 X 라이크디즈 팝업,서울 강남구 테헤란로 517,서울 강남구 삼성동 159-7,37.50871,127.05988,2025-01-13,2025-01-26
2062,덕클링 팝업,서울 강남구 테헤란로 517,서울 강남구 삼성동 159-7,37.508694,127.05985,2025-02-28,2025-03-23
1947,우너프 X 라시트포 팝업,서울 강남구 테헤란로 517,서울 강남구 삼성동 159-7,37.50876,127.05964,2025-02-11,2025-03-09
2234,오르골4757 팝업,서울 강남구 테헤란로 517,서울 강남구 삼성동 159-7,37.50865,127.05989,2025-03-10,2025-03-23
1500,현대면세점 X 몽클레르 퍼퓸 팝업,서울 강남구 테헤란로 517,서울 강남구 삼성동 159-7,37.508606,127.05978,2024-12-20,2025-02-19
2187,위대한 뮤지션 100인전,서울 강남구 테헤란로 517,서울 강남구 삼성동 159-7,37.508595,127.059845,2025-02-15,2025-05-11
2110,제나두 팝업,서울 강남구 테헤란로 517,서울 강남구 삼성동 159-7,37.50855,127.059784,2025-03-07,2025-03-13
2629,미언더 팝업,서울 강남구 테헤란로 517,서울 강남구 삼성동 159-7,37.508793,127.05988,2025-04-28,2025-05-01
1639,"Here I am, 현대를 살고 있는 나에게 전시",서울 강남구 테헤란로 517,서울 강남구 삼성동 159-7,37.50851,127.059845,2025-01-11,2025-02-02
1805,듑벨 팝업,서울 강남구 테헤란로 517,서울 강남구 삼성동 159-7,37.50878,127.05985,2025-02-01,2025-02-16
1586,메종 마르지엘라 퍼퓸 팝업,서울 강남구 테헤란로 517,서울 강남구 삼성동 159-7,37.508568,127.0598,2025-01-10,2025-01-20
1856,팀밸 팝업,서울 강남구 테헤란로 517,서울 강남구 삼성동 159-7,37.508675,127.05991,2025-03-07,2025-03-14
2640,해치의 선물상점 팝업,서울 강남구 테헤란로 517,서울 강남구 삼성동 159-7,37.50868,127.059616,2025-05-02,2025-05-08
1631,코튼푸드수퍼 팝업,서울 강남구 테헤란로 517,서울 강남구 삼성동 159-7,37.508575,127.05982,2025-01-13,2025-01-26
2305,레인스 팝업,서울 강남구 테헤란로 517,서울 강남구 삼성동 159-7,37.508675,127.059814,2025-03-25,2025-04-10
1521,이유즈 팝업,서울 강남구 테헤란로 517,서울 강남구 삼성동 159-7,37.508522,127.05982,2024-12-26,2025-01-12
2064,알파 인더스트리 팝업,서울 강남구 테헤란로 517,서울 강남구 삼성동 159-7,37.508755,127.059814,2025-02-28,2025-03-23
1803,비이커 X 태극당 콜라보 팝업,서울 강남구 테헤란로 517,서울 강남구 삼성동 159-7,37.50871,127.05992,2025-01-31,2025-02-18
2543,더글라스토이 팝업,서울 강남구 테헤란로 517,서울 강남구 삼성동 159-7,37.508514,127.05978,2025-04-15,2025-05-05
2031,아임반 팝업,서울 강남구 테헤란로 517,서울 강남구 삼성동 159-7,37.508606,127.05993,2025-02-28,2025-03-30
1587,입생로랑 뷰티 메이크업 쇼 이벤트,서울 강남구 테헤란로 517,서울 강남구 삼성동 159-7,37.50867,127.05982,2025-01-10,2025-01-12
1895,풋볼스탠다드 팝업,서울 강남구 테헤란로 517,서울 강남구 삼성동 159-7,37.508484,127.059975,2025-02-17,2025-02-23
2332,마이마이 팝업,서울 강남구 테헤란로 517,서울 강남구 삼성동 159-7,37.5087,127.059784,2025-03-25,2025-04-13
3364,1432 X 오파르크 팝업,서울 강남구 테헤란로 517,"서울 강남구 테헤란로 517 (삼성동, 현대백화점)",37.508686,127.059975,2025-07-18,2025-08-31
5174,코치 팝업,서울 강남구 테헤란로 517,"서울 강남구 테헤란로 517 (삼성동, 현대백화점)",37.50851,127.059906,2025-12-22,2026-01-18
3488,나보소 X 테비 팝업,서울 강남구 테헤란로 517,"서울 강남구 테헤란로 517 (삼성동, 현대백화점)",37.50867,127.059616,2025-07-25,2025-08-07
2731,잉글리시에그 팝업,서울 강남구 테헤란로 517,"서울 강남구 테헤란로 517 (삼성동, 현대백화점)",37.508682,127.05956,2025-05-06,2025-06-01
4078,홀리바넘 팝업,서울 강남구 테헤란로 517,"서울 강남구 테헤란로 517 (삼성동, 현대백화점)",37.508633,127.05996,2025-09-15,2025-09-28
3617,헤이즈 밀 베이커리 팝업 ,서울 강남구 테헤란로 517,"서울 강남구 테헤란로 517 (삼성동, 현대백화점)",37.508663,127.059685,2025-08-08,2025-08-14
5175,쿠오카 팝업,서울 강남구 테헤란로 517,"서울 강남구 테헤란로 517 (삼성동, 현대백화점)",37.508423,127.0597,2025-12-23,2026-01-11
3704,FLOW.1 팝업 ,서울 강남구 테헤란로 517,"서울 강남구 테헤란로 517 (삼성동, 현대백화점)",37.508526,127.05995,2025-08-22,2025-09-03
3705,드로터스 팝업 ,서울 강남구 테헤란로 517,"서울 강남구 테헤란로 517 (삼성동, 현대백화점)",37.50846,127.05994,2025-08-15,2025-08-31
3610,오삼삼 팝업 _사본,서울 강남구 테헤란로 517,"서울 강남구 테헤란로 517 (삼성동, 현대백화점)",37.508854,127.05995,2025-08-08,2025-08-14
3935,타월로지스트 팝업 ,서울 강남구 테헤란로 517,"서울 강남구 테헤란로 517 (삼성동, 현대백화점)",37.508583,127.05956,2025-09-12,2025-09-18
5700,레어공일 팝업,서울 강남구 테헤란로 517,"서울 강남구 테헤란로 517 (삼성동, 현대백화점)",37.508656,127.059814,2026-02-27,2026-03-05
2783,블룹 팝업,서울 강남구 테헤란로 517,"서울 강남구 테헤란로 517 (삼성동, 현대백화점)",37.508762,127.059875,2025-05-09,2025-06-01
5540,위캔그라운드 팝업,서울 강남구 테헤란로 517,"서울 강남구 테헤란로 517 (삼성동, 현대백화점)",37.50861,127.05981,2026-02-13,2026-02-22
5785,베른샵 팝업,서울 강남구 테헤란로 517,"서울 강남구 테헤란로 517 (삼성동, 현대백화점)",37.508614,127.05977,2026-03-13,2026-03-26
3618,너구리 베이글 팝업,서울 강남구 테헤란로 517,"서울 강남구 테헤란로 517 (삼성동, 현대백화점)",37.508533,127.06002,2025-08-01,2025-08-21
4659,귤냥이와 친구들 팝업,서울 강남구 테헤란로 517,"서울 강남구 테헤란로 517 (삼성동, 현대백화점)",37.508476,127.059845,2025-11-04,2025-11-20
3587,호지 팝업 ,서울 강남구 테헤란로 517,"서울 강남구 테헤란로 517 (삼성동, 현대백화점)",37.508682,127.05964,2025-08-08,2025-08-21
4660,뮤지쿠스 X 사운드캣 팝업 - 뮤지캣,서울 강남구 테헤란로 517,"서울 강남구 테헤란로 517 (삼성동, 현대백화점)",37.508408,127.05974,2025-11-07,2025-11-20
4736,큐블로 팝업,서울 강남구 테헤란로 517,"서울 강남구 테헤란로 517 (삼성동, 현대백화점)",37.50847,127.059875,2025-11-21,2025-12-08
5541,아크로밧 팝업,서울 강남구 테헤란로 517,"서울 강남구 테헤란로 517 (삼성동, 현대백화점)",37.50861,127.05981,2026-02-01,2026-02-28
3706,오볼리토 팝업 ,서울 강남구 테헤란로 517,"서울 강남구 테헤란로 517 (삼성동, 현대백화점)",37.508606,127.05961,2025-08-15,2025-08-21
3245,금호전기 번개표 팝업,서울 강남구 테헤란로 517,"서울 강남구 테헤란로 517 (삼성동, 현대백화점)",37.50868,127.05994,2025-07-11,2025-07-24
3606,시세이도 팝업 ,서울 강남구 테헤란로 517,"서울 강남구 테헤란로 517 (삼성동, 현대백화점)",37.508514,127.059906,2025-08-14,2025-08-17
4004,화이트샌즈 팝업 ,서울 강남구 테헤란로 517,"서울 강남구 테헤란로 517 (삼성동, 현대백화점)",37.50862,127.05951,2025-09-15,2025-09-28
5498,브랜든 팝업,서울 강남구 테헤란로 517,"서울 강남구 테헤란로 517 (삼성동, 현대백화점)",37.508675,127.059814,2026-01-30,2026-02-08
3616,윗아웃비자 팝업 ,서울 강남구 테헤란로 517,"서울 강남구 테헤란로 517 (삼성동, 현대백화점)",37.508423,127.05975,2025-08-08,2025-08-14
3721,백색지 케이드레스 팝업 ,서울 강남구 테헤란로 517,"서울 강남구 테헤란로 517 (삼성동, 현대백화점)",37.5087,127.05991,2025-08-29,2025-09-11
3426,베르사체 팝업 - on the table,서울 강남구 테헤란로 517,"서울 강남구 테헤란로 517 (삼성동, 현대백화점)",37.5088,127.059975,2025-07-15,2025-07-31
3638,욜프 골프 팝업,서울 강남구 테헤란로 517,"서울 강남구 테헤란로 517 (삼성동, 현대백화점)",37.508476,127.05989,2025-08-08,2025-09-04
3946,오드삭스 팝업,서울 강남구 테헤란로 517,"서울 강남구 테헤란로 517 (삼성동, 현대백화점)",37.508614,127.05977,2025-09-05,2025-09-18
3194,류학생 어남선 팝업,서울 강남구 테헤란로 517,"서울 강남구 테헤란로 517 (삼성동, 현대백화점)",37.508724,127.05996,2025-07-04,2025-07-10
3611,장폴클라리쎄 팝업,서울 강남구 테헤란로 517,"서울 강남구 테헤란로 517 (삼성동, 현대백화점)",37.508686,127.059494,2025-08-08,2025-08-24
5543,히이크 팝업,서울 강남구 테헤란로 517,"서울 강남구 테헤란로 517 (삼성동, 현대백화점)",37.50861,127.05981,2026-02-06,2026-02-19
3167,오즈이즈 팝업,서울 강남구 테헤란로 517,"서울 강남구 테헤란로 517 (삼성동, 현대백화점)",37.50867,127.05964,2025-06-27,2025-07-10
5283,안전가옥 팝업,서울 강남구 테헤란로 517,"서울 강남구 테헤란로 517 (삼성동, 현대백화점)",37.50862,127.059814,2026-01-26,2026-02-01
5542,노말리 팝업,서울 강남구 테헤란로 517,"서울 강남구 테헤란로 517 (삼성동, 현대백화점)",37.50861,127.05981,2026-02-05,2026-02-22
5910,플레이인더박스 팝업,서울 강남구 테헤란로 517,"서울 강남구 테헤란로 517 (삼성동, 현대백화점)",37.50846,127.05975,2026-03-17,2026-03-29
3608,세일레이싱 X 온러닝 팝업,서울 강남구 테헤란로 517,"서울 강남구 테헤란로 517 (삼성동, 현대백화점)",37.508675,127.059456,2025-08-15,2025-08-21
3429,스트레스리스 팝업,서울 강남구 테헤란로 517,"서울 강남구 테헤란로 517 (삼성동, 현대백화점)",37.508904,127.05988,2025-07-18,2025-08-07
4967,구테 팝업,서울 강남구 테헤란로 517,"서울 강남구 테헤란로 517 (삼성동, 현대백화점)",37.508495,127.06001,2025-12-12,2025-12-18
3656,팡뮤제 베이커리 팝업 ,서울 강남구 테헤란로 517,"서울 강남구 테헤란로 517 (삼성동, 현대백화점)",37.50867,127.059586,2025-08-15,2025-08-21
5041,언스페셜티 팝업,서울 강남구 테헤란로 517,"서울 강남구 테헤란로 517 (삼성동, 현대백화점)",37.50874,127.05986,2025-12-19,2026-01-18
3100,우브에 X LG전자 팝업,서울 강남구 테헤란로 517,"서울 강남구 테헤란로 517 (삼성동, 현대백화점)",37.508705,127.05961,2025-06-17,2025-07-03
3655,삼무삼유 막걸리 팝업 ,서울 강남구 테헤란로 517,"서울 강남구 테헤란로 517 (삼성동, 현대백화점)",37.508526,127.05994,2025-08-15,2025-08-21
3903,르 라보 팝업 ,서울 강남구 테헤란로 517,"서울 강남구 테헤란로 517 (삼성동, 현대백화점)",37.50848,127.05979,2025-09-09,2025-09-14
4293,어반 아포테케리 팝업,서울 강남구 테헤란로 517,"서울 강남구 테헤란로 517 (삼성동, 현대백화점)",37.50845,127.059975,2025-10-07,2025-10-22
3385,아키사케 팝업 - 강남 ,서울 강남구 테헤란로 517,"서울 강남구 테헤란로 517 (삼성동, 현대백화점)",37.508614,127.05977,2025-07-25,2025-07-31
4309,세르트 주얼리 팝업,서울 강남구 테헤란로 517,"서울 강남구 테헤란로 517 (삼성동, 현대백화점)",37.508694,127.05994,2025-10-17,2025-10-23
3609,오삼삼 팝업 ,서울 강남구 테헤란로 517,"서울 강남구 테헤란로 517 (삼성동, 현대백화점)",37.508854,127.05995,2025-08-08,2025-08-14
4809,박뚜기 소금빵 팝업,서울 강남구 테헤란로 517,"서울 강남구 테헤란로 517 (삼성동, 현대백화점)",37.5086,127.05988,2025-11-25,2025-12-18
5497,슈링크홈 팝업 - 애프터파티앳홈,서울 강남구 테헤란로 517,"서울 강남구 테헤란로 517 (삼성동, 현대백화점)",37.508648,127.059784,2026-02-02,2026-02-19
980,뽀짝마을 일러스트페어,서울 강남구 테헤란로 518,서울 강남구 대치동 944-31,37.50744,127.06066,2024-11-08,2024-11-09
1051,르플랑에떼 팝업,서울 강남구 테헤란로 521,서울 강남구 삼성동 159-8,37.50935,127.060844,2024-11-08,2024-11-21
618,스탠리 팝업,서울 강남구 테헤란로 521,서울 강남구 삼성동 159-8,37.509193,127.061325,2024-09-09,2024-10-06
923,온초점 디저트 파르나스몰 팝업,서울 강남구 테헤란로 521,서울 강남구 삼성동 159-8,37.509163,127.06131,2024-10-25,2024-11-07
2043,논타입 팝업,서울 강남구 테헤란로 521,서울 강남구 삼성동 159-8,37.509247,127.06069,2025-02-24,2025-03-02
1148,플랫츠 코엑스 팝업,서울 강남구 테헤란로 521,서울 강남구 삼성동 159-8,37.509155,127.06042,2024-12-01,2024-12-14
443,비틀쥬스 비틀쥬스 저세상 체험존 팝업,서울 강남구 테헤란로 521,서울 강남구 삼성동 159-8,37.50919,127.06081,2024-08-19,2024-09-01
441,에딧먼트 X 파르나스몰 팝업,서울 강남구 테헤란로 521,서울 강남구 삼성동 159-8,37.509098,127.06074,2024-08-23,2024-09-05
927,컴발리 알파카 팝업,서울 강남구 테헤란로 521,서울 강남구 삼성동 159-8,37.508926,127.06085,2024-10-25,2024-11-07
5265,GS25 X 플레이브 팝업 - 선릉,서울 강남구 테헤란로77길 7,"서울 강남구 테헤란로77길 7 (삼성동, 동원빌딩)",37.5069,127.054565,2026-01-16,2026-01-31
5172,GS25 X 명조 팝업 - 강남,서울 강남구 테헤란로77길 7,"서울 강남구 테헤란로77길 7 (삼성동, 동원빌딩)",37.50692,127.05454,2025-12-31,2026-01-15
2002,삼성분식 X 농심 내맘대로컵라면 팝업,서울 강남구 테헤란로87길 41,서울 강남구 삼성동 153-54,37.51048,127.05759,2025-02-10,2025-03-13
25,돌레란 논현스토어 팝업,서울 강남구 학동로 103,서울 강남구 논현동 50-3,37.511528,127.021866,2024-06-20,2024-07-31
4147,유코 칸 작가 전시 - Whispering,서울 강남구 학동로26길 14,서울 강남구 학동로26길 14 (논현동),37.51246,127.02943,2025-10-02,2025-11-08
4038,B-E's 70th 전시 ,서울 강남구 학동로26길 14,서울 강남구 학동로26길 14 (논현동),37.51248,127.02943,2025-10-01,2025-11-08
3648,FORM series 전시 - 03.Nourishing Gathering,서울 강남구 학동로26길 14,서울 강남구 학동로26길 14 (논현동),37.512463,127.029434,2025-08-19,2025-09-27
2623,포코리 프렌즈 팝업,서울 강동구 고덕비즈밸리로 51,서울 강동구 고덕동 353-23,37.5666,127.157326,2025-04-30,2025-05-11
4454,도드람 페스타 - THE GRILLIST,서울 강동구 고덕비즈밸리로 51,"서울 강동구 고덕비즈밸리로 51 (고덕동, 강동 아이파크 더리버)",37.566532,127.15685,2025-10-27,2025-11-09
3799,"SUNSA HIP 100 이벤트 - 셜록 움스, 비밀을 찾아라!",서울 강동구 올림픽로 875,"서울 강동구 올림픽로 875 (암사동, 서울 암사동 유적)",37.56018,127.12986,2025-09-20,2025-09-20
387,신카이 마코토 천호 팝업,서울 강동구 천호대로 1005,,37.538837,127.12444,2024-08-24,2024-09-05
5592,로지텍 팝업,서울 강동구 천호대로 1005,"서울 강동구 천호대로 1005 (천호동, 현대백화점)",37.538857,127.124405,2026-02-06,2026-02-19
2912,오롬 팝업,서울 강동구 천호대로 1005,"서울 강동구 천호대로 1005 (천호동, 현대백화점)",37.538937,127.12428,2025-05-23,2025-06-11
5324,제로그램 팝업,서울 강동구 천호대로 1005,"서울 강동구 천호대로 1005 (천호동, 현대백화점)",37.538948,127.124435,2026-01-09,2026-01-22
4549,위메이크 페인팅 팝업,서울 강동구 천호대로 1005,"서울 강동구 천호대로 1005 (천호동, 현대백화점)",37.538918,127.12456,2025-11-14,2025-11-20
1488,새로 신년 서울 팝업,서울 강동구 천호대로 1005,서울 강동구 천호동 572,37.53891,127.12448,2024-12-27,2025-01-02
411,신카이 마코토 Shop 팝업스토어,서울 강동구 천호대로 1005,서울 강동구 천호동 572,37.53884,127.12444,2024-08-24,2024-09-05
2105,글입다 팝업 - 천호,서울 강동구 천호대로 1005,서울 강동구 천호동 572,37.53878,127.12439,2025-02-28,2025-03-16
81,신카이 마코토 천호 팝업,서울 강동구 천호대로 1005,서울 강동구 천호동 572,37.53884,127.12444,2024-08-24,2024-09-05
322,테니스 퍼스트 라운지 팝업,서울 강동구 천호대로 1005,서울 강동구 천호동 572,37.53884,127.12444,2024-08-09,2024-08-18
2020,뜰안 뜨개공방 팝업_사본,서울 강동구 천호대로 1005,서울 강동구 천호동 572,37.53891,127.12434,2025-02-21,2025-03-16
2195,바이더하임 팝업,서울 강동구 천호대로 1005,서울 강동구 천호동 572,37.53896,127.12434,2025-02-28,2025-04-30
2012,플랫츠 팝업 - 천호,서울 강동구 천호대로 1005,서울 강동구 천호동 572,37.53886,127.12447,2025-03-01,2025-03-07
2019,뜰안 뜨개공방 팝업,서울 강동구 천호대로 1005,서울 강동구 천호동 572,37.53891,127.12434,2025-02-21,2025-03-16
4704,더미 팝업,서울 강북구 4.19로8길 7-2,서울 강북구 4.19로8길 7-2 (수유동),37.647213,127.008675,2025-11-21,2025-11-21
4000,아이시스 핑크닉 팝업 ,서울 강북구 월계로 173,"서울 강북구 월계로 173 (번동, 북서울꿈의숲)",37.620205,127.04441,2025-09-05,2025-10-12
5939,알폰스 무하 전시 - 디지털 아르누보,서울 강서구 강서로56길 17,"서울 강서구 강서로56길 17 (등촌동, NC 강서점)",37.559933,126.8405,2026-03-14,2026-04-05
4068,반려식물 분양소 팝업,서울 강서구 강서로56길 17,"서울 강서구 강서로56길 17 (등촌동, NC 강서점)",37.56004,126.84076,2025-09-19,2025-10-12
3302,여주곤충박물관 팝업,서울 강서구 강서로56길 17,"서울 강서구 강서로56길 17 (등촌동, NC 강서점)",37.55987,126.84032,2025-07-12,2025-08-24
5048,컬리 푸드 페스타,서울 강서구 마곡중앙로 143,서울 강서구 마곡동 767,37.564667,126.825195,2025-12-18,2025-12-21
1260,컬리 푸드 페스타,서울 강서구 마곡중앙로 143,서울 강서구 마곡동 767,37.564816,126.825325,2024-12-19,2024-12-22
1028,오브제바이쿤달 X 메이필드호텔 서울 팝업,서울 강서구 방화대로 94,서울 강서구 외발산동 426,37.547142,126.819084,2024-09-13,2024-12-31
1832,킨제네라 팝업 - 김포,서울 강서구 하늘길 38,서울 강서구 방화동 882-1,37.563244,126.8035,2025-02-07,2025-02-14
4971,킹 오브 킹스 전시 : The Greatest Love,서울 강서구 하늘길 38,"서울 강서구 하늘길 38 (방화동, 김포공항, 롯데몰, 스카이시티)",37.571377,126.80284,2025-10-31,2026-04-30
5249,미니소 X 미미월드 팝업 - 김포,서울 강서구 하늘길 38,"서울 강서구 하늘길 38 (방화동, 김포공항, 롯데몰, 스카이시티)",37.565865,126.80075,2026-01-09,2026-03-31
5746,낼나 팝업 - 김포,서울 강서구 하늘길 38,"서울 강서구 하늘길 38 (방화동, 김포공항, 롯데몰, 스카이시티)",37.56335,126.80316,2026-02-27,2026-03-18
5575,위드썸 팝업 - 김포,서울 강서구 하늘길 38,"서울 강서구 하늘길 38 (방화동, 김포공항, 롯데몰, 스카이시티)",37.563305,126.80324,2026-02-01,2026-02-28
326,굿즈플래너 <멍냥꽁냥 굿즈투어> 팝업,서울 강서구 하늘길 77,서울 강서구 방화동 886,37.563156,126.803215,2024-08-12,2024-08-25
742,한글과자 김포공항 팝업,서울 강서구 하늘길 지하 77,서울 강서구 방화동 886,37.563404,126.80315,2024-10-03,2024-10-09
1237,퐁당패밀리 김포 팝업,서울 강서구 하늘길 지하 77,서울 강서구 방화동 886,37.56348,126.80327,2024-12-02,2024-12-15
385,소행성 충돌 전 고양이들을 탈출시켜라 작가의문 팝업,서울 강서구 하늘길 지하 77,서울 강서구 방화동 886,37.561966,126.80191,2024-08-02,2024-09-22
4743,나임포터리 X 시시호시 팝업,서울 강서구 하늘길 지하 77,"서울 강서구 하늘길 지하 77 (방화동, 김포공항역)",37.562275,126.801384,2025-11-21,2025-12-04
4324,순수한면 𝗫 몰티즈 팝업,서울 관악구 관악로 173,서울 관악구 관악로 173 (봉천동),37.480724,126.95217,2025-10-01,2025-10-31
4449,원룸만들기 팝업,서울 관악구 관악로14길 110,서울 관악구 관악로14길 110 (봉천동),37.477703,126.95845,2025-10-22,2025-12-31
5171,GS25 X 명조 팝업 - 관악,서울 관악구 남부순환로 1599-3,서울 관악구 남부순환로 1599-3 (신림동),37.484467,126.928276,2025-12-31,2026-01-15
5635,2026 관악 책빵축제,서울 관악구 신림로 328,서울 관악구 신림로 328 (신림동),37.48177,126.92886,2026-05-09,2026-05-10
5274,GS25 X 플레이브 팝업 - 건대,서울 광진구 광나루로24길 14,서울 광진구 광나루로24길 14 (화양동),37.545643,127.076256,2026-01-16,2026-01-31
2774,업비트 피자데이 팝업 - 건국대학교,서울 광진구 능동로 120,"서울 광진구 능동로 120 (화양동, 건국대학교)",37.544403,127.07757,2025-05-22,2025-05-22
2225,폰즈 리무버카 팝업 - 세종대,서울 광진구 능동로 209,서울 광진구 군자동 98,37.55064,127.07395,2025-03-18,2025-03-18
895,청년행복 팝업,서울 광진구 능동로 209,서울 광진구 군자동 98,37.548958,127.07455,2024-10-28,2024-10-29
4625,논타입 팝업,서울 광진구 능동로 92,"서울 광진구 능동로 92 (자양동, 롯데백화점)",37.53905,127.07107,2025-11-07,2025-11-16
5853,레스포색 롯데백화점 건대스타시티점 오픈 이벤트,서울 광진구 능동로 92,"서울 광진구 능동로 92 (자양동, 롯데백화점)",37.538982,127.07141,2026-03-10,2026-03-15
538,퓨어포레 건대 스타시티 팝업,서울 광진구 능동로 92,서울 광진구 자양동 227-342,37.538994,127.07141,2024-09-01,2024-09-17
2008,춘천감자밭 감자빵 팝업,서울 광진구 능동로 92,서울 광진구 자양동 227-342,37.538933,127.07129,2025-02-21,2025-02-28
4402,오프넝 스튜디오 마켓,서울 광진구 동일로66길 34,서울 광진구 동일로66길 34 (중곡동),37.56125,127.07677,2025-10-25,2025-10-26
2634,토끼의 시골집 플리마켓 팝업,서울 광진구 뚝섬로46길 39,서울 광진구 자양동 598-8,37.531033,127.07663,2025-05-09,2025-05-11
2756,어르니마켓 팝업,서울 광진구 아차산로 200,서울 광진구 아차산로 200 (자양동),37.541058,127.06567,2025-05-17,2025-05-18
3628,필루미네이트 팝업 ,서울 광진구 아차산로 200,서울 광진구 아차산로 200 (자양동),37.54107,127.0657,2025-08-05,2025-08-21
4381,어르니마켓 팝업,서울 광진구 아차산로 200,서울 광진구 아차산로 200 (자양동),37.54108,127.0657,2025-10-25,2025-10-26
5122,라스트 플리마켓,서울 광진구 아차산로 200,서울 광진구 아차산로 200 (자양동),37.54104,127.06562,2025-12-26,2025-12-28
5356,굿즈플래너 팝업,서울 광진구 아차산로 200,서울 광진구 아차산로 200 (자양동),37.54105,127.06566,2026-01-13,2026-02-09
3837,에스파 팝업 - 성수 꿀 리치 ,서울 광진구 아차산로 200,서울 광진구 아차산로 200 (자양동),37.54105,127.065704,2025-09-01,2025-09-03
4804,어포드 팝업,서울 광진구 아차산로 200,서울 광진구 아차산로 200 (자양동),37.541046,127.06562,2025-11-26,2025-12-10
5582,에프에이디 팝업,서울 광진구 아차산로 200,서울 광진구 아차산로 200 (자양동),37.541058,127.06567,2026-02-12,2026-03-10
1403,커먼윈터타운 팝업,서울 광진구 아차산로 200,서울 광진구 자양동 17-1,37.54104,127.065674,2024-12-06,2024-12-25
673,커먼그라운드 어포드 팝업,서울 광진구 아차산로 200,서울 광진구 자양동 17-1,37.541183,127.06535,2024-09-13,2024-09-30
1826,무유무유 팝업,서울 광진구 아차산로 200,서울 광진구 자양동 17-1,37.541058,127.06565,2025-02-04,2025-03-10
5209,프리파라 팝업,서울 광진구 아차산로 262,"서울 광진구 아차산로 262 (자양동, 더샵스타시티)",37.537003,127.07296,2026-01-01,2026-01-18
4042,고양이와 스프 팝업 ,서울 광진구 아차산로 272,"서울 광진구 아차산로 272 (자양동, 더샵스타시티)",37.538597,127.07321,2025-09-18,2025-10-09
5411,명일방주 팝업 - 겨울의 초대장,서울 광진구 아차산로 272,"서울 광진구 아차산로 272 (자양동, 더샵스타시티)",37.538628,127.072914,2026-01-23,2026-02-08
3452,슈가슈가룬 콜라보 카페,서울 광진구 아차산로 272,"서울 광진구 아차산로 272 (자양동, 더샵스타시티)",37.538624,127.07268,2025-07-31,2025-08-24
2274,케로로 팝업,서울 광진구 아차산로 272,서울 광진구 자양동 227-7,37.53846,127.07301,2025-03-20,2025-04-06
2602,몰랑이 팝업,서울 광진구 아차산로 272,서울 광진구 자양동 227-7,37.53862,127.072754,2025-05-08,2025-05-25
1905,프리티시리즈 팝업,서울 광진구 아차산로 272,서울 광진구 자양동 227-7,37.5386,127.07318,2025-02-14,2025-03-03
4653,주토피아2 팝업 - 메가박스 구의 이스트폴,서울 광진구 아차산로 402,"서울 광진구 아차산로 402 (자양동, 판매시설)",37.536697,127.08772,2025-11-21,2025-12-21
5579,굿지움 팝업,서울 광진구 아차산로 402,"서울 광진구 아차산로 402 (자양동, 판매시설)",37.536613,127.08787,2026-02-13,2026-02-26
5347,앤식깡 팝업,서울 광진구 아차산로 402,"서울 광진구 아차산로 402 (자양동, 판매시설)",37.536613,127.08784,2026-01-02,2026-01-29
5231,룸 포 원더: 상상의 문을 열다 전시,서울 광진구 아차산로 402,"서울 광진구 아차산로 402 (자양동, 판매시설)",37.536602,127.08784,2025-12-19,2026-06-07
4661,새로 가챠 팝업스토어 in 건대,서울 광진구 아차산로33길 46,서울 광진구 아차산로33길 46 (화양동),37.542286,127.07091,2025-11-21,2025-12-14
3745,히어로즈샵 팝업 ,서울 구로구 경인로 430,"서울 구로구 경인로 430 (고척동, 고척스카이돔)",37.498386,126.86672,2025-08-26,2025-08-28
1507,공중 만화탕 전시,서울 구로구 경인로 430,서울 구로구 고척동 63-6,37.498165,126.86716,2024-11-01,2025-03-02
876,퐁당패밀리 신도림 팝업,서울 구로구 경인로 662,서울 구로구 신도림동 692,37.509068,126.88949,2024-10-25,2024-11-03
181,서울 지하철 개통 50주년 또타 팝업,서울 구로구 경인로 662,서울 구로구 신도림동 692,37.509106,126.88958,2024-07-26,2024-08-04
755,풀라티케리움 팝업,서울 구로구 고척로27길 42,서울 구로구 개봉동 118-23,37.503853,126.84681,2024-10-18,2024-10-20
5836,헤어플러스 팝업,서울 구로구 디지털로26길 38,"서울 구로구 디지털로26길 38 (구로동, G-Tower)",37.479958,126.89542,2026-03-09,2026-03-13
5471,이터널유 팝업,서울 금천구 가산디지털2로 34,서울 금천구 가산디지털2로 34 (가산동),37.471672,126.88346,2026-01-30,2026-01-31
5892,마리페(MARIFE) 팝업 스토어,서울 금천구 디지털로 185,"서울 금천구 디지털로 185 (가산동, 마리오아울렛1)",37.478188,126.88715,2026-03-19,
1362,마이 미니미 스튜디오 팝업,서울 노원구 동일로 1414,서울 노원구 상계동 713,37.655293,127.06131,2024-12-06,2025-01-31
1965,코랄리에 팝업,서울 노원구 동일로 1414,서울 노원구 상계동 713,37.655163,127.061264,2025-02-21,2025-02-27
5808,이니스프리 X 뷰티쁠 무빙 팝업,서울 동대문구 경희대로 26,"서울 동대문구 경희대로 26 (회기동, 경희대학교,경희초,중,고,여자중고등학교)",37.59498,127.05177,2026-03-10,2026-03-12
5893,로우라이즈 X 뷰티쁠 무빙 팝업,서울 동대문구 경희대로 26,"서울 동대문구 경희대로 26 (회기동, 경희대학교,경희초,중,고,여자중고등학교)",37.59498,127.05177,2026-03-16,2026-03-18
2227,폰즈 리무버카 팝업 - 서울시립대,서울 동대문구 서울시립대로 163,서울 동대문구 전농동 694,37.58395,127.05796,2025-03-20,2025-03-20
5428,포동푸딩 팝업,서울 동대문구 왕산로 214,"서울 동대문구 왕산로 214 (전농동, 청량리역,롯데백화점)",37.580677,127.04856,2026-01-23,2026-02-19
947,태극당 청량리 팝업,서울 동대문구 왕산로 214,서울 동대문구 전농동 591-53,37.58067,127.048515,2024-10-28,2024-11-14
4958,부드라미 팝업,서울 동작구 동작대로 119-1,서울 동작구 동작대로 119-1 (사당동),37.48734,126.981895,2025-12-05,2025-12-28
4085,Jurassicnasu 팝업,서울 동작구 만양로1길 1,서울 동작구 만양로1길 1 (상도동),37.50572,126.94677,2025-10-11,2025-10-26
4493,명조 X 반올림피자 팝업,서울 동작구 사당로20길 17,서울 동작구 사당로20길 17 (사당동),37.48233,126.97577,2025-11-01,2025-11-02
2843,서울국제정원박람회 메타몽가든 ,서울 동작구 여의대방로20길 33,"서울 동작구 여의대방로20길 33 (신대방동, 동부공원녹지사업소)",37.494286,126.91965,2025-05-22,2025-06-22
5369,배드블러드 팝업 -합정,서울 마포구 독막로 31-1,"서울 마포구 독막로 31-1 (합정동, 베리빌딩)",37.548424,126.9169,2026-01-23,2026-01-26
5943,배드블러드 샘플 & 리퍼브 세일 이벤트 - 합정,서울 마포구 독막로 31-1,"서울 마포구 독막로 31-1 (합정동, 베리빌딩)",37.548428,126.91689,2026-03-20,2026-03-22
4447,나메코 팝업,서울 마포구 독막로15길 12,서울 마포구 독막로15길 12 (상수동),37.548378,126.92226,2025-12-05,2026-01-04
1733,Spread The Love : 사랑을 퍼뜨리다 팝업,서울 마포구 독막로15길 12,서울 마포구 상수동 145-12,37.548367,126.9223,2025-02-07,2025-02-09
2951,미즈노 팝업 - 홍대,서울 마포구 독막로9길 29,서울 마포구 서교동 404-2,37.54963,126.92008,2025-06-02,2025-06-15
4453,할로윈 블리치 리스닝 파티 - 블리치: 소울 레조넌스,서울 마포구 동교로 144,서울 마포구 동교로 144 (서교동),37.555202,126.91812,2025-10-31,2025-10-31
5900,와이즈걸 빈티지 팝업 - Warm Archive 온기의 기록,서울 마포구 동교로 144-3,서울 마포구 동교로 144-3 (서교동),37.555107,126.91842,2026-03-21,2026-03-22
5500,와이즈걸 빈티지 팝업,서울 마포구 동교로 144-3,서울 마포구 동교로 144-3 (서교동),37.555107,126.91842,2026-02-06,2026-02-08
2682,말렌 팝업,서울 마포구 동교로 209-4,서울 마포구 동교동 198-13,37.55888,126.92321,2025-05-08,2025-05-10
2735,슈퍼너츠 팝업 - 연남,서울 마포구 동교로 232,서울 마포구 동교로 232 (동교동),37.56039,126.9241,2025-05-24,2025-05-25
3846,그럴만두 팝업 - 연남 ,서울 마포구 동교로 271,"서울 마포구 동교로 271 (연남동, 영광빌딩)",37.56377,126.925735,2025-09-03,2025-11-05
5216,메이드바이 행운맨숀 팝업 - 연남,서울 마포구 동교로 271,"서울 마포구 동교로 271 (연남동, 영광빌딩)",37.563793,126.92573,2026-01-07,2026-04-08
4014,THE SEOUL EDITION 팝업 ,서울 마포구 동교로 274,서울 마포구 동교로 274 (연남동),37.563694,126.926155,2025-09-19,2025-09-21
3572,YBM 팝업 ,서울 마포구 동교로25길 16,서울 마포구 동교로25길 16 (동교동),37.55793,126.92175,2025-08-08,2025-08-09
5662,아따맘마 X 비온아넥스 콜라보 카페,서울 마포구 동교로25길 34,서울 마포구 동교로25길 34 (동교동),37.55851,126.92103,2026-02-19,2026-03-01
772,에어로케이 X 마더그라운드 팝업,서울 마포구 동교로25길 54,서울 마포구 연남동 568-45,37.55918,126.920334,2024-10-09,2024-10-20
4979,"캐비티룸 팝업 - Across Hands, Across Borders",서울 마포구 동교로25길 58,서울 마포구 동교로25길 58 (연남동),37.559334,126.920166,2025-12-12,2025-12-16
5811,아이언더스탠드 팝업,서울 마포구 동교로25길 58,서울 마포구 동교로25길 58 (연남동),37.559322,126.92019,2026-03-13,2026-03-15
1255,산타의집 팝업,서울 마포구 동교로27길 50,서울 마포구 연남동 567-1,37.56005,126.92141,2024-11-22,2024-12-15
2772,클라뷰 X 포롱이 팝업,서울 마포구 동교로29길 34,서울 마포구 동교로29길 34 (연남동),37.562057,126.92316,2025-05-16,2025-05-30
4237,후카후카 스튜디오 X 히히클럽 팝업 - 후후히히 학교가자,서울 마포구 동교로29길 48,서울 마포구 동교로29길 48 (연남동),37.56252,126.92281,2025-10-03,2025-10-21
1649,(여자)아이들 민니 HERS 팝업,서울 마포구 동교로30길 21,서울 마포구 동교동 148-12,37.559917,126.925064,2025-01-22,2025-01-29
594,써모스 빌리지 홍대 팝업,서울 마포구 동교로30길 21,서울 마포구 동교동 148-12,37.559917,126.925064,2024-09-26,2024-10-06
3370,견우와 선녀 팝업,서울 마포구 동교로30길 21,서울 마포구 동교로30길 21 (동교동),37.559917,126.925064,2025-08-01,2025-08-10
5572,스마트골목길 팝업,서울 마포구 동교로30길 21,서울 마포구 동교로30길 21 (동교동),37.559914,126.92505,2026-02-20,2026-02-22
4207,블룸하우스 팝업,서울 마포구 동교로30길 21,서울 마포구 동교로30길 21 (동교동),37.55989,126.92512,2025-10-08,2025-10-20
5092,테이크댓써말홈 팝업,서울 마포구 동교로30길 21,서울 마포구 동교로30길 21 (동교동),37.559902,126.9251,2025-12-20,2025-12-28
5873,아워섹션 팝업,서울 마포구 동교로30길 21,서울 마포구 동교로30길 21 (동교동),37.559925,126.925,2026-03-28,2026-03-29
5721,<오늘부터 인간입니다만> 팝업,서울 마포구 동교로30길 21,서울 마포구 동교로30길 21 (동교동),37.559925,126.92502,2026-02-27,2026-03-08
4846,KKPP 해외탐방 보고회 - 세계로! 미래로! KKPP푸드,서울 마포구 동교로30길 21,서울 마포구 동교로30길 21 (동교동),37.559914,126.9251,2025-12-02,2025-12-15
3690,로컬 팝업 - 강원/충청/전라/경상/제주 로컬상품전,서울 마포구 동교로38길 19,서울 마포구 동교로38길 19 (연남동),37.56204,126.92543,2025-08-19,2025-08-25
3560,로컬 팝업 - 경기/인천 로컬 상품전,서울 마포구 동교로38길 19,서울 마포구 동교로38길 19 (연남동),37.56204,126.925514,2025-08-05,2025-08-11
4204,춘천 포테이투어 팝업,서울 마포구 동교로38길 19,서울 마포구 동교로38길 19 (연남동),37.562046,126.92552,2025-10-15,2025-10-19
2880,댐잇 터미널 팝업,서울 마포구 동교로38길 19,서울 마포구 동교로38길 19 (연남동),37.56204,126.92547,2025-05-28,2025-06-01
3747,전남 영암 무화과 팝업 - 여왕의 궁전 : 무화과 연회,서울 마포구 동교로38길 19,서울 마포구 동교로38길 19 (연남동),37.56204,126.92547,2025-08-29,2025-08-31
3092,로컬 터미널 팝업,서울 마포구 동교로38길 19,서울 마포구 동교로38길 19 (연남동),37.56204,126.92547,2025-06-27,2025-06-29
170,서천 마케트 팝업,서울 마포구 동교로38길 19,서울 마포구 연남동 390-59,37.56204,126.92547,2024-07-26,2024-08-04
750,미꾸야 제맛대로 연구소 팝업,서울 마포구 동교로38길 19,서울 마포구 연남동 390-59,37.56204,126.92547,2024-10-04,2024-10-13
438,제주한잔 연남상륙작전 팝업,서울 마포구 동교로38길 19,서울 마포구 연남동 390-59,37.562035,126.92546,2024-08-30,2024-09-08
17,서천군xCRUSH 팝업,서울 마포구 동교로38길 19,서울 마포구 연남동 390-59,37.56204,126.92547,2024-07-26,2024-08-04
986,부평 지하던전 팝업,서울 마포구 동교로38길 19,서울 마포구 연남동 390-59,37.562035,126.92546,2024-11-01,2024-11-10
2415,강원특별자치도 양구9경 팝업,서울 마포구 동교로38길 19,서울 마포구 연남동 390-59,37.56204,126.92547,2025-04-02,2025-04-06
889,부평 지하던전 연남 팝업,서울 마포구 동교로38길 19,서울 마포구 연남동 390-59,37.56204,126.92547,2024-11-01,2024-11-10
992,부평 지하던전 팝업스토어,서울 마포구 동교로38길 19,서울 마포구 연남동 390-59,37.562035,126.92546,2024-11-01,2024-11-10
918,베리베리 건강원 팝업,서울 마포구 동교로38길 33-18,서울 마포구 연남동 383-78,37.561974,126.92636,2024-10-25,2024-11-03
4455,PIT STOP 빈티지 팝업,서울 마포구 동교로38안길 11,서울 마포구 동교로38안길 11 (연남동),37.562386,126.92474,2025-10-31,2025-11-02
4908,오로라퀸 팝업,서울 마포구 동교로38안길 11,서울 마포구 동교로38안길 11 (연남동),37.56236,126.92474,2025-12-13,2025-12-15
4995,레이나모라 팝업,서울 마포구 동교로38안길 11,서울 마포구 동교로38안길 11 (연남동),37.562393,126.92474,2025-12-19,2025-12-24
4409,얼터드퓨쳐 팝업,서울 마포구 동교로38안길 11,서울 마포구 동교로38안길 11 (연남동),37.562393,126.92474,2025-11-07,2025-11-09
4520,HIMASSMANIA 팝업,서울 마포구 동교로38안길 11,서울 마포구 동교로38안길 11 (연남동),37.562397,126.92469,2025-11-15,2025-11-16
4263,MORAK 학교 밖 청소년 창업동아리 팝업,서울 마포구 동교로38안길 11,서울 마포구 동교로38안길 11 (연남동),37.562393,126.924706,2025-10-16,2025-10-18
3978,아케호무 팝업 ,서울 마포구 동교로38안길 11,서울 마포구 동교로38안길 11 (연남동),37.562393,126.9247,2025-09-20,2025-09-21
4763,한블랙 팝업 - 블랙 매니아 프라이데이,서울 마포구 동교로38안길 11,서울 마포구 동교로38안길 11 (연남동),37.562393,126.92474,2025-11-29,2025-11-30
4121,로컬담화 팝업,서울 마포구 동교로38안길 11,서울 마포구 동교로38안길 11 (연남동),37.562378,126.9247,2025-10-03,2025-10-03
89,빈티지 스토어 WASHER 팝업,서울 마포구 동교로38안길 11,서울 마포구 연남동 390-65,37.562393,126.92472,2024-07-03,2024-09-29
821,1907 Village 팝업,서울 마포구 동교로38안길 11,서울 마포구 연남동 390-65,37.56239,126.92473,2024-10-22,2024-11-03
5612,라이프밀 팝업,서울 마포구 동교로38안길 17,"서울 마포구 동교로38안길 17 (연남동, 수앤지빌)",37.562355,126.9251,2026-02-13,2026-02-22
3507,킹 오브 킹스 팝업,서울 마포구 동교로38안길 17,"서울 마포구 동교로38안길 17 (연남동, 수앤지빌)",37.562355,126.92513,2025-08-03,2025-08-31
806,냥냥펀치클럽 팝업,서울 마포구 동교로38안길 17,서울 마포구 연남동 390-92,37.56236,126.9251,2024-10-16,2024-10-20
1394,산타가 된 몽모 팝업,서울 마포구 동교로38안길 17,서울 마포구 연남동 390-92,37.56236,126.9251,2024-12-18,2024-12-22
514,로에카 팝업,서울 마포구 동교로38안길 17,서울 마포구 연남동 390-92,37.56236,126.9251,2024-09-06,2024-09-08
1208,냥냥몬스터즈 홀리데이 팝업,서울 마포구 동교로38안길 17,서울 마포구 연남동 390-92,37.56236,126.9251,2024-12-06,2024-12-08
2081,수키도키 X 디아리움 팝업,서울 마포구 동교로46길 14,서울 마포구 연남동 387-24,37.562347,126.92549,2025-03-07,2025-03-23
3162,묘냥이와 멍구 팝업,서울 마포구 동교로46길 42-5,"서울 마포구 동교로46길 42-5 (연남동, 신박사빌딩)",37.56185,126.92677,2025-06-28,2025-07-12
1198,노 노트X왓어버터 팝업,서울 마포구 동교로51안길 19,서울 마포구 연남동 223-16,37.565166,126.924286,2024-12-07,2024-12-08
4264,스트레이키즈 팝업,서울 마포구 마포나루길 442,"서울 마포구 마포나루길 442 (망원동, 수상택시)",37.553383,126.89664,2025-10-11,2025-10-26
5406,전지적 독자 시점 팝업,서울 마포구 성미산로 151-1,"서울 마포구 성미산로 151-1 (연남동, 일오일 빌딩)",37.564507,126.92321,2026-01-30,2026-02-08
5054,그래블스토어 팝업 - 그래블리,서울 마포구 성미산로 153-13,서울 마포구 연남동 240-34,37.564926,126.923004,2025-12-20,2025-12-21
5514,쿄도 팝업,서울 마포구 성미산로 190-3,서울 마포구 연남동 227-24,37.56272,126.92618,2026-02-07,2026-02-08
811,GAYEON LEE 팝업,서울 마포구 성미산로15길 72,서울 마포구 연남동 487-439,37.564354,126.917046,2024-10-24,2024-10-27
4101,트라이베라 팝업,서울 마포구 성미산로17길 9,서울 마포구 성미산로17길 9 (연남동),37.56199,126.91804,2025-09-27,2025-09-27
3366,출판사 결 팝업 - Was it love ?,서울 마포구 성미산로29길 29-9,서울 마포구 성미산로29길 29-9 (연남동),37.56506,126.9217,2025-08-02,2025-08-10
4613,스틸레써디 팝업,서울 마포구 성미산로29길 35-9,서울 마포구 연남동 245-78,37.565487,126.921524,2025-11-14,2025-11-16
681,GREEN STEEL 팝업,서울 마포구 성암로 15-8,서울 마포구 성산동 123-11,37.568066,126.914276,2024-10-04,2024-10-06
4388,서해최북단 섬셋 팝업,서울 마포구 성지길 40,서울 마포구 성지길 40 (합정동),37.546883,126.91268,2025-11-08,2025-11-08
3187,SME 비디오샵 컨셉 프로모션 - 서울/코리아디스코 VHS,서울 마포구 신촌로2길 5-8,서울 마포구 신촌로2길 5-8 (동교동),37.557766,126.92778,2025-07-03,2025-07-06
5786,<신경 쓰이는 사람이 남자가 아니었다> 팝업,서울 마포구 신촌로6길 22,서울 마포구 신촌로6길 22 (동교동),37.55642,126.9298,2026-03-20,2026-03-29
4307,괴수 8호 팝업,서울 마포구 신촌로6길 22,서울 마포구 신촌로6길 22 (동교동),37.55639,126.929794,2025-10-24,2025-11-02
1379,BT21 엔젤 앤 빌런 팝업,서울 마포구 양화로 141,서울 마포구 동교동 160-5,37.555695,126.92167,2024-12-13,2025-01-13
3038,제로니 홈 파티 팝업,서울 마포구 양화로 141,"서울 마포구 양화로 141 (동교동, 롯데호텔 L7홍대)",37.55575,126.92167,2025-06-20,2025-06-29
3357,조앤프렌즈 팝업,서울 마포구 양화로 141,"서울 마포구 양화로 141 (동교동, 롯데호텔 L7홍대)",37.55575,126.92167,2025-07-30,2025-08-10
5531,므메미무 팝업 - 홍대,서울 마포구 양화로 141,"서울 마포구 양화로 141 (동교동, 롯데호텔 L7홍대)",37.55575,126.92167,2026-02-11,2026-02-22
3984,NCT DREAM 팝업 - Dreamiez’s Dream Forest ,서울 마포구 양화로 141,"서울 마포구 양화로 141 (동교동, 롯데호텔 L7홍대)",37.555683,126.92166,2025-09-19,2025-09-28
4136,마이티즈 월드 팝업- Enter the MIGHTEEZ,서울 마포구 양화로 141,"서울 마포구 양화로 141 (동교동, 롯데호텔 L7홍대)",37.55562,126.92162,2025-10-11,2025-10-19
5475,롯데리아 소스 콜키지 프리 이벤트,서울 마포구 양화로 141,"서울 마포구 양화로 141 (동교동, 롯데호텔 L7홍대)",37.555805,126.92183,2026-02-02,2026-02-02
5701,NCT DREAM 팝업 - SWEET Dreamiez,서울 마포구 양화로 141,"서울 마포구 양화로 141 (동교동, 롯데호텔 L7홍대)",37.555687,126.92155,2026-03-05,2026-03-15
4418,제로베이스원 팝업 - zeroni FLUFFY Wonderland,서울 마포구 양화로 141,"서울 마포구 양화로 141 (동교동, 롯데호텔 L7홍대)",37.555687,126.92148,2025-10-31,2025-11-09
4490,포카아이 팝업 - 홍대,서울 마포구 양화로 141,"서울 마포구 양화로 141 (동교동, 롯데호텔 L7홍대)",37.555676,126.92166,2025-09-18,2026-09-18
5010,크리스마스 롯데리아 디저트 팝업,서울 마포구 양화로 141,"서울 마포구 양화로 141 (동교동, 롯데호텔 L7홍대)",37.555855,126.92183,2025-12-24,2025-12-28
5858,마이티즈 팝업 - Wonder Room - 홍대,서울 마포구 양화로 141,"서울 마포구 양화로 141 (동교동, 롯데호텔 L7홍대)",37.55575,126.92167,2026-03-18,2026-03-29
4961,조앤프렌즈 팝업 - 홍대,서울 마포구 양화로 141,"서울 마포구 양화로 141 (동교동, 롯데호텔 L7홍대)",37.55568,126.92166,2025-12-19,2025-12-28
3229,실바니안 패밀리 X 엔제리너스 콜라보 카페,서울 마포구 양화로 141,"서울 마포구 양화로 141 (동교동, 롯데호텔 L7홍대)",37.555695,126.9217,2025-07-01,2025-08-31
1460,감정 과수원 전시,서울 마포구 양화로 144,서울 마포구 동교동 162-5,37.555344,126.92239,2024-10-09,2025-01-19
1756,"굿나잇, 티팩토리 전시",서울 마포구 양화로 144,서울 마포구 동교동 162-5,37.555344,126.92239,2025-01-23,2025-02-26
191,Horok 술림픽 팝업,서울 마포구 양화로 144,서울 마포구 동교동 162-5,37.555344,126.92239,2024-07-04,2024-08-31
204,Horok 술림픽 팝업스토어,서울 마포구 양화로 144,서울 마포구 동교동 162-5,37.555344,126.92239,2024-07-04,2024-08-31
4885,기묘한 이야기 팝업 - 홍대,서울 마포구 양화로 144,"서울 마포구 양화로 144 (동교동, MERCURE 앰배서더 HOTEL 홍대)",37.55526,126.92238,2025-11-27,2025-12-28
78,폴더x우주먼지 팝업스토어,서울 마포구 양화로 152-6,서울 마포구 동교동 162-8,37.555725,126.923035,2024-07-19,2024-08-08
1629,주토피아 팝업 - 홍대,서울 마포구 양화로 153,서울 마포구 동교동 159-8,37.55647,126.922676,2024-12-27,2025-02-18
3161,스미스키 X 버터샵 팝업,서울 마포구 양화로 153,"서울 마포구 양화로 153 (동교동, 토로스 쇼핑타워)",37.556496,126.92263,2025-06-30,2025-07-13
1424,해리포터 X 카카오프렌즈 홍대 팝업,서울 마포구 양화로 162,서울 마포구 동교동 165-5,37.556404,126.923935,2024-12-13,2025-01-19
249,최고심 걱정도 팔자 팝업,서울 마포구 양화로 162,서울 마포구 동교동 165-5,37.55632,126.92392,2024-08-02,2024-09-12
1152,먼작귀 X 카카오프렌즈 홍대 팝업,서울 마포구 양화로 162,서울 마포구 동교동 165-5,37.556435,126.92384,2024-11-15,2024-12-31
5849,카카오프렌즈 X 춘수산 이벤트,서울 마포구 양화로 162,서울 마포구 양화로 162 (동교동),37.556538,126.92379,2026-03-06,
5850,승리의 여신: 니케 X 카카오프렌즈 팝업,서울 마포구 양화로 162,서울 마포구 양화로 162 (동교동),37.556545,126.92377,2026-03-20,2026-04-02
2574,이토 준지 매니악 X 나이스고스트클럽 팝업,서울 마포구 양화로 164,서울 마포구 동교동 165-4,37.556587,126.92398,2025-04-22,2025-05-05
1726,XTONZ 팝업,서울 마포구 양화로 164,서울 마포구 동교동 165-4,37.556595,126.924034,2025-01-23,2025-02-05
1115,무신사 스토어 홍대 인사일런스 팝업,서울 마포구 양화로 164,서울 마포구 동교동 165-4,37.556534,126.92406,2024-11-22,2024-12-04
1725,LMC 팝업,서울 마포구 양화로 164,서울 마포구 동교동 165-4,37.556442,126.924126,2025-01-23,2025-02-05
2288,르마드 팝업 - 홍대,서울 마포구 양화로 164,서울 마포구 동교동 165-4,37.556534,126.92406,2025-03-14,2025-03-27
2464,아이돈워너셀 팝업,서울 마포구 양화로 164,서울 마포구 동교동 165-4,37.55655,126.92399,2025-04-11,2025-04-21
2433,휠라 언더웨어 X 발란사 팝업,서울 마포구 양화로 164,서울 마포구 동교동 165-4,37.556534,126.92406,2025-03-28,2025-04-10
1327,무신사 뷰티 어워즈 홍대 팝업,서울 마포구 양화로 164,서울 마포구 동교동 165-4,37.556534,126.92406,2024-12-10,2024-12-22
1959,허그유어스킨 팝업,서울 마포구 양화로 164,서울 마포구 동교동 165-4,37.55653,126.92408,2025-02-17,2025-02-27
2696,토앤토 X 산리오캐릭터즈 팝업,서울 마포구 양화로 164,서울 마포구 동교동 165-4,37.55646,126.92416,2025-05-06,2025-05-22
39,이니스프리x무신사 홍대 팝업,서울 마포구 양화로 164,서울 마포구 동교동 165-4,37.556534,126.92405,2024-07-15,2024-07-31
4844,네거티브쓰리 팝업,서울 마포구 양화로 164,"서울 마포구 양화로 164 (동교동, 동덕타워)",37.556572,126.92399,2025-11-27,2025-12-09
2916,블루 아카이브 X 무신사 팝업 - 홍대,서울 마포구 양화로 164,"서울 마포구 양화로 164 (동교동, 동덕타워)",37.556473,126.92406,2025-06-06,2025-06-13
4709,탄산마그네슘 팝업,서울 마포구 양화로 164,"서울 마포구 양화로 164 (동교동, 동덕타워)",37.55651,126.92411,2025-11-16,2025-11-26
3165,펜타포트 2.0 팝업,서울 마포구 양화로 164,"서울 마포구 양화로 164 (동교동, 동덕타워)",37.55643,126.92416,2025-06-30,2025-07-06
5110,일리고 팝업,서울 마포구 양화로 164,"서울 마포구 양화로 164 (동교동, 동덕타워)",37.556496,126.924126,2025-12-23,2026-01-16
3055,오도어 팝업,서울 마포구 양화로 164,"서울 마포구 양화로 164 (동교동, 동덕타워)",37.55643,126.924126,2025-06-14,2025-06-21
4403,보이넥스트도어 팝업,서울 마포구 양화로 164,"서울 마포구 양화로 164 (동교동, 동덕타워)",37.55648,126.924095,2025-10-21,2025-10-27
5697,와이이이엘 팝업,서울 마포구 양화로 164,"서울 마포구 양화로 164 (동교동, 동덕타워)",37.556534,126.92406,2026-02-27,2026-03-12
2892,블루 아카이브 X 무신사 팝업 - 홍대,서울 마포구 양화로 164,"서울 마포구 양화로 164 (동교동, 동덕타워)",37.556534,126.92406,2025-06-06,2025-06-13
3278,가터 갤러리 & 길라 아카이브 시즌오프 팝업,서울 마포구 양화로 164,"서울 마포구 양화로 164 (동교동, 동덕타워)",37.55661,126.92394,2025-07-07,2025-07-17
4295,투어스 팝업,서울 마포구 양화로 164,"서울 마포구 양화로 164 (동교동, 동덕타워)",37.55646,126.924095,2025-10-14,2025-10-20
5566,일리고 X 무신사 팝업,서울 마포구 양화로 164,"서울 마포구 양화로 164 (동교동, 동덕타워)",37.556534,126.92406,2026-02-09,2026-02-26
4513,블랙핑크 팝업 - 홍대,서울 마포구 양화로 164,"서울 마포구 양화로 164 (동교동, 동덕타워)",37.55648,126.92409,2025-11-01,2025-11-10
3502,슬로우애시드 팝업,서울 마포구 양화로 164,"서울 마포구 양화로 164 (동교동, 동덕타워)",37.556484,126.92411,2025-08-01,2025-08-14
164,갤럭시 스튜디오 홍대 팝업,서울 마포구 양화로 171,서울 마포구 동교동 156-4,37.557564,126.924065,2024-07-11,2024-08-11
203,갤럭시 스튜디오,서울 마포구 양화로 171,서울 마포구 동교동 156-4,37.55753,126.92406,2024-07-11,2024-08-11
3315,갤럭시 스튜디오 팝업 - 홍대,서울 마포구 양화로 171,서울 마포구 양화로 171 (동교동),37.557495,126.92398,2025-07-10,2025-08-10
325,WONDERPPLCACE X LIL CHERRY 팝업,서울 마포구 양화로 176,서울 마포구 동교동 166-14,37.557243,126.92499,2024-08-07,2024-08-21
1771,플레이브 X 일상의틈 팝업 - 홍대,서울 마포구 양화로 178-5,서울 마포구 동교동 167-24,37.55769,126.92543,2025-02-04,2025-02-10
1772,플레이브 X 일상의틈 팝업 - 홍대_사본,서울 마포구 양화로 178-5,서울 마포구 동교동 167-24,37.55769,126.92543,2025-02-04,2025-02-10
5455,스텔라이브 팝업,서울 마포구 양화로 178-5,서울 마포구 양화로 178-5 (동교동),37.55769,126.92543,2026-02-13,2026-03-02
893,강철의 연금술사전 전시,서울 마포구 양화로 186,서울 마포구 동교동 167-2,37.557667,126.925896,2024-11-30,2025-03-03
1568,아이돌마스터 신데렐라걸즈 - 고마움이 모이는 장소 전시,서울 마포구 양화로 186,서울 마포구 동교동 167-2,37.5577,126.92602,2025-01-08,2025-03-03
1986,도쿄卍리벤저스 전시,서울 마포구 양화로 186,서울 마포구 동교동 167-2,37.55771,126.92598,2025-03-29,2025-06-29
1746,【최애의 아이】展 거짓말과 아이／빛과 그림자 전시,서울 마포구 양화로 186,서울 마포구 동교동 167-2,37.55772,126.92597,2025-03-22,2025-06-08
1076,강철의 연금술사전 전시,서울 마포구 양화로 186,서울 마포구 동교동 167-2,37.557667,126.925896,2024-11-30,2025-03-03
3132,컨저링 유니버스 투어 전시,서울 마포구 양화로 186,"서울 마포구 양화로 186 (동교동, LC TOWER)",37.557636,126.926025,2025-07-26,2025-10-19
3133,체인소 맨 전시,서울 마포구 양화로 186,"서울 마포구 양화로 186 (동교동, LC TOWER)",37.55778,126.92593,2025-07-19,2025-11-23
4159,나 혼자만 레벨업 전시,서울 마포구 양화로 186,"서울 마포구 양화로 186 (동교동, LC TOWER)",37.5577,126.926025,2025-12-13,2026-03-01
2267,쿠오카 팝업,서울 마포구 양화로 188,서울 마포구 동교동 190-1,37.55777,126.92636,2025-03-07,2025-03-20
3095,"타시로, 너란 녀석은 X 애니메이트 콜라보 카페 - 홍대",서울 마포구 양화로 188,서울 마포구 동교동 190-1,37.557987,126.92621,2025-06-13,2025-07-15
2534,아크라이브 팝업,서울 마포구 양화로 188,서울 마포구 동교동 190-1,37.557804,126.9263,2025-04-15,2025-04-30
1980,수바코 팝업,서울 마포구 양화로 188,서울 마포구 동교동 190-1,37.557724,126.9265,2025-02-21,2025-03-06
1981,솔트팩토리 팝업,서울 마포구 양화로 188,서울 마포구 동교동 190-1,37.557556,126.926704,2025-02-21,2025-03-06
2596,문호 스트레이독스 X 애니메이트 콜라보 카페 - 홍대,서울 마포구 양화로 188,서울 마포구 동교동 190-1,37.55798,126.926186,2025-04-18,2025-05-13
2557,해리포터 마호도코로 팝업,서울 마포구 양화로 188,서울 마포구 동교동 190-1,37.55788,126.92633,2025-05-01,2025-05-28
2367,뭉 팝업,서울 마포구 양화로 188,서울 마포구 동교동 190-1,37.557793,126.92633,2025-03-24,2025-03-31
262,굿즈플래너 <굿즈원더랜드> 팝업,서울 마포구 양화로 188,서울 마포구 동교동 190-1,37.55784,126.92634,2024-08-06,2024-08-22
1714,수바코 팝업,서울 마포구 양화로 188,서울 마포구 동교동 190-1,37.55783,126.926285,2025-01-24,2025-02-02
263,도토리 캐리커쳐 팝업,서울 마포구 양화로 188,서울 마포구 동교동 190-1,37.557808,126.92641,2024-08-01,2024-08-31
1748,써니사이드업 팝업,서울 마포구 양화로 188,서울 마포구 동교동 190-1,37.557842,126.92636,2025-01-31,2025-02-06
2485,디지몬 어드벤처 25주년 기념 전시,서울 마포구 양화로 188,서울 마포구 동교동 190-1,37.557957,126.92614,2025-05-01,2025-07-09
2727,댄꼼마 팝업,서울 마포구 양화로 188,서울 마포구 동교동 190-1,37.557842,126.92638,2025-05-29,2025-06-12
404,쁘띠팩토리 팝업,서울 마포구 양화로 188,서울 마포구 동교동 190-1,37.557808,126.92641,2024-08-22,2024-09-04
1373,치플레 홍대 팝업,서울 마포구 양화로 188,서울 마포구 동교동 190-1,37.557697,126.92654,2024-12-16,2025-01-02
2028,도토리 캐리커쳐 팝업,서울 마포구 양화로 188,서울 마포구 동교동 190-1,37.557796,126.92635,2025-02-21,2025-03-13
677,비비앙 팝업,서울 마포구 양화로 188,서울 마포구 동교동 190-1,37.557808,126.92641,2024-09-19,2024-10-10
2114,꿈빛 파티시엘 팝업,서울 마포구 양화로 188,서울 마포구 동교동 190-1,37.557846,126.92632,2025-03-27,2025-04-22
1963,5등분의 신부 전시,서울 마포구 양화로 188,서울 마포구 동교동 190-1,37.557713,126.92649,2025-02-22,2025-04-06
975,주디마리 홍대 팝업,서울 마포구 양화로 188,서울 마포구 동교동 190-1,37.55782,126.92641,2024-11-01,2024-11-14
2013,브레더스 팝업 - 홍대,서울 마포구 양화로 188,서울 마포구 동교동 190-1,37.557827,126.92634,2025-02-26,2025-03-11
1646,톰과 제리 팝업,서울 마포구 양화로 188,서울 마포구 동교동 190-1,37.557793,126.92631,2025-01-14,2025-01-23
1536,미스터두낫띵 팝업,서울 마포구 양화로 188,서울 마포구 동교동 190-1,37.557602,126.92662,2025-01-04,2025-01-13
1928,나츠메 에리 전시,서울 마포구 양화로 188,서울 마포구 동교동 190-1,37.55778,126.92636,2025-02-15,2025-02-23
3285,꿈빛 파티시엘 팝업_사본,서울 마포구 양화로 188,서울 마포구 동교동 190-1,37.557846,126.92632,2025-03-27,2025-04-22
1288,베리베리뱁 팝업,서울 마포구 양화로 188,서울 마포구 동교동 190-1,37.55782,126.926414,2024-12-06,2024-12-15
2467,나의 히어로 아카데미아 전시,서울 마포구 양화로 188,서울 마포구 동교동 190-1,37.557842,126.92628,2025-04-19,2025-06-22
391,나는 솔로 팝업스토어,서울 마포구 양화로 188,서울 마포구 동교동 190-1,37.557808,126.92641,2024-08-23,2024-09-12
1957,오마케 팝업,서울 마포구 양화로 188,서울 마포구 동교동 190-1,37.557747,126.9265,2025-02-25,2025-03-25
2095,노배드바이브스 팝업,서울 마포구 양화로 188,서울 마포구 동교동 190-1,37.55787,126.92634,2025-03-07,2025-03-20
1749,모리노팡 팝업,서울 마포구 양화로 188,서울 마포구 동교동 190-1,37.557873,126.926186,2025-01-29,2025-02-11
1795,카카올라 팝업,서울 마포구 양화로 188,서울 마포구 동교동 190-1,37.557625,126.92662,2025-02-07,2025-02-14
2247,주술회전 X 애니메이트 콜라보 카페 팝업 - 홍대,서울 마포구 양화로 188,서울 마포구 동교동 190-1,37.55791,126.926315,2025-03-14,2025-04-15
1796,눈사람 눙눙이 팝업,서울 마포구 양화로 188,서울 마포구 동교동 190-1,37.557865,126.92632,2025-02-07,2025-02-20
2537,듑벨 팝업,서울 마포구 양화로 188,서울 마포구 동교동 190-1,37.557716,126.926414,2025-04-18,2025-04-30
2833,NU: 카니발 X 애니메이트 콜라보 카페 - 홍대,서울 마포구 양화로 188,서울 마포구 동교동 190-1,37.55798,126.926186,2025-05-16,2025-06-10
357,실바니안 패밀리 숲 속 아기 친구들 팝업,서울 마포구 양화로 188,서울 마포구 동교동 190-1,37.55789,126.926125,2024-08-16,2024-09-05
1537,스미코구라시 팝업,서울 마포구 양화로 188,서울 마포구 동교동 190-1,37.557877,126.92637,2025-01-31,2025-03-16
2458,라카 X 시코르 런칭 이벤트,서울 마포구 양화로 188,서울 마포구 동교동 190-1,37.55795,126.92622,2025-04-01,2025-04-30
1579,홀로라이브 X 소닉 콜라보 팝업,서울 마포구 양화로 188,서울 마포구 동교동 190-1,37.557945,126.92624,2024-12-13,2025-01-14
570,데저트젬스 두바이초콜릿 팝업,서울 마포구 양화로 188,서울 마포구 동교동 190-1,37.557808,126.92641,2024-09-13,2024-09-19
2092,나 혼자만 레벨업 X 스페이스 브이 팝업,서울 마포구 양화로 188,서울 마포구 동교동 190-1,37.557842,126.92626,2025-02-21,2025-03-09
1996,흑집사 -기숙학교 편 X 애니메이트 콜라보 카페 팝업,서울 마포구 양화로 188,서울 마포구 동교동 190-1,37.557907,126.92631,2025-02-21,2025-03-11
1691,니지산지 X 애니메이트 콜라보 카페 팝업,서울 마포구 양화로 188,서울 마포구 동교동 190-1,37.557957,126.92614,2025-01-17,2025-02-18
1422,루루 더 피기 팝업,서울 마포구 양화로 188,서울 마포구 동교동 190-1,37.557705,126.926506,2024-12-23,2025-01-03
933,코리락쿠마 20주년 기념 팝업,서울 마포구 양화로 188,서울 마포구 동교동 190-1,37.557808,126.92641,2024-11-29,2025-01-19
1133,캐릭캐릭 체인지  LIMITION 팝업,서울 마포구 양화로 188,서울 마포구 동교동 190-1,37.557808,126.92641,2024-11-28,2024-12-17
309,Pau-pli's Joy Garden 팝업,서울 마포구 양화로 188,서울 마포구 동교동 190-1,37.557808,126.92641,2024-08-12,2024-08-21
511,청23 팝업,서울 마포구 양화로 188,서울 마포구 동교동 190-1,37.557755,126.926315,2024-09-05,2024-09-18
2067,킴스미 팝업,서울 마포구 양화로 188,서울 마포구 동교동 190-1,37.55768,126.92649,2025-02-25,2025-05-24
1185,코리락쿠마 20주년 기념 팝업,서울 마포구 양화로 188,서울 마포구 동교동 190-1,37.55783,126.92643,2024-11-29,2025-01-19
1540,은혼 20주년 기념 팝업,서울 마포구 양화로 188,서울 마포구 동교동 190-1,37.55799,126.926186,2025-01-16,2025-02-24
2345,윤숲 후르츠산도점 팝업,서울 마포구 양화로 188,서울 마포구 동교동 190-1,37.557625,126.92665,2025-03-17,2025-03-30
1627,삶은감자 팝업,서울 마포구 양화로 188,서울 마포구 동교동 190-1,37.55766,126.92658,2025-01-15,2025-01-28
644,Nick nicole 팝업,서울 마포구 양화로 188,서울 마포구 동교동 190-1,37.557884,126.92635,2024-09-14,2024-10-04
1048,뿌이뿌이 모루카 팝업,서울 마포구 양화로 188,서울 마포구 동교동 190-1,37.557842,126.92638,2024-11-07,2024-11-26
2597,문호 스트레이독스×애니메이트 콜라보 카페 - 홍대_사본,서울 마포구 양화로 188,서울 마포구 동교동 190-1,37.55798,126.926186,2025-04-18,2025-05-13
676,미스터두낫띵 팝업,서울 마포구 양화로 188,서울 마포구 동교동 190-1,37.557808,126.92641,2024-09-20,2024-10-03
1486,명탐정 코난 팝업,서울 마포구 양화로 188,서울 마포구 동교동 190-1,37.557873,126.926315,2025-01-01,2025-01-15
2721,사카모토 데이즈 팝업,서울 마포구 양화로 188,서울 마포구 동교동 190-1,37.55793,126.92634,2025-05-29,2025-07-01
1566,한밤중의 나를 봐줘 전시,서울 마포구 양화로 188,서울 마포구 동교동 190-1,37.55768,126.92651,2025-01-09,2025-01-19
2454,마이포에트리 X 프링글스 팝업,서울 마포구 양화로 188,서울 마포구 동교동 190-1,37.55787,126.92628,2025-04-04,2025-04-17
264,모리노팡 팝업,서울 마포구 양화로 188,서울 마포구 동교동 190-1,37.557808,126.92641,2024-08-01,2024-08-11
1287,브레더스 팝업 - 홍대,서울 마포구 양화로 188,서울 마포구 동교동 190-1,37.55764,126.92654,2024-12-06,2024-12-15
1310,천사소녀 네티 팝업,서울 마포구 양화로 188,서울 마포구 동교동 190-1,37.557777,126.92644,2024-12-19,2025-01-14
1875,지토의숲 캐리커쳐 팝업,서울 마포구 양화로 188,서울 마포구 동교동 190-1,37.55759,126.92668,2025-02-14,2025-02-20
812,위니비니 홍대 팝업,서울 마포구 양화로 188,서울 마포구 동교동 190-1,37.557816,126.92641,2024-10-18,2024-10-31
2438,캐릭캐릭체인지 앵콜 팝업,서울 마포구 양화로 188,서울 마포구 동교동 190-1,37.55766,126.926506,2025-04-24,2025-05-13
1852,한글과자 팝업,서울 마포구 양화로 188,서울 마포구 동교동 190-1,37.55753,126.92672,2025-02-12,2025-02-25
2309,리터치 팝업,서울 마포구 양화로 188,서울 마포구 동교동 190-1,37.557873,126.92632,2025-03-14,2025-03-23
408,🌳실바니안 패밀리 팝업🌳,서울 마포구 양화로 188,서울 마포구 동교동 190-1,37.557808,126.92641,2024-08-16,
4575,부실감자 팝업,서울 마포구 양화로 188,"서울 마포구 양화로 188 (동교동, 애경타워)",37.55746,126.92655,2025-10-29,2025-11-11
5586,치이상점 팝업,서울 마포구 양화로 188,"서울 마포구 양화로 188 (동교동, 애경타워)",37.55781,126.92641,2026-02-12,2026-02-25
3492,그로서리 스터프 팝업,서울 마포구 양화로 188,"서울 마포구 양화로 188 (동교동, 애경타워)",37.557465,126.9269,2025-07-28,2025-08-10
5869,로맨스 판타지 X 애니메이트 콜라보 카페 - 잠실,서울 마포구 양화로 188,"서울 마포구 양화로 188 (동교동, 애경타워)",37.55781,126.9264,2026-03-20,2026-04-17
2752,새벽의 노래 전시,서울 마포구 양화로 188,"서울 마포구 양화로 188 (동교동, 애경타워)",37.557957,126.926216,2025-05-15,2025-05-27
5584,도담도담 팝업,서울 마포구 양화로 188,"서울 마포구 양화로 188 (동교동, 애경타워)",37.557804,126.92641,2026-02-13,2026-02-26
3388,타이파베이비 팝업,서울 마포구 양화로 188,"서울 마포구 양화로 188 (동교동, 애경타워)",37.557632,126.92664,2025-08-01,2025-08-14
4998,캐릭캐릭 체인지 X 애니메이트 콜라보 카페,서울 마포구 양화로 188,"서울 마포구 양화로 188 (동교동, 애경타워)",37.55765,126.926865,2025-12-19,2026-01-13
5161,스파이 패밀리 X 애니메이트 콜라보 카페 - 홍대,서울 마포구 양화로 188,"서울 마포구 양화로 188 (동교동, 애경타워)",37.55749,126.926926,2026-01-03,2026-01-18
4890,다올상점 팝업,서울 마포구 양화로 188,"서울 마포구 양화로 188 (동교동, 애경타워)",37.557865,126.926254,2025-12-04,2025-12-17
5026,세가 팝업,서울 마포구 양화로 188,"서울 마포구 양화로 188 (동교동, 애경타워)",37.557583,126.926956,2025-12-19,2025-12-28
2879,기븐 전시,서울 마포구 양화로 188,"서울 마포구 양화로 188 (동교동, 애경타워)",37.55754,126.92664,2025-07-05,2025-09-07
4471,노배드바이브스 팝업,서울 마포구 양화로 188,"서울 마포구 양화로 188 (동교동, 애경타워)",37.557457,126.926575,2025-10-29,2025-11-13
2968,스텔라이브 페어 - 홍대,서울 마포구 양화로 188,"서울 마포구 양화로 188 (동교동, 애경타워)",37.55762,126.92664,2025-06-06,2025-06-22
4045,러브라이브 션샤인 전시,서울 마포구 양화로 188,"서울 마포구 양화로 188 (동교동, 애경타워)",37.557472,126.92682,2025-09-19,2025-11-23
5014,스마일 체리 팝업,서울 마포구 양화로 188,"서울 마포구 양화로 188 (동교동, 애경타워)",37.5575,126.92695,2025-12-18,2025-12-31
5807,하이큐 팝업,서울 마포구 양화로 188,"서울 마포구 양화로 188 (동교동, 애경타워)",37.557632,126.926605,2026-03-24,2026-04-15
3534,보송이 팝업 - 보송이의 여름방학,서울 마포구 양화로 188,"서울 마포구 양화로 188 (동교동, 애경타워)",37.557655,126.926865,2025-08-11,2025-08-24
5784,러브이즈트루 X 캐릭캐릭체인지 팝업,서울 마포구 양화로 188,"서울 마포구 양화로 188 (동교동, 애경타워)",37.557835,126.926414,2026-03-13,2026-03-26
5275,프랑스루브르바게트 팝업,서울 마포구 양화로 188,"서울 마포구 양화로 188 (동교동, 애경타워)",37.557774,126.92641,2026-01-12,2026-01-25
3725,명탐정 코난 콜라보 카페,서울 마포구 양화로 188,"서울 마포구 양화로 188 (동교동, 애경타워)",37.557484,126.92679,2025-08-27,2025-10-09
4715,오얼모얼 콜라보 카페 - 쥬니랜드,서울 마포구 양화로 188,"서울 마포구 양화로 188 (동교동, 애경타워)",37.5574,126.926674,2025-11-21,2025-12-14
2933,치이상점 팝업,서울 마포구 양화로 188,"서울 마포구 양화로 188 (동교동, 애경타워)",37.557747,126.9265,2025-06-05,2025-06-19
5621,니케 전시회,서울 마포구 양화로 188,"서울 마포구 양화로 188 (동교동, 애경타워)",37.557793,126.92641,2026-02-12,2026-04-12
4278,낫낫 팝업,서울 마포구 양화로 188,"서울 마포구 양화로 188 (동교동, 애경타워)",37.5575,126.92681,2025-10-15,2025-10-28
4349,논타입 팝업,서울 마포구 양화로 188,"서울 마포구 양화로 188 (동교동, 애경타워)",37.55749,126.92694,2025-10-20,2025-11-02
5289,은하특급 밀키☆서브웨이 X 애니메이트 콜라보 카페 - 홍대,서울 마포구 양화로 188,"서울 마포구 양화로 188 (동교동, 애경타워)",37.557796,126.926414,2026-02-01,2026-02-28
3152,프레비츠 팝업,서울 마포구 양화로 188,"서울 마포구 양화로 188 (동교동, 애경타워)",37.557686,126.92647,2025-06-27,2025-07-04
3316,무빙브루어리 팝업,서울 마포구 양화로 188,"서울 마포구 양화로 188 (동교동, 애경타워)",37.55783,126.92636,2025-07-14,2025-07-27
4366,해즈빈 호텔 X 애니메이트 콜라보 카페,서울 마포구 양화로 188,"서울 마포구 양화로 188 (동교동, 애경타워)",37.55752,126.926506,2025-10-24,2025-11-25
5136,굴뚝강아지 팝업,서울 마포구 양화로 188,"서울 마포구 양화로 188 (동교동, 애경타워)",37.557446,126.926575,2026-01-01,2026-01-14
3659,민트초코월드 팝업 ,서울 마포구 양화로 188,"서울 마포구 양화로 188 (동교동, 애경타워)",37.557667,126.92662,2025-08-11,2025-08-24
5307,정남미명과 팝업 - 홍대,서울 마포구 양화로 188,"서울 마포구 양화로 188 (동교동, 애경타워)",37.557808,126.9264,2026-01-26,2026-02-08
2831,김씨네과일 팝업,서울 마포구 양화로 188,"서울 마포구 양화로 188 (동교동, 애경타워)",37.55767,126.92658,2025-05-23,2025-06-04
3586,아기돼지 4형제 팝업 ,서울 마포구 양화로 188,"서울 마포구 양화로 188 (동교동, 애경타워)",37.55751,126.92683,2025-08-25,2025-09-07
5187,봄날엔 팝업,서울 마포구 양화로 188,"서울 마포구 양화로 188 (동교동, 애경타워)",37.557785,126.92638,2026-01-01,2026-01-14
5949,꿈빛 파티시엘 콜라보 카페,서울 마포구 양화로 188,"서울 마포구 양화로 188 (동교동, 애경타워)",37.557957,126.9262,2026-03-31,2026-05-20
4043,괴수 8호 팝업 ,서울 마포구 양화로 188,"서울 마포구 양화로 188 (동교동, 애경타워)",37.557636,126.92652,2025-09-19,2025-09-25
5861,로맨스 판타지 X 애니메이트 콜라보 카페 - 홍대,서울 마포구 양화로 188,"서울 마포구 양화로 188 (동교동, 애경타워)",37.55781,126.9264,2026-03-20,2026-04-17
3394,달바 팝업,서울 마포구 양화로 188,"서울 마포구 양화로 188 (동교동, 애경타워)",37.557907,126.92619,2025-07-28,2025-08-10
5304,다즈비 X 애니메이트 콜라보 카페 - 홍대,서울 마포구 양화로 188,"서울 마포구 양화로 188 (동교동, 애경타워)",37.557804,126.926384,2026-01-14,2026-02-08
5699,삶은감자 팝업,서울 마포구 양화로 188,"서울 마포구 양화로 188 (동교동, 애경타워)",37.557804,126.92639,2026-02-26,2026-03-11
5390,눈사람 눙눙이 팝업,서울 마포구 양화로 188,"서울 마포구 양화로 188 (동교동, 애경타워)",37.55787,126.92638,2026-01-29,2026-02-11
5596,효바스미 팝업,서울 마포구 양화로 188,"서울 마포구 양화로 188 (동교동, 애경타워)",37.557808,126.92639,2026-02-09,2026-02-22
4110,체인소 맨 팝업,서울 마포구 양화로 188,"서울 마포구 양화로 188 (동교동, 애경타워)",37.557587,126.92653,2025-09-26,2025-10-07
3276,은혼 팝업,서울 마포구 양화로 188,"서울 마포구 양화로 188 (동교동, 애경타워)",37.55764,126.926575,2025-07-31,2025-08-27
4279,사카모토데이즈 팝업,서울 마포구 양화로 188,"서울 마포구 양화로 188 (동교동, 애경타워)",37.557262,126.92733,2025-10-23,2025-11-25
4434,마니랜드 팝업 - 반짝 행운상점,서울 마포구 양화로 188,"서울 마포구 양화로 188 (동교동, 애경타워)",37.557446,126.926575,2025-10-24,2025-10-28
3961,공삼대학교 팝업 ,서울 마포구 양화로 188,"서울 마포구 양화로 188 (동교동, 애경타워)",37.557457,126.92661,2025-09-25,2025-10-21
4473,무모한 상점 몬치치 팝업 - 홍대,서울 마포구 양화로 188,"서울 마포구 양화로 188 (동교동, 애경타워)",37.557457,126.926926,2025-11-03,2025-11-15
5451,주술회전 팬텀 퍼레이드 팝업,서울 마포구 양화로 188,"서울 마포구 양화로 188 (동교동, 애경타워)",37.557484,126.92656,2026-01-24,2026-02-13
5549,달빛천사 팝업,서울 마포구 양화로 188,"서울 마포구 양화로 188 (동교동, 애경타워)",37.55782,126.9264,2026-02-26,2026-03-22
5201,에일리언스테이지 X 애니플러스 콜라보 카페 - 홍대,서울 마포구 양화로 188,"서울 마포구 양화로 188 (동교동, 애경타워)",37.557747,126.92636,2026-01-16,2026-02-24
3317,아르넛 팝업,서울 마포구 양화로 188,"서울 마포구 양화로 188 (동교동, 애경타워)",37.55783,126.92636,2025-07-14,2025-07-27
4399,몰랑이 팝업,서울 마포구 양화로 188,"서울 마포구 양화로 188 (동교동, 애경타워)",37.557453,126.926895,2025-11-19,2025-12-03
3333,송화칩스 팝업,서울 마포구 양화로 188,"서울 마포구 양화로 188 (동교동, 애경타워)",37.55761,126.92661,2025-07-21,2025-07-27
4365,계란빵 클럽 팝업,서울 마포구 양화로 188,"서울 마포구 양화로 188 (동교동, 애경타워)",37.557472,126.92653,2025-10-20,2025-11-02
5046,주디마리 팝업,서울 마포구 양화로 188,"서울 마포구 양화로 188 (동교동, 애경타워)",37.55786,126.92635,2025-12-12,2025-12-31
4105,코코모빵 팝업,서울 마포구 양화로 188,"서울 마포구 양화로 188 (동교동, 애경타워)",37.557667,126.92666,2025-09-23,2025-09-30
3153,핑거힐 팝업,서울 마포구 양화로 188,"서울 마포구 양화로 188 (동교동, 애경타워)",37.557564,126.92661,2025-06-27,2025-07-13
4657,주술회전 팝업,서울 마포구 양화로 188,"서울 마포구 양화로 188 (동교동, 애경타워)",37.557484,126.92656,2025-11-17,2025-11-30
5362,블루 록 X 애니메이트 홍대 팝업,서울 마포구 양화로 188,"서울 마포구 양화로 188 (동교동, 애경타워)",37.55778,126.926414,2026-01-31,2026-02-08
5719,토카 팝업,서울 마포구 양화로 188,"서울 마포구 양화로 188 (동교동, 애경타워)",37.55782,126.92641,2026-02-27,2026-03-12
5013,3학년 Z반 긴파치 선생 팝업,서울 마포구 양화로 188,"서울 마포구 양화로 188 (동교동, 애경타워)",37.557472,126.92656,2025-12-30,2026-01-27
3663,리끌로우 팝업 ,서울 마포구 양화로 188,"서울 마포구 양화로 188 (동교동, 애경타워)",37.55786,126.92635,2025-08-15,2025-09-01
5288,러브앤딥스페이스 X 애니메이트 콜라보 카페 - 홍대,서울 마포구 양화로 188,"서울 마포구 양화로 188 (동교동, 애경타워)",37.557796,126.926414,2026-01-17,2026-02-15
5860,로맨스 판타지 X 애니메이트 콜라보 카페 - 홍대,서울 마포구 양화로 188,"서울 마포구 양화로 188 (동교동, 애경타워)",37.55781,126.9264,2026-03-20,2026-04-17
5186,가정교사 히트맨 리본! 팝업,서울 마포구 양화로 188,"서울 마포구 양화로 188 (동교동, 애경타워)",37.557785,126.92639,2026-01-16,2026-02-04
3147,퐁 팝업,서울 마포구 양화로 188,"서울 마포구 양화로 188 (동교동, 애경타워)",37.557644,126.926575,2025-06-20,2025-07-03
3697,전국 토마토 물산전 팝업 ,서울 마포구 양화로 188,"서울 마포구 양화로 188 (동교동, 애경타워)",37.557644,126.92661,2025-09-01,2025-09-14
5375,나츠메우인장 콜라보 카페,서울 마포구 양화로 188,"서울 마포구 양화로 188 (동교동, 애경타워)",37.557804,126.9264,2026-02-06,2026-03-29
4258,진격의 거인 팝업 - 홍대,서울 마포구 양화로 188,"서울 마포구 양화로 188 (동교동, 애경타워)",37.557705,126.926544,2025-10-03,2025-10-19
5678,베이크타운 팝업,서울 마포구 양화로 188,"서울 마포구 양화로 188 (동교동, 애경타워)",37.557835,126.92639,2026-02-23,2026-03-12
4853,40까지 하고 싶은 10가지 일 X 그라떼 콜라보 카페 - 홍대,서울 마포구 양화로 188,"서울 마포구 양화로 188 (동교동, 애경타워)",37.557568,126.926476,2025-12-12,2026-01-12
5140,오사카 오지상 치즈케이크 팝업,서울 마포구 양화로 188,"서울 마포구 양화로 188 (동교동, 애경타워)",37.557858,126.926346,2025-12-29,2026-01-11
5479,미스터본 팝업,서울 마포구 양화로 188,"서울 마포구 양화로 188 (동교동, 애경타워)",37.557484,126.92656,2026-01-30,2026-02-12
5677,사과당 팝업,서울 마포구 양화로 188,"서울 마포구 양화로 188 (동교동, 애경타워)",37.557808,126.92642,2026-02-23,2026-03-12
2862,오렌지 페스타 팝업,서울 마포구 양화로 188,"서울 마포구 양화로 188 (동교동, 애경타워)",37.557747,126.9265,2025-05-29,2025-06-26
2967,에스더 버니 X 바쿠단야끼 팝업,서울 마포구 양화로 188,"서울 마포구 양화로 188 (동교동, 애경타워)",37.55792,126.92623,2025-06-12,2025-07-13
5286,다올상점 팝업,서울 마포구 양화로 188,"서울 마포구 양화로 188 (동교동, 애경타워)",37.557777,126.92642,2026-01-12,2026-01-25
3418,CU X 투모로우바이투게더 팝업 - 홍대 ,서울 마포구 양화로 188,"서울 마포구 양화로 188 (동교동, 애경타워)",37.557407,126.92681,2025-07-21,2025-08-22
4367,블루아카이브 X 애니메이트 콜라보 카페,서울 마포구 양화로 188,"서울 마포구 양화로 188 (동교동, 애경타워)",37.5575,126.926865,2025-10-15,2025-11-09
5193,위글위글 팝업,서울 마포구 양화로 188,"서울 마포구 양화로 188 (동교동, 애경타워)",37.55782,126.926414,2025-12-29,2026-01-11
5004,주토피아2 팝업 | 윈터 베케이션 @ AK플라자 홍대,서울 마포구 양화로 188,"서울 마포구 양화로 188 (동교동, 애경타워)",37.557846,126.92635,2025-12-22,2026-01-01
5075,퇴마록 체험전 팝업,서울 마포구 양화로 188,"서울 마포구 양화로 188 (동교동, 애경타워)",37.557465,126.92691,2025-12-19,2026-01-01
5666,메이드바이 팝업,서울 마포구 양화로 188,"서울 마포구 양화로 188 (동교동, 애경타워)",37.557823,126.926414,2026-02-23,2026-03-12
4372,위니언 바이러스 팝업,서울 마포구 양화로 188,"서울 마포구 양화로 188 (동교동, 애경타워)",37.557255,126.92731,2025-10-24,2025-10-26
4626,베티붑 팝업,서울 마포구 양화로 188,"서울 마포구 양화로 188 (동교동, 애경타워)",37.557266,126.92726,2025-11-12,2025-11-25
4766,아이돌리쉬세븐 X 애니메이트 콜라보 카페,서울 마포구 양화로 188,"서울 마포구 양화로 188 (동교동, 애경타워)",37.55771,126.92651,2025-11-12,2025-12-16
3603,몰리 하우스 팝업 ,서울 마포구 양화로 188,"서울 마포구 양화로 188 (동교동, 애경타워)",37.55757,126.92679,2025-08-12,2025-08-25
4899,장송의 프리렌 전시 - 모험의 끝에서 시작되는 이야기,서울 마포구 양화로 188,"서울 마포구 양화로 188 (동교동, 애경타워)",37.557247,126.92725,2025-12-18,2026-03-29
4120,무용지용 키보드 키링 팝업,서울 마포구 양화로 188,"서울 마포구 양화로 188 (동교동, 애경타워)",37.557434,126.92672,2025-10-15,2025-10-28
4676,핑거힐 팝업,서울 마포구 양화로 188,"서울 마포구 양화로 188 (동교동, 애경타워)",37.55748,126.92657,2025-11-14,2025-11-27
4852,악월 X 애니메이트 콜라보 카페 - 홍대,서울 마포구 양화로 188,"서울 마포구 양화로 188 (동교동, 애경타워)",37.557842,126.926315,2025-12-19,2026-01-04
5768,버터 팝업,서울 마포구 양화로 188,"서울 마포구 양화로 188 (동교동, 애경타워)",37.557816,126.92641,2026-02-26,2026-03-11
3724,히카루가 죽은 여름 팝업 ,서울 마포구 양화로 188,"서울 마포구 양화로 188 (동교동, 애경타워)",37.557568,126.92702,2025-08-28,2025-09-03
4153,찌랭이&찰스 X 모리보리 팝업 - 베이킹 타임,서울 마포구 양화로 188,"서울 마포구 양화로 188 (동교동, 애경타워)",37.55746,126.92668,2025-10-04,2025-10-19
4270,뿔바투 콜라보 카페,서울 마포구 양화로 188,"서울 마포구 양화로 188 (동교동, 애경타워)",37.55747,126.92655,2025-10-15,2025-11-30
3881,김씨네 과일 팝업 ,서울 마포구 양화로 188,"서울 마포구 양화로 188 (동교동, 애경타워)",37.557407,126.92674,2025-09-08,2025-09-18
3390,대원씨아이 X 애니메이트 팝업 - 세기의 킬러 페어,서울 마포구 양화로 188,"서울 마포구 양화로 188 (동교동, 애경타워)",37.557922,126.92631,2025-07-25,2025-08-10
3486,다올상점 팝업,서울 마포구 양화로 188,"서울 마포구 양화로 188 (동교동, 애경타워)",37.55762,126.926674,2025-08-01,2025-08-14
4953,카가미네 린&렌 X 애니메이트 콜라보 카페,서울 마포구 양화로 188,"서울 마포구 양화로 188 (동교동, 애경타워)",37.55784,126.92636,2025-12-20,2026-01-18
5198,슈가슈가룬 팝업,서울 마포구 양화로 188,"서울 마포구 양화로 188 (동교동, 애경타워)",37.557796,126.926414,2026-01-29,2026-02-24
5577,코너케이크 스튜디오 팝업,서울 마포구 양화로 188,"서울 마포구 양화로 188 (동교동, 애경타워)",37.55781,126.92639,2026-02-12,2026-02-25
4778,뱅드림 전시 - 10주년의 궤적展,서울 마포구 양화로 188,"서울 마포구 양화로 188 (동교동, 애경타워)",37.557285,126.92728,2025-12-04,2026-02-01
5898,몽클로스 팝업,서울 마포구 양화로 188,"서울 마포구 양화로 188 (동교동, 애경타워)",37.557808,126.92642,2026-03-12,2026-03-25
4754,"쉐어박스 AI,XR 빵탈출 팝업",서울 마포구 양화로 188,"서울 마포구 양화로 188 (동교동, 애경타워)",37.557697,126.92651,2025-11-21,2025-11-30
3681,다마고치 팝업,서울 마포구 양화로 188,"서울 마포구 양화로 188 (동교동, 애경타워)",37.55787,126.92639,2025-08-29,2025-09-23
4171,벨벳바니 팝업,서울 마포구 양화로 188,"서울 마포구 양화로 188 (동교동, 애경타워)",37.557407,126.92668,2025-10-01,2025-10-14
3879,연도문구 팝업 - 행운의 아이템 상점 ,서울 마포구 양화로 188,"서울 마포구 양화로 188 (동교동, 애경타워)",37.55721,126.92742,2025-09-08,2025-09-21
3578,에반게리온 전시 - Lines of EVANGELION,서울 마포구 양화로 188,"서울 마포구 양화로 188 (동교동, 애경타워)",37.55768,126.92658,2025-08-28,2025-11-30
5308,정남미명과 팝업_사본,서울 마포구 양화로 188,"서울 마포구 양화로 188 (동교동, 애경타워)",37.557808,126.9264,2026-01-26,2026-02-08
5619,삼바마켓 팝업,서울 마포구 양화로 188,"서울 마포구 양화로 188 (동교동, 애경타워)",37.557808,126.92643,2026-02-09,2026-02-22
4785,꽁래쉬 팝업,서울 마포구 양화로 188,"서울 마포구 양화로 188 (동교동, 애경타워)",37.557693,126.926506,2025-11-28,2025-12-11
4564,꿈빛 파티시엘 팝업,서울 마포구 양화로 188,"서울 마포구 양화로 188 (동교동, 애경타워)",37.557682,126.926544,2025-11-27,2025-12-28
4770,빅쏘갤러리 팝업,서울 마포구 양화로 188,"서울 마포구 양화로 188 (동교동, 애경타워)",37.557693,126.92651,2025-12-01,2025-12-18
5086,리베르 팝업,서울 마포구 양화로 188,"서울 마포구 양화로 188 (동교동, 애경타워)",37.557487,126.9269,2025-12-15,2025-12-28
3145,명탐정 코난 팝업,서울 마포구 양화로 188,"서울 마포구 양화로 188 (동교동, 애경타워)",37.557873,126.92632,2025-07-03,2025-07-29
5767,버터 팝업,서울 마포구 양화로 188,"서울 마포구 양화로 188 (동교동, 애경타워)",37.557816,126.92641,2026-02-26,2026-03-11
4828,하이큐 10주년 기념전 앵콜 팝업,서울 마포구 양화로 188,"서울 마포구 양화로 188 (동교동, 애경타워)",37.557682,126.92656,2025-12-02,2025-12-28
5724,지박소년 하나코 군 2 X 애니메이트 콜라보 카페,서울 마포구 양화로 188,"서울 마포구 양화로 188 (동교동, 애경타워)",37.55779,126.9264,2026-02-27,2026-03-31
4831,슈타인즈 게이트 15주년 기념 팝업 - 홍대,서울 마포구 양화로 188,"서울 마포구 양화로 188 (동교동, 애경타워)",37.55767,126.926544,2025-11-28,2025-12-14
5419,글입다 팝업,서울 마포구 양화로 188,"서울 마포구 양화로 188 (동교동, 애경타워)",37.55802,126.92615,2026-01-26,2026-02-08
2891,트렌핏 스트리트 팝업,서울 마포구 양화로 189,서울 마포구 양화로 189 (동교동),37.558586,126.925316,2025-06-01,2025-06-15
3077,판옵티콘 고양이 팝업,서울 마포구 양화로 189,서울 마포구 양화로 189 (동교동),37.55861,126.92576,2025-06-19,2025-06-29
2900,하츠네 미쿠 팝업,서울 마포구 양화로 78,서울 마포구 양화로 78 (서교동),37.551384,126.91692,2025-05-30,2025-06-08
5714,빙의자들을 위한 특혜 X 투니크 콜라보 팝업 - 합정,서울 마포구 양화로 78-17,서울 마포구 서교동 395-157,37.551296,126.91786,2026-03-05,2026-03-29
4219,스터디그룹 X 투니크 콜라보 카페,서울 마포구 양화로 78-17,서울 마포구 서교동 395-157,37.551285,126.917816,2025-10-02,2025-10-19
1078,오란고교 사교클럽 팝업,서울 마포구 양화로 78-17,서울 마포구 서교동 395-157,37.551296,126.91786,2024-11-22,2025-01-05
1158,오란고교 사교클럽 팝업,서울 마포구 양화로 78-17,서울 마포구 서교동 395-157,37.551296,126.91786,2024-11-22,2025-01-05
2539,괴도 세인트 테일 X 투니크 콜라보 카페,서울 마포구 양화로 78-17,서울 마포구 서교동 395-157,37.55125,126.91788,2025-04-24,2025-05-18
3266,이토 준지 X 투니크 콜라보 카페,서울 마포구 양화로 78-17,서울 마포구 서교동 395-157,37.551277,126.91781,2025-07-18,2025-08-31
2293,약탈혼 X 투니크 콜라보 카페 팝업 - 홍대,서울 마포구 양화로 78-17,서울 마포구 서교동 395-157,37.551296,126.91786,2025-03-27,2025-04-20
1990,스킵과 로퍼 X 투니크 콜라보 카페 팝업,서울 마포구 양화로 78-17,서울 마포구 서교동 395-157,37.551296,126.91786,2025-02-27,2025-03-23
3044,다마고치 X 투니크 콜라보 카페,서울 마포구 양화로 78-17,서울 마포구 서교동 395-157,37.551296,126.91786,2025-06-19,2025-07-13
3265,이토 준지 X 투니크 콜라보 카페,서울 마포구 양화로 78-17,서울 마포구 서교동 395-157,37.551277,126.917786,2025-07-18,2025-08-31
5113,너를 찾는 파도 X 투니크 콜라보 카페 - 홍대,서울 마포구 양화로 78-17,서울 마포구 양화로 78-17 (서교동),37.551327,126.917816,2026-01-15,2026-02-08
4488,너를 사랑하지 않는 나에게 X 투니크 콜라보 카페,서울 마포구 양화로 78-17,서울 마포구 양화로 78-17 (서교동),37.551296,126.91786,2025-11-06,2025-11-30
4317,"그래도, 좋아해? X 투니크 콜라보 카페",서울 마포구 양화로 78-17,서울 마포구 양화로 78-17 (서교동),37.55125,126.91786,2025-10-22,2025-11-03
5038,코렐라인 X 투니크 콜라보 카페,서울 마포구 양화로 78-17,서울 마포구 양화로 78-17 (서교동),37.551277,126.91787,2025-12-24,2026-01-11
4801,악녀는 두번 산다 X 투니크 콜라보 카페,서울 마포구 양화로 78-17,서울 마포구 양화로 78-17 (서교동),37.55129,126.91782,2025-12-03,2025-12-21
2673,리스키 무빙팝업 - 홍대,서울 마포구 양화로 지하 160,서울 마포구 동교동 165,37.55711,126.923836,2025-05-06,2025-05-06
359,나는 솔로 팝업,서울 마포구 양화로 지하 188,서울 마포구 동교동 190-1,37.557907,126.92627,2024-08-23,2024-09-12
1077,블리치전 애니메이션 20주년 기념 서울 전시,서울 마포구 양화로 지하 188,서울 마포구 동교동 190-1,37.557808,126.926254,2025-01-25,2025-04-10
2751,피스마이너스원 하이볼 팝업,서울 마포구 양화로 지하 188,"서울 마포구 양화로 지하 188 (동교동, 홍대입구역)",37.55733,126.92686,2025-05-10,2025-05-22
4820,핑크퐁크 X 러블리본 팝업,서울 마포구 양화로 지하 188,"서울 마포구 양화로 지하 188 (동교동, 홍대입구역)",37.55679,126.928696,2025-12-22,2025-12-26
3899,고창 꿀고구마 팝업 - 합정 ,서울 마포구 양화로 지하 55,"서울 마포구 양화로 지하 55 (서교동, 합정역)",37.550022,126.914536,2025-09-08,2025-09-10
4500,해브오프듀티 팝업,서울 마포구 양화로10길 53,서울 마포구 양화로10길 53 (서교동),37.55008,126.919136,2025-10-31,2025-11-02
2399,파워레인저 콜라보 카페,서울 마포구 양화로11길 8,서울 마포구 서교동 378-13,37.551987,126.91629,2025-03-28,2025-05-11
3599,우즈 팝업 - 홍대 ,서울 마포구 양화로12길 16-8,"서울 마포구 양화로12길 16-8 (서교동, 세미리움)",37.551575,126.918274,2025-08-21,2025-08-27
5832,B.I X COIN PARKING DELIVERY 팝업,서울 마포구 양화로12길 16-8,"서울 마포구 양화로12길 16-8 (서교동, 세미리움)",37.551556,126.91834,2026-03-13,2026-03-15
4712,띵조 카페 팝업 - 기억이 머무는 곳,서울 마포구 양화로15안길 6,서울 마포구 양화로15안길 6 (서교동),37.554436,126.918816,2025-11-20,2026-01-04
706,프랑스 치즈 팝업,서울 마포구 양화로21길 23,서울 마포구 동교동 153-32,37.559307,126.924644,2024-10-09,2024-10-13
3183,언플러그드 보이 X 카페꼼마 콜라보 카페,서울 마포구 양화로21길 23,서울 마포구 양화로21길 23 (동교동),37.55932,126.924644,2025-07-01,2025-07-10
3930,프랑스 치즈 팝업 - 정통 치즈 박물관 ,서울 마포구 양화로21길 23,서울 마포구 양화로21길 23 (동교동),37.55933,126.9246,2025-09-24,2025-09-28
5028,외모지상주의 팝업,서울 마포구 양화로23길 22-7,서울 마포구 동교동 148-7,37.559643,126.92528,2025-12-19,2026-01-11
3380,슬로우롤리 X 루시다 X 듀모네 팝업,서울 마포구 양화로23길 22-7,서울 마포구 양화로23길 22-7 (동교동),37.559673,126.925255,2025-07-16,2025-09-01
4916,에이수스 팝업,서울 마포구 양화로23길 22-7,서울 마포구 양화로23길 22-7 (동교동),37.55968,126.92522,2025-12-12,2025-12-14
3623,조선 요괴전 팝업 ,서울 마포구 양화로23길 22-7,서울 마포구 양화로23길 22-7 (동교동),37.55969,126.925186,2025-09-06,2025-11-02
5111,배꽃 피는 사랑 X 투니크 콜라보 카페,서울 마포구 양화로23길 4-12,서울 마포구 동교동 147-34,37.55908,126.92606,2025-12-24,2026-01-18
2285,칼과 꽃 X 투니크 콜라보 카페 팝업,서울 마포구 양화로23길 4-12,서울 마포구 동교동 147-34,37.559082,126.926025,2025-03-26,2025-04-20
2540,신혼부부 특별전형 X 투니크 콜라보 카페 팝업,서울 마포구 양화로23길 4-12,서울 마포구 동교동 147-34,37.559082,126.926025,2025-04-23,2025-05-11
2278,하절기 X 투니크 콜라보 카페 팝업,서울 마포구 양화로23길 4-12,서울 마포구 동교동 147-34,37.559082,126.926025,2025-03-05,2025-03-23
4767,형의 오메가 X 투니크 콜라보 카페,서울 마포구 양화로23길 4-12,서울 마포구 양화로23길 4-12 (동교동),37.55908,126.926056,2025-11-26,2025-12-21
5273,GS25 X 플레이브 팝업 - 합정,서울 마포구 양화로6길 18,서울 마포구 양화로6길 18 (합정동),37.549015,126.91525,2026-01-16,2026-01-31
5170,GS25 X 명조 팝업 - 홍대,서울 마포구 양화로6길 18,서울 마포구 양화로6길 18 (합정동),37.549004,126.91529,2025-12-31,2026-01-15
4960,크레타 플리마켓,서울 마포구 양화로7길 56,"서울 마포구 양화로7길 56 (서교동, 천홍빌딩)",37.55309,126.91407,2025-12-14,2025-12-14
2630,더 스캇렉 팝업,서울 마포구 양화로8길 16-16,서울 마포구 서교동 394-72,37.549644,126.9156,2025-04-30,2025-05-06
3807,루루서울 플리마켓 ,서울 마포구 양화로8길 17-5,서울 마포구 양화로8길 17-5 (서교동),37.55004,126.916504,2025-09-06,2025-09-07
1323,상상마당 X 무직타이거 팝업,서울 마포구 어울마당로 65,서울 마포구 서교동 367-5,37.550957,126.92107,2024-12-10,2025-02-23
1100,CBB 팝업,서울 마포구 어울마당로 65,서울 마포구 서교동 367-5,37.550957,126.92107,2024-09-24,2024-12-08
2283,아무개씨 X 상상마당 팝업,서울 마포구 어울마당로 65,서울 마포구 서교동 367-5,37.550957,126.92107,2025-02-25,2025-04-27
2650,리틀템포디자인 X 상상마당 팝업,서울 마포구 어울마당로 65,서울 마포구 서교동 367-5,37.55093,126.92102,2025-04-29,2025-06-29
105,세컨드모닝 X 상상마당 팝업,서울 마포구 어울마당로 65,서울 마포구 서교동 367-5,37.55101,126.92107,2024-07-09,2024-09-22
1505,겨울엔 따끈하게 냥캉스 팝업,서울 마포구 어울마당로 65,서울 마포구 서교동 367-5,37.550957,126.92107,2024-12-10,2025-02-16
1231,HAPPY MEMORY 팝업,서울 마포구 어울마당로 65,서울 마포구 서교동 367-5,37.550945,126.921036,2024-11-12,2024-12-08
4470,페스룸 팝업,서울 마포구 어울마당로 65,"서울 마포구 어울마당로 65 (서교동, 상상마당빌딩)",37.550938,126.92104,2025-10-21,2025-11-16
4845,복(福)이 깃든 물건들 팝업 - Find your fortune,서울 마포구 어울마당로 65,"서울 마포구 어울마당로 65 (서교동, 상상마당빌딩)",37.55093,126.92102,2025-11-25,2025-12-21
5891,세컨드모닝 X 상상마당 홍대 팝업,서울 마포구 어울마당로 65,"서울 마포구 어울마당로 65 (서교동, 상상마당빌딩)",37.550957,126.92107,2026-03-10,2026-04-19
5819,"KT&G 상상마당 미니어처 기획전 - 소장, 작지만 큰 행복의 모음",서울 마포구 어울마당로 65,"서울 마포구 어울마당로 65 (서교동, 상상마당빌딩)",37.55098,126.92108,2026-02-10,2026-03-15
5039,무직타이거 팝업 - 뚱랑이랑 겨울 시티투어 in 서울,서울 마포구 어울마당로 65,"서울 마포구 어울마당로 65 (서교동, 상상마당빌딩)",37.55093,126.92111,2025-12-16,2026-01-11
4739,2025 상상마당 디자인챌린지 팝업 - 뚱랑이와 럽토리럽코리의 시티투어,서울 마포구 어울마당로 65,"서울 마포구 어울마당로 65 (서교동, 상상마당빌딩)",37.550945,126.92102,2025-11-18,2025-12-14
3200,세컨드모닝 X 상상마당 팝업,서울 마포구 어울마당로 65,"서울 마포구 어울마당로 65 (서교동, 상상마당빌딩)",37.550957,126.92107,2025-07-01,2025-08-31
3124,퍼글러 팝업,서울 마포구 어울마당로 65,"서울 마포구 어울마당로 65 (서교동, 상상마당빌딩)",37.550957,126.92107,2025-07-01,2025-08-10
2680,탄광702동 팝업,서울 마포구 어울마당로 68,서울 마포구 서교동 363-17,37.55107,126.92147,2025-05-15,2025-05-25
4357,츄토피아 : 츄파춥스 & 멘토스 팝업,서울 마포구 어울마당로 68,서울 마포구 어울마당로 68 (서교동),37.551098,126.92149,2025-10-25,2025-11-09
3937,롯데리아 팝업 - 맛의 해커 리아,서울 마포구 어울마당로 68,서울 마포구 어울마당로 68 (서교동),37.551098,126.92149,2025-09-12,2025-09-28
2734,슈퍼너츠 팝업 - 홍대,서울 마포구 어울마당로 68,서울 마포구 어울마당로 68 (서교동),37.551098,126.92149,2025-05-17,2025-05-18
3893,트레저 팝업 - LOVE PULSE ,서울 마포구 어울마당로 68,서울 마포구 어울마당로 68 (서교동),37.551044,126.9215,2025-09-02,2025-09-07
3890,PICCLE 오픈 이벤트 ,서울 마포구 연남로3길 65,서울 마포구 연남로3길 65 (연남동),37.55974,126.91952,2025-09-06,2025-09-07
91,"소소히히 이번 여름에, 나랑 다꾸할래? (홍대) 팝업",서울 마포구 연희로 11,서울 마포구 동교동 146-8,37.559826,126.9264,2024-06-19,2024-09-04
3842,그럴만두 팝업 - 홍대 ,서울 마포구 연희로 11,"서울 마포구 연희로 11 (동교동, 한국특허기술진흥원빌딩)",37.559784,126.92631,2025-09-01,2025-11-03
4577,메이드바이 X 히히클럽 팝업 - 홍대,서울 마포구 연희로 11,"서울 마포구 연희로 11 (동교동, 한국특허기술진흥원빌딩)",37.559864,126.92625,2025-11-03,2026-01-07
5656,띠로리소프트 팝업 - 천사의 세탁소,서울 마포구 연희로 11,"서울 마포구 연희로 11 (동교동, 한국특허기술진흥원빌딩)",37.55987,126.9263,2026-02-20,2026-04-05
5211,메이드바이 행운맨숀 팝업 - 홍대,서울 마포구 연희로 11,"서울 마포구 연희로 11 (동교동, 한국특허기술진흥원빌딩)",37.559868,126.92638,2026-01-08,2026-02-19
600,해피 쓰담 데이 팝업,서울 마포구 연희로1길 18,서울 마포구 동교동 113-92,37.55985,126.92565,2024-09-27,2024-09-28
1030,리틀크랙 <메리 크랙스마스!> 팝업,서울 마포구 연희로1길 18,서울 마포구 동교동 113-92,37.55986,126.925644,2024-11-07,2024-11-10
2017,남원뷰틔설화 : 백향뎐 팝업,서울 마포구 연희로1길 18,서울 마포구 동교동 113-92,37.559906,126.925705,2025-02-27,2025-03-05
2738,아이유 생일 카페 - 연남,서울 마포구 연희로1길 18,"서울 마포구 연희로1길 18 (동교동, 한화생명 동교동 주택)",37.559906,126.925705,2025-05-15,2025-05-18
3264,히히클럽 X 타이니빌 팝업,서울 마포구 연희로1길 22,서울 마포구 연희로1길 22 (동교동),37.560047,126.92547,2025-07-07,2025-07-27
5018,미니핑고 팝업,서울 마포구 연희로1길 22,서울 마포구 연희로1길 22 (동교동),37.56003,126.92549,2025-12-15,2025-12-31
3224,<우화 : 나다움> 전시,서울 마포구 연희로1길 45-4,서울 마포구 연희로1길 45-4 (연남동),37.561245,126.926025,2025-07-04,2025-07-05
5689,Mu-Mu X 러뷰루미 팝업,서울 마포구 연희로1길 45-4,서울 마포구 연희로1길 45-4 (연남동),37.56126,126.925995,2026-03-28,2026-03-29
4321,한열음의 다락방 플리마켓 - 낭만과 평화 사이,서울 마포구 와우산로 161,"서울 마포구 와우산로 161 (서교동, 성경빌딩)",37.555325,126.93031,2025-10-18,2025-10-19
4322,"su, market 팝업",서울 마포구 와우산로 161,"서울 마포구 와우산로 161 (서교동, 성경빌딩)",37.555317,126.9303,2025-11-01,2025-11-02
5138,포밀리 팝업,서울 마포구 와우산로 161,"서울 마포구 와우산로 161 (서교동, 성경빌딩)",37.555317,126.93033,2026-01-10,2026-01-11
5101,도토리카메라 팝업,서울 마포구 와우산로 161,"서울 마포구 와우산로 161 (서교동, 성경빌딩)",37.555325,126.930305,2025-12-27,2025-12-27
3781,도토리카메라 팝업 ,서울 마포구 와우산로 161,"서울 마포구 와우산로 161 (서교동, 성경빌딩)",37.55533,126.93034,2025-08-30,2025-08-30
3950,파우칩 팝업 - 헐랭 박물관,서울 마포구 와우산로 161,"서울 마포구 와우산로 161 (서교동, 성경빌딩)",37.555325,126.93033,2025-10-22,2025-10-26
3023,호즈미 팝업,서울 마포구 와우산로 39-21,서울 마포구 와우산로 39-21 (상수동),37.548164,126.922165,2025-06-14,2025-06-29
4663,새로 가챠 팝업스토어 in 홍대,서울 마포구 와우산로 71,서울 마포구 와우산로 71 (서교동),37.550884,126.922806,2025-11-28,2025-12-24
1876,사우스 코리안 파크 팝업,서울 마포구 와우산로 76-1,서울 마포구 서교동 361-18,37.55128,126.9236,2025-02-07,2025-02-21
3422,타이거 맥주 X 토트넘 홋스퍼 팝업 - The Spurs Den,서울 마포구 와우산로 76-1,"서울 마포구 와우산로 76-1 (서교동, 스터리나잇빌딩)",37.55126,126.923546,2025-08-01,2025-08-02
1648,투어스 데뷔 1주년 기념 팝업,서울 마포구 와우산로 82,서울 마포구 서교동 361-23,37.55175,126.923706,2025-01-17,2025-01-23
4370,AMD x 붉은사막 팝업,서울 마포구 와우산로 82,서울 마포구 와우산로 82 (서교동),37.55173,126.92363,2025-10-30,2025-11-01
4638,와우의 집 팝업 - HOME OF WOW,서울 마포구 와우산로 94,"서울 마포구 와우산로 94 (상수동, 학교법인홍익학원)",37.552563,126.92493,2025-11-17,2025-11-23
468,가덕하게 팝업,서울 마포구 와우산로 99,서울 마포구 서교동 344-11,37.553185,126.92458,2024-08-30,2024-09-10
3934,마원마켓 팝업 ,서울 마포구 와우산로15길 19,서울 마포구 와우산로15길 19 (서교동),37.549545,126.92221,2025-09-13,2025-09-13
945,벙커 플리마켓 팝업,서울 마포구 와우산로15길 24,서울 마포구 서교동 409-9,37.549465,126.92184,2024-11-02,2024-11-03
4892,시선력 2026 신년 팝업,서울 마포구 와우산로17길 19-21,서울 마포구 와우산로17길 19-21 (서교동),37.549286,126.92153,2025-12-11,2025-12-14
3859,컨테이너룸 팝업,서울 마포구 와우산로19길 6-11,서울 마포구 와우산로19길 6-11 (서교동),37.55172,126.922905,2025-09-06,2025-09-06
2412,올리브영 슬로우 드라이브 팝업,서울 마포구 와우산로21길 37,서울 마포구 서교동 364-24,37.55228,126.9218,2025-04-04,2025-04-27
585,올리브영 서울뷰티 팝업,서울 마포구 와우산로21길 37,서울 마포구 서교동 364-24,37.552273,126.921684,2024-09-13,2024-09-25
2575,올리브영 체력 충전소 팝업,서울 마포구 와우산로21길 37,서울 마포구 서교동 364-24,37.552273,126.92176,2025-05-02,2025-05-25
1515,오징어 게임2 X 웨이크메이크 X 브링그린 뷰티 서바이벌 홍대 팝업,서울 마포구 와우산로21길 37,서울 마포구 서교동 364-24,37.55228,126.9218,2025-01-05,2025-01-26
2073,올리브영 유니버시티 팝업,서울 마포구 와우산로21길 37,서울 마포구 서교동 364-24,37.55228,126.9218,2025-03-01,2025-03-28
5730,READY FOR SCHOOL? in 트렌드팟 바이 올리브영 홍대,서울 마포구 와우산로21길 37,"서울 마포구 와우산로21길 37 (서교동, JSJ)",37.55224,126.92174,2026-03-01,2026-03-31
4166,올리브영 헤바 라운지 in 트렌드팟 바이 올리브영 홍대,서울 마포구 와우산로21길 37,"서울 마포구 와우산로21길 37 (서교동, JSJ)",37.55228,126.9218,2025-10-03,2025-10-26
4833,올리브영 어워즈 in 트렌드팟 바이 올리브영 홍대,서울 마포구 와우산로21길 37,"서울 마포구 와우산로21길 37 (서교동, JSJ)",37.552334,126.92175,2025-11-28,2025-12-28
3537,에스네이처 팝업,서울 마포구 와우산로21길 37,"서울 마포구 와우산로21길 37 (서교동, JSJ)",37.552288,126.921715,2025-08-01,2025-08-31
5431,망곰이의 특별한 하루 in 트렌드팟 바이 올리브영 홍대,서울 마포구 와우산로21길 37,"서울 마포구 와우산로21길 37 (서교동, JSJ)",37.55229,126.92179,2026-02-01,2026-02-22
5437,망그러진곰 X 올리브영 팝업 - 트렌드팟 바이 올리브영 홍대_사본,서울 마포구 와우산로21길 37,"서울 마포구 와우산로21길 37 (서교동, JSJ)",37.55229,126.92179,2026-02-01,2026-02-22
3212,올리브영 X 산리오캐릭터즈 팝업 - 홍대,서울 마포구 와우산로21길 37,"서울 마포구 와우산로21길 37 (서교동, JSJ)",37.552273,126.92175,2025-07-04,2025-07-27
4505,퍼펙트 글로우 in 트렌드팟 바이 올리브영 홍대,서울 마포구 와우산로21길 37,"서울 마포구 와우산로21길 37 (서교동, JSJ)",37.552273,126.92173,2025-11-01,2025-11-23
2859,세븐틴 X 비비고 팝업 - 홍대,서울 마포구 와우산로21길 37,"서울 마포구 와우산로21길 37 (서교동, JSJ)",37.552258,126.92176,2025-05-30,2025-06-29
3819,산리오X올리브영 큐티런 in 트렌드팟 바이 올리브영 홍대,서울 마포구 와우산로21길 37,"서울 마포구 와우산로21길 37 (서교동, JSJ)",37.552273,126.92174,2025-09-05,2025-09-28
2871,세븐틴 X 비비고 팝업 - 홍대_사본,서울 마포구 와우산로21길 37,"서울 마포구 와우산로21길 37 (서교동, JSJ)",37.552258,126.92176,2025-05-30,2025-06-29
3437,프로즌 체크인 팝업 in 트렌드팟 바이 올리브영 홍대,서울 마포구 와우산로21길 37,"서울 마포구 와우산로21길 37 (서교동, JSJ)",37.55229,126.92186,2025-08-01,2025-08-31
5487,팝마트 발렌타인데이 이벤트,서울 마포구 와우산로23길 56,서울 마포구 와우산로23길 56 (서교동),37.555252,126.9238,2026-02-02,
5841,혼쿄 팝업,서울 마포구 와우산로25길 26,"서울 마포구 와우산로25길 26 (서교동, 청솔빌딩)",37.55443,126.92614,2026-03-13,2026-03-15
5118,동그래 팝업 - 2025 동그래의 첫 연말정산,서울 마포구 와우산로27길 28,서울 마포구 서교동 334-14,37.55447,126.92694,2025-12-25,2025-12-28
5739,본부대로 팝업,서울 마포구 와우산로29길 12,서울 마포구 와우산로29길 12 (서교동),37.554855,126.9293,2026-02-28,2026-03-15
5139,미라클쿠지 플리마켓,서울 마포구 와우산로29길 45,"서울 마포구 와우산로29길 45 (서교동, 성암빌딩)",37.5555,126.92752,2025-12-27,2025-12-28
368,켄 <Consolation & Love> 팝업,서울 마포구 와우산로29길 57,서울 마포구 서교동 333-1,37.55585,126.926994,2024-08-23,2024-08-31
358,빅스 켄 팝업,서울 마포구 와우산로29길 57,서울 마포구 서교동 333-1,37.55585,126.926994,2024-08-23,2024-08-31
5876,삔즈 X 판나코타 팝업,서울 마포구 와우산로29나길 24,서울 마포구 와우산로29나길 24 (서교동),37.55436,126.92781,2026-03-21,2026-03-22
4536,로시 8주년 이벤트,서울 마포구 와우산로29마길 10,서울 마포구 와우산로29마길 10 (서교동),37.55568,126.92655,2025-11-09,2025-11-09
380,호랑이 들어와요 팝업,서울 마포구 와우산로29바길 15,서울 마포구 서교동 332-17,37.555717,126.926094,2024-08-22,2024-08-31
410,호랑이 들어와요,서울 마포구 와우산로29바길 15,서울 마포구 서교동 332-17,37.555717,126.926094,2024-08-22,2024-08-31
5499,몬드킴 팝업 전시 - Roses in Flux,서울 마포구 와우산로32길 15,서울 마포구 와우산로32길 15 (서교동),37.554802,126.931,2026-02-20,2026-02-23
1985,몽글미 팝업,서울 마포구 와우산로35길 13,서울 마포구 서교동 326-2,37.555733,126.92983,2025-02-10,2025-03-09
2291,핸드인글러브 팝업,서울 마포구 와우산로35길 13,서울 마포구 서교동 326-2,37.555714,126.92981,2025-03-24,2025-05-18
967,삭스어필 X 모구타카하시 서교 팝업,서울 마포구 와우산로35길 13,서울 마포구 서교동 326-2,37.555714,126.92981,2024-10-21,2024-11-20
317,나이브가든 Assemble 팝업,서울 마포구 와우산로35길 13,서울 마포구 서교동 326-2,37.555714,126.92981,2024-08-01,2024-09-18
1919,마이토파르타 전시,서울 마포구 와우산로35길 13,서울 마포구 서교동 326-2,37.555714,126.92981,2025-02-17,2025-04-27
683,물렁이와 쏘쏘가 함께하는 회사생활 팝업,서울 마포구 와우산로35길 13,서울 마포구 서교동 326-2,37.555695,126.92981,2024-09-20,2024-11-10
2652,신이어마켓 미니 전시,서울 마포구 와우산로35길 13,서울 마포구 서교동 326-2,37.55575,126.92984,2025-04-28,2025-06-01
1622,호즈미 포츈 하우스 전시,서울 마포구 와우산로35길 13,서울 마포구 서교동 326-2,37.555714,126.92981,2025-01-14,2025-02-17
1920,이고지고의 걱정 아이스크림 가게 팝업,서울 마포구 와우산로35길 13,서울 마포구 서교동 326-2,37.555733,126.92982,2025-02-19,2025-03-16
2808,다이노탱 쿽스카우트 팝업,서울 마포구 와우산로35길 13,서울 마포구 와우산로35길 13 (서교동),37.555668,126.92984,2025-05-30,2025-07-27
5588,사라오브젝트 전시,서울 마포구 와우산로35길 13,서울 마포구 와우산로35길 13 (서교동),37.555695,126.92981,2026-02-03,2026-03-16
3549,아이 리브 위드 식스 캣츠 팝업 - 여름소리 ,서울 마포구 와우산로35길 13,서울 마포구 와우산로35길 13 (서교동),37.55573,126.92985,2025-08-05,2025-09-07
4677,김치가 최고심 팝업,서울 마포구 와우산로35길 13,서울 마포구 와우산로35길 13 (서교동),37.555706,126.929794,2025-11-21,2026-02-01
4415,셔레이드쇼 팝업,서울 마포구 와우산로35길 13,서울 마포구 와우산로35길 13 (서교동),37.555714,126.92981,2025-10-27,2025-12-14
4063,혼쿄 팝업,서울 마포구 와우산로37길 30,"서울 마포구 와우산로37길 30 (동교동, 파크뷰빌딩)",37.556465,126.92938,2025-09-26,2025-09-28
4694,감싸롱 전시 - 이거 나만 불-편해?,서울 마포구 와우산로37길 30,"서울 마포구 와우산로37길 30 (동교동, 파크뷰빌딩)",37.55649,126.92933,2025-11-28,2025-11-30
3431,그루브스톤 팝업,서울 마포구 와우산로37길 30,"서울 마포구 와우산로37길 30 (동교동, 파크뷰빌딩)",37.55648,126.92934,2025-08-15,2025-08-16
785,아카데미과학 팝업,서울 마포구 월드컵로 51,서울 마포구 합정동 427-4,37.553837,126.91156,2024-10-19,2024-11-03
1904,프린세스 프링 10주년 카페 팝업,서울 마포구 월드컵로10길 39,서울 마포구 서교동 477-4,37.555454,126.91366,2025-02-21,2025-03-09
3232,악역의 엔딩은 죽음뿐 X 판타지트 콜라보 팝업,서울 마포구 월드컵로10길 39,서울 마포구 월드컵로10길 39 (서교동),37.555454,126.91366,2025-06-20,2025-07-20
4214,지박소년 하나코 군 2기 콜라보 카페 - 홍대,서울 마포구 월드컵로3길 14,"서울 마포구 월드컵로3길 14 (합정동, 마포 한강 2차 푸르지오)",37.551018,126.91156,2025-10-30,2025-12-14
5914,그 비스크 돌은 사랑을 한다 X 애니플러스 콜라보 카페 - 합정,서울 마포구 월드컵로3길 14,"서울 마포구 월드컵로3길 14 (합정동, 마포 한강 2차 푸르지오)",37.551006,126.91165,2026-04-02,2026-05-17
4666,싸이코드 X 애니플러스 콜라보 카페,서울 마포구 월드컵로3길 14,"서울 마포구 월드컵로3길 14 (합정동, 마포 한강 2차 푸르지오)",37.551052,126.91158,2025-12-04,2026-01-04
5653,헌터X헌터 X 애니플러스 콜라보 카페 - 합정,서울 마포구 월드컵로3길 14,"서울 마포구 월드컵로3길 14 (합정동, 마포 한강 2차 푸르지오)",37.5511,126.91214,2026-03-26,2026-05-10
3951,에일리언스테이지 X 애니플러스 콜라보 카페 - 홍대,서울 마포구 월드컵로3길 14,"서울 마포구 월드컵로3길 14 (합정동, 마포 한강 2차 푸르지오)",37.55103,126.91147,2025-09-25,2025-10-26
2023,이번 생은 우주대스타 X 애니플러스 콜라보 카페 팝업,서울 마포구 월드컵로3길 14,서울 마포구 합정동 473,37.551117,126.9116,2025-02-20,2025-03-23
2369,블루 록 X 애니플러스 콜라보 카페,서울 마포구 월드컵로3길 14,서울 마포구 합정동 473,37.551006,126.91165,2025-03-27,2025-04-23
2331,로드 오브 히어로즈 X 애니플러스 콜라보 카페,서울 마포구 월드컵로3길 14,서울 마포구 합정동 473,37.551006,126.91165,2025-03-27,2025-05-11
5770,친친플리마켓,서울 마포구 월드컵북로12안길 3,"서울 마포구 월드컵북로12안길 3 (성산동, 서보미술문화공간서울동관)",37.562065,126.91528,2026-03-07,2026-03-07
2459,나가노 마켓 팝업,서울 마포구 월드컵북로2길 29,서울 마포구 동교동 158-8,37.55663,126.92236,2025-04-26,2025-06-29
3128,음뽀챠무 떡집 팝업,서울 마포구 월드컵북로2길 29,서울 마포구 월드컵북로2길 29 (동교동),37.55663,126.92236,2025-07-04,2025-08-17
4893,모프샌드 팝업,서울 마포구 월드컵북로2길 29,서울 마포구 월드컵북로2길 29 (동교동),37.556618,126.922325,2025-12-05,2026-01-04
3795,캐릭캐릭체인지 드림샵 팝업 ,서울 마포구 월드컵북로2길 29,서울 마포구 월드컵북로2길 29 (동교동),37.556652,126.9224,2025-09-12,2025-09-30
2519,원신 X 박카스맛 젤리 팝업,서울 마포구 월드컵북로2길 37,서울 마포구 동교동 158-6,37.5569,126.92262,2025-04-24,2025-04-27
5652,채채 X 태터 X 키마 플리마켓,서울 마포구 월드컵북로2길 82,서울 마포구 동교동 155-20,37.55815,126.92461,2026-02-22,2026-02-22
745,팔도 카라멜 팝업,서울 마포구 월드컵북로5길 41,서울 마포구 서교동 460-25,37.556267,126.916794,2024-10-09,2024-10-15
3324,웤웤상사 팝업,서울 마포구 월드컵북로5길 41,서울 마포구 월드컵북로5길 41 (서교동),37.55621,126.91671,2025-07-26,2025-07-27
3947,디퍼 이벤트 - SPECIAL TALK ,서울 마포구 월드컵북로5길 41,서울 마포구 월드컵북로5길 41 (서교동),37.556175,126.91671,2025-09-24,2025-09-24
5916,모드맨 플리마켓,서울 마포구 월드컵북로6길 49,서울 마포구 월드컵북로6길 49 (연남동),37.55919,126.92088,2026-03-21,2026-04-03
954,공후하 X 뷰티플레이 팝업,서울 마포구 잔다리로 16,서울 마포구 서교동 363-16,37.550903,126.92147,2024-10-28,2024-11-02
2758,투모로우바이투게더 X CU 팝업 - 홍대,서울 마포구 잔다리로 25,서울 마포구 잔다리로 25 (서교동),37.550846,126.92005,2025-05-12,2025-05-31
4686,절대검감 X 하이블루밍 팝업,서울 마포구 잔다리로 45,서울 마포구 잔다리로 45 (서교동),37.552097,126.91858,2025-11-21,2025-11-25
3483,돌디샵 X 쿠쿠스페이스 팝업,서울 마포구 잔다리로 45,서울 마포구 잔다리로 45 (서교동),37.552086,126.91857,2025-08-09,2025-08-24
4067,천원의 재능 마켓 팝업,서울 마포구 잔다리로 88,"서울 마포구 잔다리로 88 (서교동, 원방빌딩)",37.55521,126.91583,2025-10-03,2025-10-03
5378,굽네치킨 팝업 - 추추 치킨 스테이크,서울 마포구 잔다리로2길 23,서울 마포구 잔다리로2길 23 (서교동),37.551685,126.92122,2026-01-21,2026-02-01
5610,Lee 홍대 플래그십 스토어 리뉴얼 오픈 이벤트,서울 마포구 잔다리로2길 8,서울 마포구 잔다리로2길 8 (서교동),37.551308,126.920395,2026-02-12,2026-02-22
294,펑.쿨.쎅 팝업,서울 마포구 잔다리로3안길 12,서울 마포구 서교동 395-116,37.550865,126.91913,2024-08-10,2024-08-18
5717,이현하 옷장대방출 플리마켓,서울 마포구 잔다리로7안길 23,서울 마포구 잔다리로7안길 23 (서교동),37.55219,126.91644,2026-02-27,2026-03-01
4740,아워피에르 팝업,서울 마포구 토정로 253,서울 마포구 토정로 253 (용강동),37.543545,126.93872,2025-11-22,2025-11-23
3199,<이찬혁 영감의 샘터: 마지막 한 방울> 전시,서울 마포구 토정로3길 11,서울 마포구 합정동 370-11,37.546207,126.914085,2025-07-19,2025-08-10
4103,고차고차 팝업,서울 마포구 토정로3길 22,서울 마포구 토정로3길 22 (합정동),37.546494,126.914536,2025-09-27,2025-09-27
3895,브로스 마켓 팝업 - BRO‘s MARKET,서울 마포구 포은로 39,서울 마포구 포은로 39 (합정동),37.551003,126.90718,2025-09-06,2025-09-07
4235,물건의 집 플리마켓,서울 마포구 포은로 93,서울 마포구 포은로 93 (망원동),37.55528,126.90498,2025-10-26,2025-10-26
4819,초조 팝업,서울 마포구 포은로 94,"서울 마포구 포은로 94 (망원동, 그레이스빌딩)",37.555386,126.90518,2025-11-28,2025-11-30
460,포트 X 밀레니엄 팝업 전시,서울 마포구 포은로 96,서울 마포구 망원동 403-1,37.555573,126.90515,2024-09-06,2024-09-12
4308,투어스 포토부스 팝업 - play hard,서울 마포구 포은로 96,서울 마포구 포은로 96 (망원동),37.55556,126.90512,2025-10-15,2025-10-28
5527,클로즈유어아이즈 X 포토이즘 팝업,서울 마포구 포은로 96,서울 마포구 포은로 96 (망원동),37.55557,126.90514,2026-01-29,2026-02-08
5229,캄 커피 팝업 - Kalm Beginning,서울 마포구 포은로 97-1,서울 마포구 포은로 97-1 (망원동),37.555786,126.90482,2026-01-10,2026-01-11
35,오사무굿즈 팝업,서울 마포구 포은로 99,서울 마포구 망원동 410-25,37.55589,126.90478,2024-07-10,2024-07-21
1315,라이트업 스튜디오 크리스마스 팝업,서울 마포구 포은로 99,서울 마포구 망원동 410-25,37.55589,126.90478,2024-12-11,2024-12-15
2702,쥐순이의 보석함 팝업,서울 마포구 포은로 99,서울 마포구 망원동 410-25,37.55589,126.90478,2025-05-05,2025-05-11
2489,별별마을 팝업,서울 마포구 포은로 99,서울 마포구 망원동 410-25,37.55589,126.90478,2025-04-08,2025-04-13
757,히히클럽 팝업,서울 마포구 포은로 99,서울 마포구 망원동 410-25,37.55589,126.90478,2024-10-08,2024-10-13
5790,"보고가새요, 새들의 소소한 일상전​",서울 마포구 포은로 99,서울 마포구 포은로 99 (망원동),37.55589,126.90478,2026-03-03,2026-03-08
4948,라이프앤피시스 팝업,서울 마포구 포은로 99,서울 마포구 포은로 99 (망원동),37.555878,126.904755,2025-12-05,2025-12-31
2536,퓨어스펙 오렌지 & 큐티 만다린 트럭 팝업 - 한강,서울 마포구 한강난지로 162,서울 마포구 상암동 487-116,37.566013,126.87749,2025-04-20,2025-04-20
5764,푸마 팝업,서울 마포구 홍익로 29,서울 마포구 홍익로 29 (서교동),37.554638,126.92179,2026-03-03,2026-03-17
5565,기호 X 무신사 팝업,서울 마포구 홍익로 29,서울 마포구 홍익로 29 (서교동),37.554638,126.92179,2026-02-09,2026-02-25
5009,명탐정 코난 추리게임 팝업,서울 마포구 홍익로2길 7,서울 마포구 홍익로2길 7 (서교동),37.55425,126.92337,2026-01-09,2026-02-08
5684,집집 스핀오프 팝업 - 소중한 잡동사니 마켓,서울 마포구 홍익로2길 7,서울 마포구 홍익로2길 7 (서교동),37.554276,126.923325,2026-03-28,2026-03-29
4239,수택 플리마켓,서울 마포구 홍익로5길 51,서울 마포구 홍익로5길 51 (서교동),37.55298,126.91998,2025-10-19,2025-10-19
4900,티니핑 X 아트박스 팝업 - 홍대,서울 마포구 홍익로6길 15,"서울 마포구 홍익로6길 15 (동교동, 삼주빌딩)",37.555332,126.922676,2025-11-27,2025-12-14
2817,밴드 아워유스 팝업,서울 마포구 홍익로6길 23,서울 마포구 홍익로6길 23 (동교동),37.555546,126.92297,2025-05-22,2025-05-29
2404,더마토리 팝업,서울 마포구 홍익로6길 57,서울 마포구 동교동 165-3,37.556618,126.924355,2025-04-01,2025-04-30
1352,2024 올리브영 어워즈 팝업,서울 마포구 홍익로6길 57,서울 마포구 동교동 165-3,37.556618,126.924355,2024-12-08,2024-12-30
1827,슬릭 X T1 팝업,서울 마포구 홍익로6길 57,서울 마포구 동교동 165-3,37.556606,126.9244,2025-02-01,2025-02-28
2642,마른파이브 X 디즈니 프린세스 팝업,서울 마포구 홍익로6길 57,서울 마포구 동교동 165-3,37.556686,126.92439,2025-05-01,2025-05-30
2060,구달 X 캐치! 티니핑 팝업,서울 마포구 홍익로6길 57,서울 마포구 동교동 165-3,37.55661,126.924416,2025-03-01,2025-03-31
564,아도르 X 뚜들리 가을소풍 팝업,서울 마포구 홍익로6길 57,서울 마포구 동교동 165-3,37.556595,126.92433,2024-08-30,2024-09-30
1558,이니스프리 X 마이멜로디 마이 레티놀 시카 팝업,서울 마포구 홍익로6길 57,서울 마포구 동교동 165-3,37.556637,126.92433,2024-12-31,2025-01-31
5183,이니스프리 X 뚱시바 in 올리브영 홍대타운,서울 마포구 홍익로6길 57,"서울 마포구 홍익로6길 57 (동교동, 윤성타워)",37.556583,126.9244,2025-12-31,2026-01-31
3820,에스더포뮬러 with 파워퍼프걸 in 올리브영 홍대타운,서울 마포구 홍익로6길 57,"서울 마포구 홍익로6길 57 (동교동, 윤성타워)",37.55662,126.92443,2025-08-29,2025-09-30
4169,올리오 X 위키드 in 올리브영 홍대타운,서울 마포구 홍익로6길 57,"서울 마포구 홍익로6길 57 (동교동, 윤성타워)",37.556667,126.92434,2025-10-01,2025-10-31
3433,토리든 X 가나디 in 올리브영 홍대타운,서울 마포구 홍익로6길 57,"서울 마포구 홍익로6길 57 (동교동, 윤성타워)",37.55663,126.92445,2025-08-01,2025-08-28
4836,비비랩 x 아바타스타 슈 in 올리브영 홍대타운,서울 마포구 홍익로6길 57,"서울 마포구 홍익로6길 57 (동교동, 윤성타워)",37.556667,126.92433,2025-11-30,2025-12-30
5733,딜라이트 프로젝트ㅣ먼작귀 in 올리브영 홍대 타운,서울 마포구 홍익로6길 57,"서울 마포구 홍익로6길 57 (동교동, 윤성타워)",37.556667,126.92441,2026-03-01,2026-03-31
3172,일소 X 헬로키티 팝업 - 홍대,서울 마포구 홍익로6길 57,"서울 마포구 홍익로6길 57 (동교동, 윤성타워)",37.556602,126.92443,2025-07-01,2025-07-31
4507,토니모리 <주토피아> 팝업스토어 in 올리브영 홍대타운,서울 마포구 홍익로6길 57,"서울 마포구 홍익로6길 57 (동교동, 윤성타워)",37.556618,126.92441,2025-11-01,2025-11-29
2954,닥터지 팝업,서울 마포구 홍익로6길 57,"서울 마포구 홍익로6길 57 (동교동, 윤성타워)",37.556618,126.924355,2025-05-31,2025-06-30
5438,올리브영 X 망그러진 곰 in 올리브영 홍대 타운,서울 마포구 홍익로6길 57,"서울 마포구 홍익로6길 57 (동교동, 윤성타워)",37.556583,126.92433,2026-02-01,2026-02-28
4980,웰던&웰컴 팝업,서울 마포구 희우정로 82-1,서울 마포구 희우정로 82-1 (망원동),37.553215,126.90349,2025-12-05,2026-02-22
4918,글리밉 팝업,서울 마포구 희우정로12길 16,서울 마포구 희우정로12길 16 (망원동),37.553627,126.90389,2025-12-13,2025-12-14
4083,데이먼스 이어 팝업,서울 마포구 희우정로5길 29,서울 마포구 희우정로5길 29 (합정동),37.54994,126.90506,2025-09-25,2025-09-26
4096,소니엔젤 팝업,서울 서대문구 명물길 23,"서울 서대문구 명물길 23 (창천동, 큐비드빌딩)",37.55816,126.937836,2025-09-26,2025-10-12
4856,KFC X 기묘한이야기5 팝업,서울 서대문구 신촌로 79,"서울 서대문구 신촌로 79 (창천동, 성광빌딩)",37.556,126.93519,2025-12-05,2025-12-27
4164,이누야샤 콜라보 카페,서울 서대문구 신촌로 83,"서울 서대문구 신촌로 83 (창천동, 현대백화점신촌점)",37.55597,126.93596,2025-10-03,2025-12-07
5146,달파티 팝업,서울 서대문구 신촌로 83,"서울 서대문구 신촌로 83 (창천동, 현대백화점신촌점)",37.556286,126.93608,2025-12-26,2026-01-08
5523,모애쿠 마켓 팝업,서울 서대문구 신촌로 83,"서울 서대문구 신촌로 83 (창천동, 현대백화점신촌점)",37.55594,126.93595,2026-02-02,2026-02-19
5920,루블리스 팝업,서울 서대문구 신촌로 83,"서울 서대문구 신촌로 83 (창천동, 현대백화점신촌점)",37.556084,126.935844,2026-03-20,2026-04-02
3715,모애쿠 마켓 팝업,서울 서대문구 신촌로 83,"서울 서대문구 신촌로 83 (창천동, 현대백화점신촌점)",37.556095,126.93597,2025-08-20,2025-08-24
2965,뽀이스튜디오 팝업,서울 서대문구 신촌로 83,"서울 서대문구 신촌로 83 (창천동, 현대백화점신촌점)",37.555965,126.93578,2025-06-13,2025-06-15
4216,신서울 팝업,서울 서대문구 신촌로 83,"서울 서대문구 신촌로 83 (창천동, 현대백화점신촌점)",37.556057,126.93608,2025-09-29,2025-10-09
3908,팬게이머 팝업 ,서울 서대문구 신촌로 83,"서울 서대문구 신촌로 83 (창천동, 현대백화점신촌점)",37.55602,126.93579,2025-09-11,2025-09-20
4025,챈초이 X 피스온더테이블 팝업 ,서울 서대문구 신촌로 83,"서울 서대문구 신촌로 83 (창천동, 현대백화점신촌점)",37.556046,126.93603,2025-09-19,2025-09-28
4291,밴드 고추잠자리 팝업,서울 서대문구 신촌로 83,"서울 서대문구 신촌로 83 (창천동, 현대백화점신촌점)",37.556015,126.93578,2025-10-17,2025-10-19
4670,엠스토리허브 X 모애쿠 콜라보 카페,서울 서대문구 신촌로 83,"서울 서대문구 신촌로 83 (창천동, 현대백화점신촌점)",37.55602,126.93603,2025-11-12,2025-12-07
5929,노크 팝업,서울 서대문구 신촌로 83,"서울 서대문구 신촌로 83 (창천동, 현대백화점신촌점)",37.556084,126.935844,2026-03-20,2026-04-02
5251,디지몬 어드벤처 X 오마케 콜라보 카페,서울 서대문구 신촌로 83,"서울 서대문구 신촌로 83 (창천동, 현대백화점신촌점)",37.55676,126.93652,2026-01-22,2026-03-25
4428,용한소녀 팝업,서울 서대문구 신촌로 83,"서울 서대문구 신촌로 83 (창천동, 현대백화점신촌점)",37.556084,126.935844,2025-10-31,2025-11-09
4185,데디베어 팝업,서울 서대문구 신촌로 83,"서울 서대문구 신촌로 83 (창천동, 현대백화점신촌점)",37.556053,126.93604,2025-09-29,2025-10-09
5396,풀리오 팝업 - 신촌,서울 서대문구 신촌로 83,"서울 서대문구 신촌로 83 (창천동, 현대백화점신촌점)",37.5561,126.935814,2026-01-23,2026-02-01
4606,레브 팝업,서울 서대문구 신촌로 83,"서울 서대문구 신촌로 83 (창천동, 현대백화점신촌점)",37.55599,126.93583,2025-11-14,2025-11-27
1445,테디테일즈 신촌 팝업,서울 서대문구 신촌로 83,서울 서대문구 창천동 30-33,37.556053,126.935875,2024-12-17,2025-01-16
2533,코디너리 팝업,서울 서대문구 신촌로 83,서울 서대문구 창천동 30-33,37.555992,126.93575,2025-04-11,2025-04-20
2003,요거트월드 팝업,서울 서대문구 신촌로 83,서울 서대문구 창천동 30-33,37.55607,126.93579,2025-02-17,2025-04-18
165,담곰이 카페 팝업,서울 서대문구 신촌로 83,서울 서대문구 창천동 30-33,37.556152,126.935814,2024-05-24,2024-08-18
2391,노도니트 팝업,서울 서대문구 신촌로 83,서울 서대문구 창천동 30-33,37.55601,126.9358,2025-03-24,2025-04-06
1917,명랑핫도그 팝업 - 신촌,서울 서대문구 신촌로 83,서울 서대문구 창천동 30-33,37.556023,126.935844,2025-02-17,2025-03-07
1401,밀크하우스캔들 팝업,서울 서대문구 신촌로 83,서울 서대문구 창천동 30-33,37.556046,126.935814,2024-12-17,2025-01-16
1049,던전밥 신촌 팝업,서울 서대문구 신촌로 83,서울 서대문구 창천동 30-33,37.556084,126.935844,2024-11-15,2024-11-28
723,스폰지밥 캠핑데이 팝업,서울 서대문구 신촌로 83,서울 서대문구 창천동 30-33,37.556152,126.935814,2024-10-18,2024-10-31
2636,유피라운지 팝업,서울 서대문구 신촌로 83,서울 서대문구 창천동 30-33,37.55594,126.93577,2025-04-25,2025-05-24
379,베이글리스트 X 라크루뜨서울 신촌 팝업,서울 서대문구 신촌로 83,서울 서대문구 창천동 30-33,37.555946,126.93564,2024-08-23,2024-09-05
1732,이티비티샵 팝업 - 신촌,서울 서대문구 신촌로 83,서울 서대문구 창천동 30-33,37.556084,126.935844,2025-01-17,2025-02-06
2780,아멜리 팝업,서울 서대문구 연세로 13,"서울 서대문구 연세로 13 (창천동, 현대백화점 유플렉스)",37.556683,126.93665,2025-05-16,2025-07-03
5558,모브사이코100 X 모애쿠 콜라보 카페,서울 서대문구 연세로 13,"서울 서대문구 연세로 13 (창천동, 현대백화점 유플렉스)",37.556744,126.93661,2026-02-20,2026-03-23
2857,달빛천사 X 팝퍼블 콜라보 카페,서울 서대문구 연세로 13,"서울 서대문구 연세로 13 (창천동, 현대백화점 유플렉스)",37.55671,126.936455,2025-06-06,2025-08-31
5809,플레이인더박스 팝업,서울 서대문구 연세로 13,"서울 서대문구 연세로 13 (창천동, 현대백화점 유플렉스)",37.55675,126.93648,2026-02-28,2026-03-12
5806,하츠네미쿠 팝업,서울 서대문구 연세로 13,"서울 서대문구 연세로 13 (창천동, 현대백화점 유플렉스)",37.556686,126.93651,2026-03-19,2026-04-01
5548,달빛천사 X 팝퍼블 콜라보 카페_사본,서울 서대문구 연세로 13,"서울 서대문구 연세로 13 (창천동, 현대백화점 유플렉스)",37.55671,126.936455,2025-06-06,2025-08-31
4988,똥깡아지 메주 팝업 - 메주네 동네 가게,서울 서대문구 연세로 13,"서울 서대문구 연세로 13 (창천동, 현대백화점 유플렉스)",37.55663,126.93668,2025-12-19,2025-12-28
3966,괴담에 떨어져도 출근을 해야 하는구나 전시 - 살아남은 자의 기록전,서울 서대문구 연세로 13,"서울 서대문구 연세로 13 (창천동, 현대백화점 유플렉스)",37.556675,126.93652,2025-09-24,2025-11-02
4865,하츠네미쿠 팝업,서울 서대문구 연세로 13,"서울 서대문구 연세로 13 (창천동, 현대백화점 유플렉스)",37.556717,126.93643,2025-12-19,2025-12-28
5613,무유무유 팝업,서울 서대문구 연세로 13,"서울 서대문구 연세로 13 (창천동, 현대백화점 유플렉스)",37.55675,126.936615,2026-02-13,2026-02-27
5837,굿스마일 코리아 팝업,서울 서대문구 연세로 13,"서울 서대문구 연세로 13 (창천동, 현대백화점 유플렉스)",37.556755,126.93661,2026-03-06,2026-03-12
3625,퇴마록 콜라보 카페 ,서울 서대문구 연세로 13,"서울 서대문구 연세로 13 (창천동, 현대백화점 유플렉스)",37.556667,126.936516,2025-08-16,2025-08-31
3624,퇴마록 팝업 ,서울 서대문구 연세로 13,"서울 서대문구 연세로 13 (창천동, 현대백화점 유플렉스)",37.55679,126.93666,2025-08-16,2025-08-31
4810,오란고교 사교클럽 X 모애쿠 콜라보 카페,서울 서대문구 연세로 13,"서울 서대문구 연세로 13 (창천동, 현대백화점 유플렉스)",37.55675,126.93648,2025-12-11,2026-02-01
4790,가짜를 위한 장소는 없다 X 모애쿠 콜라보 카페,서울 서대문구 연세로 13,"서울 서대문구 연세로 13 (창천동, 현대백화점 유플렉스)",37.556717,126.9365,2025-11-24,2025-11-29
314,꼬마마법사 레미 X 팝퍼블 콜라보 팝업,서울 서대문구 연세로 13,서울 서대문구 창천동 30-1,37.55667,126.93655,2024-08-23,2024-11-17
1742,리락쿠마 X 팝퍼블 콜라보 팝업 - 신촌,서울 서대문구 연세로 13,서울 서대문구 창천동 30-1,37.55675,126.93665,2025-02-07,2025-05-31
1059,"🔥추운겨울, 덕질로 몸도 마음도 뎁혀봐!🔥",서울 서대문구 연세로 13,서울 서대문구 창천동 30-1,37.556736,126.93656,2024-11-22,
1885,제니아테일러 팝업,서울 서대문구 연세로 13,서울 서대문구 창천동 30-1,37.55668,126.936554,2025-02-01,2025-02-28
1531,PEER X 더바이닐하우스 팝업,서울 서대문구 연세로 13,서울 서대문구 창천동 30-1,37.55677,126.936676,2025-01-03,2025-01-16
1075,케로로 X 팝퍼블 집사 카페 신촌 팝업,서울 서대문구 연세로 13,서울 서대문구 창천동 30-1,37.556736,126.93656,2024-11-22,2025-02-02
2239,우주먼지 X 킹율 팝업,서울 서대문구 연세로 13,서울 서대문구 창천동 30-1,37.556683,126.936554,2025-03-14,2025-03-27
817,스폰지밥 캠핑데이 팝업,서울 서대문구 연세로 13,서울 서대문구 창천동 30-1,37.556736,126.936615,2024-10-18,2024-10-31
1444,햄깅 팝업,서울 서대문구 연세로 13,서울 서대문구 창천동 30-1,37.556767,126.9367,2024-12-27,2025-01-09
580,웬즈데이 오아시스 팝업,서울 서대문구 연세로 13,서울 서대문구 창천동 30-1,37.556828,126.93661,2024-09-13,2024-09-19
1248,방구빵빵의 홈파티 팝업,서울 서대문구 연세로 13,서울 서대문구 창천동 30-1,37.55681,126.93665,2024-12-06,2024-12-12
2520,산리오 X 톰과 제리 팝업,서울 서대문구 연세로 13,서울 서대문구 창천동 30-1,37.556633,126.93658,2025-04-18,2025-05-01
1882,디드 팝업,서울 서대문구 연세로 13,서울 서대문구 창천동 30-1,37.55668,126.93657,2025-02-14,2025-02-27
1886,꼴렉뜨 핑크 팝업,서울 서대문구 연세로 13,서울 서대문구 창천동 30-1,37.556744,126.93667,2025-02-05,2025-02-28
565,이케아 신촌 유플렉스 팝업,서울 서대문구 연세로 13,서울 서대문구 창천동 30-1,37.556736,126.936615,2024-08-30,2024-12-31
1432,인스타360 팝업,서울 서대문구 연세로 13,서울 서대문구 창천동 30-1,37.556747,126.936676,2024-12-20,2024-12-26
815,스폰지밥 캠핑데이 팝업,서울 서대문구 연세로 13,서울 서대문구 창천동 30-1,37.556736,126.936615,2024-10-18,2024-10-31
1252,세기말 풋사과 보습학원 & 작전명 순정 : Winter Holiday 팝업,서울 서대문구 연세로 13,서울 서대문구 창천동 30-1,37.55675,126.936676,2024-12-13,2024-12-26
690,안아줘요와 튤립 꽃밭 팝업,서울 서대문구 연세로 13,서울 서대문구 창천동 30-1,37.556736,126.936615,2024-09-27,2024-10-09
2775,업비트 피자데이 팝업 - 연세대학교,서울 서대문구 연세로 50,"서울 서대문구 연세로 50 (신촌동, 연세대학교)",37.563553,126.93841,2025-05-29,2025-05-29
5152,짐빔 이벤트 - 2026년 솔로 탈출 프로젝트,서울 서대문구 연세로7길 25,서울 서대문구 연세로7길 25 (창천동),37.557392,126.9353,2026-01-08,2026-01-08
510,도너리 X 우주먼지 팝업,서울 서대문구 연희로11가길 2,서울 서대문구 연희동 129-3,37.56802,126.92937,2024-09-24,2024-10-06
3856,넌컨템포 팝업 - 이유없이 갖고 싶은 소품 가게 ,서울 서대문구 연희로11가길 2,서울 서대문구 연희로11가길 2 (연희동),37.567986,126.92935,2025-09-02,2025-09-07
3374,스윙셋 X 영아트 팝업,서울 서대문구 연희로11가길 2,서울 서대문구 연희로11가길 2 (연희동),37.568027,126.929375,2025-07-26,2025-08-03
4888,넌컨템포 팝업 - 이유 없이 갖고 싶은 선물 가게,서울 서대문구 연희로11가길 2,서울 서대문구 연희로11가길 2 (연희동),37.56797,126.929344,2025-12-09,2025-12-14
2447,오프사이드 팝업,서울 서대문구 연희로11가길 42,서울 서대문구 연희동 191-1,37.566868,126.92775,2025-04-04,2025-04-20
974,쓰리타임즈 팝업,서울 서대문구 연희로11가길 48-10,서울 서대문구 연희동 433-6,37.566986,126.92752,2024-11-05,2024-11-10
3234,오프사이드 팝업,서울 서대문구 연희로11가길 48-10,"서울 서대문구 연희로11가길 48-10 (연희동, 뉴스뮤지엄연희)",37.566986,126.92752,2025-07-04,2025-07-20
4051,노마니즘 연희 팝업 - Clear With Care,서울 서대문구 연희로11가길 8,서울 서대문구 연희로11가길 8 (연희동),37.56792,126.929146,2025-09-17,2025-09-21
1427,땡글라스 팝업,서울 서대문구 연희로11길 56,서울 서대문구 연희동 125-7,37.568886,126.92907,2024-12-24,2024-12-25
5617,유어마인드 벼룩시장,서울 서대문구 연희로11라길 10-6,서울 서대문구 연희로11라길 10-6 (연희동),37.568363,126.93036,2026-02-13,2026-02-15
4272,페어웨어 마켓 팝업,서울 서대문구 연희로11라길 7,서울 서대문구 연희동 125-11,37.568356,126.929756,2025-10-18,2025-10-19
2849,베이지크 팝업,서울 서대문구 연희로15길 31,서울 서대문구 연희로15길 31 (연희동),37.568794,126.93023,2025-05-30,2025-06-03
2093,오디에스 팝업,서울 서대문구 연희로15안길 8,서울 서대문구 연희동 133-7,37.568886,126.93081,2025-03-07,2025-03-09
4260,2025 Fall Collective 팝업,서울 서대문구 연희로15안길 8,서울 서대문구 연희동 133-7,37.568855,126.930824,2025-10-11,2025-10-12
4581,아니 홀리데이 팝업,서울 서대문구 연희로15안길 8,서울 서대문구 연희로15안길 8 (연희동),37.56886,126.930824,2025-11-14,2025-11-16
4230,올레프트 팝업,서울 서대문구 연희맛로 17-3,"서울 서대문구 연희맛로 17-3 (연희동, 정음)",37.56671,126.92924,2025-10-01,2025-10-14
5104,마인드붐 팝업,서울 서대문구 통일로 173-54,서울 서대문구 천연동 13-13,37.56884,126.96212,2025-12-27,2025-12-27
5384,녹화버튼 X 연희사과 팝업,서울 서대문구 홍제천로 200-5,서울 서대문구 연희동 169-21,37.578976,126.93523,2026-01-27,2026-02-11
5921,제5회 대한민국 막걸리엑스포,서울 서초구 강남대로 27,"서울 서초구 강남대로 27 (양재동, AT센터)",37.468277,127.03914,2026-05-15,2026-05-17
106,포켓몬 몬스터볼 팩토리 팝업,서울 서초구 강남대로 27,서울 서초구 양재동 232,37.468105,127.039246,2024-08-03,2024-08-04
970,2024 서울 일러스트 코리아,서울 서초구 강남대로 27,서울 서초구 양재동 232,37.46811,127.03923,2024-11-29,2024-12-01
752,서울 팝업 페스티벌 & 아이러브 캐릭터 라이선싱쇼,서울 서초구 강남대로 27,서울 서초구 양재동 232,37.468105,127.039246,2024-10-11,2024-10-13
5363,셀크네 팝업,서울 서초구 강남대로 385,서울 서초구 강남대로 385 (서초동),37.49708,127.02753,2026-01-30,2026-02-01
5766,빌리프 X 바나나킥 팝업,서울 서초구 강남대로 403,서울 서초구 강남대로 403 (서초동),37.49846,127.02682,2026-03-01,2026-03-31
4508,Intel Experience Store - HP Day,서울 서초구 강남대로 407,서울 서초구 강남대로 407 (서초동),37.499,127.02659,2025-11-03,2025-11-04
3314,갤럭시 스튜디오 팝업 - 강남,서울 서초구 강남대로 411,서울 서초구 강남대로 411 (서초동),37.49916,127.02644,2025-07-10,2025-08-10
4303,굿노트 X 갤럭시 탭 S11 팝업,서울 서초구 강남대로 411,서울 서초구 강남대로 411 (서초동),37.49916,127.0266,2025-10-16,2025-10-19
174,삼성강남x허쉬 팝업,서울 서초구 강남대로 411,서울 서초구 서초동 1318,37.49916,127.02651,2024-07-29,2024-08-11
1590,삼성전자 AI 북 아카데미 팝업,서울 서초구 강남대로 411,서울 서초구 서초동 1318,37.499157,127.02652,2025-01-05,2025-02-02
173,삼성강남x허쉬 팝업,서울 서초구 강남대로 411,서울 서초구 서초동 1318,37.49916,127.02651,2024-07-29,2024-08-11
435,무인양품 X 민들레마음 <내일의 방> 팝업,서울 서초구 강남대로 419,서울 서초구 서초동 1306-6,37.4998,127.02621,2024-08-09,2024-09-19
500,맘스터치 X 블루아카이브 서울 강남 팝업,서울 서초구 강남대로 423,서울 서초구 서초동 1306-2,37.500233,127.025856,2024-09-03,2024-10-10
503,맘스터치 X 블루아카이브 서울 강남 팝업,서울 서초구 강남대로 423,서울 서초구 서초동 1306-2,37.50028,127.0261,2024-09-03,2024-10-10
5258,디어스킨 팝업 - 시어버터 라운지,서울 서초구 강남대로 429,서울 서초구 강남대로 429 (서초동),37.500748,127.02579,2025-12-31,2026-01-31
5578,멜라메이트 팝업,서울 서초구 강남대로 429,서울 서초구 강남대로 429 (서초동),37.500813,127.02579,2026-02-01,2026-02-28
3201,일소 X 헬로키티 팝업 - 강남,서울 서초구 강남대로 429,서울 서초구 강남대로 429 (서초동),37.50073,127.02574,2025-07-01,2025-07-31
4537,토르홉 팝업,서울 서초구 강남대로 429,서울 서초구 강남대로 429 (서초동),37.50072,127.02579,2025-11-01,2025-11-29
2787,롱테이크 팝업,서울 서초구 강남대로 429,서울 서초구 강남대로 429 (서초동),37.500736,127.025894,2025-05-01,2025-05-31
2074,어노브 팝업,서울 서초구 강남대로 429,서울 서초구 서초동 1305-7,37.500744,127.02581,2025-03-01,2025-03-31
1151,먼작귀 X 카카오프렌즈 강남 팝업,서울 서초구 강남대로 429,서울 서초구 서초동 1305-7,37.50082,127.02574,2024-11-15,2024-12-31
739,토르홉 소금 마을 팝업,서울 서초구 강남대로 429,서울 서초구 서초동 1305-7,37.50072,127.025894,2024-10-01,2024-10-31
190,춘식이의 생일파티 팝업,서울 서초구 강남대로 429,서울 서초구 서초동 1305-7,37.500893,127.02581,2024-07-19,2024-07-31
1029,라엘 X 노티드 팝업,서울 서초구 강남대로 429,서울 서초구 서초동 1305-7,37.50072,127.02589,2024-11-01,2024-11-30
995,제로이드 팝업,서울 서초구 강남대로 429,서울 서초구 서초동 1305-7,37.50072,127.025894,2024-11-01,2024-11-30
2082,비비랩 팝업,서울 서초구 강남대로 429,서울 서초구 서초동 1305-7,37.500847,127.02571,2025-03-01,2025-03-31
291,토리든 X 브랜든 올리브영 팝업,서울 서초구 강남대로 429,서울 서초구 서초동 1305-7,37.50072,127.025894,2024-08-01,2024-08-29
1423,해리포터 X 카카오프렌즈 강남 팝업,서울 서초구 강남대로 429,서울 서초구 서초동 1305-7,37.500774,127.02575,2024-12-13,2025-01-19
1506,데이지크 X 올리브영 팝업,서울 서초구 강남대로 429,서울 서초구 서초동 1305-7,37.50079,127.02581,2024-12-31,2025-01-31
1879,보다나 X 올리브영 팝업,서울 서초구 강남대로 429,서울 서초구 서초동 1305-7,37.50086,127.02569,2025-02-01,2025-02-28
2096,바이오던스 팝업,서울 서초구 강남대로 429,서울 서초구 서초동 1305-7,37.500885,127.02569,2025-03-01,2025-03-31
176,춘식이의 생일파티,서울 서초구 강남대로 429,서울 서초구 서초동 1305-7,37.500893,127.02581,2024-07-19,2024-07-31
1752,에센허브 팝업,서울 서초구 강남대로 429,서울 서초구 서초동 1305-7,37.500793,127.02574,2025-02-01,2025-02-28
1559,티타드 X 올리브영 팝업,서울 서초구 강남대로 429,서울 서초구 서초동 1305-7,37.50077,127.02584,2024-12-31,2025-01-31
1755,로이비 팝업,서울 서초구 강남대로 429,서울 서초구 서초동 1305-7,37.50078,127.02584,2025-02-01,2025-02-28
3792,크러쉬 X 러쉬 팝업 : Crush with Lush - 강남,서울 서초구 강남대로 433,서울 서초구 강남대로 433 (서초동),37.501076,127.02572,2025-08-28,2025-09-07
4050,오늘의 귀여움 CLASS 팝업,서울 서초구 강남대로 437,"서울 서초구 강남대로 437 (서초동, 대원빌딩)",37.501343,127.02555,2025-09-26,2025-10-13
1664,던전앤파이터 SNOWMAGE 팝업,서울 서초구 강남대로 437,서울 서초구 서초동 1305-3,37.50136,127.02551,2025-01-17,2025-01-25
1201,미니니 윈터월드 팝업,서울 서초구 강남대로 437,서울 서초구 서초동 1305-3,37.501377,127.02548,2024-11-29,2025-01-06
671,원신 미니니 팝업,서울 서초구 강남대로 437,서울 서초구 서초동 1305-3,37.50136,127.02551,2024-09-25,2024-10-09
758,자비없고 잔인한 브라키오 팝업,서울 서초구 강남대로 437,서울 서초구 서초동 1305-3,37.50136,127.02551,2024-10-11,2024-11-04
780,조구만 자비없고 잔인한 브라키오 팝업,서울 서초구 강남대로 437,서울 서초구 서초동 1305-3,37.50136,127.02551,2024-10-11,2024-11-04
4512,블랙핑크 팝업 - 강남,서울 서초구 강남대로 441,"서울 서초구 강남대로 441 (서초동, 서산빌딩)",37.501736,127.025276,2025-11-01,2025-11-10
4491,애즈온 팝업,서울 서초구 강남대로 441,"서울 서초구 강남대로 441 (서초동, 서산빌딩)",37.501728,127.02518,2025-10-28,2025-11-15
3922,NCT WISH 팝업 : MUSINSA DROP - 강남,서울 서초구 강남대로 441,"서울 서초구 강남대로 441 (서초동, 서산빌딩)",37.501717,127.02532,2025-09-08,2025-09-14
4618,문장 한입 상점 팝업,서울 서초구 강남대로 465,"서울 서초구 강남대로 465 (서초동, 교보생명보험(주) 서초사옥)",37.503723,127.024055,2025-11-07,2025-12-14
1757,갤럭시 아이브러리 팝업,서울 서초구 강남대로 465,서울 서초구 서초동 1303-22,37.50367,127.02415,2025-01-17,2025-02-12
243,칸타타 X 교보문고 Cantata Book & Coffee 팝업,서울 서초구 강남대로 465,서울 서초구 서초동 1303-22,37.503757,127.02411,2024-06-27,2024-08-25
2200,교보문고 X 정관장 <혈당책방> 팝업,서울 서초구 강남대로 465,서울 서초구 서초동 1303-22,37.50368,127.024124,2025-02-15,2025-03-16
3924,스톤베이 팝업 - LUCKY FISHING,서울 서초구 마방로2길 51,서울 서초구 마방로2길 51 (양재동),37.471336,127.03947,2025-09-25,2025-09-28
4225,2025 서울 퍼블리셔스 테이블 페스티벌,서울 서초구 반포대로 201,"서울 서초구 반포대로 201 (반포동, 국립중앙도서관)",37.497623,127.00311,2025-10-17,2025-10-19
4486,2025 케미스트릿 페스티벌,서울 서초구 서초대로75길 36,서울 서초구 서초대로75길 36 (서초동),37.500774,127.02501,2025-11-02,2025-11-02
2897,JAEIN 팝업,서울 서초구 신반포로 176,서울 서초구 반포동 19-3,37.504818,127.00416,2025-06-01,2025-06-14
891,리우드 팝업,서울 서초구 신반포로 176,서울 서초구 반포동 19-3,37.50469,127.0041,2024-10-25,2024-11-24
1157,플랫츠 신세계 강남 팝업,서울 서초구 신반포로 176,서울 서초구 반포동 19-3,37.503986,127.0026,2024-12-02,2024-12-26
2009,페넥 팝업,서울 서초구 신반포로 176,서울 서초구 반포동 19-3,37.50524,127.00433,2025-02-20,2025-03-05
1867,스틱윗미 팝업,서울 서초구 신반포로 176,서울 서초구 반포동 19-3,37.50507,127.004395,2025-02-11,2025-02-14
1988,레이로우 팝업,서울 서초구 신반포로 176,서울 서초구 반포동 19-3,37.505203,127.00441,2025-02-21,2025-03-06
1195,슈퍼드라이 with NCT DREAM 팝업,서울 서초구 신반포로 176,서울 서초구 반포동 19-3,37.50461,127.002655,2024-11-20,2024-12-01
1434,챱챱케이크 팝업,서울 서초구 신반포로 176,서울 서초구 반포동 19-3,37.50517,127.00396,2024-12-21,2024-12-25
193,Flip Your Way: the CASETiFY Experience 팝업,서울 서초구 신반포로 176,서울 서초구 반포동 19-3,37.505306,127.00432,2024-07-27,2024-08-04
1470,필앳홈 팝업,서울 서초구 신반포로 176,서울 서초구 반포동 19-3,37.50517,127.00418,2024-12-21,2024-12-31
2550,스파이더 X 류현진 팝업,서울 서초구 신반포로 176,서울 서초구 반포동 19-3,37.505062,127.004036,2025-04-18,2025-05-01
2480,스노우피크 X 헬로키티 팝업 - 강남,서울 서초구 신반포로 176,서울 서초구 반포동 19-3,37.505253,127.00415,2025-04-04,2025-04-17
2895,샛별제과 팝업,서울 서초구 신반포로 176,서울 서초구 반포동 19-3,37.50478,127.00406,2025-05-20,2025-07-31
282,이스턴에디션 팝업,서울 서초구 신반포로 176,서울 서초구 반포동 19-3,37.505306,127.00432,2024-08-01,2024-08-15
1478,나체 팝업,서울 서초구 신반포로 176,서울 서초구 반포동 19-3,37.505165,127.00423,2024-12-27,2025-01-08
1532,아람북스 팝업,서울 서초구 신반포로 176,서울 서초구 반포동 19-3,37.50524,127.004166,2024-12-26,2025-01-22
1391,오징어 게임 시즌2 X 신세계 백화점 강남 팝업,서울 서초구 신반포로 176,서울 서초구 반포동 19-3,37.504982,127.004395,2024-12-20,2025-01-12
2589,피너츠 75주년 기념 팝업,서울 서초구 신반포로 176,서울 서초구 반포동 19-3,37.505226,127.0044,2025-04-25,2025-05-06
1050,아케인 시즌2 팝업,서울 서초구 신반포로 176,서울 서초구 반포동 19-3,37.5053,127.00434,2024-11-08,2024-11-17
1549,체크오 X 노슈가 팝업,서울 서초구 신반포로 176,서울 서초구 반포동 19-3,37.50489,127.00403,2025-01-03,2025-01-09
795,바오밥컬렉션 팝업,서울 서초구 신반포로 176,서울 서초구 반포동 19-3,37.504684,127.004135,2024-10-11,2024-11-21
1703,디올 뷰티 팝업,서울 서초구 신반포로 176,서울 서초구 반포동 19-3,37.504986,127.0041,2025-01-17,2025-02-02
2260,이치란 라멘 팝업,서울 서초구 신반포로 176,서울 서초구 반포동 19-3,37.50483,127.00455,2025-03-15,2025-03-27
2342,스와치 팝업,서울 서초구 신반포로 176,서울 서초구 반포동 19-3,37.505043,127.004395,2025-03-21,2025-04-03
2449,루아레 팝업,서울 서초구 신반포로 176,서울 서초구 반포동 19-3,37.50523,127.00427,2025-04-03,2025-04-16
1705,클라랑스 뷰티 팩토리 팝업 - 강남,서울 서초구 신반포로 176,서울 서초구 반포동 19-3,37.505165,127.004425,2025-01-20,2025-01-26
837,바오밥컬렉션 팝업,서울 서초구 신반포로 176,서울 서초구 반포동 19-3,37.505306,127.00432,2024-10-11,2024-11-30
1747,조셉앤스테이시 X 헬로키티 팝업,서울 서초구 신반포로 176,서울 서초구 반포동 19-3,37.505188,127.00423,2025-02-01,2025-02-13
2010,조이그라이슨 팝업,서울 서초구 신반포로 176,서울 서초구 반포동 19-3,37.505203,127.00431,2025-02-21,2025-02-27
1040,홀리선 팝업,서울 서초구 신반포로 176,서울 서초구 반포동 19-3,37.505154,127.006325,2024-11-01,2024-11-14
1395,인생쉐이크 팝업,서울 서초구 신반포로 176,서울 서초구 반포동 19-3,37.505177,127.004326,2024-12-12,2024-12-19
1563,더베이지스 팝업,서울 서초구 신반포로 176,서울 서초구 반포동 19-3,37.505135,127.004105,2025-01-09,2025-01-22
2303,에피그램 X 오파토 팝업 ,서울 서초구 신반포로 176,서울 서초구 반포동 19-3,37.50523,127.004196,2025-03-14,2025-03-27
641,헬로키티 50주년 팝업,서울 서초구 신반포로 176,서울 서초구 반포동 19-3,37.505306,127.00432,2024-10-04,2024-10-13
882,세븐틴 팝업,서울 서초구 신반포로 176,서울 서초구 반포동 19-3,37.505184,127.0044,2024-10-25,2024-11-05
1835,헌치 팝업,서울 서초구 신반포로 176,서울 서초구 반포동 19-3,37.505188,127.00425,2025-02-06,2025-02-19
631,헬로키티 50주년 팝업,서울 서초구 신반포로 176,서울 서초구 반포동 19-3,37.505085,127.00425,2024-10-04,2024-10-13
2414,먼싱웨어 팝업,서울 서초구 신반포로 176,서울 서초구 반포동 19-3,37.505096,127.0042,2025-03-28,2025-04-10
2455,랜쇼페 베이스볼필드 팝업,서울 서초구 신반포로 176,서울 서초구 반포동 19-3,37.50523,127.0043,2025-04-04,2025-04-13
1704,산타마리아 노벨라 설 기프팅 팝업,서울 서초구 신반포로 176,서울 서초구 반포동 19-3,37.505157,127.00398,2025-01-20,2025-02-02
418,캉골키즈 아이코닉 팝업,서울 서초구 신반포로 176,서울 서초구 반포동 19-3,37.505306,127.00432,2024-08-23,2024-09-04
1706,헤라 팝업,서울 서초구 신반포로 176,서울 서초구 반포동 19-3,37.505245,127.004074,2025-01-20,2025-02-02
2678,마블 컬렉션 팝업,서울 서초구 신반포로 176,서울 서초구 반포동 19-3,37.505283,127.004196,2025-05-01,2025-05-07
232,프라다 뷰티 팝업 - 강남,서울 서초구 신반포로 176,서울 서초구 반포동 19-3,37.50504,127.00425,2024-08-09,2024-08-25
2371,타르트 성수 팝업,서울 서초구 신반포로 176,서울 서초구 반포동 19-3,37.5052,127.004395,2025-03-22,2025-03-31
973,플러피시트러스 X 신세계 강남 팝업,서울 서초구 신반포로 176,서울 서초구 반포동 19-3,37.505283,127.00434,2024-11-01,2024-11-14
2600,단톤 팝업,서울 서초구 신반포로 176,서울 서초구 반포동 19-3,37.505245,127.004135,2025-04-25,2025-05-08
2628,보기보이즈 팝업,서울 서초구 신반포로 176,서울 서초구 반포동 19-3,37.50511,127.00427,2025-04-25,2025-05-08
2042,펜필드 X 닉기어 팝업,서울 서초구 신반포로 176,서울 서초구 반포동 19-3,37.505165,127.004364,2025-02-21,2025-03-06
556,추석맞이 파스타 팝업,서울 서초구 신반포로 176,서울 서초구 반포동 19-3,37.505306,127.00432,2024-09-06,2024-09-15
43,스폰지밥 25주년 강남 신세계백화점 팝업,서울 서초구 신반포로 176,서울 서초구 반포동 19-3,37.505306,127.00432,2024-07-12,2024-07-26
2952,미즈노 팝업 - 강남,서울 서초구 신반포로 176,"서울 서초구 신반포로 176 (반포동, 센트럴시티)",37.505344,127.00421,2025-06-13,2025-06-26
4931,스위치온 팝업,서울 서초구 신반포로 176,"서울 서초구 신반포로 176 (반포동, 센트럴시티)",37.50383,127.002495,2025-12-05,2025-12-12
4462,씨뮤 산타즈의 선물 공장 팝업,서울 서초구 신반포로 176,"서울 서초구 신반포로 176 (반포동, 센트럴시티)",37.504063,127.0023,2025-11-01,2025-11-16
3434,디어스윗랩 팝업 ,서울 서초구 신반포로 176,"서울 서초구 신반포로 176 (반포동, 센트럴시티)",37.504025,127.0023,2025-08-01,2025-08-07
4134,젠틀러 팝업,서울 서초구 신반포로 176,"서울 서초구 신반포로 176 (반포동, 센트럴시티)",37.503864,127.002464,2025-10-01,2025-10-04
4213,어그 팝업,서울 서초구 신반포로 176,"서울 서초구 신반포로 176 (반포동, 센트럴시티)",37.503807,127.002464,2025-10-01,2025-10-12
3054,2025 승리의 여신: 니케 팝업,서울 서초구 신반포로 176,"서울 서초구 신반포로 176 (반포동, 센트럴시티)",37.505302,127.00445,2025-06-20,2025-07-03
4678,2025 마마 어워즈 팝업,서울 서초구 신반포로 176,"서울 서초구 신반포로 176 (반포동, 센트럴시티)",37.503853,127.00245,2025-11-20,2025-11-27
4937,골드윈 팝업,서울 서초구 신반포로 176,"서울 서초구 신반포로 176 (반포동, 센트럴시티)",37.50384,127.0025,2025-12-05,2025-12-18
4180,뮤제아르 팝업,서울 서초구 신반포로 176,"서울 서초구 신반포로 176 (반포동, 센트럴시티)",37.50386,127.00247,2025-10-13,2025-10-19
3953,퍼소네이트 팝업 ,서울 서초구 신반포로 176,"서울 서초구 신반포로 176 (반포동, 센트럴시티)",37.503853,127.00243,2025-09-05,2025-09-18
4271,베이비몬스터 팝업 - WE GO UP,서울 서초구 신반포로 176,"서울 서초구 신반포로 176 (반포동, 센트럴시티)",37.50384,127.00248,2025-10-11,2025-10-19
3630,클래키 팝업 - 강남,서울 서초구 신반포로 176,"서울 서초구 신반포로 176 (반포동, 센트럴시티)",37.50382,127.00253,2025-08-12,2025-08-31
4226,이야이야앤프렌즈 팝업,서울 서초구 신반포로 176,"서울 서초구 신반포로 176 (반포동, 센트럴시티)",37.504105,127.002304,2025-10-03,2025-10-09
5812,세라젬 뷰티 팝업 - 메디스파 올인원 론칭 쇼케이스,서울 서초구 신반포로 176,"서울 서초구 신반포로 176 (반포동, 센트럴시티)",37.505325,127.00435,2026-03-06,2026-03-11
4815,팀버랜드 팝업,서울 서초구 신반포로 176,"서울 서초구 신반포로 176 (반포동, 센트럴시티)",37.50403,127.00233,2025-11-21,2025-12-04
5219,다이나핏 팝업,서울 서초구 신반포로 176,"서울 서초구 신반포로 176 (반포동, 센트럴시티)",37.504536,127.002686,2026-01-02,2026-01-15
5379,엔하이픈 팝업,서울 서초구 신반포로 176,"서울 서초구 신반포로 176 (반포동, 센트럴시티)",37.50523,127.00418,2026-01-21,2026-01-27
3817,나나미카 팝업 ,서울 서초구 신반포로 176,"서울 서초구 신반포로 176 (반포동, 센트럴시티)",37.503826,127.002464,2025-08-29,2025-09-11
4989,조앤프렌즈 팝업 - 강남,서울 서초구 신반포로 176,"서울 서초구 신반포로 176 (반포동, 센트럴시티)",37.504044,127.00232,2025-12-19,2025-12-28
5361,디어달리아 팝업,서울 서초구 신반포로 176,"서울 서초구 신반포로 176 (반포동, 센트럴시티)",37.505314,127.00429,2026-01-16,2026-01-29
5742,더후 팝업,서울 서초구 신반포로 176,"서울 서초구 신반포로 176 (반포동, 센트럴시티)",37.50531,127.00433,2026-02-26,2026-03-04
3504,팝마트 로보샵 팝업,서울 서초구 신반포로 176,"서울 서초구 신반포로 176 (반포동, 센트럴시티)",37.504055,127.00227,2025-08-01,2025-08-15
5466,토그 팝업,서울 서초구 신반포로 176,"서울 서초구 신반포로 176 (반포동, 센트럴시티)",37.5053,127.004326,2026-01-22,2026-02-04
4773,그린다이아 홀리데이 팝업 - 강남,서울 서초구 신반포로 176,"서울 서초구 신반포로 176 (반포동, 센트럴시티)",37.504047,127.00232,2025-11-25,2025-11-30
5221,스톤헨지 팝업,서울 서초구 신반포로 176,"서울 서초구 신반포로 176 (반포동, 센트럴시티)",37.50518,127.0042,2026-01-05,2026-01-11
5464,아쿠아 디 파르마 팝업,서울 서초구 신반포로 176,"서울 서초구 신반포로 176 (반포동, 센트럴시티)",37.505287,127.00437,2026-01-26,2026-02-01
5465,스와로브스키 팝업,서울 서초구 신반포로 176,"서울 서초구 신반포로 176 (반포동, 센트럴시티)",37.505302,127.004456,2026-01-26,2026-02-01
3140,<오징어 게임> 시즌 3 팝업 - 강남,서울 서초구 신반포로 176,"서울 서초구 신반포로 176 (반포동, 센트럴시티)",37.50531,127.00414,2025-06-27,2025-07-10
3348,귀멸의칼날 팝업 - 강남,서울 서초구 신반포로 176,"서울 서초구 신반포로 176 (반포동, 센트럴시티)",37.505085,127.0044,2025-08-16,2025-08-31
2826,빵빵이의 타로집 팝업,서울 서초구 신반포로 176,"서울 서초구 신반포로 176 (반포동, 센트럴시티)",37.505116,127.00436,2025-05-30,2025-06-15
3748,더정 우롱티프로젝트 팝업 ,서울 서초구 신반포로 176,"서울 서초구 신반포로 176 (반포동, 센트럴시티)",37.50407,127.00234,2025-08-26,2025-11-30
2782,달개비김치 팝업,서울 서초구 신반포로 176,"서울 서초구 신반포로 176 (반포동, 센트럴시티)",37.505257,127.00417,2025-05-16,2025-05-22
5220,나스 팝업,서울 서초구 신반포로 176,"서울 서초구 신반포로 176 (반포동, 센트럴시티)",37.50518,127.00443,2026-01-05,2026-01-11
5569,프로젝트 세카이 팝업,서울 서초구 신반포로 176,"서울 서초구 신반포로 176 (반포동, 센트럴시티)",37.505333,127.00431,2026-02-20,2026-03-05
4968,배리드비글 팝업,서울 서초구 신반포로 176,"서울 서초구 신반포로 176 (반포동, 센트럴시티)",37.503834,127.002525,2025-12-12,2025-12-18
5775,오헤시오 팝업,서울 서초구 신반포로 176,"서울 서초구 신반포로 176 (반포동, 센트럴시티)",37.50503,127.00424,2026-03-05,2026-03-18
3528,여수언니 팝업 - 강남,서울 서초구 신반포로 176,"서울 서초구 신반포로 176 (반포동, 센트럴시티)",37.50525,127.00441,2025-08-26,2025-09-01
4327,톰 브라운 윈터 팝업,서울 서초구 신반포로 176,"서울 서초구 신반포로 176 (반포동, 센트럴시티)",37.503822,127.00248,2025-10-14,2025-10-26
3081,로보락 팝업,서울 서초구 신반포로 176,"서울 서초구 신반포로 176 (반포동, 센트럴시티)",37.50496,127.00424,2025-06-16,2025-06-29
3680,왼그기그 팝업 ,서울 서초구 신반포로 176,"서울 서초구 신반포로 176 (반포동, 센트럴시티)",37.50406,127.00235,2025-08-26,2025-09-07
3275,루프루프 팝업,서울 서초구 신반포로 176,"서울 서초구 신반포로 176 (반포동, 센트럴시티)",37.505383,127.00419,2025-07-04,2025-07-17
3788,모어 팝업,서울 서초구 신반포로 176,"서울 서초구 신반포로 176 (반포동, 센트럴시티)",37.50385,127.00251,2025-08-28,2025-09-04
3563,티켓투더문 팝업 ,서울 서초구 신반포로 176,"서울 서초구 신반포로 176 (반포동, 센트럴시티)",37.504295,127.00464,2025-08-01,2025-08-14
5247,바디프랜드 팝업 - 건강 수명 충전소,서울 서초구 신반포로 176,"서울 서초구 신반포로 176 (반포동, 센트럴시티)",37.50464,127.0046,1970-01-01,
3376,탭앤쉬프트 팝업,서울 서초구 신반포로 176,"서울 서초구 신반포로 176 (반포동, 센트럴시티)",37.50519,127.00441,2025-07-18,2025-07-31
4884,바바라 팝업,서울 서초구 신반포로 176,"서울 서초구 신반포로 176 (반포동, 센트럴시티)",37.504036,127.002335,2025-12-15,2025-12-21
5607,마르디 메크르디 레쁘띠 팝업,서울 서초구 신반포로 176,"서울 서초구 신반포로 176 (반포동, 센트럴시티)",37.50534,127.00431,2026-02-02,2026-02-26
3093,서울시 넥스트로컬 팝업,서울 서초구 신반포로 176,"서울 서초구 신반포로 176 (반포동, 센트럴시티)",37.505066,127.00429,2025-06-16,2025-06-25
5248,바디프랜드 팝업 - 건강 수명 충전소,서울 서초구 신반포로 176,"서울 서초구 신반포로 176 (반포동, 센트럴시티)",37.50534,127.004265,2026-01-06,2026-01-18
3196,낫아워스 팝업,서울 서초구 신반포로 176,"서울 서초구 신반포로 176 (반포동, 센트럴시티)",37.50527,127.00411,2025-07-04,2025-07-17
4201,디아레 팝업,서울 서초구 신반포로 176,"서울 서초구 신반포로 176 (반포동, 센트럴시티)",37.504074,127.00226,2025-10-03,2025-10-15
5309,정남미명과 팝업 - 강남,서울 서초구 신반포로 176,"서울 서초구 신반포로 176 (반포동, 센트럴시티)",37.505157,127.00585,2026-01-23,2026-01-29
5623,쓰리타임즈 팝업,서울 서초구 신반포로 176,"서울 서초구 신반포로 176 (반포동, 센트럴시티)",37.505314,127.00438,2026-02-20,2026-03-04
5173,로라스타 X 보스 팝업,서울 서초구 신반포로 176,"서울 서초구 신반포로 176 (반포동, 센트럴시티)",37.503838,127.002525,2025-12-22,2026-01-04
4816,불가리 홀리데이 디바스 드림 팝업 - 강남,서울 서초구 신반포로 176,"서울 서초구 신반포로 176 (반포동, 센트럴시티)",37.504066,127.002335,2025-12-04,2025-12-14
5079,더퓨처샵 팝업 - 강남,서울 서초구 신반포로 176,"서울 서초구 신반포로 176 (반포동, 센트럴시티)",37.50382,127.00249,2025-12-19,2025-12-25
5395,풀리오 팝업 - 강남,서울 서초구 신반포로 176,"서울 서초구 신반포로 176 (반포동, 센트럴시티)",37.50513,127.00421,2026-01-19,2026-02-01
3223,선일금고 루셀 X 김지희 작가 팝업,서울 서초구 신반포로 176,"서울 서초구 신반포로 176 (반포동, 센트럴시티)",37.505,127.004166,2025-07-04,2025-07-17
4974,하이브 시즌그리팅 팝업 - HOLIDAY HOUSE,서울 서초구 신반포로 176,"서울 서초구 신반포로 176 (반포동, 센트럴시티)",37.503822,127.002525,2025-12-18,2025-12-28
3432,팝마트 헬로 문 전시 - MEGA SPACE MOLLY,서울 서초구 신반포로 176,"서울 서초구 신반포로 176 (반포동, 센트럴시티)",37.50406,127.00236,2025-08-01,2025-08-12
3873,아이엠아이 팝업 ,서울 서초구 신반포로 176,"서울 서초구 신반포로 176 (반포동, 센트럴시티)",37.50405,127.00233,2025-08-29,2025-09-18
3880,베리시 팝업 ,서울 서초구 신반포로 176,"서울 서초구 신반포로 176 (반포동, 센트럴시티)",37.503845,127.002525,2025-09-01,2025-09-15
3719,바이레도 팝업 ,서울 서초구 신반포로 176,"서울 서초구 신반포로 176 (반포동, 센트럴시티)",37.504047,127.00233,2025-08-18,2025-08-24
5245,헤라 팝업,서울 서초구 신반포로 176,"서울 서초구 신반포로 176 (반포동, 센트럴시티)",37.50527,127.00484,2026-01-12,2026-01-25
5357,키엘 팝업 - 키엘 울트라 응급 구조대,서울 서초구 신반포로 176,"서울 서초구 신반포로 176 (반포동, 센트럴시티)",37.505333,127.00432,2026-01-19,2026-01-25
3228,조 말론 런던 팝업 ,서울 서초구 신반포로 176,"서울 서초구 신반포로 176 (반포동, 센트럴시티)",37.50517,127.00438,2025-07-03,2025-07-13
5218,스코시즘 팝업,서울 서초구 신반포로 176,"서울 서초구 신반포로 176 (반포동, 센트럴시티)",37.504807,127.00296,2025-12-30,2026-01-13
3113,파이시스 팝업,서울 서초구 신반포로 176,"서울 서초구 신반포로 176 (반포동, 센트럴시티)",37.505306,127.00414,2025-06-20,2025-07-03
2773,태어난 김에 세계일주4 팝업,서울 서초구 신반포로 176,"서울 서초구 신반포로 176 (반포동, 센트럴시티)",37.505077,127.00423,2025-05-16,2025-05-27
3375,코랄리크 팝업,서울 서초구 신반포로 176,"서울 서초구 신반포로 176 (반포동, 센트럴시티)",37.50516,127.00421,2025-07-18,2025-07-31
5642,에스티 로더 팝업 - 더블웨어 플레이하우스,서울 서초구 신반포로 176,"서울 서초구 신반포로 176 (반포동, 센트럴시티)",37.50531,127.00433,2026-02-26,2026-03-04
2918,롱샴 팝업,서울 서초구 신반포로 176,"서울 서초구 신반포로 176 (반포동, 센트럴시티)",37.50507,127.004295,2025-06-05,2025-06-15
4805,르누이 팝업,서울 서초구 신반포로 176,"서울 서초구 신반포로 176 (반포동, 센트럴시티)",37.503937,127.00241,2025-11-27,2025-12-10
445,크리스피 크림 도넛 Magical Day 팝업,서울 서초구 올림픽대로 2085-14,서울 서초구 반포동 650,37.512333,126.99589,2024-08-31,2024-09-01
2552,아디다스 오리지널스 플리마켓 이벤트,서울 서초구 올림픽대로 2085-14,서울 서초구 반포동 650,37.512436,126.995964,2025-04-19,2025-04-20
2499,문도 픽사 전시,서울 성동구 고산자로 71,서울 성동구 성수동1가 683,37.54488,127.03528,2025-05-05,2025-06-29
480,쿤타치 팝업,서울 성동구 광나루로 152,서울 성동구 성수동1가 656-609,37.551434,127.04701,2024-08-30,2024-09-08
3860,위메이크 성수 이벤트 ,서울 성동구 광나루로 229,서울 성동구 광나루로 229 (송정동),37.549988,127.05573,2025-09-19,2025-09-20
2946,쿠키런: 킹덤 <열정과 나태의 낙원展> 특별전시,서울 성동구 광나루로 229,서울 성동구 광나루로 229 (송정동),37.54988,127.05569,2025-06-13,2025-06-22
3649,더뮤지엄비지터 팝업 - THE MUSEUM HOME PARTY,서울 성동구 광나루로2길 20,서울 성동구 광나루로2길 20 (성수동2가),37.5491,127.05376,2025-08-15,2025-08-17
4497,더뮤지엄비지터 아카이브 세일 팝업,서울 성동구 광나루로2길 20,서울 성동구 광나루로2길 20 (성수동2가),37.54908,127.05377,2025-10-31,2025-11-03
978,널리널리 팝업스토어,서울 성동구 광나루로2길 25,서울 성동구 성수동2가 299-49,37.54885,127.05442,2024-10-31,2024-11-06
963,널리널리 팝업,서울 성동구 광나루로2길 25,서울 성동구 성수동2가 299-49,37.548847,127.05442,2024-10-31,2024-11-06
969,널리널리 팝업스토어,서울 성동구 광나루로2길 25,서울 성동구 성수동2가 299-49,37.54885,127.05442,2024-10-31,2024-11-06
1503,안드레스 샌드라 팝업,서울 성동구 광나루로2길 25,서울 성동구 성수동2가 299-49,37.548847,127.05442,2025-01-03,2025-01-05
4582,0104 X 유심 팝업,서울 성동구 광나루로2길 34,"서울 성동구 광나루로2길 34 (성수동2가, 보성빌딩)",37.5482,127.05488,2025-11-07,2025-11-09
2911,포에브 팝업,서울 성동구 광나루로4가길 13,서울 성동구 광나루로4가길 13 (성수동2가),37.549347,127.05466,2025-06-06,2025-06-08
3636,썬키스트 마켓 팝업 ,서울 성동구 광나루로4가길 7,"서울 성동구 광나루로4가길 7 (성수동2가, BLDG MO SUNGSU(모 성수))",37.549488,127.05453,2025-08-16,2025-08-16
5685,국민 매트리스 블라인드 테스트,서울 성동구 광나루로4가길 8,서울 성동구 광나루로4가길 8 (성수동2가),37.549374,127.054344,2026-02-26,2026-03-01
5831,코첼랩 화이트데이 팝업,서울 성동구 광나루로4가길 8,서울 성동구 광나루로4가길 8 (성수동2가),37.549374,127.054344,2026-03-14,2026-03-15
3320,떼마 팝업,서울 성동구 광나루로4가길 8,서울 성동구 광나루로4가길 8 (성수동2가),37.549374,127.054344,2025-07-17,2025-07-20
4697,파오와 전시 - Paris Orange Wine,서울 성동구 광나루로4가길 8,서울 성동구 광나루로4가길 8 (성수동2가),37.54936,127.05435,2025-11-22,2025-11-23
2928,헤레틱 팝업,서울 성동구 광나루로4가길 8,서울 성동구 광나루로4가길 8 (성수동2가),37.549374,127.054344,2025-06-05,2025-06-08
1858,오이쎄 팝업,서울 성동구 광나루로4가길 8,서울 성동구 성수동2가 299-55,37.549374,127.054344,2025-02-14,2025-02-16
4086,eyoeyo 팝업,서울 성동구 동일로 79,서울 성동구 성수동2가 275-42,37.539986,127.06247,2025-09-26,2025-10-26
3760,서울숲 힐링 영화제 ,서울 성동구 뚝섬로 273,"서울 성동구 뚝섬로 273 (성수동1가, 서울숲 관리사무소)",37.54363,127.041084,2025-08-29,2025-08-30
3030,"스물, 서울숲",서울 성동구 뚝섬로 273,"서울 성동구 뚝섬로 273 (성수동1가, 서울숲 관리사무소)",37.54522,127.0393,2025-06-13,2025-06-22
4526,스무살의 서울숲 이벤트,서울 성동구 뚝섬로 273,"서울 성동구 뚝섬로 273 (성수동1가, 서울숲 관리사무소)",37.543167,127.041855,2025-11-08,2025-11-09
3604,2025 서울숲 힙합 페스티벌,서울 성동구 뚝섬로 273,서울 성동구 성수동1가 685-20,37.54312,127.04187,2025-09-06,2025-09-06
2387,서울 가든페스타,서울 성동구 뚝섬로 273,서울 성동구 성수동1가 685-20,37.544662,127.040215,2025-04-05,2025-05-05
3883,데가제 팝업 ,서울 성동구 뚝섬로 321,"서울 성동구 뚝섬로 321 (성수동1가, 태연건설빌딩)",37.541225,127.04667,2025-09-05,2025-09-07
5408,캄포 팝업,서울 성동구 뚝섬로 385-19,"서울 성동구 뚝섬로 385-19 (성수동2가, 성수2가제1동주민센터)",37.53954,127.0541,2026-01-23,2026-02-22
3307,웰터 익스페리먼트 X 오스트리야 팝업,서울 성동구 뚝섬로 389,"서울 성동구 뚝섬로 389 (성수동2가, 성수동빌딩)",37.53924,127.05405,2025-07-19,2025-07-20
4528,사브리나 카펜터 팝업 - Man’s Best Friend,서울 성동구 뚝섬로 389,"서울 성동구 뚝섬로 389 (성수동2가, 성수동빌딩)",37.539204,127.054054,2025-11-06,2025-11-12
2982,리타르단도,서울 성동구 뚝섬로 393,서울 성동구 성수동2가 339-29,37.53908,127.05448,2025-06-16,2025-06-16
4352,LH 메이커스 스튜디오 팝업,서울 성동구 뚝섬로 403,서울 성동구 뚝섬로 403 (성수동2가),37.538834,127.05554,2025-10-17,2025-12-31
3674,너무 착한데? & 너무 별론데? 전시,서울 성동구 뚝섬로 403,서울 성동구 뚝섬로 403 (성수동2가),37.538834,127.05569,2025-08-20,2025-09-30
238,발베니 더 메이커스 테이블 팝업,서울 성동구 뚝섬로 403,서울 성동구 성수동2가 331-15,37.538837,127.055626,2024-08-17,2024-08-31
4248,밀크터치 X 카페 오푸 팝업,서울 성동구 뚝섬로 408-7,서울 성동구 뚝섬로 408-7 (성수동2가),37.53846,127.055565,2025-10-10,2025-10-31
5771,젠틀몬스터 X 디즈니 X F1 팝업,서울 성동구 뚝섬로 433,"서울 성동구 뚝섬로 433 (성수동2가, 아이아이컴바인드)",37.53816,127.0587,2026-03-07,
4521,따끈따끈 빛고을 오일장 팝업 - 성수,서울 성동구 뚝섬로 47-7,서울 성동구 뚝섬로 47-7 (성수동2가),37.538982,127.055984,2025-11-06,2025-11-10
4799,슈퍼스타 팝업,서울 성동구 뚝섬로 47-7,서울 성동구 뚝섬로 47-7 (성수동2가),37.53899,127.056046,2025-12-20,2025-12-21
4940,셀핏 팝업,서울 성동구 뚝섬로 47-7,서울 성동구 뚝섬로 47-7 (성수동2가),37.538982,127.05604,2025-12-13,2025-12-14
1898,한교동 생일카페 팝업,서울 성동구 뚝섬로 47-7,서울 성동구 성수동2가 331-33,37.538982,127.05601,2025-03-05,2025-03-14
4560,영천 리로컬 팝업스토어,서울 성동구 뚝섬로11길 13-2,"서울 성동구 뚝섬로11길 13-2 (성수동2가, 성수아일랜드코너34)",37.539497,127.056625,2025-11-13,2025-11-16
4519,로얄페리쿠키 팝업,서울 성동구 뚝섬로11길 13-2,"서울 성동구 뚝섬로11길 13-2 (성수동2가, 성수아일랜드코너34)",37.539474,127.056625,2025-11-13,2025-11-16
4234,Flea Your Mind 플리마켓,서울 성동구 뚝섬로11길 13-2,"서울 성동구 뚝섬로11길 13-2 (성수동2가, 성수아일랜드코너34)",37.53949,127.05665,2025-10-08,2025-10-09
4703,헤테로 팝업,서울 성동구 뚝섬로11길 13-2,"서울 성동구 뚝섬로11길 13-2 (성수동2가, 성수아일랜드코너34)",37.53949,127.05664,2025-11-21,2025-11-23
4518,"나도, 복숭아 팝업",서울 성동구 뚝섬로11길 13-2,"서울 성동구 뚝섬로11길 13-2 (성수동2가, 성수아일랜드코너34)",37.539486,127.05663,2025-11-13,2025-11-16
4957,오끌레르 이벤트,서울 성동구 뚝섬로13길 32-1,서울 성동구 뚝섬로13길 32-1 (성수동2가),37.541107,127.057846,2025-12-01,2025-12-31
3060,미국감자협회 X 매치스성수 팝업,서울 성동구 뚝섬로13길 36,"서울 성동구 뚝섬로13길 36 (성수동2가, 위즈엘 성수(WiZ-L SEONGSU))",37.541317,127.05802,2025-06-25,2025-07-05
1082,대웅제약 SAVE THE HERO 방탈출 팝업,서울 성동구 뚝섬로13길 36,서울 성동구 성수동2가 271-12,37.541317,127.05802,2024-11-16,2024-11-29
2997,ddd 성수,서울 성동구 뚝섬로13길 36,서울 성동구 성수동2가 271-12,37.541313,127.058014,2025-06-16,2025-06-16
1839,강원 관광두레 팝업,서울 성동구 뚝섬로13길 36,서울 성동구 성수동2가 271-12,37.541317,127.05802,2025-02-04,2025-02-12
5605,Stay Your Flavor : 나의 커피 취향 찾기 프로그램,서울 성동구 뚝섬로13길 38,"서울 성동구 뚝섬로13길 38 (성수동2가, KT&G 상상플래닛)",37.541412,127.05815,2026-02-24,2026-02-24
4157,로티 팝업,서울 성동구 뚝섬로13길 38,"서울 성동구 뚝섬로13길 38 (성수동2가, 상상플래닛)",37.541363,127.05825,2025-09-27,2025-10-14
3337,봄마음 팝업,서울 성동구 뚝섬로13길 38,"서울 성동구 뚝섬로13길 38 (성수동2가, 상상플래닛)",37.54143,127.05831,2025-07-15,2025-08-14
4478,세이프 키즈 존 이벤트,서울 성동구 뚝섬로13길 38,"서울 성동구 뚝섬로13길 38 (성수동2가, 상상플래닛)",37.541332,127.0583,2025-11-15,2025-11-15
3108,핏버디 팝업,서울 성동구 뚝섬로13길 38,"서울 성동구 뚝섬로13길 38 (성수동2가, 상상플래닛)",37.54135,127.05822,2025-06-15,2025-07-14
4573,블루버드씨 팝업 - 외로움 보관소,서울 성동구 뚝섬로13길 38,"서울 성동구 뚝섬로13길 38 (성수동2가, 상상플래닛)",37.54139,127.058266,2025-11-19,2025-11-19
4397,캠터 팝업,서울 성동구 뚝섬로13길 38,서울 성동구 성수동2가 271-11,37.541332,127.05828,2025-10-15,2025-11-14
2336,Chat Docs 팝업 ,서울 성동구 뚝섬로13길 38,서울 성동구 성수동2가 271-11,37.54141,127.058235,2025-03-15,2025-04-14
764,상상플래닛 EODI 팝업,서울 성동구 뚝섬로13길 38,서울 성동구 성수동2가 271-11,37.541397,127.05814,2024-10-01,2024-10-28
2991,레이지요거트,서울 성동구 뚝섬로17가길 48,서울 성동구 성수동2가 269-63,37.54071,127.05953,2025-06-16,2025-06-16
3114,발렌티노 팝업,서울 성동구 뚝섬로17가길 55,서울 성동구 뚝섬로17가길 55 (성수동2가),37.541096,127.05919,2025-06-21,2025-06-30
4623,포토이즘 X 있지 팝업,서울 성동구 뚝섬로17가길 55,서울 성동구 뚝섬로17가길 55 (성수동2가),37.541096,127.05913,2025-11-11,2025-11-17
88,BARREL BLUE SWELL RESORT 팝업,서울 성동구 뚝섬로17가길 56,서울 성동구 성수동2가 272-42,37.540962,127.0595,2024-07-11,2024-08-04
3053,탬버린즈 팝업,서울 성동구 뚝섬로17길 23,서울 성동구 뚝섬로17길 23 (성수동2가),37.53985,127.06011,2025-06-25,2025-07-27
2881,지구오락실 우주떡집 팝업,서울 성동구 뚝섬로17길 29,서울 성동구 뚝섬로17길 29 (성수동2가),37.54016,127.06039,2025-06-20,2025-06-29
4341,보르 팝업,서울 성동구 뚝섬로17길 29,서울 성동구 뚝섬로17길 29 (성수동2가),37.540165,127.06042,2025-10-17,2025-10-26
1294,솔리튜드 팝업,서울 성동구 뚝섬로17길 33,서울 성동구 성수동2가 254-5,37.540592,127.0607,2024-11-22,2025-01-19
3779,그로브 팝업 ,서울 성동구 뚝섬로17길 35,서울 성동구 뚝섬로17길 35 (성수동2가),37.540672,127.060555,2025-08-29,2025-08-30
4794,"루이까또즈 팝업 - 끌로델, 시간의 상점",서울 성동구 뚝섬로17길 35,서울 성동구 뚝섬로17길 35 (성수동2가),37.540695,127.06061,2025-12-05,2025-12-14
4698,롱테이블 마켓 팝업,서울 성동구 뚝섬로17길 35,서울 성동구 뚝섬로17길 35 (성수동2가),37.54066,127.060585,2025-11-21,2025-11-23
4793,"태연 10주년 기념 전시 - Time Lapse, Timeless",서울 성동구 뚝섬로17길 35,서울 성동구 뚝섬로17길 35 (성수동2가),37.540672,127.06056,2025-11-26,2025-12-03
4951,토스 비터스윗 마켓 팝업,서울 성동구 뚝섬로17길 35,서울 성동구 뚝섬로17길 35 (성수동2가),37.540665,127.06056,2025-12-19,2025-12-21
2113,르세라핌 팝업,서울 성동구 뚝섬로17길 35,서울 성동구 성수동2가 272-41,37.54068,127.06058,2025-03-14,2025-03-23
686,파김치갱 팝업,서울 성동구 뚝섬로17길 35,서울 성동구 성수동2가 272-41,37.54068,127.06058,2024-10-15,2024-10-24
3913,잔상 사진전 ,서울 성동구 뚝섬로1길 53-1,서울 성동구 성수동1가 656-1028,37.546032,127.04749,2025-09-12,2025-09-14
948,asdfasdf,서울 성동구 뚝섬로1길 63,서울 성동구 성수동1가 8-6,37.546707,127.04772,2024-10-30,2024-10-31
775,마이그레이션 테스트 팝업,서울 성동구 뚝섬로1길 63,서울 성동구 성수동1가 8-6,37.546707,127.04772,2024-10-15,2024-10-19
777,TEST 팝업,서울 성동구 뚝섬로1길 63,서울 성동구 성수동1가 8-6,37.546707,127.04772,2024-10-14,2024-10-18
4389,푸르메 낭만 팝업,서울 성동구 뚝섬로1나길 5,"서울 성동구 뚝섬로1나길 5 (성수동1가, 헤이그라운드(HEYGROUND))",37.544495,127.04786,2025-11-08,2025-11-09
3778,2025 브뤼스타 챔피언십 이벤트,서울 성동구 뚝섬로1나길 5,"서울 성동구 뚝섬로1나길 5 (성수동1가, 헤이그라운드(HEYGROUND))",37.544563,127.047874,2025-09-13,2025-09-13
5036,에피코어 이벤트,서울 성동구 뚝섬로3길 22,"서울 성동구 뚝섬로3길 22 (성수동1가, EPISODE Seong Su 121)",37.542263,127.04943,2025-12-20,2025-12-20
3373,IFEELBLUECSM 팝업,서울 성동구 뚝섬로5길 11,서울 성동구 성수동1가 33-5,37.541115,127.05063,2025-08-02,2025-08-02
4287,가치서울 팝업,서울 성동구 뚝섬로9길 16,서울 성동구 뚝섬로9길 16 (성수동2가),37.539635,127.05645,2025-10-14,2026-12-31
2999,요아정 성수카페거리점,서울 성동구 뚝섬로9길 3-1,서울 성동구 성수동2가 331-59,37.538685,127.05676,2025-06-16,2025-06-16
4160,김수아 개인 전시 - 성수동을 구워 서울을 기억해,서울 성동구 상원10길 5,서울 성동구 상원10길 5 (성수동1가),37.549263,127.048485,2025-09-24,2025-11-04
4503,라퓨클레르 팝업,서울 성동구 상원1길 11,서울 성동구 상원1길 11 (성수동1가),37.544956,127.04885,2025-10-23,2025-11-30
5912,베네데타 보롤리 팝업,서울 성동구 상원1길 11,서울 성동구 상원1길 11 (성수동1가),37.544952,127.048904,2026-03-19,2026-04-18
3039,세터 팝업,서울 성동구 상원1길 5,서울 성동구 상원1길 5 (성수동1가),37.544502,127.04914,2025-06-06,2025-07-31
461,HUF 팝업,서울 성동구 상원1길 7,서울 성동구 성수동1가 22-35,37.544655,127.04911,2024-08-23,2024-09-05
3008,새터 서울숲점,서울 성동구 상원1길 7,서울 성동구 성수동1가 22-35,37.544666,127.04908,2025-06-16,2025-06-16
4966,기아 언플러그드 그라운드 : EV-mas,서울 성동구 상원4길 10,"서울 성동구 상원4길 10 (성수동1가, 한일상사)",37.546947,127.04953,2025-12-01,2025-12-31
2741,기아 언플러그드 그라운드 : The Kia PV5 플라워 샵 전시,서울 성동구 상원4길 10,"서울 성동구 상원4길 10 (성수동1가, 한일상사)",37.546936,127.04952,2025-05-07,2025-05-25
3986,기아 EV5 X 파이브가이즈 팝업 ,서울 성동구 상원4길 10,"서울 성동구 상원4길 10 (성수동1가, 한일상사)",37.546947,127.04952,2025-09-12,2025-09-21
3157,기아 언플러그드 그라운드 : The Kia PV5 썸머 푸드 카트,서울 성동구 상원4길 10,"서울 성동구 상원4길 10 (성수동1가, 한일상사)",37.546906,127.04944,2025-06-25,2025-07-13
2408,기아 EV4 X 무신사 팝업,서울 성동구 상원4길 10,서울 성동구 성수동1가 14-27,37.546825,127.04942,2025-04-05,2025-04-13
1088,오징어 게임 시즌 2 팝업,서울 성동구 상원4길 10,서울 성동구 성수동1가 14-27,37.546974,127.049545,2024-11-15,2024-11-24
2277,기아 언플러그드 그라운드 리뉴얼 오픈 이벤트,서울 성동구 상원4길 10,서울 성동구 성수동1가 14-27,37.546978,127.049545,2025-03-01,2025-03-27
3448,리프레쉬먼트,서울 성동구 상원길 77,서울 성동구 성수동1가 705,37.550884,127.04745,2025-08-01,2025-09-15
5360,맥캘란 팝업,서울 성동구 서울숲2길 12,서울 성동구 서울숲2길 12 (성수동1가),37.547215,127.03994,2026-01-26,2026-02-08
5515,앰배서더 쇼룸 팝업,서울 성동구 서울숲2길 14,서울 성동구 서울숲2길 14 (성수동1가),37.547207,127.04008,2026-02-05,2026-02-19
5129,우리은행 팝업 - 우리WON픽 하우스,서울 성동구 서울숲2길 14-12,서울 성동구 서울숲2길 14-12 (성수동1가),37.54701,127.04003,2025-12-24,2025-12-30
4305,샬롯부띠끄 이벤트,서울 성동구 서울숲2길 14-12,서울 성동구 서울숲2길 14-12 (성수동1가),37.546993,127.040016,2025-10-18,2025-10-19
3354,엔유원 썸머마켓 팝업,서울 성동구 서울숲2길 14-12,서울 성동구 서울숲2길 14-12 (성수동1가),37.547092,127.03999,2025-07-25,2025-07-27
2631,디발리쎄 팝업,서울 성동구 서울숲2길 14-12,서울 성동구 성수동1가 685-508,37.54699,127.039986,2025-05-03,2025-05-16
717,로그인 포레스트 팝업,서울 성동구 서울숲2길 14-12,서울 성동구 성수동1가 685-508,37.547005,127.039986,2024-10-02,2024-10-13
652,HBD KOREA 팝업스토어,서울 성동구 서울숲2길 14-12,서울 성동구 성수동1가 685-508,37.547005,127.039986,2024-09-24,2024-09-29
561,HBD KOREA 팝업,서울 성동구 서울숲2길 14-12,서울 성동구 성수동1가 685-508,37.547005,127.039986,2024-09-24,2024-09-29
650,HBD KOREA 팝업스토어,서울 성동구 서울숲2길 14-12,서울 성동구 성수동1가 685-508,37.547005,127.039986,2024-09-24,2024-09-29
2444,벤앤제리스 X 글루닉 팝업,서울 성동구 서울숲2길 16-12,서울 성동구 성수동1가 685-463,37.547047,127.04039,2025-04-04,2025-04-27
18,바이오가이아 팝업,서울 성동구 서울숲2길 20-8,서울 성동구 성수동1가 685-448,37.546906,127.04075,2024-07-19,2024-07-28
903,템츠 팝업,서울 성동구 서울숲2길 27,서울 성동구 성수동1가 685-278,37.54687,127.04176,2024-10-31,2024-11-03
241,온브릭스 팝업,서울 성동구 서울숲2길 27,서울 성동구 성수동1가 685-278,37.54687,127.04176,2024-08-09,2024-08-18
985,PeKO 평화의 숲 팝업,서울 성동구 서울숲2길 27,서울 성동구 성수동1가 685-278,37.54687,127.04176,2024-11-08,2024-11-10
664,무등창고 팝업스토어,서울 성동구 서울숲2길 27,서울 성동구 성수동1가 685-278,37.54687,127.04176,2024-09-26,2024-09-29
612,무등창고 광주X성수 팝업,서울 성동구 서울숲2길 27,서울 성동구 성수동1가 685-278,37.54687,127.04176,2024-09-26,2024-09-29
4538,아뜰리에 아키 15주년 기념전 - Here and Beyond,서울 성동구 서울숲2길 32-14,"서울 성동구 서울숲2길 32-14 (성수동1가, 갤러리아 포레)",37.54564,127.04296,2025-10-28,2025-11-29
5032,월리를 찾아라 특별전,서울 성동구 서울숲2길 32-14,"서울 성동구 서울숲2길 32-14 (성수동1가, 갤러리아 포레)",37.545616,127.042946,2025-12-22,2026-04-05
4479,자일리톨 팝업 - Xylitol Lab in Finland,서울 성동구 서울숲2길 43,서울 성동구 서울숲2길 43 (성수동1가),37.54647,127.04347,2025-10-31,2025-11-14
2853,유어네임히얼 팝업,서울 성동구 서울숲2길 46,서울 성동구 서울숲2길 46 (성수동1가),37.546196,127.04375,2025-05-24,2025-06-03
5594,르메메 서울숲쇼룸 이벤트,서울 성동구 서울숲2길 48,서울 성동구 서울숲2길 48 (성수동1가),37.546177,127.04385,2026-02-09,2026-02-18
2762,봄의 폭풍과 몬스터 팝업,서울 성동구 서울숲4길 12-22,서울 성동구 서울숲4길 12-22 (성수동1가),37.54711,127.04187,2025-05-18,2025-05-18
389,샤이니 태민 전시,서울 성동구 서울숲4길 15-1,서울 성동구 성수동1가 668-102,37.54748,127.04265,2024-08-22,2024-09-01
713,바이리즌 팝업,서울 성동구 서울숲4길 15-1,서울 성동구 성수동1가 668-102,37.547497,127.042625,2024-10-04,2024-10-05
4298,무모한 상점 몬치치 팝업 - 서울숲,서울 성동구 서울숲4길 16,서울 성동구 서울숲4길 16 (성수동1가),37.54727,127.042816,2025-10-18,2025-10-20
4076,금호장 팝업,서울 성동구 서울숲4길 16-1,서울 성동구 서울숲4길 16-1 (성수동1가),37.547283,127.04263,2025-09-19,2025-09-28
3614,닛블리데이즈 팝업 - 뜨개숲으로 ,서울 성동구 서울숲4길 16-1,서울 성동구 서울숲4길 16-1 (성수동1가),37.54729,127.04258,2025-08-15,2025-08-17
4410,스티밀론 팝업,서울 성동구 서울숲4길 16-1,서울 성동구 서울숲4길 16-1 (성수동1가),37.547302,127.042595,2025-10-24,2025-10-26
3270,논타입 팝업,서울 성동구 서울숲4길 16-1,서울 성동구 서울숲4길 16-1 (성수동1가),37.5473,127.042625,2025-07-10,2025-07-13
483,캠브리지 멤버스 더원 팝업,서울 성동구 서울숲4길 16-9,서울 성동구 성수동1가 668-77,37.547195,127.04258,2024-08-29,2024-09-10
1711,더나인몰 X 쿠키런: 킹덤 팝업,서울 성동구 서울숲4길 20,서울 성동구 성수동1가 668-64,37.54719,127.043015,2025-01-24,2025-02-06
972,잭앤펄스 <Pulse-nality House> 팝업,서울 성동구 서울숲4길 26-14,서울 성동구 성수동1가 668-55,37.546844,127.04338,2024-11-02,2024-11-03
5911,이마트24 디저트랩 서울숲점 오픈 이벤트,서울 성동구 서울숲4길 27,"서울 성동구 서울숲4길 27 (성수동1가, 옥명빌딩)",37.547085,127.04403,2026-03-13,2026-03-31
419,스텔라앤츄이스 팝업,서울 성동구 서울숲4길 28-3,서울 성동구 성수동1가 668-32,37.54688,127.04401,2024-08-24,2024-08-31
491,우부아 팝업,서울 성동구 서울숲4길 28-3,서울 성동구 성수동1가 668-32,37.54688,127.04401,2024-09-01,2024-09-30
3797,리치무드 이벤트 - 굿바이썸머 창고대방출 ,서울 성동구 서울숲6길 15-1,"서울 성동구 서울숲6길 15-1 (성수동1가, 윤슬빌딩)",37.547596,127.043365,2025-08-29,2025-09-01
4448,구구걸즈 팝업,서울 성동구 서울숲6길 17,서울 성동구 서울숲6길 17 (성수동1가),37.54755,127.04359,2025-11-04,2025-12-06
4863,밑미 전시 - 2025 오프더레코드,서울 성동구 서울숲6길 18,서울 성동구 서울숲6길 18 (성수동1가),37.547382,127.04358,2025-11-22,2025-12-19
4359,"Patch patch, patchwork 팝업",서울 성동구 서울숲6길 8-1,"서울 성동구 서울숲6길 8-1 (성수동1가, 수덕빌딩)",37.547657,127.04257,2025-12-02,2025-12-14
2694,피올리 팝업,서울 성동구 서울숲길 24,서울 성동구 성수동1가 685-350,37.54788,127.03999,2025-05-09,2025-05-11
3843,그럴만두 팝업 - 성수 ,서울 성동구 서울숲길 38,서울 성동구 서울숲길 38 (성수동1가),37.547905,127.041725,2025-09-02,2025-11-04
5213,메이드바이 행운맨숀 팝업 - 성수,서울 성동구 서울숲길 38,서울 성동구 서울숲길 38 (성수동1가),37.54789,127.04168,2026-01-06,2026-04-07
4576,메이드바이 X 히히클럽 팝업 - 성수,서울 성동구 서울숲길 38,서울 성동구 서울숲길 38 (성수동1가),37.547905,127.04161,2025-11-04,2026-01-05
5381,푸마 팝업,서울 성동구 서울숲길 38,서울 성동구 서울숲길 38 (성수동1가),37.547897,127.04167,2026-01-24,2026-01-25
90,"소소히히 이번 여름에, 나랑 다꾸할래? (성수) 팝업",서울 성동구 서울숲길 38,서울 성동구 성수동1가 685-409,37.54789,127.041664,2024-06-20,2024-09-04
3299,이히브루 X 메쉬커피 팝업,서울 성동구 서울숲길 43,서울 성동구 서울숲길 43 (성수동1가),37.54812,127.04245,2025-07-16,2025-07-16
3855,MESH X CANNONAU 이벤트 - 성수동 동네 BBQ Party ,서울 성동구 서울숲길 43,서울 성동구 서울숲길 43 (성수동1가),37.548115,127.04249,2025-09-05,2025-09-05
305,수리의 비밀연구실 by. 춘천 술 페스타 팝업,서울 성동구 서울숲길 43,서울 성동구 성수동1가 685-307,37.54812,127.04246,2024-08-16,2024-08-25
344,수리의 비밀연구실,서울 성동구 서울숲길 43,서울 성동구 성수동1가 685-307,37.54812,127.04246,2024-08-16,2024-08-25
3073,<바람계곡의 나우시카> 팝업,서울 성동구 서울숲길 50,서울 성동구 서울숲길 50 (성수동1가),37.547905,127.04298,2025-06-18,2025-06-26
3274,막걸리위크 팝업,서울 성동구 서울숲길 50,서울 성동구 서울숲길 50 (성수동1가),37.547905,127.04298,2025-07-12,2025-07-27
398,애플TV+ 파친코 팝업,서울 성동구 서울숲길 50,서울 성동구 성수동1가 685-383,37.547863,127.04297,2024-08-24,2024-09-08
2508,온리드 X 꼬모윤 팝업,서울 성동구 서울숲길 50,서울 성동구 성수동1가 685-383,37.547905,127.04298,2025-04-12,2025-04-19
4320,"청바지 팝업 - 청년이여, 이 청바지를 입어보게",서울 성동구 서울숲길 53,서울 성동구 서울숲길 53 (성수동1가),37.548183,127.043434,2025-10-24,2025-10-26
4716,하우스 오브 실라리안 팝업 - 실라리안이 사라졌다,서울 성동구 서울숲길 53,서울 성동구 서울숲길 53 (성수동1가),37.54819,127.043434,2025-11-28,2025-12-04
2827,딘토 팝업,서울 성동구 서울숲길 53,서울 성동구 서울숲길 53 (성수동1가),37.548187,127.04347,2025-06-06,2025-06-22
4529,김완 개인전,서울 성동구 서울숲길 53,서울 성동구 서울숲길 53 (성수동1가),37.54819,127.04345,2025-11-06,2025-11-09
2593,궁중문화축전 팝업,서울 성동구 서울숲길 53,서울 성동구 성수동1가 685-217,37.54817,127.043465,2025-04-18,2025-05-01
961,라익디스 팝업,서울 성동구 서울숲길 53,서울 성동구 성수동1가 685-217,37.548187,127.04347,2024-11-05,2024-11-10
2691,투크 팝업,서울 성동구 서울숲길 53,서울 성동구 성수동1가 685-217,37.54815,127.043434,2025-05-09,2025-05-11
2645,메르꽁떼 팝업,서울 성동구 서울숲길 53,서울 성동구 성수동1가 685-217,37.548187,127.04347,2025-05-05,2025-05-05
1785,경북 로컬체인지업 브랜드 전시 <포터스 온 경북> 팝업,서울 성동구 서울숲길 53,서울 성동구 성수동1가 685-217,37.548187,127.04347,2025-02-05,2025-02-09
1419,젠레스 존 제로 팝업,서울 성동구 서울숲길 53,서울 성동구 성수동1가 685-217,37.548187,127.04347,2024-12-19,2024-12-23
545,THE READING ROOM 전시,서울 성동구 서울숲길 53,서울 성동구 성수동1가 685-217,37.548187,127.04348,2024-09-02,2024-09-15
994,라익디스 팝업스토어,서울 성동구 서울숲길 53,서울 성동구 성수동1가 685-217,37.548187,127.04347,2024-11-05,2024-11-10
997,라익디스 팝업스토어,서울 성동구 서울숲길 53,서울 성동구 성수동1가 685-217,37.548187,127.04347,2024-11-05,2024-11-10
3210,경북 그로서리 클럽 팝업,서울 성동구 서울숲길 54,"서울 성동구 서울숲길 54 (성수동1가, 성수 그린빌)",37.547928,127.04358,2025-07-03,2025-07-06
2855,우너프 분재샵 X 쏘티 팝업,서울 성동구 성덕정15길 12,"서울 성동구 성덕정15길 12 (성수동2가, 성동상가아파트)",37.53863,127.05394,2025-05-31,2025-06-01
5225,나체 팝업,서울 성동구 성덕정19길 22,서울 성동구 성덕정19길 22 (성수동2가),37.537567,127.057625,2026-01-06,2026-01-11
5012,더바이닐하우스 팝업 - ROUGH TRACKS,서울 성동구 성덕정19길 22,서울 성동구 성덕정19길 22 (성수동2가),37.53755,127.05765,2025-12-19,2025-12-21
3449,브와르,서울 성동구 성덕정3길 8,서울 성동구 성수동1가 72-41,37.539562,127.04763,2025-08-01,2025-08-31
5031,든해소 팝업,서울 성동구 성덕정9가길 26-1,서울 성동구 성덕정9가길 26-1 (성수동2가),37.53895,127.05289,2025-12-22,2025-12-28
2595,꼼지락다이노 팝아트 전시,서울 성동구 성덕정9가길 26-1,서울 성동구 성수동2가 333-41,37.538956,127.05286,2025-04-23,2025-04-27
4140,성북동비둘기 FAIR-PLAY,서울 성동구 성덕정길 25-56,서울 성동구 성덕정길 25-56 (성수동1가),37.539627,127.04649,2025-10-09,2025-10-19
86,탈리다쿰 Talithakoum in Seongsu 팝업,서울 성동구 성덕정길 68,서울 성동구 성수동1가 308-2,37.537895,127.051056,2024-07-12,2024-08-09
318,열여덟 어른 나다움 전시,서울 성동구 성수이로 144,서울 성동구 성수동2가 277-9,37.547726,127.05831,2024-08-13,2024-08-26
3019,페인트래빗,서울 성동구 성수이로 39,서울 성동구 성수동2가 335-160,37.538677,127.05461,2025-06-16,2025-06-16
4925,아이들 전시 - CITY of SENSE,서울 성동구 성수이로 50,"서울 성동구 성수이로 50 (성수동2가, 익상빌딩)",37.539536,127.05531,2025-12-19,2026-01-10
3250,라이프집 팝업,서울 성동구 성수이로 50,"서울 성동구 성수이로 50 (성수동2가, 익상빌딩)",37.53956,127.05533,2025-07-11,2025-07-20
2896,컬러버랩 퍼스널컬러 팝업,서울 성동구 성수이로 51,"서울 성동구 성수이로 51 (성수동2가, 서울숲한라시그마벨리)",37.540215,127.0551,2025-06-04,2025-06-08
4887,ABC 마트 팝업 - 블랙ABC데이,서울 성동구 성수이로 69,서울 성동구 성수동2가 320-4,37.541317,127.05555,2025-12-04,2025-12-18
4492,다마고치 팝업,서울 성동구 성수이로 69,서울 성동구 성수동2가 320-4,37.54128,127.05557,2025-11-22,2025-11-30
4017,우기 팝업 - Motivation,서울 성동구 성수이로 69,"서울 성동구 성수이로 69 (성수동2가, 삼화빌딩)",37.5413,127.05565,2025-09-19,2025-09-28
3675,더보이즈 팝업 - LUCKY LITTLE THINGS,서울 성동구 성수이로 69,"서울 성동구 성수이로 69 (성수동2가, 삼화빌딩)",37.541325,127.05558,2025-08-20,2025-09-10
5120,아디다스 X ABC마트 팝업,서울 성동구 성수이로 69,"서울 성동구 성수이로 69 (성수동2가, 삼화빌딩)",37.54132,127.0556,2025-12-23,2026-01-18
2984,로열포버티,서울 성동구 성수이로 70,서울 성동구 성수동2가 322-15,37.541176,127.05601,2025-06-16,2025-06-16
4301,구찌 뷰티 하우스 팝업,서울 성동구 성수이로 71,서울 성동구 성수이로 71 (성수동2가),37.54161,127.05587,2025-10-24,2025-11-02
3047,쿠에른 팝업,서울 성동구 성수이로 71,서울 성동구 성수이로 71 (성수동2가),37.541615,127.05588,2025-06-06,2025-06-30
4927,쿠에른 팝업 - CUEREN WHITE CABIN,서울 성동구 성수이로 71,서울 성동구 성수이로 71 (성수동2가),37.54163,127.05589,2025-12-01,2026-01-18
4244,쿠에른 10주년 전시,서울 성동구 성수이로 71,서울 성동구 성수이로 71 (성수동2가),37.541615,127.05588,2025-10-10,2025-10-19
4594,플레이브 팝업 - 테라 정복 at 성수 스탬프 투어,서울 성동구 성수이로 72,"서울 성동구 성수이로 72 (성수동2가, A&G 모터스(주))",37.541435,127.05611,2025-11-11,2025-11-16
5433,GMC 팝업 ,서울 성동구 성수이로 72,"서울 성동구 성수이로 72 (성수동2가, A&G 모터스(주))",37.541462,127.05614,2026-01-29,2026-02-01
5037,그레나디어 홀리데이 에디션 팝업,서울 성동구 성수이로 72,"서울 성동구 성수이로 72 (성수동2가, A&G 모터스(주))",37.541405,127.056114,2025-12-23,2025-12-23
5023,TCL 팝업 - TCL QD-Mini LED 게임하우스,서울 성동구 성수이로 72,"서울 성동구 성수이로 72 (성수동2가, A&G 모터스(주))",37.541412,127.05613,2025-12-20,2025-12-21
4561,PLAVE 테라 정복 at 성수,서울 성동구 성수이로 72,"서울 성동구 성수이로 72 (성수동2가, A&G 모터스(주))",37.54137,127.056206,2025-11-11,2025-11-16
5692,월드 오브 워크래프트 이벤트,서울 성동구 성수이로 72,"서울 성동구 성수이로 72 (성수동2가, A&G 모터스(주))",37.541466,127.05612,2026-02-28,2026-02-28
4039,2025 아트페어 Zanci,서울 성동구 성수이로 72,"서울 성동구 성수이로 72 (성수동2가, A&G 모터스(주))",37.541393,127.05614,2025-09-24,2025-09-27
2381,셋업이엑스이 팝업,서울 성동구 성수이로 74,서울 성동구 성수동2가 322-13,37.541492,127.056435,2025-04-01,2025-04-13
1541,무신사 우먼즈 윈터 시즌오프 팝업,서울 성동구 성수이로 74,서울 성동구 성수동2가 322-13,37.541542,127.05639,2025-01-09,2025-01-22
2382,미세키서울 팝업,서울 성동구 성수이로 74,서울 성동구 성수동2가 322-13,37.541523,127.0563,2025-04-01,2025-04-13
2296,어그 골든 컬렉션 X 하니 팝업 ,서울 성동구 성수이로 74,서울 성동구 성수동2가 322-13,37.54154,127.056206,2025-03-17,2025-03-31
604,그레일즈 X 무신사 스토어 팝업,서울 성동구 성수이로 74,서울 성동구 성수동2가 322-13,37.541527,127.05637,2024-09-13,2024-10-02
953,애즈온 팝업,서울 성동구 성수이로 74,서울 성동구 성수동2가 322-13,37.541527,127.05637,2024-10-30,2024-11-10
2000,예일 팝업,서울 성동구 성수이로 74,서울 성동구 성수동2가 322-13,37.541496,127.05644,2025-02-28,2025-03-06
2505,기준 팝업,서울 성동구 성수이로 74,서울 성동구 성수동2가 322-13,37.541595,127.056404,2025-04-14,2025-04-23
1723,제너럴아이디어 팝업,서울 성동구 성수이로 74,서울 성동구 성수동2가 322-13,37.541523,127.05639,2025-01-23,2025-02-05
2087,튜드먼트 팝업,서울 성동구 성수이로 74,서울 성동구 성수동2가 322-13,37.541534,127.05631,2025-02-28,2025-03-09
1542,999휴머니티 시즌오프 팝업,서울 성동구 성수이로 74,서울 성동구 성수동2가 322-13,37.541515,127.05647,2025-01-01,2025-01-22
2256,슈콤마보니 팝업,서울 성동구 성수이로 74,서울 성동구 성수동2가 322-13,37.541557,127.056305,2025-03-17,2025-03-31
2462,무신사 슈즈 페스티벌 팝업 - 무신사 스토어 성수@대림창고,서울 성동구 성수이로 74,서울 성동구 성수동2가 322-13,37.54149,127.05647,2025-04-07,2025-04-21
2295,아캄 팝업,서울 성동구 성수이로 74,서울 성동구 성수동2가 322-13,37.541546,127.05626,2025-03-17,2025-03-31
2515,K리그 X 산리오캐릭터즈 팝업,서울 성동구 성수이로 74,서울 성동구 성수동2가 322-13,37.54155,127.05618,2025-04-24,2025-05-08
2194,리사 팝업,서울 성동구 성수이로 74,서울 성동구 성수동2가 322-13,37.54154,127.05632,2025-03-10,2025-03-16
1958,아메스 월드와이드 팝업,서울 성동구 성수이로 74,서울 성동구 성수동2가 322-13,37.541565,127.05634,2025-02-17,2025-02-27
1724,팔렛 팝업,서울 성동구 성수이로 74,서울 성동구 성수동2가 322-13,37.541534,127.0563,2025-01-23,2025-02-05
2380,포켓몬 빵 팝업,서울 성동구 성수이로 74,서울 성동구 성수동2가 322-13,37.541492,127.056305,2025-04-01,2025-04-06
1365,홀리데이 퍼글러 팝업,서울 성동구 성수이로 74,서울 성동구 성수동2가 322-13,37.541595,127.056404,2024-12-13,2024-12-31
1960,시너진 팝업,서울 성동구 성수이로 74,서울 성동구 성수동2가 322-13,37.541515,127.05646,2025-02-17,2025-02-27
1114,무신사 스토어 성수 노스페이스 눕시 팝업,서울 성동구 성수이로 74,서울 성동구 성수동2가 322-13,37.541595,127.056404,2024-11-22,2024-12-08
2698,정샘물 팝업,서울 성동구 성수이로 74,서울 성동구 성수동2가 322-13,37.54157,127.05626,2025-05-09,2025-05-22
2504,데우스 엑스 마키나 팝업,서울 성동구 성수이로 74,서울 성동구 성수동2가 322-13,37.541546,127.05621,2025-04-14,2025-04-23
2257,이우가마카라스 팝업,서울 성동구 성수이로 74,서울 성동구 성수동2가 322-13,37.541496,127.05635,2025-03-17,2025-03-31
5774,튜드먼트 팝업,서울 성동구 성수이로 74,서울 성동구 성수이로 74 (성수동2가),37.54159,127.05641,2026-03-01,2026-03-31
5773,튜드먼트 팝업,서울 성동구 성수이로 74,서울 성동구 성수이로 74 (성수동2가),37.54159,127.05641,2026-03-01,2026-03-31
5901,샌드릭 팝업,서울 성동구 성수이로 74,서울 성동구 성수이로 74 (성수동2가),37.54159,127.05641,2026-03-16,2026-03-29
5694,크랭크 팝업,서울 성동구 성수이로 74,서울 성동구 성수이로 74 (성수동2가),37.54159,127.05641,2026-03-01,2026-03-31
5763,나이키 에어맥스 팝업,서울 성동구 성수이로 74,서울 성동구 성수이로 74 (성수동2가),37.541485,127.056465,2026-03-05,2026-03-15
3046,스탠리 팝업,서울 성동구 성수이로 74,"서울 성동구 성수이로 74 (성수동2가, (주)서울지류유통)",37.541588,127.05619,2025-06-14,2025-06-25
3280,플레어업 팝업,서울 성동구 성수이로 74,"서울 성동구 성수이로 74 (성수동2가, (주)서울지류유통)",37.54155,127.05631,2025-07-01,2025-07-31
5133,아캄 X 우주소녀 다영 팝업,서울 성동구 성수이로 74,"서울 성동구 성수이로 74 (성수동2가, (주)서울지류유통)",37.5416,127.05633,2025-12-18,2026-01-06
3565,아캄 팝업 ,서울 성동구 성수이로 74,"서울 성동구 성수이로 74 (성수동2가, (주)서울지류유통)",37.541634,127.056274,2025-08-01,2025-08-31
3166,블랙핑크 머천다이즈 팝업,서울 성동구 성수이로 74,"서울 성동구 성수이로 74 (성수동2가, (주)서울지류유통)",37.541595,127.056404,2025-06-28,2025-07-06
3569,나이스고스트클럽 팝업 ,서울 성동구 성수이로 74,"서울 성동구 성수이로 74 (성수동2가, (주)서울지류유통)",37.541504,127.05641,2025-08-01,2025-08-31
5413,아디다스 모터스포츠 팝업,서울 성동구 성수이로 74,"서울 성동구 성수이로 74 (성수동2가, (주)서울지류유통)",37.541595,127.05642,2026-01-16,2026-02-04
2790,투모로우바이투게더 뿔바투 팝업,서울 성동구 성수이로 74,"서울 성동구 성수이로 74 (성수동2가, (주)서울지류유통)",37.541504,127.05649,2025-05-23,2025-06-05
5518,미드나잇무브 팝업,서울 성동구 성수이로 74,"서울 성동구 성수이로 74 (성수동2가, (주)서울지류유통)",37.54149,127.05646,2026-02-01,2026-02-28
2901,제너럴아이디어 팝업,서울 성동구 성수이로 74,"서울 성동구 성수이로 74 (성수동2가, (주)서울지류유통)",37.541595,127.05621,2025-06-01,2025-06-30
4275,QWER 팝업,서울 성동구 성수이로 74,"서울 성동구 성수이로 74 (성수동2가, (주)서울지류유통)",37.54162,127.056305,2025-10-17,2025-10-29
3048,페일제이드 팝업,서울 성동구 성수이로 74,"서울 성동구 성수이로 74 (성수동2가, (주)서울지류유통)",37.541466,127.05652,2025-06-14,2025-06-25
4880,페인오어플레져 팝업,서울 성동구 성수이로 74,"서울 성동구 성수이로 74 (성수동2가, (주)서울지류유통)",37.54155,127.056496,2025-12-04,2025-12-17
4881,아디다스 이큅먼트 팝업,서울 성동구 성수이로 74,"서울 성동구 성수이로 74 (성수동2가, (주)서울지류유통)",37.541603,127.05632,2025-12-04,2025-12-17
3131,푸마 에이치스트릿 팝업,서울 성동구 성수이로 74,"서울 성동구 성수이로 74 (성수동2가, (주)서울지류유통)",37.541485,127.056404,2025-06-26,2025-07-09
3279,스탠리 팝업,서울 성동구 성수이로 74,"서울 성동구 성수이로 74 (성수동2가, (주)서울지류유통)",37.541462,127.056435,2025-07-01,2025-07-31
2902,론론 팝업,서울 성동구 성수이로 74,"서울 성동구 성수이로 74 (성수동2가, (주)서울지류유통)",37.54151,127.05625,2025-06-01,2025-06-30
3851,솔리튜드 팝업 - The Craft of Solitude,서울 성동구 성수이로 74,"서울 성동구 성수이로 74 (성수동2가, (주)서울지류유통)",37.54156,127.056465,2025-09-01,2025-09-30
3923,코치 팝업,서울 성동구 성수이로 74,"서울 성동구 성수이로 74 (성수동2가, (주)서울지류유통)",37.541645,127.05627,2025-09-04,2025-09-17
3615,르망고 팝업,서울 성동구 성수이로 74,"서울 성동구 성수이로 74 (성수동2가, (주)서울지류유통)",37.54155,127.05618,2025-08-07,2025-08-20
3568,무신사 러너스 클럽 팝업 ,서울 성동구 성수이로 74,"서울 성동구 성수이로 74 (성수동2가, (주)서울지류유통)",37.541584,127.05651,2025-08-01,2025-08-31
2889,엄브로 X 데이식스 팝업,서울 성동구 성수이로 74,"서울 성동구 성수이로 74 (성수동2가, (주)서울지류유통)",37.541595,127.056404,2025-06-06,2025-06-13
3921,NCT WISH 팝업 : MUSINSA DROP - 성수,서울 성동구 성수이로 74,"서울 성동구 성수이로 74 (성수동2가, (주)서울지류유통)",37.541607,127.056335,2025-09-08,2025-09-14
3283,나이키 팝업 - Leaders of Seoul,서울 성동구 성수이로 74,"서울 성동구 성수이로 74 (성수동2가, (주)서울지류유통)",37.541534,127.05637,2025-07-10,2025-07-23
4714,아메스 월드와이드 X QWER 팝업,서울 성동구 성수이로 74,"서울 성동구 성수이로 74 (성수동2가, (주)서울지류유통)",37.541615,127.05629,2025-11-20,2025-12-03
3669,몽벨 팝업 ,서울 성동구 성수이로 74,"서울 성동구 성수이로 74 (성수동2가, (주)서울지류유통)",37.541615,127.05631,2025-08-21,2025-09-03
3729,캐릭캐릭체인지 X 러브이즈트루 팝업 ,서울 성동구 성수이로 74,"서울 성동구 성수이로 74 (성수동2가, (주)서울지류유통)",37.54162,127.05631,2025-09-04,2025-09-17
2903,위캔더스 팝업,서울 성동구 성수이로 74,"서울 성동구 성수이로 74 (성수동2가, (주)서울지류유통)",37.541485,127.056366,2025-06-01,2025-06-30
4879,허그유어스킨 × 주바 팝업,서울 성동구 성수이로 74,"서울 성동구 성수이로 74 (성수동2가, (주)서울지류유통)",37.54161,127.05633,2025-12-04,2025-12-17
3164,펜필드 팝업,서울 성동구 성수이로 74,"서울 성동구 성수이로 74 (성수동2가, (주)서울지류유통)",37.541595,127.056404,2025-06-26,2025-07-09
4151,산리오 팝업 - 마이멜로디의 드림카트,서울 성동구 성수이로 74,"서울 성동구 성수이로 74 (성수동2가, (주)서울지류유통)",37.541626,127.056274,2025-10-10,2025-10-16
2796,아디다스 X 떠그클럽 팝업,서울 성동구 성수이로 74,"서울 성동구 성수이로 74 (성수동2가, (주)서울지류유통)",37.541504,127.05622,2025-05-12,2025-05-22
2914,엄브로 X 데이식스 팝업,서울 성동구 성수이로 74,"서울 성동구 성수이로 74 (성수동2가, (주)서울지류유통)",37.54154,127.05616,2025-06-06,2025-06-13
4350,아디다스 X 떠그클럽 팝업,서울 성동구 성수이로 74,"서울 성동구 성수이로 74 (성수동2가, (주)서울지류유통)",37.541553,127.056496,2025-10-17,2025-10-29
4316,침착한 게임센터 팝업,서울 성동구 성수이로 74,"서울 성동구 성수이로 74 (성수동2가, (주)서울지류유통)",37.54155,127.056496,2025-11-05,2025-11-19
4059,"뉴발란스 팝업 - Icon Reborn, 204L",서울 성동구 성수이로 74,"서울 성동구 성수이로 74 (성수동2가, (주)서울지류유통)",37.541607,127.05633,2025-09-18,2025-10-01
3281,매고렌 서울 팝업,서울 성동구 성수이로 74,"서울 성동구 성수이로 74 (성수동2가, (주)서울지류유통)",37.541534,127.056496,2025-07-01,2025-07-31
3282,오데스 팝업,서울 성동구 성수이로 74,"서울 성동구 성수이로 74 (성수동2가, (주)서울지류유통)",37.541683,127.05618,2025-07-01,2025-07-31
4674,삼립호빵 팝업,서울 성동구 성수이로 74,"서울 성동구 성수이로 74 (성수동2가, (주)서울지류유통)",37.54161,127.056335,2025-11-20,2025-11-23
5425,레고 발렌타인데이 팝업스토어,서울 성동구 성수이로 74,"서울 성동구 성수이로 74 (성수동2가, (주)서울지류유통)",37.541595,127.056404,2026-02-05,2026-02-25
3424,닥터마틴 팝업 - DR. MARTENS & THE 1461 SHOE,서울 성동구 성수이로 74,"서울 성동구 성수이로 74 (성수동2가, (주)서울지류유통)",37.54162,127.056305,2025-07-24,2025-08-06
3442,탄산 마그네슘 X 이자반 X 철님보석함 팝업,서울 성동구 성수이로 74,"서울 성동구 성수이로 74 (성수동2가, (주)서울지류유통)",37.541615,127.0563,2025-07-24,2025-08-06
2985,건너집,서울 성동구 성수이로 75,서울 성동구 성수동2가 320-1,37.54183,127.05592,2025-06-16,2025-06-16
2558,수북즈 팝업,서울 성동구 성수이로 77,서울 성동구 성수동2가 320-1,37.541996,127.05599,2025-04-25,2025-05-12
3006,유핑 성수,서울 성동구 성수이로 77,서울 성동구 성수동2가 320-1,37.541992,127.056,2025-06-16,2025-06-16
1902,베베 더 스쿨 팝업,서울 성동구 성수이로 77,서울 성동구 성수동2가 320-1,37.54198,127.05598,2025-02-21,2025-03-09
67,피클스 더 프로그 팝업,서울 성동구 성수이로 77,서울 성동구 성수동2가 320-1,37.541996,127.05599,2024-07-19,2024-08-01
2344,조구만 X 라인프렌즈 팝업,서울 성동구 성수이로 77,서울 성동구 성수동2가 320-1,37.541996,127.05599,2025-04-01,2025-04-24
3567,미니니 팝업 - 레니니의 산지직송 ,서울 성동구 성수이로 77,서울 성동구 성수이로 77 (성수동2가),37.54194,127.05596,2025-08-07,2025-09-25
4510,쎄봉라마 팝업 - 어쩌다 열린 팝업,서울 성동구 성수이로 77,서울 성동구 성수이로 77 (성수동2가),37.54197,127.05598,2025-11-06,2025-11-23
4247,두햄빠! 팝업 - 밍기적 하우스,서울 성동구 성수이로 77,서울 성동구 성수이로 77 (성수동2가),37.54193,127.05601,2025-10-17,2025-11-05
5167,조구만 팝업,서울 성동구 성수이로 77,서울 성동구 성수이로 77 (성수동2가),37.541943,127.05597,2025-12-31,2026-01-11
4691,천사vs악마 가나디 팝업,서울 성동구 성수이로 77,서울 성동구 성수이로 77 (성수동2가),37.54196,127.055954,2025-12-03,2025-12-29
4097,"오드리 팝업 - HELLO, MNH NEW FRIEND",서울 성동구 성수이로 77,서울 성동구 성수이로 77 (성수동2가),37.541954,127.05598,2025-09-26,2025-10-16
1296,무신사 뷰티 어워즈 성수 팝업,서울 성동구 성수이로 78,서울 성동구 성수동2가 322-32,37.541637,127.05665,2024-12-10,2024-12-22
4351,디오스피스 팝업,서울 성동구 성수이로 78,"서울 성동구 성수이로 78 (성수동2가, 대림창고)",37.54165,127.05657,2025-10-24,2025-11-13
5313,비엘알 팝업,서울 성동구 성수이로 78,"서울 성동구 성수이로 78 (성수동2가, 대림창고)",37.541653,127.056656,2026-01-16,2026-02-04
5744,매든 X 탄산마그네슘 팝업,서울 성동구 성수이로 78,"서울 성동구 성수이로 78 (성수동2가, 대림창고)",37.541637,127.05665,2026-03-01,2026-03-31
4141,다이닛 X 더뮤지엄비지터 팝업,서울 성동구 성수이로 78,"서울 성동구 성수이로 78 (성수동2가, 대림창고)",37.541653,127.056526,2025-10-02,2025-10-09
5177,맥 파우더 키스 팝업,서울 성동구 성수이로 78,"서울 성동구 성수이로 78 (성수동2가, 대림창고)",37.541,127.05696,2026-01-08,2026-01-15
5820,와키윌리 성수 플래그십 스토어 오픈 이벤트,서울 성동구 성수이로 86,서울 성동구 성수이로 86 (성수동2가),37.542477,127.05668,2026-03-06,2026-03-22
4569,하나카드 X 지드래곤 팝업,서울 성동구 성수이로 88,"서울 성동구 성수이로 88 (성수동2가, 남정빌딩)",37.54258,127.05673,2025-11-11,2025-11-16
4027,보다나 팝업 ,서울 성동구 성수이로 88,"서울 성동구 성수이로 88 (성수동2가, 남정빌딩)",37.542576,127.05673,2025-09-19,2025-09-21
4315,바이오던스 팝업 - GLOW STAY IN SEONGSU,서울 성동구 성수이로 88,"서울 성동구 성수이로 88 (성수동2가, 남정빌딩)",37.5426,127.05673,2025-10-24,2025-11-02
5863,코스모폴리탄X아이더 플렉션 하이브리드 트레일러 팝업 - 성수,서울 성동구 성수이로 88,"서울 성동구 성수이로 88 (성수동2가, 남정빌딩)",37.54267,127.05676,2026-03-19,2026-03-22
4732,YIDP 2025 팝업,서울 성동구 성수이로 88,"서울 성동구 성수이로 88 (성수동2가, 남정빌딩)",37.54268,127.05672,2025-11-28,2025-11-30
2840,삼성화재 드림시어터 팝업,서울 성동구 성수이로 88,"서울 성동구 성수이로 88 (성수동2가, 남정빌딩)",37.54267,127.05676,2025-05-23,2025-06-08
5725,이클립스 팝업 - 이클립스 월드 : Into the tincase,서울 성동구 성수이로 88,"서울 성동구 성수이로 88 (성수동2가, 남정빌딩)",37.54267,127.05676,2026-03-12,2026-03-15
4498,페레 이벤트 - STAY HOT FOREVER,서울 성동구 성수이로 90,서울 성동구 성수이로 90 (성수동2가),37.54293,127.0568,2025-10-31,2025-10-31
4416,뉴믹스 커피 팝업 - 뉴믹스 𝘔𝘪𝘹 𝘸𝘪𝘵𝘩 𝘔𝘢𝘵𝘤𝘩𝘢,서울 성동구 성수이로 93,"서울 성동구 성수이로 93 (성수동2가, 충무전자)",37.543377,127.05656,2025-10-23,2025-11-05
5874,무신사 킥스 성수 오픈 이벤트,서울 성동구 성수이로 96,"서울 성동구 성수이로 96 (성수동2가, 호텔포코(HOTEL POCO))",37.543446,127.057045,2026-03-19,2026-03-31
1693,마린세르 X 레페토 팝업,서울 성동구 성수이로 97,서울 성동구 성수동2가 315-108,37.543644,127.056625,2025-01-20,2025-02-02
7,스트레이 키즈 팝업,서울 성동구 성수이로 97,서울 성동구 성수동2가 315-108,37.54364,127.05658,2024-07-20,2024-08-01
1660,웰터 익스페리먼트 팝업,서울 성동구 성수이로 97,서울 성동구 성수동2가 315-108,37.543648,127.05659,2025-01-17,2025-01-27
2383,스탠드오일 팝업,서울 성동구 성수이로 97,서울 성동구 성수동2가 315-108,37.543648,127.05659,2025-04-03,2025-04-14
872,휠라 플러스 X 무신사 엠프티 팝업,서울 성동구 성수이로 97,서울 성동구 성수동2가 315-108,37.543648,127.05659,2024-10-22,2024-10-30
2621,노이스 X 오아시스 팝업,서울 성동구 성수이로 97,서울 성동구 성수동2가 315-108,37.54359,127.05669,2025-05-01,2025-05-07
2690,크록스 X 스와로브스키 팝업 - 성수,서울 성동구 성수이로 97,서울 성동구 성수동2가 315-108,37.543583,127.05654,2025-05-07,2025-05-14
2674,옷 OHTNYC 팝업,서울 성동구 성수이로 97,서울 성동구 성수동2가 315-108,37.54364,127.0567,2025-05-08,2025-05-14
1285,칠성사이다 팝업,서울 성동구 성수이로 97,서울 성동구 성수동2가 315-108,37.543648,127.05659,2024-12-06,2024-12-19
1043,아카이브 앱크 팝업,서울 성동구 성수이로 97,서울 성동구 성수동2가 315-108,37.543648,127.05659,2024-11-04,2024-11-10
2255,어그 팝업,서울 성동구 성수이로 97,서울 성동구 성수동2가 315-108,37.543648,127.05659,2025-03-16,2025-03-24
2365,미야기 히데타카 팝업,서울 성동구 성수이로 97,서울 성동구 성수동2가 315-108,37.543583,127.05658,2025-03-27,2025-04-02
2570,그라운즈 팝업,서울 성동구 성수이로 97,서울 성동구 성수동2가 315-108,37.543613,127.056625,2025-04-25,2025-05-04
366,MUSINSA EMPTY X 주재범 '드래곤 트레저' 팝업,서울 성동구 성수이로 97,서울 성동구 성수동2가 315-108,37.543648,127.05659,2024-08-14,2024-08-28
1883,머렐 팝업 - 성수,서울 성동구 성수이로 97,서울 성동구 성수동2가 315-108,37.54364,127.05664,2025-02-13,2025-02-19
2193,화이트데이 엔젤 팝업,서울 성동구 성수이로 97,서울 성동구 성수동2가 315-108,37.543625,127.05657,2025-03-12,2025-03-25
2452,유노이아 X 단톤 팝업,서울 성동구 성수이로 97,서울 성동구 성수동2가 315-108,37.5436,127.05654,2025-04-11,2025-04-17
5933,GDC X 미야기히데타카 팝업,서울 성동구 성수이로 97,서울 성동구 성수이로 97 (성수동2가),37.543648,127.05659,2026-03-13,2026-03-19
3217,유체 팝업,서울 성동구 성수이로 97,서울 성동구 성수이로 97 (성수동2가),37.54357,127.05654,2025-07-03,2025-07-09
4753,로딩룸 팝업,서울 성동구 성수이로 97,서울 성동구 성수이로 97 (성수동2가),37.54359,127.05655,2025-11-28,2025-12-04
3836,클라라 콜레트 미라몬 팝업 ,서울 성동구 성수이로 97,서울 성동구 성수이로 97 (성수동2가),37.54363,127.05669,2025-09-03,2025-09-09
3989,닥터마틴 팝업 ,서울 성동구 성수이로 97,서울 성동구 성수이로 97 (성수동2가),37.543633,127.05665,2025-09-18,2025-09-28
3284,캠퍼우드 팝업,서울 성동구 성수이로 97,서울 성동구 성수이로 97 (성수동2가),37.543716,127.05657,2025-08-01,2025-08-07
5934,마수 팝업,서울 성동구 성수이로 97,서울 성동구 성수이로 97 (성수동2가),37.543648,127.05659,2026-03-20,2026-03-26
3671,쿠온 팝업 ,서울 성동구 성수이로 97,서울 성동구 성수이로 97 (성수동2가),37.54363,127.05667,2025-08-21,2025-08-27
2802,허자보이에이씨씨 팝업,서울 성동구 성수이로 97,서울 성동구 성수이로 97 (성수동2가),37.543648,127.05659,2025-05-23,2025-06-02
4648,김해김 팝업,서울 성동구 성수이로 97,서울 성동구 성수이로 97 (성수동2가),37.54359,127.056564,2025-11-13,2025-11-19
3061,앙개 팝업 ,서울 성동구 성수이로 97,서울 성동구 성수이로 97 (성수동2가),37.543568,127.056564,2025-06-19,2025-06-25
4142,셀린콴 X 산리오캐릭터즈 팝업,서울 성동구 성수이로 97,서울 성동구 성수이로 97 (성수동2가),37.543587,127.056564,2025-09-29,2025-10-05
5802,펑첸왕 팝업,서울 성동구 성수이로 97,서울 성동구 성수이로 97 (성수동2가),37.543648,127.05659,2026-03-05,2026-03-11
4431,앙개 팝업,서울 성동구 성수이로 97,서울 성동구 성수이로 97 (성수동2가),37.543583,127.056564,2025-10-30,2025-11-09
3106,오호스 X 헌터 팝업,서울 성동구 성수이로 97,서울 성동구 성수이로 97 (성수동2가),37.54358,127.05654,2025-06-27,2025-07-03
3300,MMWD 팝업,서울 성동구 성수이로 97,서울 성동구 성수이로 97 (성수동2가),37.5436,127.05664,2025-07-17,2025-07-27
4675,무신사 무진장 치트키 이벤트,서울 성동구 성수이로 97,서울 성동구 성수이로 97 (성수동2가),37.543602,127.05655,2025-11-15,2025-11-23
4667,노이스 X 베르디 팝업,서울 성동구 성수이로 97,서울 성동구 성수이로 97 (성수동2가),37.543594,127.05656,2025-11-14,2025-11-20
3441,헤이프 팝업,서울 성동구 성수이로 97,서울 성동구 성수이로 97 (성수동2가),37.543633,127.05667,2025-07-30,2025-08-06
4993,플로렌티나 라이트러 팝업,서울 성동구 성수이로 97,서울 성동구 성수이로 97 (성수동2가),37.543633,127.05663,2025-12-17,2025-12-18
3914,PDF 팝업 ,서울 성동구 성수이로 97,서울 성동구 성수이로 97 (성수동2가),37.543644,127.05671,2025-09-12,2025-09-18
3105,아카이브 앱크 팝업,서울 성동구 성수이로 97,서울 성동구 성수이로 97 (성수동2가),37.543633,127.056694,2025-06-26,2025-07-02
4673,그라운즈 팝업,서울 성동구 성수이로 97,서울 성동구 성수이로 97 (성수동2가),37.543602,127.05654,2025-11-20,2025-11-26
3670,니어포레스트 팝업 ,서울 성동구 성수이로 97,서울 성동구 성수이로 97 (성수동2가),37.543682,127.05664,2025-08-21,2025-08-27
4282,펜필드 X 닉기어 팝업,서울 성동구 성수이로 97,서울 성동구 성수이로 97 (성수동2가),37.54358,127.056564,2025-10-11,2025-10-24
5069,치나츠 아오야마 팝업,서울 성동구 성수이로 97,서울 성동구 성수이로 97 (성수동2가),37.543625,127.05672,2025-12-19,2025-12-26
3249,카치스 X 구르릉 상점 팝업,서울 성동구 성수이로 97,서울 성동구 성수이로 97 (성수동2가),37.543606,127.05657,2025-07-11,2025-07-17
4430,어그 X 사카이 팝업,서울 성동구 성수이로 97,서울 성동구 성수이로 97 (성수동2가),37.543625,127.056656,2025-10-27,2025-11-05
4595,하우스네버다이즈 팝업,서울 성동구 성수이로 97,서울 성동구 성수이로 97 (성수동2가),37.543594,127.05657,2025-11-07,2025-11-13
3231,글로니 팝업,서울 성동구 성수이로 97,서울 성동구 성수이로 97 (성수동2가),37.54358,127.056625,2025-07-04,2025-07-17
3835,아르켓 팝업 ,서울 성동구 성수이로 97,서울 성동구 성수이로 97 (성수동2가),37.543636,127.0567,2025-09-05,2025-09-14
4093,복복 X 산리오 팝업,서울 성동구 성수이로 97,서울 성동구 성수이로 97 (성수동2가),37.54359,127.05655,2025-09-22,2025-09-28
4906,66노스 팝업,서울 성동구 성수이로 97,서울 성동구 성수이로 97 (성수동2가),37.543594,127.05651,2025-12-04,2025-12-10
2744,T.B.O.S 티비오에스 팝업,서울 성동구 성수이로 97,서울 성동구 성수이로 97 (성수동2가),37.54357,127.05656,2025-05-15,2025-05-21
4257,샌디리앙 팝업,서울 성동구 성수이로 97,서울 성동구 성수이로 97 (성수동2가),37.543594,127.05654,2025-10-17,2025-10-26
3889,라코스테 팝업 ,서울 성동구 성수이로 97,서울 성동구 성수이로 97 (성수동2가),37.54365,127.0567,2025-09-02,2025-09-11
3301,크록스 팝업,서울 성동구 성수이로 97,서울 성동구 성수이로 97 (성수동2가),37.543694,127.05667,2025-07-18,2025-07-22
4482,씬 팝업,서울 성동구 성수이로 97,서울 성동구 성수이로 97 (성수동2가),37.54359,127.056564,2025-10-30,2025-11-05
4265,코오롱스포츠 X 지용킴 팝업,서울 성동구 성수이로 97,서울 성동구 성수이로 97 (성수동2가),37.54358,127.05656,2025-10-17,2025-10-30
4146,락피쉬 X 수잔팡 팝업,서울 성동구 성수이로 97,서울 성동구 성수이로 97 (성수동2가),37.54361,127.056564,2025-09-30,2025-10-10
3329,사운드오브선라이즈 팝업,서울 성동구 성수이로 97,서울 성동구 성수이로 97 (성수동2가),37.543613,127.0565,2025-07-23,2025-07-28
4527,리미 후 팝업,서울 성동구 성수이로 97,서울 성동구 성수이로 97 (성수동2가),37.543602,127.056564,2025-11-06,2025-11-12
4997,젠트 루이스 팝업,서울 성동구 성수이로 97,서울 성동구 성수이로 97 (성수동2가),37.543667,127.0567,2025-12-11,2025-12-17
2386,아임 쏘리 바이 페트라 콜린스 팝업,서울 성동구 성수이로10길 14,서울 성동구 성수동2가 269-25,37.54013,127.05679,2025-03-20,2025-04-04
2978,보어드앤헝그리,서울 성동구 성수이로12길 17-1,서울 성동구 성수동2가 269-278,37.53967,127.05727,2025-06-16,2025-06-16
2949,포즈플래닛 팝업,서울 성동구 성수이로12길 2,서울 성동구 성수이로12길 2 (성수동2가),37.539906,127.055565,2025-06-06,2025-06-15
3017,크래프트 프랙티스,서울 성동구 성수이로12길 6,서울 성동구 성수동2가 328-18,37.53982,127.055855,2025-06-16,2025-06-16
2977,라무라,서울 성동구 성수이로12길 8,서울 성동구 성수동2가 328-74,37.539803,127.055984,2025-06-16,2025-06-16
261,성수연방 무유무유 팝업,서울 성동구 성수이로14길 14,서울 성동구 성수동2가 322-4,37.541397,127.05696,2024-08-01,2025-01-27
2358,피노 X 뷰티쁠 무빙팝업,서울 성동구 성수이로14길 14,서울 성동구 성수동2가 322-4,37.54141,127.05691,2025-03-29,2025-03-29
2488,폴라초이스 X 뷰티쁠 무빙팝업,서울 성동구 성수이로14길 14,서울 성동구 성수동2가 322-4,37.54142,127.05679,2025-04-12,2025-04-12
2316,왕실초코 게릴라 이벤트,서울 성동구 성수이로14길 14,서울 성동구 성수동2가 322-4,37.54141,127.05691,2025-03-22,2025-03-22
2974,메이플탑,서울 성동구 성수이로14길 14,서울 성동구 성수동2가 322-4,37.54165,127.05682,2025-06-16,2025-06-16
2586,아비브 X 뷰티쁠 무빙팝업,서울 성동구 성수이로14길 14,서울 성동구 성수동2가 322-4,37.54142,127.05679,2025-04-26,2025-04-26
2418,코스알엑스 X 뷰티쁠 무빙팝업,서울 성동구 성수이로14길 14,서울 성동구 성수동2가 322-4,37.54143,127.05684,2025-04-05,2025-04-05
2245,왕실초코 게릴라 이벤트,서울 성동구 성수이로14길 14,서울 성동구 성수동2가 322-4,37.54141,127.05691,2025-03-15,2025-03-15
4112,커브드 팝업 - Kurved GLOW STATION,서울 성동구 성수이로14길 14,"서울 성동구 성수이로14길 14 (성수동2가, (주)대명케미칼)",37.54141,127.05691,2025-09-27,2025-09-28
3744,웨이크메이크 X 뷰티쁠 무빙팝업 ,서울 성동구 성수이로14길 14,"서울 성동구 성수이로14길 14 (성수동2가, (주)대명케미칼)",37.541405,127.05685,2025-08-30,2025-08-31
4556,캔메이크 X 뷰티쁠 무빙 팝업,서울 성동구 성수이로14길 14,"서울 성동구 성수이로14길 14 (성수동2가, (주)대명케미칼)",37.541378,127.05701,2025-11-06,2025-11-08
3362,조선미녀 X 뷰티쁠 무빙팝업,서울 성동구 성수이로14길 14,"서울 성동구 성수이로14길 14 (성수동2가, (주)대명케미칼)",37.541435,127.05679,2025-07-26,2025-07-27
3634,요거트월드 게릴라 이벤트,서울 성동구 성수이로14길 14,"서울 성동구 성수이로14길 14 (성수동2가, (주)대명케미칼)",37.541393,127.05686,2025-08-17,2025-08-17
4645,국민연금 커피트럭 팝업,서울 성동구 성수이로14길 14,"서울 성동구 성수이로14길 14 (성수동2가, (주)대명케미칼)",37.5414,127.057,2025-11-14,2025-11-14
2439,탁스 X 로보토이즈 팝업,서울 성동구 성수이로14길 15,서울 성동구 성수동2가 322-21,37.541763,127.0567,2025-04-18,2025-04-27
5688,페이퍼플레이트 플리마켓,서울 성동구 성수이로14길 15,서울 성동구 성수이로14길 15 (성수동2가),37.541763,127.0567,2026-03-02,2026-03-02
2785,히어리 팝업,서울 성동구 성수이로14길 15,서울 성동구 성수이로14길 15 (성수동2가),37.541748,127.05654,2025-05-16,2025-05-18
3991,온고 팝업,서울 성동구 성수이로14길 15,서울 성동구 성수이로14길 15 (성수동2가),37.54172,127.05668,2025-09-23,2025-10-05
2980,백옥,서울 성동구 성수이로14길 5,서울 성동구 성수동2가 322-42,37.541103,127.05631,2025-06-16,2025-06-16
3021,정근날,서울 성동구 성수이로16길 21,서울 성동구 성수동2가 269-223,37.540604,127.059,2025-06-16,2025-06-16
199,버치커피 X 아인서점 팝업,서울 성동구 성수이로16길 27,서울 성동구 성수동2가 269-185,37.540512,127.059616,2024-07-19,2024-08-18
4116,브리즘 파운드리 오픈 이벤트,서울 성동구 성수이로16길 27,서울 성동구 성수이로16길 27 (성수동2가),37.540516,127.05959,2025-09-27,2025-09-27
5047,성수율 카페 오픈 이벤트,서울 성동구 성수이로16길 31,서울 성동구 성수동2가 269-212,37.54029,127.06004,2025-12-19,2025-12-31
5947,원필 팝업 - Unpiltered Layers,서울 성동구 성수이로16길 31,"서울 성동구 성수이로16길 31 (성수동2가, 성수율)",37.540283,127.06002,2026-03-27,2026-03-29
3710,슈카월드 팝업 ‘ETF 베이커리‘,서울 성동구 성수이로16길 32,"서울 성동구 성수이로16길 32 (성수동2가, (주)MG전자)",37.540142,127.05995,2025-08-30,2025-09-07
5482,블랙핑크 팝업 - 유어 에리어 리그 콜렉션,서울 성동구 성수이로16길 5,서울 성동구 성수이로16길 5 (성수동2가),37.541286,127.05724,2026-01-31,2026-02-15
5651,두산베어스 X 스너글 팝업 - 베어스랜드,서울 성동구 성수이로16길 5,"서울 성동구 성수이로16길 5 (성수동2가, 중화)",37.541286,127.05724,2026-03-10,2026-03-27
1052,시크릿 에이전트: 숨겨진 유산 팝업,서울 성동구 성수이로18길 18,서울 성동구 성수동2가 271-26,37.541965,127.0589,2024-11-14,2024-11-17
3064,카스 레몬 스퀴즈 팝업,서울 성동구 성수이로18길 18,"서울 성동구 성수이로18길 18 (성수동2가, 더맨모터스)",37.54201,127.058945,2025-06-20,2025-06-29
749,용가리가 사라졌다 팝업,서울 성동구 성수이로18길 20,서울 성동구 성수동2가 271-6,37.54196,127.05911,2024-10-07,2024-11-03
1431,외:로움이의 집 팝업,서울 성동구 성수이로18길 20,서울 성동구 성수동2가 271-6,37.541958,127.05915,2024-12-20,2024-12-21
1286,머니그라피 개러지 팝업,서울 성동구 성수이로18길 20,서울 성동구 성수동2가 271-6,37.541958,127.05915,2024-12-06,2024-12-08
4060,팀버랜드 팝업 ,서울 성동구 성수이로18길 20,서울 성동구 성수이로18길 20 (성수동2가),37.541893,127.05913,2025-09-20,2025-09-21
3551,서든어택 팝업 - 서든 캠프,서울 성동구 성수이로18길 20,서울 성동구 성수이로18길 20 (성수동2가),37.5419,127.0591,2025-08-15,2025-08-24
4685,번개장터 X 디에어하우스 플리마켓 - 위켄드 컬처 마켓,서울 성동구 성수이로18길 20,서울 성동구 성수이로18길 20 (성수동2가),37.541958,127.05915,2025-11-22,2025-11-23
2990,스탠다드브레드,서울 성동구 성수이로18길 37,서울 성동구 성수동2가 273-53,37.541645,127.061134,2025-06-16,2025-06-16
3272,스탠다드브레드 성수 1주년 이벤트,서울 성동구 성수이로18길 37,"서울 성동구 성수이로18길 37 (성수동2가, 국제주물)",37.541645,127.061134,2025-07-08,2025-07-21
2579,트립샵 팝업,서울 성동구 성수이로18길 43,서울 성동구 성수동2가 275-89,37.54149,127.06191,2025-04-29,2025-05-11
540,청도 트래블마켓 팝업,서울 성동구 성수이로18길 43,서울 성동구 성수동2가 275-89,37.54154,127.06194,2024-09-06,2024-09-15
1621,데누 팝업,서울 성동구 성수이로18길 43,서울 성동구 성수동2가 275-89,37.541504,127.06197,2025-01-14,2025-01-19
904,이외들 <귀성> 팝업,서울 성동구 성수이로18길 43,서울 성동구 성수동2가 275-89,37.541542,127.06195,2024-10-23,2024-10-28
2086,가터 갤러리 팝업,서울 성동구 성수이로18길 43,서울 성동구 성수동2가 275-89,37.541527,127.06197,2025-03-04,2025-03-09
2339,노리그렛 팝업,서울 성동구 성수이로18길 43,서울 성동구 성수동2가 275-89,37.541542,127.06195,2025-03-24,2025-03-30
1415,버뮬라 팝업,서울 성동구 성수이로18길 43,서울 성동구 성수동2가 275-89,37.541542,127.06195,2024-12-19,2024-12-25
2188,캑터스도넛마켓 팝업,서울 성동구 성수이로18길 43,서울 성동구 성수동2가 275-89,37.54151,127.06194,2025-03-10,2025-03-16
83,레고트 텀블러 꾸미기 팝업,서울 성동구 성수이로18길 43,서울 성동구 성수동2가 275-89,37.54164,127.06196,2024-07-25,2024-08-06
2420,엔도어 팝업,서울 성동구 성수이로18길 43,서울 성동구 성수동2가 275-89,37.541542,127.06195,2025-04-08,2025-04-13
2340,안경만두 X NYXX 팝업,서울 성동구 성수이로18길 43,서울 성동구 성수동2가 275-89,37.541534,127.061935,2025-04-04,2025-04-06
2502,샌드뮤지엄 팝업,서울 성동구 성수이로18길 43,서울 성동구 성수동2가 275-89,37.541466,127.06193,2025-04-15,2025-04-20
2568,플랙진 팝업,서울 성동구 성수이로18길 43,서울 성동구 성수동2가 275-89,37.54158,127.061966,2025-04-22,2025-04-27
5066,논타입 팝업,서울 성동구 성수이로18길 43,서울 성동구 성수이로18길 43 (성수동2가),37.54158,127.06202,2025-12-22,2026-01-04
2799,후드후드 팝업,서울 성동구 성수이로18길 43,서울 성동구 성수이로18길 43 (성수동2가),37.541477,127.06185,2025-05-20,2025-06-01
4713,유센틱 팝업,서울 성동구 성수이로18길 43,서울 성동구 성수이로18길 43 (성수동2가),37.54151,127.06194,2025-11-17,2025-11-23
4333,데이지 신드롬 팝업,서울 성동구 성수이로18길 43,서울 성동구 성수이로18길 43 (성수동2가),37.54158,127.062,2025-10-16,2025-10-19
2917,블루 아카이브 X 무신사 팝업 - 성수,서울 성동구 성수이로18길 43,서울 성동구 성수이로18길 43 (성수동2가),37.541496,127.06192,2025-06-06,2025-06-19
2742,페스토 팝업,서울 성동구 성수이로18길 43,서울 성동구 성수이로18길 43 (성수동2가),37.54161,127.06197,2025-05-13,2025-05-18
2893,블루 아카이브 X 무신사 팝업 - 성수,서울 성동구 성수이로18길 43,서울 성동구 성수이로18길 43 (성수동2가),37.541542,127.06195,2025-06-06,2025-06-19
3635,뷰티쁠 슈퍼 코스메틱 어워드 위크 팝업,서울 성동구 성수이로18길 43,서울 성동구 성수이로18길 43 (성수동2가),37.541588,127.062004,2025-08-26,2025-08-30
4717,루저스클럽 팝업,서울 성동구 성수이로18길 43,서울 성동구 성수이로18길 43 (성수동2가),37.541496,127.061966,2025-11-24,2025-11-30
4380,케이스어랏 X 윤동희 팝업,서울 성동구 성수이로18길 43,서울 성동구 성수이로18길 43 (성수동2가),37.5415,127.061905,2025-10-22,2025-10-26
3109,칼라파타르 팝업,서울 성동구 성수이로18길 43,서울 성동구 성수이로18길 43 (성수동2가),37.54151,127.06192,2025-06-20,2025-06-26
3209,닉앤니콜 X 디즈니 팝업,서울 성동구 성수이로18길 43,서울 성동구 성수이로18길 43 (성수동2가),37.541428,127.06193,2025-07-04,2025-07-13
3980,서울 이랜드 FC 팝업 - One drop One moment,서울 성동구 성수이로18길 43,서울 성동구 성수이로18길 43 (성수동2가),37.54158,127.06202,2025-09-19,2025-09-21
4514,고어텍스 팝업,서울 성동구 성수이로18길 43,서울 성동구 성수이로18길 43 (성수동2가),37.54149,127.061905,2025-11-03,2025-11-13
4451,뚱마카세 짬뽕 포차 팝업,서울 성동구 성수이로18길 5,서울 성동구 성수이로18길 5 (성수동2가),37.542908,127.0579,2025-11-13,2025-11-16
864,💊타이레놀 팝업💊,서울 성동구 성수이로18길 6,서울 성동구 성수동2가 273-49,37.54234,127.05762,2024-10-23,2024-10-23
732,타이레놀 팝업,서울 성동구 성수이로18길 6,서울 성동구 성수동2가 273-49,37.54234,127.05762,2024-10-09,2024-10-27
874,💊타이레놀 팝업💊,서울 성동구 성수이로18길 6,서울 성동구 성수동2가 273-49,37.54234,127.05762,2024-10-23,2024-10-23
879,💊타이레놀 팝업💊,서울 성동구 성수이로18길 6,서울 성동구 성수동2가 273-49,37.54234,127.05762,2024-10-24,2024-10-24
737,📝 타이레놀 팝업스토어,서울 성동구 성수이로18길 6,서울 성동구 성수동2가 273-49,37.54234,127.05762,2024-10-09,2024-10-27
1249,메시 X 스탠리 팝업,서울 성동구 성수이로18길 6-1,서울 성동구 성수동2가 273-48,37.542305,127.057724,2024-12-05,2024-12-15
451,리니지M X PXG <Masterpiece> 팝업,서울 성동구 성수이로18길 6-1,서울 성동구 성수동2가 273-48,37.542305,127.057724,2024-09-06,2024-09-08
2805,쿠키런 방탈출 전시,서울 성동구 성수이로18길 6-1,서울 성동구 성수이로18길 6-1 (성수동2가),37.542374,127.05776,2025-05-28,2025-11-16
5155,발로란트 팝업,서울 성동구 성수이로18길 6-1,서울 성동구 성수이로18길 6-1 (성수동2가),37.542248,127.05771,2026-01-09,2026-01-18
1528,NCT ZONE 1주년 기념 팝업,서울 성동구 성수이로20길 12,서울 성동구 성수동2가 273-18,37.543068,127.057976,2025-01-05,2025-01-20
2506,KBO 팬 페스타 팝업,서울 성동구 성수이로20길 12,서울 성동구 성수동2가 273-18,37.543087,127.058044,2025-04-16,2025-04-20
2463,무신사 슈즈 페스티벌 팝업 - 무신사 스퀘어 성수 4,서울 성동구 성수이로20길 12,서울 성동구 성수동2가 273-18,37.54304,127.05801,2025-04-10,2025-04-13
1404,무신사 홀리데이 기프트 샵 팝업,서울 성동구 성수이로20길 12,서울 성동구 성수동2가 273-18,37.5431,127.05795,2024-12-20,2024-12-29
2812,우트마켓 팝업,서울 성동구 성수이로20길 12,서울 성동구 성수동2가 273-18,37.54307,127.05801,2025-05-23,2025-05-24
1326,무신사 Year End Sale 팝업,서울 성동구 성수이로20길 12,서울 성동구 성수동2가 273-18,37.543095,127.05792,2024-12-13,2025-01-26
960,PUFFER LAND 팝업,서울 성동구 성수이로20길 12,서울 성동구 성수동2가 273-18,37.543106,127.05796,2024-10-30,2024-11-10
2577,데케트 팝업,서울 성동구 성수이로20길 12,서울 성동구 성수동2가 273-18,37.54308,127.05804,2025-04-24,2025-05-06
1265,당근알바 X 무신사 팝업,서울 성동구 성수이로20길 12,서울 성동구 성수동2가 273-18,37.5431,127.057976,2024-12-06,2024-12-08
1110,무진장 아울렛 성수 스퀘어 팝업,서울 성동구 성수이로20길 12,서울 성동구 성수동2가 273-18,37.543106,127.05796,2024-11-22,2024-12-01
2190,푸마 나이트로 하우스 팝업,서울 성동구 성수이로20길 12,서울 성동구 성수동2가 273-18,37.543087,127.05801,2025-03-15,2025-03-30
2576,몽돌 팝업,서울 성동구 성수이로20길 12,서울 성동구 성수동2가 273-18,37.543137,127.057884,2025-04-24,2025-05-06
899,온누리상품권 팝업,서울 성동구 성수이로20길 12,서울 성동구 성수동2가 273-18,37.543144,127.05796,2024-10-24,2024-10-27
2663,무신사 뷰티 페스타 팝업,서울 성동구 성수이로20길 12,서울 성동구 성수동2가 273-18,37.543106,127.05787,2025-05-16,2025-05-18
662,DMO LAUNDRY 팝업,서울 성동구 성수이로20길 12,서울 성동구 성수동2가 273-18,37.543144,127.05796,2024-09-27,2024-09-29
892,온누리상품권 팝업,서울 성동구 성수이로20길 12,서울 성동구 성수동2가 273-18,37.543106,127.05796,2024-10-24,2024-10-27
3258,리그 오브 레전드 팝업 - 아리의 온천,서울 성동구 성수이로20길 12,"서울 성동구 성수이로20길 12 (성수동2가, 스퀘어 성수)",37.54308,127.05803,2025-07-16,2025-07-27
3387,KBL X 라인프렌즈 팝업,서울 성동구 성수이로20길 12,"서울 성동구 성수이로20길 12 (성수동2가, 스퀘어 성수)",37.543125,127.05787,2025-07-30,2025-08-03
3542,글로니 팝업,서울 성동구 성수이로20길 12,"서울 성동구 성수이로20길 12 (성수동2가, 스퀘어 성수)",37.54313,127.057884,2025-08-08,2025-08-10
3772,무신사 유즈드 플리마켓 팝업 ,서울 성동구 성수이로20길 12,"서울 성동구 성수이로20길 12 (성수동2가, 스퀘어 성수)",37.543087,127.058014,2025-08-30,2025-08-31
2883,29CM 이구위크 취향 탐험대 팝업,서울 성동구 성수이로20길 12,"서울 성동구 성수이로20길 12 (성수동2가, 스퀘어 성수)",37.5431,127.05807,2025-06-05,2025-06-09
2850,다이슨 청소기 팝업,서울 성동구 성수이로20길 12,"서울 성동구 성수이로20길 12 (성수동2가, 스퀘어 성수)",37.54315,127.05788,2025-05-28,2025-05-28
3244,소담상회 X 무신사 팝업,서울 성동구 성수이로20길 12,"서울 성동구 성수이로20길 12 (성수동2가, 스퀘어 성수)",37.54311,127.05788,2025-07-09,2025-07-13
2571,휩드 마켓 팝업,서울 성동구 성수이로20길 16,서울 성동구 성수동2가 273-36,37.54301,127.0584,2025-04-25,2025-05-07
3686,무신사 뷰티 페스타,서울 성동구 성수이로20길 51,서울 성동구 성수동2가 276-2,37.542156,127.06268,2025-08-29,2025-08-31
2254,펍지 PUBG 팬페스타,서울 성동구 성수이로20길 51,서울 성동구 성수동2가 276-2,37.54225,127.062645,2025-03-21,2025-03-23
3673,무신사 뷰티 페스타 팝업 ,서울 성동구 성수이로20길 51,서울 성동구 성수동2가 276-2,37.542213,127.062515,2025-08-29,2025-08-31
4726,소공인&청년창업 상생페스타 in SEONGSU,서울 성동구 성수이로20길 51,"서울 성동구 성수이로20길 51 (성수동2가, (주)대륭)",37.54225,127.062645,2025-11-21,2025-11-21
4738,벨라블랙 팝업,서울 성동구 성수이로20길 51,"서울 성동구 성수이로20길 51 (성수동2가, (주)대륭)",37.542213,127.06253,2025-11-21,2025-11-21
3730,브릭샌드 이벤트 ,서울 성동구 성수이로20길 54,"서울 성동구 성수이로20길 54 (성수동2가, 동방인쇄공사)",37.541817,127.06243,2025-08-22,2025-08-31
2306,자라 X 앤더슨벨 팝업,서울 성동구 성수이로20길 57,서울 성동구 성수동2가 276-8,37.542107,127.06304,2025-03-20,2025-03-23
2363,라이즈 팝업,서울 성동구 성수이로20길 57,서울 성동구 성수동2가 276-8,37.542107,127.06304,2025-04-04,2025-04-20
5323,명조 팝업 - 띵조 캠퍼스 위크,서울 성동구 성수이로20길 57,서울 성동구 성수이로20길 57 (성수동2가),37.542088,127.06283,2026-01-23,2026-01-25
4290,청춘마이크 레:코드 팝업 - 10년의 여정,서울 성동구 성수이로20길 57,서울 성동구 성수이로20길 57 (성수동2가),37.542088,127.06302,2025-10-31,2025-11-01
4952,Holiday with 미니틴 팝업,서울 성동구 성수이로20길 57,서울 성동구 성수이로20길 57 (성수동2가),37.54203,127.062775,2025-12-09,2025-12-22
5703,점블서울 팝업,서울 성동구 성수이로20길 57,서울 성동구 성수이로20길 57 (성수동2가),37.542065,127.06282,2026-03-05,2026-03-08
3451,세디치,서울 성동구 성수이로22길 37,서울 성동구 성수동2가 277-43,37.544014,127.061226,2025-09-15,2025-09-21
3678,시소 요가 X 언더시티 이벤트 - Yoga for Runners,서울 성동구 성수이로22길 61,서울 성동구 성수이로22길 61 (성수동2가),37.543118,127.06382,2025-08-31,2025-08-31
3677,트레바리 X 언더시티 이벤트 - 리딩 시티,서울 성동구 성수이로22길 61,서울 성동구 성수이로22길 61 (성수동2가),37.54313,127.063835,2025-08-26,2025-08-26
4268,"범준 X 찰스퍼니처, 장미맨숀 전시 - 삶 너머 삶",서울 성동구 성수이로24길 31,서울 성동구 성수이로24길 31 (성수동2가),37.544586,127.06166,2025-10-17,2025-11-09
932,베터 <비밀 문구점> 팝업,서울 성동구 성수이로24길 36,서울 성동구 성수동2가 277-46,37.54406,127.06188,2024-10-30,2024-11-03
4605,리가즈 팝업,서울 성동구 성수이로24길 50,"서울 성동구 성수이로24길 50 (성수동2가, 희은빌딩)",37.543797,127.063324,2025-11-14,2025-11-16
4954,가루센터 팝업,서울 성동구 성수이로26길 31,서울 성동구 성수이로26길 31 (성수동2가),37.5457,127.060974,2025-12-17,2025-12-24
1644,테라오카 나츠미 X 세인트 루크마리 커피하우스 팝업,서울 성동구 성수이로26길 51-1,서울 성동구 성수동2가 279-33,37.544907,127.06323,2025-01-13,2025-01-18
2913,리틀오일아트 X 세인트루크마리 팝업,서울 성동구 성수이로26길 51-1,서울 성동구 성수이로26길 51-1 (성수동2가),37.544907,127.06323,2025-06-09,2025-06-30
356,ADICO 팝업,서울 성동구 성수이로3길 18-1,서울 성동구 성수동2가 511,37.537315,127.05269,2024-08-14,2024-10-06
2231,현대자동차 오픈디자인랩 <캐스퍼 EV 아이템> 팝업,서울 성동구 성수이로3길 18-1,서울 성동구 성수동2가 511,37.537323,127.05271,2025-03-12,2025-03-23
2350,현대자동차 오픈디자인랩 <로보틱 스페이스> 팝업,서울 성동구 성수이로3길 18-1,서울 성동구 성수동2가 511,37.537323,127.05271,2025-03-26,2025-04-06
3912,케이채 사진전 - Wandergraphy,서울 성동구 성수이로3길 18-1,"서울 성동구 성수이로3길 18-1 (성수동2가, 일광학원)",37.537308,127.052734,2025-09-12,2025-10-26
447,이니스프리 레티놀 꽈배기 연구소 팝업,서울 성동구 성수이로7가길 11,서울 성동구 성수동2가 309-132,37.541336,127.05495,2024-08-23,2024-09-01
437,이니스프리 레티놀 꽈배기연구소,서울 성동구 성수이로7가길 11,서울 성동구 성수동2가 309-132,37.541336,127.05495,2024-08-23,2024-09-01
4115,이니스프리 팝업,서울 성동구 성수이로7가길 11,"서울 성동구 성수이로7가길 11 (성수동2가, (주)상현원색)",37.54126,127.05502,2025-09-26,2025-10-12
3751,이니스프리 X 푸 팝업 ,서울 성동구 성수이로7가길 11,"서울 성동구 성수이로7가길 11 (성수동2가, (주)상현원색)",37.541256,127.05503,2025-08-01,2025-09-24
2465,캘리에디 팝업,서울 성동구 성수이로7가길 13,서울 성동구 성수동2가 321-70,37.541447,127.05507,2025-04-11,2025-04-13
788,토리든 커넥트 성수 팝업,서울 성동구 성수이로7가길 17,서울 성동구 성수동2가 321-48,37.541824,127.05529,2024-10-16,2024-10-16
2528,토리든 토리도원 이벤트,서울 성동구 성수이로7가길 17,서울 성동구 성수동2가 321-48,37.541824,127.05529,2025-04-01,2025-06-30
5400,토리든 커넥트 성수 이벤트,서울 성동구 성수이로7가길 17,서울 성동구 성수이로7가길 17 (성수동2가),37.541813,127.05527,2026-01-08,2026-02-28
3193,토리든 커넥트 성수 <토리웨이브 클럽> 이벤트,서울 성동구 성수이로7가길 17,서울 성동구 성수이로7가길 17 (성수동2가),37.541824,127.05529,2025-07-01,2025-09-29
4385,토리든 커넥트 성수 이벤트 - 솔리빌리지,서울 성동구 성수이로7가길 17,서울 성동구 성수이로7가길 17 (성수동2가),37.54182,127.05525,2025-10-22,2025-12-31
4502,해브어웨일 팝업,서울 성동구 성수이로7가길 20-1,서울 성동구 성수이로7가길 20-1 (성수동2가),37.54192,127.05552,2025-10-31,2025-11-11
4702,투에이엔 팝업,서울 성동구 성수이로7가길 20-1,서울 성동구 성수이로7가길 20-1 (성수동2가),37.541916,127.055534,2025-11-28,2025-12-07
4969,루블리스 팝업,서울 성동구 성수이로7가길 20-1,서울 성동구 성수이로7가길 20-1 (성수동2가),37.54192,127.05551,2025-12-23,2026-01-04
3003,파인드카푸어,서울 성동구 성수이로7가길 22-5,서울 성동구 성수동2가 320-1,37.542084,127.055725,2025-06-16,2025-06-16
1259,넘버링 팝업,서울 성동구 성수이로7가길 23,서울 성동구 성수동2가 321-75,37.542187,127.055435,2024-11-28,2025-03-31
3101,넘버링 A13 팝업,서울 성동구 성수이로7가길 23,서울 성동구 성수이로7가길 23 (성수동2가),37.542202,127.05543,2025-06-19,2025-08-10
2298,페사드 플래그십 스토어 이벤트,서울 성동구 성수이로7가길 24,서울 성동구 성수동2가 320-1,37.54215,127.05562,2025-03-14,2025-03-31
405,샘플로드 올리브영 진상 팝업,서울 성동구 성수이로7가길 3,서울 성동구 성수동2가 309-128,37.540565,127.05477,2024-08-29,2024-08-31
1011,온 팝업,서울 성동구 성수이로7가길 3,서울 성동구 성수동2가 309-128,37.54064,127.054726,2024-11-16,2024-11-17
4646,로꼬 SCRAPS 팝업,서울 성동구 성수이로7가길 3,"서울 성동구 성수이로7가길 3 (성수동2가, (주)용성산업)",37.540638,127.054665,2025-11-15,2025-11-16
3487,다즐링클럽 팝업,서울 성동구 성수이로7가길 3,"서울 성동구 성수이로7가길 3 (성수동2가, (주)용성산업)",37.54067,127.054665,2025-08-01,2025-08-03
5473,라카 게릴라 이벤트,서울 성동구 성수이로7가길 7,서울 성동구 성수이로7가길 7 (성수동2가),37.54091,127.05471,2026-01-17,2026-02-01
3559,라카 성수 플래그십 스토어 이벤트,서울 성동구 성수이로7가길 7,서울 성동구 성수이로7가길 7 (성수동2가),37.54091,127.05471,2025-08-09,2025-08-31
4990,G마켓 상생푸드 페스티벌 팝업,서울 성동구 성수이로7길 22,서울 성동구 성수이로7길 22 (성수동2가),37.54129,127.0545,2025-12-12,2025-12-14
5507,나이키 팝업 - 맥스인쇄소,서울 성동구 성수이로7길 22,서울 성동구 성수이로7길 22 (성수동2가),37.54129,127.0545,2026-02-07,2026-02-07
2201,노티카 X 언더마이카 팝업,서울 성동구 성수이로7길 24,서울 성동구 성수동2가 309-144,37.541466,127.05436,2025-03-07,2025-03-20
955,Gate S10 팝업,서울 성동구 성수이로7길 24,서울 성동구 성수동2가 309-144,37.54148,127.05441,2024-10-25,2024-11-03
2607,폴 스미스 X 로우로우 팝업,서울 성동구 성수이로7길 24,서울 성동구 성수동2가 309-144,37.541443,127.05443,2025-04-25,2025-05-22
2865,젠틀몬스터 X 브랏츠 팝업,서울 성동구 성수이로7길 26,서울 성동구 성수이로7길 26 (성수동2가),37.54157,127.0542,2025-05-30,2025-10-30
800,베놈 하우스 팝업,서울 성동구 성수이로7길 28,서울 성동구 성수동2가 321-12,37.541748,127.05415,2024-10-09,2024-10-23
1123,톰과 제리 크리스마스 하우스,서울 성동구 성수이로7길 28,서울 성동구 성수동2가 321-12,37.541748,127.05415,2024-11-16,2024-12-02
1309,모푸샌드 팝업,서울 성동구 성수이로7길 28,서울 성동구 성수동2가 321-12,37.541748,127.05415,2024-12-06,2024-12-29
1124,톰과 제리 크리스마스 하우스 팝업,서울 성동구 성수이로7길 28,서울 성동구 성수동2가 321-12,37.541748,127.05415,2024-11-16,2024-12-02
4326,스누피 캠프 하우스 팝업,서울 성동구 성수이로7길 28,"서울 성동구 성수이로7길 28 (성수동2가, 대성ENG)",37.54175,127.05406,2025-10-17,2025-11-23
4742,산리오캐릭터즈 팝업 - 스위트 홀리데이 크리스마스 하우스,서울 성동구 성수이로7길 28,"서울 성동구 성수이로7길 28 (성수동2가, 대성ENG)",37.54172,127.05407,2025-11-29,2025-12-28
3208,벤시몽 팝업,서울 성동구 성수이로7길 41,서울 성동구 성수이로7길 41 (성수동2가),37.542614,127.05308,2025-07-01,2025-07-17
2975,원할머니보쌈,서울 성동구 성수이로7길 7,서울 성동구 성수동2가 333-15,37.539806,127.05446,2025-06-16,2025-06-16
1368,부이 윈터 빌리지 팝업,서울 성동구 성수이로8길 11,서울 성동구 성수동2가 331-148,37.53921,127.056465,2024-12-13,2024-12-22
3273,부이 팝업,서울 성동구 성수이로8길 11,서울 성동구 성수이로8길 11 (성수동2가),37.53921,127.056465,2025-07-08,2025-08-31
3915,J-POP.ZIP 팝업 ,서울 성동구 성수이로8길 3,서울 성동구 성수이로8길 3 (성수동2가),37.53952,127.05547,2025-09-19,2025-09-21
2841,유튜브 팬페스트 2025 팝업,서울 성동구 성수이로8길 3,서울 성동구 성수이로8길 3 (성수동2가),37.539577,127.055695,2025-06-13,2025-06-16
4643,W컨셉 팝업 - 더블유클로젯,서울 성동구 성수이로8길 3,서울 성동구 성수이로8길 3 (성수동2가),37.5396,127.055435,2025-11-19,2025-11-23
4706,포춘살롱 팝업,서울 성동구 성수일로 33,서울 성동구 성수일로 33 (성수동1가),37.543587,127.04916,2025-12-26,2026-01-04
4484,털뭉치 연구소 팝업,서울 성동구 성수일로 33,서울 성동구 성수일로 33 (성수동1가),37.54359,127.049164,2025-12-19,2025-12-21
2800,홀리바넘 팝업,서울 성동구 성수일로 33,서울 성동구 성수일로 33 (성수동1가),37.543644,127.04919,2025-05-22,2025-06-16
4007,"2025 서울청년주간 이벤트 - 청년의 무한 성장, 그라운드 업(GRWND UP)",서울 성동구 성수일로 33,서울 성동구 성수일로 33 (성수동1가),37.54359,127.04917,2025-09-19,2025-09-20
4735,에볼루션 인 성수 팝업 - 여덟 번째 감각의 문,서울 성동구 성수일로 33,서울 성동구 성수일로 33 (성수동1가),37.543575,127.04914,2025-11-22,2025-12-07
3596,루트인성수,서울 성동구 성수일로 33,서울 성동구 성수일로 33 (성수동1가),37.543594,127.04915,2025-08-29,2025-09-07
4172,집집 팝업 - 소중한 잡동사니 마켓,서울 성동구 성수일로 33,서울 성동구 성수일로 33 (성수동1가),37.543587,127.04915,2025-10-24,2025-10-26
4127,보이즈 2 플래닛 아카이브 전시,서울 성동구 성수일로 33,서울 성동구 성수일로 33 (성수동1가),37.543587,127.04915,2025-09-27,2025-10-02
5748,라운드어라운드 X 테토 팝업,서울 성동구 성수일로 45,서울 성동구 성수동1가 16-9,37.544525,127.04954,2026-03-01,2026-03-15
3115,리스테린 X 테토 팝업,서울 성동구 성수일로 45,서울 성동구 성수동1가 16-9,37.544525,127.04954,2025-06-23,2025-07-14
2622,세서미 스트리트 팝업,서울 성동구 성수일로 47,서울 성동구 성수동1가 16-8,37.544735,127.049515,2025-05-02,2025-05-18
993,이영지  차린건 쥐뿔도 없지만 팝업,서울 성동구 성수일로 47,서울 성동구 성수동1가 16-8,37.544865,127.04943,2024-11-16,2024-11-24
807,찰나의 서점 팝업,서울 성동구 성수일로 47,서울 성동구 성수동1가 16-8,37.54467,127.04947,2024-10-09,2024-11-03
1374,마플샵 X 짤쓸사람 가나디 팝업,서울 성동구 성수일로 47,서울 성동구 성수동1가 16-8,37.544735,127.049515,2024-12-14,2024-12-29
1794,미미미누의 행운가득 문방구 팝업,서울 성동구 성수일로 47,서울 성동구 성수동1가 16-8,37.544735,127.049515,2025-02-15,2025-02-23
478,마플샵 X 뚜까따 미지 팝업,서울 성동구 성수일로 47,서울 성동구 성수동1가 16-8,37.544735,127.049515,2024-08-31,2024-09-15
299,이창섭의 상스러운목욕탕 팝업,서울 성동구 성수일로 47,서울 성동구 성수동1가 16-8,37.544735,127.049515,2024-08-09,2024-08-18
2510,밈물상 팝업,서울 성동구 성수일로 47,서울 성동구 성수동1가 16-8,37.544735,127.049515,2025-04-18,2025-04-27
1112,차린건 쥐뿔도 없지만 팝업,서울 성동구 성수일로 47,서울 성동구 성수동1가 16-8,37.544865,127.04943,2024-11-16,2024-11-24
5327,마플샵 X 짤쓸사람 가나디 팝업_사본,서울 성동구 성수일로 47,서울 성동구 성수동1가 16-8,37.544735,127.049515,2024-12-14,2024-12-29
1113,차린건 쥐뿔도 없지만 팝업,서울 성동구 성수일로 47,서울 성동구 성수동1가 16-8,37.544865,127.04943,2024-11-16,2024-11-24
3702,토심이 팝업 ,서울 성동구 성수일로 47,"서울 성동구 성수일로 47 (성수동1가, 송도빌딩)",37.54482,127.04949,2025-08-25,2025-09-21
4987,샌디스크 X 스누피 팝업,서울 성동구 성수일로 47,"서울 성동구 성수일로 47 (성수동1가, 송도빌딩)",37.544693,127.0495,2025-12-12,2025-12-14
5328,마플샵 X 금쪽같은 내새끼 팝업,서울 성동구 성수일로 47,"서울 성동구 성수일로 47 (성수동1가, 송도빌딩)",37.544727,127.049446,2026-01-19,2026-01-31
5166,2026 인챈트 윈터 페스타 팝업,서울 성동구 성수일로 47,"서울 성동구 성수일로 47 (성수동1가, 송도빌딩)",37.544693,127.04949,2026-01-09,2026-01-18
5074,V프로젝트 팝업 - V프로젝트의 겨울밤스테이,서울 성동구 성수일로 47,"서울 성동구 성수일로 47 (성수동1가, 송도빌딩)",37.544693,127.0495,2025-12-19,2025-12-28
3932,수키도키 팝업 - 쥐순공방 ,서울 성동구 성수일로 47,"서울 성동구 성수일로 47 (성수동1가, 송도빌딩)",37.544735,127.04947,2025-09-22,2025-10-12
2932,아바타스타 슈 팝업,서울 성동구 성수일로 47,"서울 성동구 성수일로 47 (성수동1가, 송도빌딩)",37.544735,127.049515,2025-06-20,2025-07-06
4338,보물상 팝업,서울 성동구 성수일로 47,"서울 성동구 성수일로 47 (성수동1가, 송도빌딩)",37.544647,127.04952,2025-10-24,2025-11-09
3340,런치박스클럽 팝업,서울 성동구 성수일로 47,"서울 성동구 성수일로 47 (성수동1가, 송도빌딩)",37.544735,127.049515,2025-07-25,2025-08-10
3562,앰퍼샌드원 팝업,서울 성동구 성수일로 47,"서울 성동구 성수일로 47 (성수동1가, 송도빌딩)",37.544777,127.04946,2025-08-12,2025-08-24
2989,무브모브,서울 성동구 성수일로 56,서울 성동구 성수동2가 301-51,37.545338,127.05042,2025-06-16,2025-06-16
3654,진저그랜파 이벤트 - FXXK OFF SUMMER,서울 성동구 성수일로 95-1,서울 성동구 성수일로 95-1 (성수동1가),37.54892,127.05118,2025-08-23,2025-08-23
2948,프린트베이커리 팝업,서울 성동구 성수일로10길 13,서울 성동구 성수일로10길 13 (성수동2가),37.54749,127.05237,2025-06-05,2025-06-15
3169,이모지아트 & 아트미러 전시,서울 성동구 성수일로10길 13,서울 성동구 성수일로10길 13 (성수동2가),37.54749,127.05237,2025-06-27,2025-07-06
3036,훅클라이밍 성수점,서울 성동구 성수일로12길 34,서울 성동구 성수일로12길 34 (성수동2가),37.547558,127.05445,2025-06-16,2025-06-16
1435,잠산 X 에필로그 팝업,서울 성동구 성수일로12길 35,서울 성동구 성수동2가 299-243,37.547646,127.054985,2024-12-20,2025-01-05
5833,이그노타 팝업,서울 성동구 성수일로3길 15,서울 성동구 성수일로3길 15 (성수동1가),37.542778,127.04759,2026-03-14,2026-03-15
1941,이리온김치 팝업,서울 성동구 성수일로3길 3-9,서울 성동구 성수동1가 656-102,37.5419,127.048355,2025-02-19,2025-02-23
2888,여름 행운 팝업,서울 성동구 성수일로3길 4-13,서울 성동구 성수일로3길 4-13 (성수동1가),37.54242,127.048225,2025-06-14,2025-06-15
2606,웰라쥬 X 에이미 티 팝업,서울 성동구 성수일로3길 5-19,서울 성동구 성수동1가 656-212,37.54169,127.048035,2025-04-25,2025-04-26
3015,제인마치,서울 성동구 성수일로3길 8,서울 성동구 성수동1가 656-89,37.542274,127.04792,2025-06-16,2025-06-16
5938,츠바키 X 제인마치 팝업,서울 성동구 성수일로3길 8,서울 성동구 성수일로3길 8 (성수동1가),37.542274,127.04792,2026-03-21,2026-03-31
2197,가비지타임 연재 6주년 기념카페 팝업,서울 성동구 성수일로4가길 10,서울 성동구 성수동2가 321-29,37.54167,127.054634,2025-03-12,2025-03-18
2693,스텔라이브 팝업,서울 성동구 성수일로4길 12,서울 성동구 성수동1가 27-3,37.542503,127.05015,2025-05-10,2025-05-16
2979,롸카두들,서울 성동구 성수일로4길 25,서울 성동구 성수동2가 308-4,37.542534,127.052124,2025-06-16,2025-06-16
2988,일과,서울 성동구 성수일로4길 33,서울 성동구 성수동2가 333-77,37.542137,127.05247,2025-06-16,2025-06-16
3020,폼폼스튜디오,서울 성동구 성수일로4길 48,서울 성동구 성수동2가 321-39,37.542248,127.05407,2025-06-16,2025-06-16
4839,TOPS CONNECT SHOP with MUSINSA,서울 성동구 성수일로4길 52,"서울 성동구 성수일로4길 52 (성수동2가, 지노빌딩)",37.54252,127.054245,2025-12-12,2025-12-14
4727,엔믹스 팝업 - EPISODE 1: ZERO FRONTIER,서울 성동구 성수일로4길 52,"서울 성동구 성수일로4길 52 (성수동2가, 지노빌딩)",37.542473,127.05436,2025-11-28,2025-12-07
5855,묵끄럽 팝업,서울 성동구 성수일로4길 52,"서울 성동구 성수일로4길 52 (성수동2가, 지노빌딩)",37.542492,127.054306,2026-03-13,2026-03-15
4607,티엘스 팝업,서울 성동구 성수일로4길 52,"서울 성동구 성수일로4길 52 (성수동2가, 지노빌딩)",37.542465,127.05434,2025-11-14,2025-11-16
4509,[ WAYDN × NO-X KANG ] POP-UP IN SEONG-SU.,서울 성동구 성수일로4길 52,"서울 성동구 성수일로4길 52 (성수동2가, 지노빌딩)",37.542492,127.054306,2025-11-08,2025-11-08
5115,소담상회 with MUSINSA Pop Up Store,서울 성동구 성수일로4길 52,"서울 성동구 성수일로4길 52 (성수동2가, 지노빌딩)",37.542492,127.054306,2025-12-26,2025-12-28
5828,믁끄럽 마라곤약젤리 팝업,서울 성동구 성수일로4길 52,"서울 성동구 성수일로4길 52 (성수동2가, 지노빌딩)",37.542492,127.054306,2026-03-13,2026-03-15
4217,차앤박 X 아따맘마 팝업,서울 성동구 성수일로6길 32,"서울 성동구 성수일로6길 32 (성수동2가, 아주섬유)",37.54455,127.05345,2025-10-03,2025-10-05
2056,토스 10주년 기념 <스퀘어 오브 토스> 팝업,서울 성동구 성수일로6길 36,서울 성동구 성수동2가 314-9,37.544487,127.05391,2025-02-26,2025-03-02
1840,시에 팝업,서울 성동구 성수일로6길 36,서울 성동구 성수동2가 314-9,37.544456,127.05391,2025-02-13,2025-02-16
5632,NCT 제노재민 팝업 - BOTH SIDES,서울 성동구 성수일로6길 36,"서울 성동구 성수일로6길 36 (성수동2가, 종로화물빌딩)",37.54421,127.05398,2026-02-21,2026-02-22
4504,투모로우바이투게더 연준 프리 리스닝 파티,서울 성동구 성수일로6길 36,"서울 성동구 성수일로6길 36 (성수동2가, 종로화물빌딩)",37.544193,127.05396,2025-11-05,2025-11-06
4354,앤더슨씨 전시 - 333 CHAIRS,서울 성동구 성수일로6길 36,"서울 성동구 성수일로6길 36 (성수동2가, 종로화물빌딩)",37.54448,127.053825,2025-10-16,2025-11-01
3306,나이키 조던 이벤트 - THE ONE,서울 성동구 성수일로6길 36,"서울 성동구 성수일로6길 36 (성수동2가, 종로화물빌딩)",37.54421,127.053986,2025-07-19,2025-07-19
4599,스포티파이 팝업 - Spotify House 서울,서울 성동구 성수일로6길 36,"서울 성동구 성수일로6길 36 (성수동2가, 종로화물빌딩)",37.54419,127.05398,2025-11-13,2025-11-15
143,"하이, 브리지톡 대저택 팝업",서울 성동구 성수일로8길 39-1,서울 성동구 성수동2가 289-224,37.545753,127.05499,2024-07-23,2024-08-14
144,"하이, 브리지톡 무근본 팝업",서울 성동구 성수일로8길 40-1,서울 성동구 성수동2가 300-7,37.545414,127.0547,2024-07-23,2024-08-14
3693,1유로 북성수 7일장 팝업,서울 성동구 송정18길 1-1,서울 성동구 송정18길 1-1 (송정동),37.55311,127.067955,2025-08-23,2025-08-23
2208,3월 3주차 핫한 팝업 모음,서울 성동구 아차산로 100,서울 성동구 성수동2가 300-1,37.544502,127.05609,2025-03-11,2025-03-17
2103,3월 2주차 핫한 팝업 모음,서울 성동구 아차산로 100,서울 성동구 성수동2가 300-1,37.544502,127.05609,2025-03-04,2025-03-10
2376,민지운 음감회,서울 성동구 아차산로 100,서울 성동구 성수동2가 300-1,37.544502,127.05609,2025-03-29,2025-03-29
2585,인도미 미고랭 팝업,서울 성동구 아차산로 100,서울 성동구 성수동2가 300-1,37.544228,127.05683,2025-05-01,2025-05-13
2276,3월 4주차 핫한 팝업 모음,서울 성동구 아차산로 100,서울 성동구 성수동2가 300-1,37.544502,127.05609,2025-03-18,2025-03-24
2356,3월 5주차 핫한 팝업 모음,서울 성동구 아차산로 100,서울 성동구 성수동2가 300-1,37.544502,127.05609,2025-03-25,2025-03-31
4933,타바스코 팝업 - Add a Kick at SEONGSU,서울 성동구 아차산로 100,"서울 성동구 아차산로 100 (성수동2가, 성수역)",37.54377,127.05634,2025-12-01,2025-12-14
4609,휠라 플로우 위크 이벤트,서울 성동구 아차산로 100,"서울 성동구 아차산로 100 (성수동2가, 성수역)",37.544453,127.0562,2025-11-10,2025-11-20
2909,요아정 아사이팜 팝업,서울 성동구 아차산로 100,"서울 성동구 아차산로 100 (성수동2가, 성수역)",37.54424,127.05684,2025-06-06,2025-06-08
3763,브릿지뮤직성수 2025 ,서울 성동구 아차산로 100,"서울 성동구 아차산로 100 (성수동2가, 성수역)",37.544502,127.05609,2025-09-19,2025-09-21
3731,클리오 게릴라 이벤트 ,서울 성동구 아차산로 100,"서울 성동구 아차산로 100 (성수동2가, 성수역)",37.54454,127.05632,2025-08-22,2025-08-23
4400,제로이드 이벤트,서울 성동구 아차산로 100,"서울 성동구 아차산로 100 (성수동2가, 성수역)",37.544537,127.05623,2025-10-25,2025-10-26
5083,말콤 팝업,서울 성동구 아차산로 100,"서울 성동구 아차산로 100 (성수동2가, 성수역)",37.54451,127.056244,2025-12-24,2025-12-24
3646,2025 크리에이티브X성수,서울 성동구 아차산로 100,"서울 성동구 아차산로 100 (성수동2가, 성수역)",37.544537,127.056335,2025-09-15,2025-09-21
3490,2025 사와킹 위크 페스티벌,서울 성동구 아차산로 100,"서울 성동구 아차산로 100 (성수동2가, 성수역)",37.544582,127.05591,2025-07-25,2025-08-10
4198,이이이알알알 팝업,서울 성동구 아차산로 103,"서울 성동구 아차산로 103 (성수동2가, 영동테크노타워)",37.54509,127.05601,2025-10-01,2025-10-31
4197,아리 팝업,서울 성동구 아차산로 103,"서울 성동구 아차산로 103 (성수동2가, 영동테크노타워)",37.544994,127.0559,2025-10-01,2025-10-31
2396,틸던 팝업,서울 성동구 아차산로 104,서울 성동구 성수동2가 315-71,37.544426,127.055534,2025-04-07,2025-04-13
2054,무신사 NEXT IN BRAND 전시,서울 성동구 아차산로 104,서울 성동구 성수동2가 315-71,37.54445,127.05548,2025-02-21,2025-03-02
1516,라임라잇 어패럴 팝업,서울 성동구 아차산로 104,서울 성동구 성수동2가 315-71,37.544437,127.05549,2025-01-18,2025-01-19
240,AEGO 팝업,서울 성동구 아차산로 104,서울 성동구 성수동2가 315-71,37.54444,127.05546,2024-08-10,2024-08-22
1774,보스 X 29CM 팝업,서울 성동구 아차산로 104,서울 성동구 성수동2가 315-71,37.54447,127.05548,2025-02-02,2025-02-15
659,구빈 팝업,서울 성동구 아차산로 104,서울 성동구 성수동2가 315-71,37.54444,127.05546,2024-09-25,2024-09-29
1117,로지텍G X APOKI 팝업,서울 성동구 아차산로 104,서울 성동구 성수동2가 315-71,37.54444,127.05546,2024-11-15,2024-11-24
1375,헌터 팝업,서울 성동구 아차산로 104,서울 성동구 성수동2가 315-71,37.54444,127.05546,2024-12-13,2025-01-07
3127,모나미 X 레이어프 팝업,서울 성동구 아차산로 104,"서울 성동구 아차산로 104 (성수동2가, 스탈릿성수)",37.54444,127.05546,2025-06-20,2025-07-18
5581,에이티즈 X 이마트24 팝업 - 성수,서울 성동구 아차산로 104,"서울 성동구 아차산로 104 (성수동2가, 스탈릿성수)",37.544495,127.055466,2026-02-10,2026-02-15
5923,SSG 랜더스 X 이마트24 팝업,서울 성동구 아차산로 104,"서울 성동구 아차산로 104 (성수동2가, 스탈릿성수)",37.544487,127.05537,2026-03-18,2026-04-16
5491,벌룬프렌즈 팝업,서울 성동구 아차산로 104,"서울 성동구 아차산로 104 (성수동2가, 스탈릿성수)",37.544502,127.055336,2026-01-31,2026-03-14
5600,소담상회 with무신사 이벤트,서울 성동구 아차산로 104,"서울 성동구 아차산로 104 (성수동2가, 스탈릿성수)",37.54452,127.055336,2026-02-13,2026-02-28
5163,노이즈 팝업,서울 성동구 아차산로 104,"서울 성동구 아차산로 104 (성수동2가, 스탈릿성수)",37.544518,127.05528,2025-12-22,2026-01-04
4553,뤼드유제니 팝업,서울 성동구 아차산로 104,"서울 성동구 아차산로 104 (성수동2가, 스탈릿성수)",37.5444,127.05545,2025-10-10,2025-11-14
5871,소담상회with무신사 이벤트,서울 성동구 아차산로 104,"서울 성동구 아차산로 104 (성수동2가, 스탈릿성수)",37.54444,127.05546,2026-03-13,2026-03-19
5530,나이키 성동신문 쿠폰 배포 이벤트,서울 성동구 아차산로 104,"서울 성동구 아차산로 104 (성수동2가, 스탈릿성수)",37.544506,127.05536,2026-02-02,2026-02-06
5280,소담상회 X 미스터차일드 팝업,서울 성동구 아차산로 104,"서울 성동구 아차산로 104 (성수동2가, 스탈릿성수)",37.544514,127.05536,2026-01-05,2026-02-01
3647,클럿 스튜디오 팝업,서울 성동구 아차산로 104,"서울 성동구 아차산로 104 (성수동2가, 스탈릿성수)",37.544437,127.055595,2025-08-11,2025-08-17
4396,소담페스타 - NEW RUN:달려라 소상공인,서울 성동구 아차산로 104,"서울 성동구 아차산로 104 (성수동2가, 스탈릿성수)",37.54442,127.05555,2025-10-24,2025-10-25
1459,큐클리프 팝업,서울 성동구 아차산로 107,서울 성동구 성수동2가 300-3,37.544945,127.05628,2024-12-24,2024-12-29
4472,알리익스프레스 성수 팝업 - 11초 장바구니 챌린지,서울 성동구 아차산로 116,서울 성동구 성수동2가 315-1,37.54405,127.056526,2025-11-07,2025-11-09
2425,별별잡화점 팝업,서울 성동구 아차산로 116,서울 성동구 성수동2가 315-1,37.54404,127.056625,2025-04-11,2025-04-13
3099,가루쌀 빵지순례 팝업,서울 성동구 아차산로 116,서울 성동구 아차산로 116 (성수동2가),37.54408,127.05689,2025-06-20,2025-06-21
4254,플라워노즈 팝업,서울 성동구 아차산로 116,서울 성동구 아차산로 116 (성수동2가),37.544037,127.05656,2025-10-18,2025-11-02
4837,그립 팝업 - Grip's-mas Market,서울 성동구 아차산로 116,서울 성동구 아차산로 116 (성수동2가),37.544044,127.05655,2025-12-12,2025-12-14
5077,페이퍼백 팝업,서울 성동구 아차산로 116,서울 성동구 아차산로 116 (성수동2가),37.544,127.05665,2026-01-10,2026-01-20
5119,운빨존많겜 팝업 - 운빨가챠샵,서울 성동구 아차산로 116,서울 성동구 아차산로 116 (성수동2가),37.544033,127.05655,2026-01-01,2026-01-07
5071,롯데웰푸드 팝업 - 홀리데이 스위트 마켓,서울 성동구 아차산로 116,서울 성동구 아차산로 116 (성수동2가),37.544003,127.05679,2025-12-19,2025-12-28
4061,스탠리 X 제니 팝업,서울 성동구 아차산로 116,서울 성동구 아차산로 116 (성수동2가),37.544067,127.05653,2025-09-19,2025-09-28
5547,탐나다 빈티지 팝업,서울 성동구 아차산로 116,서울 성동구 아차산로 116 (성수동2가),37.544056,127.056694,2026-01-30,2026-02-07
5597,멜론 팝업,서울 성동구 아차산로 116,서울 성동구 아차산로 116 (성수동2가),37.544075,127.05679,2026-02-13,2026-02-15
4641,소담 얼리 블랙 프라이데이 이슈 팝업,서울 성동구 아차산로 116,서울 성동구 아차산로 116 (성수동2가),37.544056,127.05656,2025-11-13,2025-11-16
4392,세부퍼시픽 팝업,서울 성동구 아차산로 120,서울 성동구 성수동2가 317-3,37.54392,127.05715,2025-10-23,2025-10-29
656,러브엠 X 아뮈프레자일 <러브밋치 성수> 팝업,서울 성동구 아차산로 120,서울 성동구 성수동2가 317-3,37.543972,127.05725,2024-09-21,2024-10-20
4784,Test,서울 성동구 아차산로 120,"서울 성동구 아차산로 120 (성수동2가, 베델 플레이스)",37.54391,127.05722,2025-11-28,2025-11-30
4783,한국주택금융공사 팝업,서울 성동구 아차산로 120,"서울 성동구 아차산로 120 (성수동2가, 베델 플레이스)",37.54397,127.05719,2025-11-28,2025-11-30
2068,보기보이즈 X 바이닐 팝업,서울 성동구 아차산로 15-8,서울 성동구 성수동1가 656-1112,37.547935,127.046165,2025-02-28,2025-03-13
5505,프리미엄 가나 취향위크 이벤트 - 바이닐 성수,서울 성동구 아차산로 15-8,"서울 성동구 아차산로 15-8 (성수동1가, DS빌딩)",37.547863,127.0462,2026-02-01,2026-02-14
3185,SME 비디오샵 컨셉 프로모션 - 서울/바이닐 성수,서울 성동구 아차산로 15-8,"서울 성동구 아차산로 15-8 (성수동1가, DS빌딩)",37.547935,127.046165,2025-07-03,2025-07-06
3186,SME 비디오샵 컨셉 프로모션 - 서울/바이닐 성수_사본,서울 성동구 아차산로 15-8,"서울 성동구 아차산로 15-8 (성수동1가, DS빌딩)",37.547935,127.046165,2025-07-03,2025-07-06
5718,카키스 X 논네이티브 팝업,서울 성동구 아차산로 159,"서울 성동구 아차산로 159 (성수동2가, 제이케이앤디)",37.54326,127.06171,2026-02-27,2026-03-02
5791,예스아이씨 전시 - Timberline,서울 성동구 아차산로 159,"서울 성동구 아차산로 159 (성수동2가, 제이케이앤디)",37.54326,127.06171,2026-03-07,2026-03-08
3330,안동전통주시음회 팝업 - 기미주안,서울 성동구 아차산로 41,"서울 성동구 아차산로 41 (성수동1가, 안동빌딩)",37.546967,127.04897,2025-07-25,2025-07-26
3088,바스켓 성수 팝업,서울 성동구 아차산로 47,"서울 성동구 아차산로 47 (성수동1가, 성수 산업혁신공간)",37.546627,127.04964,2025-06-19,2025-06-30
4802,니시키야 카레 팝업,서울 성동구 아차산로 47,"서울 성동구 아차산로 47 (성수동1가, 성수 산업혁신공간)",37.546608,127.0497,2025-11-27,2025-12-11
3988,제 1회 성수 베짱일러스트 페스티벌,서울 성동구 아차산로 47,"서울 성동구 아차산로 47 (성수동1가, 성수 산업혁신공간)",37.54661,127.04975,2025-09-16,2025-10-31
3619,바스켓 팝업 - in BASKET,서울 성동구 아차산로 47,"서울 성동구 아차산로 47 (성수동1가, 성수 산업혁신공간)",37.546658,127.049576,2025-08-12,2025-08-14
3510,바스켓 팝업 ,서울 성동구 아차산로 47,"서울 성동구 아차산로 47 (성수동1가, 성수 산업혁신공간)",37.546646,127.04956,2025-08-02,2025-08-25
2085,스타벅스 슈크림라떼 팝업,서울 성동구 아차산로 6,서울 성동구 성수동1가 656-1731,37.547695,127.04513,2025-03-03,2025-04-14
260,누디트서울숲 무유무유 팝업,서울 성동구 아차산로 6,서울 성동구 성수동1가 656-1731,37.547707,127.04513,2024-08-01,2025-01-27
2468,스모어팩토리 오픈 이벤트,서울 성동구 아차산로 6,서울 성동구 성수동1가 656-1731,37.54767,127.04524,2025-04-07,2025-09-30
621,테클라 팝업,서울 성동구 아차산로 78,서울 성동구 성수동2가 302-4,37.54521,127.0525,2024-09-13,2024-10-27
2701,온 팝업,서울 성동구 아차산로 78,서울 성동구 성수동2가 302-4,37.545208,127.05253,2025-05-08,2025-05-14
2495,포유어아이즈온리 팝업,서울 성동구 아차산로 78,서울 성동구 성수동2가 302-4,37.54527,127.05248,2025-04-11,2025-04-16
1583,보이넥스트도어 X 쁘넥도 팝업,서울 성동구 아차산로 78,서울 성동구 성수동2가 302-4,37.545284,127.05255,2025-01-10,2025-01-19
279,29CM 이구성수 서머아울렛,서울 성동구 아차산로 78,서울 성동구 성수동2가 302-4,37.54521,127.0525,2024-07-26,2024-08-18
1039,뉴발란스 액티브 다운 Winter Universe 팝업,서울 성동구 아차산로 78,서울 성동구 성수동2가 302-4,37.54521,127.0525,2024-11-01,2024-11-10
2057,다이슨 COOL CLUB 팝업,서울 성동구 아차산로 78,서울 성동구 성수동2가 302-4,37.545288,127.05252,2025-02-28,2025-03-14
1130,리튼 팝업,서울 성동구 아차산로 78,서울 성동구 성수동2가 302-4,37.54521,127.0525,2024-11-22,2025-01-05
5427,이구키즈 성수 X 드타미 프로젝트 팝업,서울 성동구 아차산로 78,"서울 성동구 아차산로 78 (성수동2가, 남양에코넷센터)",37.545258,127.052605,2026-01-23,2026-02-19
3291,필립스 팝업,서울 성동구 아차산로 78,"서울 성동구 아차산로 78 (성수동2가, 남양에코넷센터)",37.545258,127.05244,2025-07-11,2025-07-20
5204,휠라키즈 X 플라키키 팝업,서울 성동구 아차산로 78,"서울 성동구 아차산로 78 (성수동2가, 남양에코넷센터)",37.54525,127.05262,2026-01-06,2026-01-22
3884,드타미 프로젝트 팝업 ,서울 성동구 아차산로 78,"서울 성동구 아차산로 78 (성수동2가, 남양에코넷센터)",37.545284,127.05282,2025-08-29,2025-09-14
4822,플레이그라운드 팝업,서울 성동구 아차산로 78,"서울 성동구 아차산로 78 (성수동2가, 남양에코넷센터)",37.545277,127.05251,2025-11-21,2025-12-18
1713,큐브 팝업,서울 성동구 아차산로 83,서울 성동구 성수동2가 300-11,37.545612,127.05345,2025-02-08,2025-02-08
32,NCT127 팝업,서울 성동구 아차산로11가길 26,서울 성동구 성수동2가 279-2,37.545547,127.062874,2024-07-16,2024-07-28
4161,팔란티어 팝업,서울 성동구 아차산로11가길 26,서울 성동구 아차산로11가길 26 (성수동2가),37.545525,127.06295,2025-10-14,2025-10-15
1972,케이스위스 팝업,서울 성동구 아차산로11가길 6,서울 성동구 성수동2가 278-33,37.546227,127.060875,2025-02-21,2025-02-21
3142,포터블웨이브 오디오쇼 팝업,서울 성동구 아차산로11가길 6,서울 성동구 아차산로11가길 6 (성수동2가),37.546227,127.060875,2025-07-05,2025-07-06
5664,29CM 이불 팝업 - 29 NOOP HOUSE,서울 성동구 아차산로11가길 6,서울 성동구 아차산로11가길 6 (성수동2가),37.54613,127.06092,2026-03-05,2026-03-08
2814,아도르 성수 플래그십 스토어 이벤트  ,서울 성동구 아차산로11길 3,서울 성동구 아차산로11길 3 (성수동2가),37.54407,127.05897,2025-05-23,2025-05-25
950,홀리추얼 팝업,서울 성동구 아차산로11길 7,서울 성동구 성수동2가 277-52,37.544357,127.05918,2024-10-15,2024-11-03
3154,뮤지컬 위키드 X 아모레 성수 팝업,서울 성동구 아차산로11길 7,"서울 성동구 아차산로11길 7 (성수동2가, (주)아세아이엔티)",37.544373,127.059235,2025-07-01,2025-07-20
4614,홀리추얼 팝업,서울 성동구 아차산로11길 7,"서울 성동구 아차산로11길 7 (성수동2가, (주)아세아이엔티)",37.544407,127.05902,2025-11-11,2025-11-23
2839,아모레 성수 이벤트,서울 성동구 아차산로11길 7,"서울 성동구 아차산로11길 7 (성수동2가, (주)아세아이엔티)",37.54436,127.059135,2025-05-23,2025-05-25
4274,바이탈뷰티 팝업,서울 성동구 아차산로11길 7,"서울 성동구 아차산로11길 7 (성수동2가, (주)아세아이엔티)",37.54452,127.0591,2025-10-14,2025-11-02
3367,소니 팝업,서울 성동구 아차산로11길 7,"서울 성동구 아차산로11길 7 (성수동2가, (주)아세아이엔티)",37.544548,127.059044,2025-07-22,2025-08-10
4779,딜레이 오프 팝업,서울 성동구 아차산로13길 11,서울 성동구 아차산로13길 11 (성수동2가),37.544483,127.060394,2025-11-26,2025-11-28
1096,리스타트 팝업,서울 성동구 아차산로13길 31,서울 성동구 성수동2가 278-35,37.545967,127.06162,2024-11-15,2024-11-17
4776,애슐리 팝업 - 하우스 오브 애슐리,서울 성동구 아차산로17길 48,서울 성동구 성수동2가 280,37.546394,127.065765,2025-12-20,2026-01-25
1760,벨라블랙 X 블랙컴뱃 팝업,서울 성동구 아차산로17길 9,서울 성동구 성수동2가 277-109,37.543213,127.063644,2025-01-31,2025-02-09
1055,폴라보레이션 팝업,서울 성동구 아차산로17길 9,서울 성동구 성수동2가 277-109,37.543213,127.063644,2024-11-15,2024-11-17
5840,"서울도시제조허브 3월 전시회 - 다시, 봄",서울 성동구 아차산로17길 9,"서울 성동구 아차산로17길 9 (성수동2가, 서울도시제조허브)",37.543335,127.063644,2026-03-07,2026-04-03
4188,현재온도 37.5도 전시 - 성수,서울 성동구 아차산로1가길 11,서울 성동구 아차산로1가길 11 (성수동1가),37.548534,127.04681,2025-10-08,2025-10-10
5865,ZUTOMAYO 팬카페 이벤트,서울 성동구 아차산로5길 24-11,"서울 성동구 아차산로5길 24-11 (성수동2가, ARC DE 성수)",37.54766,127.05339,2026-03-14,2026-03-15
4440,2025 재팬 데님 트레이드쇼,서울 성동구 아차산로5길 24-11,"서울 성동구 아차산로5길 24-11 (성수동2가, ARC DE 성수)",37.547623,127.05343,2025-10-28,2025-10-29
2838,25SS 브랜드 연합 팝업,서울 성동구 아차산로5길 24-11,"서울 성동구 아차산로5길 24-11 (성수동2가, ARC DE 성수)",37.54766,127.05339,2025-05-22,2025-06-02
2275,김준수 팝업,서울 성동구 아차산로5길 24-14,서울 성동구 성수동2가 289-282,37.54735,127.0532,2025-03-28,2025-04-06
4376,레페리 크리에이터 플리마켓,서울 성동구 아차산로5길 24-14,"서울 성동구 아차산로5길 24-14 (성수동2가, 동원아이피)",37.547314,127.05318,2025-10-25,2025-10-25
5781,ZUTOMAYO INTENSE II IN SEOUL POPUP STORE,서울 성동구 아차산로5길 24-14,"서울 성동구 아차산로5길 24-14 (성수동2가, 동원아이피)",37.54735,127.0532,2026-03-12,2026-03-29
3588,포토이즘 X 으자 작가 팝업 - 물가의 밤 ,서울 성동구 아차산로5길 24-14,"서울 성동구 아차산로5길 24-14 (성수동2가, 동원아이피)",37.54733,127.05316,2025-08-08,2025-08-12
4438,와인마시는대학생의 와인 시음회 - OOTW,서울 성동구 아차산로5길 24-14,"서울 성동구 아차산로5길 24-14 (성수동2가, 동원아이피)",37.54733,127.053154,2025-11-01,2025-11-02
3949,밀리언 아케이드 마켓 ,서울 성동구 아차산로5길 24-18,"서울 성동구 아차산로5길 24-18 (성수동2가, 오륜섬유)",37.547253,127.05324,2025-09-13,2025-09-13
4922,모크네 나크네 시즌 2 팝업,서울 성동구 아차산로5길 38,"서울 성동구 아차산로5길 38 (성수동2가, 진연빌딩)",37.548534,127.05429,2025-12-11,2025-12-13
246,해피키티하우스 팝업,서울 성동구 아차산로9길 12,서울 성동구 성수동2가 277-102,37.54496,127.05829,2024-08-08,2024-08-11
245,알로소 x TTRS Chilling Moment,서울 성동구 아차산로9길 12,서울 성동구 성수동2가 277-102,37.54496,127.05829,2024-07-30,2024-09-29
2746,푸마 에이치스트릿 팝업,서울 성동구 아차산로9길 41,서울 성동구 성수동2가 277-4,37.547626,127.05941,2025-05-16,2025-05-18
178,오리온 더 드래프트 BEACH BAR 팝업,서울 성동구 아차산로9길 8,서울 성동구 성수동2가 277-135,37.544666,127.058395,2024-07-26,2024-08-05
33,아사히 팝업,서울 성동구 아차산로9길 8,서울 성동구 성수동2가 277-135,37.54476,127.0582,2024-07-06,2024-07-21
4404,랄프 로렌 팝업 - Holiday Experience,서울 성동구 아차산로9길 8,서울 성동구 아차산로9길 8 (성수동2가),37.54473,127.05814,2025-11-01,2025-11-16
2884,카멜백 X 어니언 팝업,서울 성동구 아차산로9길 8,서울 성동구 아차산로9길 8 (성수동2가),37.54476,127.0582,2025-06-06,2025-06-08
5476,쿠팡 알럭스 팝업,서울 성동구 연무장11길 11,"서울 성동구 연무장11길 11 (성수동2가, 1111빌딩)",37.54298,127.05708,2026-01-30,2026-04-26
5368,배드블러드 팝업 - 성수,서울 성동구 연무장11길 11-1,서울 성동구 연무장11길 11-1 (성수동2가),37.54308,127.05714,2026-01-19,2026-01-29
5942,배드블러드 샘플 & 리퍼브 세일 이벤트 - 성수,서울 성동구 연무장11길 11-1,서울 성동구 연무장11길 11-1 (성수동2가),37.54308,127.05713,2026-03-20,2026-03-22
1338,아이긴 스마일 라이프 타운 팝업,서울 성동구 연무장11길 13,서울 성동구 성수동2가 317-6,37.54323,127.05716,2024-12-20,2024-12-24
820,AGE20S 글로벌 팝업,서울 성동구 연무장11길 13,서울 성동구 성수동2가 317-6,37.54323,127.0572,2024-10-21,2024-10-21
769,LUNA 베이스 챔피언십 팝업,서울 성동구 연무장11길 13,서울 성동구 성수동2가 317-6,37.543205,127.05721,2024-10-16,2024-10-29
1937,AHC 팝업,서울 성동구 연무장11길 13,서울 성동구 성수동2가 317-6,37.54323,127.057175,2025-02-21,2025-03-03
762,AGE20S 성수 팝업,서울 성동구 연무장11길 13,서울 성동구 성수동2가 317-6,37.54323,127.0572,2024-10-15,2024-10-29
2072,시세이도 얼티뮨 저속노화 라운지 팝업,서울 성동구 연무장11길 13,서울 성동구 성수동2가 317-6,37.54323,127.05716,2025-03-08,2025-03-11
816,AGE20S 글로벌 팝업,서울 성동구 연무장11길 13,서울 성동구 성수동2가 317-6,37.54323,127.0572,2024-10-21,2024-10-21
365,베이델리 팝업,서울 성동구 연무장11길 13,서울 성동구 성수동2가 317-6,37.54323,127.0572,2024-08-23,2024-08-25
2825,부가부 팝업,서울 성동구 연무장11길 13,서울 성동구 연무장11길 13 (성수동2가),37.543224,127.05713,2025-05-30,2025-06-01
2791,LG전자 캠퍼스 아트 콜라보 팝업,서울 성동구 연무장11길 13,서울 성동구 연무장11길 13 (성수동2가),37.54322,127.057236,2025-05-16,2025-05-25
5776,새로 팝업 - 새로중앙박물관,서울 성동구 연무장13길 11,서울 성동구 연무장13길 11 (성수동2가),37.542816,127.05837,2026-03-21,2026-04-05
3400,롤토체스 팝업 - K.O.콜로세움,서울 성동구 연무장13길 11,"서울 성동구 연무장13길 11 (성수동2가, 영성산업)",37.54287,127.05825,2025-08-01,2025-08-10
5495,NCT WISH 팝업 - 위시 베이커리,서울 성동구 연무장13길 11,"서울 성동구 연무장13길 11 (성수동2가, 영성산업)",37.542835,127.058395,2026-02-07,2026-02-22
3806,NH 올원타운 팝업 ,서울 성동구 연무장13길 11,"서울 성동구 연무장13길 11 (성수동2가, 영성산업)",37.542835,127.05827,2025-09-01,2025-09-30
3050,청년정책 팝업,서울 성동구 연무장13길 11,"서울 성동구 연무장13길 11 (성수동2가, 영성산업)",37.542816,127.058365,2025-06-19,2025-06-21
5644,성수 빈티지 플리마켓,서울 성동구 연무장13길 3,서울 성동구 연무장13길 3 (성수동2가),37.542,127.05793,2026-02-21,2026-02-21
5686,귤메달 X 프리카 팝업,서울 성동구 연무장13길 4,"서울 성동구 연무장13길 4 (성수동2가, 스탕코리아 공장)",37.54183,127.05839,2026-02-23,2026-03-15
598,이머시브 인생작을 찾아서 팝업,서울 성동구 연무장13길 8,서울 성동구 성수동2가 271-5,37.54218,127.05841,2024-09-18,2024-09-24
5099,더 티니핑 성수 X 리얼월드 성수 이벤트,서울 성동구 연무장13길 8,서울 성동구 연무장13길 8 (성수동2가),37.54218,127.05841,2025-12-24,2026-01-04
3595,구석구석마트 팝업 ,서울 성동구 연무장13길 8,서울 성동구 연무장13길 8 (성수동2가),37.5421,127.05836,2025-08-14,2025-08-20
3709,더 스카우트 이벤트,서울 성동구 연무장13길 8,서울 성동구 연무장13길 8 (성수동2가),37.54214,127.05838,2025-09-14,2025-09-21
3359,iKON JAY(김진환) X 리얼월드 팝업,서울 성동구 연무장13길 8,서울 성동구 연무장13길 8 (성수동2가),37.5422,127.058395,2025-08-01,2025-08-10
2755,나인 퍼즐 X 리얼월드 팝업,서울 성동구 연무장13길 8,서울 성동구 연무장13길 8 (성수동2가),37.5422,127.058395,2025-05-16,2025-05-27
528,2024 월드 웹툰 페스티벌,서울 성동구 연무장15길 11,서울 성동구 성수동2가 273-13,37.542645,127.05957,2024-09-26,2024-09-29
2822,시리즈 X 이니셜D 팝업 - 성수_사본_사본,서울 성동구 연무장15길 11,서울 성동구 성수동2가 273-13,37.54261,127.05965,2025-05-09,2025-05-18
2307,코지모지 팝업,서울 성동구 연무장15길 11,서울 성동구 성수동2가 273-13,37.542767,127.05887,2025-03-18,2025-04-09
2523,넥스지 팝업,서울 성동구 연무장15길 11,서울 성동구 성수동2가 273-13,37.542767,127.05877,2025-04-30,2025-05-11
959,얼터레인 팝업,서울 성동구 연무장15길 11,서울 성동구 성수동2가 273-13,37.54282,127.05891,2024-10-24,2024-11-21
776,Mmlg X 박연경 팝업,서울 성동구 연무장15길 11,서울 성동구 성수동2가 273-13,37.54282,127.05891,2024-10-11,2024-10-20
1607,패션 콤비니 팝업,서울 성동구 연무장15길 11,서울 성동구 성수동2가 273-13,37.542786,127.058846,2025-01-13,2025-01-22
2253,노다 팝업,서울 성동구 연무장15길 11,서울 성동구 성수동2가 273-13,37.54282,127.05891,2025-03-25,2025-03-31
2562,푸조 308 X 아티스트 헤르시 팝업,서울 성동구 연무장15길 11,서울 성동구 성수동2가 273-13,37.54279,127.058815,2025-04-21,2025-04-27
2199,아누아 X 월드비전 플리마켓 이벤트,서울 성동구 연무장15길 11,서울 성동구 성수동2가 273-13,37.542797,127.05887,2025-03-15,2025-03-15
5735,더티니핑 새학기 이벤트,서울 성동구 연무장15길 11,서울 성동구 성수동2가 273-13,37.542824,127.05889,2026-02-27,2026-03-02
2445,오호스 팝업,서울 성동구 연무장15길 11,서울 성동구 성수동2가 273-13,37.54279,127.0588,2025-04-04,2025-04-15
1339,디오디너리 팝업,서울 성동구 연무장15길 11,서울 성동구 성수동2가 273-13,37.542824,127.058975,2024-12-13,2024-12-26
1275,나이트프루티 팝업,서울 성동구 연무장15길 11,서울 성동구 성수동2가 273-13,37.54281,127.05895,2024-12-05,2024-12-30
2700,더현대 펫페어,서울 성동구 연무장15길 11,서울 성동구 성수동2가 273-13,37.54276,127.05884,2025-05-09,2025-05-11
1833,쿠오교토 팝업,서울 성동구 연무장15길 11,서울 성동구 성수동2가 273-13,37.542812,127.05896,2025-01-31,2025-02-13
2204,브룩스 팝업,서울 성동구 연무장15길 11,서울 성동구 성수동2가 273-13,37.5429,127.05886,2025-03-07,2025-03-20
3016,오징어게임 더익스피리언스,서울 성동구 연무장15길 11,서울 성동구 성수동2가 273-13,37.542645,127.05957,2025-06-16,2025-06-16
2401,에센셜바이이큐엘 팝업,서울 성동구 연무장15길 11,서울 성동구 성수동2가 273-13,37.542824,127.05884,2025-04-07,2025-04-22
2083,미니쿠퍼 X 뱅앤올룹슨 팝업,서울 성동구 연무장15길 11,서울 성동구 성수동2가 273-13,37.542816,127.05891,2025-02-28,2025-03-06
613,그린너트 팝업스토어,서울 성동구 연무장15길 11,서울 성동구 성수동2가 273-13,37.542645,127.05957,2024-09-19,2024-09-21
2090,옴니피플 헤비 팝업,서울 성동구 연무장15길 11,서울 성동구 성수동2가 273-13,37.542774,127.058945,2025-03-01,2025-03-23
546,EQL GROVE X 머렐 팝업,서울 성동구 연무장15길 11,서울 성동구 성수동2가 273-13,37.542904,127.0591,2024-09-06,2024-09-26
1484,어플릭시 팝업,서울 성동구 연무장15길 11,서울 성동구 성수동2가 273-13,37.542805,127.058945,2024-12-27,2025-01-12
196,하이브로우 팝업,서울 성동구 연무장15길 11,서울 성동구 성수동2가 273-13,37.542645,127.05957,2024-07-26,2024-08-04
2572,프룻오브더룸 팝업,서울 성동구 연무장15길 11,서울 성동구 성수동2가 273-13,37.542824,127.05899,2025-04-25,2025-05-04
1261,런던트레디션 팝업,서울 성동구 연무장15길 11,서울 성동구 성수동2가 273-13,37.542843,127.05899,2024-11-29,2024-12-12
2252,세르지오 타키니 팝업,서울 성동구 연무장15길 11,서울 성동구 성수동2가 273-13,37.54282,127.05891,2025-03-15,2025-03-28
544,EQL GROVE X 호텔827 팝업,서울 성동구 연무장15길 11,서울 성동구 성수동2가 273-13,37.542793,127.058975,2024-09-06,2024-09-19
2319,SJYP 팝업,서울 성동구 연무장15길 11,서울 성동구 성수동2가 273-13,37.54277,127.0589,2025-03-21,2025-03-27
1483,플로이드 팝업 - 성수,서울 성동구 연무장15길 11,서울 성동구 성수동2가 273-13,37.542778,127.05888,2024-12-27,2025-01-09
2091,컬럼비아 팝업,서울 성동구 연무장15길 11,서울 성동구 성수동2가 273-13,37.542774,127.0588,2025-03-01,2025-03-07
908,프리츠한센 X 프라그먼트 디자인 팝업,서울 성동구 연무장15길 11,서울 성동구 성수동2가 273-13,37.54282,127.05891,2024-10-24,2024-11-06
1042,파앤이스트 팝업,서울 성동구 연무장15길 11,서울 성동구 성수동2가 273-13,37.54282,127.05891,2024-11-01,2024-11-28
2351,옴니피플 팝업,서울 성동구 연무장15길 11,서울 성동구 성수동2가 273-13,37.54274,127.058876,2025-03-24,2025-04-23
2719,시리즈 X 이니셜D 팝업 - 성수,서울 성동구 연무장15길 11,서울 성동구 성수동2가 273-13,37.54261,127.05965,2025-05-09,2025-05-18
1440,하니랜드 팝업,서울 성동구 연무장15길 11,서울 성동구 성수동2가 273-13,37.542767,127.05898,2024-12-13,2025-01-02
2419,하입골프 팝업,서울 성동구 연무장15길 11,서울 성동구 성수동2가 273-13,37.54282,127.05891,2025-04-04,2025-04-13
2397,오호스 팝업,서울 성동구 연무장15길 11,서울 성동구 성수동2가 273-13,37.542793,127.05885,2025-04-04,2025-04-15
636,헤이딜러 X 아모레퍼시픽 내차조향소 성수 팝업,서울 성동구 연무장15길 11,서울 성동구 성수동2가 273-13,37.542645,127.05957,2024-09-24,2024-09-29
2541,레인스 팝업,서울 성동구 연무장15길 11,서울 성동구 성수동2가 273-13,37.5429,127.058815,2025-04-16,2025-04-29
2379,띵스 댓 매터 팝업,서울 성동구 연무장15길 11,서울 성동구 성수동2가 273-13,37.542774,127.05887,2025-03-29,2025-04-06
1184,노빅딜 팝업,서울 성동구 연무장15길 11,서울 성동구 성수동2가 273-13,37.54284,127.05892,2024-11-22,2024-12-26
1578,시에라디자인 팝업,서울 성동구 연무장15길 11,서울 성동구 성수동2가 273-13,37.542755,127.058975,2025-01-13,2025-02-02
1598,오징어 게임: 더 익스피리언스 팝업,서울 성동구 연무장15길 11,서울 성동구 성수동2가 273-13,37.542793,127.05896,2025-02-28,2025-06-25
2089,리바이스 블루탭 팝업,서울 성동구 연무장15길 11,서울 성동구 성수동2가 273-13,37.54279,127.05889,2025-02-28,2025-03-20
2203,웰터 익스페리먼트 팝업,서울 성동구 연무장15길 11,서울 성동구 성수동2가 273-13,37.542763,127.058945,2025-03-21,2025-04-03
873,UMARMUNG 팝업,서울 성동구 연무장15길 11,서울 성동구 성수동2가 273-13,37.54282,127.05891,2024-10-21,2024-11-14
454,더프리뷰 성수 팝업,서울 성동구 연무장15길 11,서울 성동구 성수동2가 273-13,37.54282,127.05891,2024-08-31,2024-09-03
2709,에센셜바이이큐엘 팝업,서울 성동구 연무장15길 11,서울 성동구 성수동2가 273-13,37.542892,127.05886,2025-05-12,2025-05-29
2473,혜키 팝업,서울 성동구 연무장15길 11,서울 성동구 성수동2가 273-13,37.54274,127.05901,2025-04-07,2025-04-22
2352,루즈앤라운지 팝업,서울 성동구 연무장15길 11,서울 성동구 성수동2가 273-13,37.542812,127.05898,2025-03-28,2025-04-03
2507,논논 팝업,서울 성동구 연무장15길 11,서울 성동구 성수동2가 273-13,37.542717,127.05886,2025-04-14,2025-05-06
1606,SW19 팝업,서울 성동구 연무장15길 11,서울 성동구 성수동2가 273-13,37.54282,127.05891,2025-01-09,2025-01-31
1510,비바무역 팝업 - 성수,서울 성동구 연무장15길 11,서울 성동구 성수동2가 273-13,37.542755,127.058945,2025-01-03,2025-01-12
1871,옴니피플 헤비 팝업,서울 성동구 연무장15길 11,서울 성동구 성수동2가 273-13,37.542812,127.058846,2025-02-03,2025-02-27
2648,라이프펫 팝업,서울 성동구 연무장15길 11,서울 성동구 성수동2가 273-13,37.542797,127.0588,2025-05-09,2025-05-11
2708,프랭클리 팝업,서울 성동구 연무장15길 11,서울 성동구 성수동2가 273-13,37.54284,127.059,2025-05-09,2025-05-29
866,올리언스 팝업,서울 성동구 연무장15길 11,서울 성동구 성수동2가 273-13,37.54282,127.05891,2024-10-19,2024-11-01
665,2024 월드 웹툰 페스티벌,서울 성동구 연무장15길 11,서울 성동구 성수동2가 273-13,37.542645,127.05957,2024-09-26,2024-09-29
364,구미래 플리마켓 야시장 팝업,서울 성동구 연무장15길 11,서울 성동구 성수동2가 273-13,37.542645,127.05957,2024-08-23,2024-08-25
2707,그레일즈 팝업,서울 성동구 연무장15길 11,서울 성동구 성수동2가 273-13,37.542774,127.058846,2025-05-05,2025-05-21
197,수푸이 팝업,서울 성동구 연무장15길 11,서울 성동구 성수동2가 273-13,37.54282,127.05891,2024-07-26,2024-08-08
2429,세이버 스케이트보드 이벤트,서울 성동구 연무장15길 11,서울 성동구 성수동2가 273-13,37.542778,127.05891,2025-04-06,2025-04-06
5823,로아 팝업,서울 성동구 연무장15길 11,서울 성동구 연무장15길 11 (성수동2가),37.542904,127.05887,2026-03-06,2026-03-18
5935,EQL 성수점 이벤트 - 이퀄쇼,서울 성동구 연무장15길 11,서울 성동구 연무장15길 11 (성수동2가),37.542824,127.05891,2026-03-18,2026-03-31
5800,투모로우바이투게더 전시,서울 성동구 연무장15길 11,서울 성동구 연무장15길 11 (성수동2가),37.542824,127.05891,2026-03-05,2026-03-07
5822,로우백 팝업,서울 성동구 연무장15길 11,서울 성동구 연무장15길 11 (성수동2가),37.542824,127.05891,2026-03-05,2026-03-31
5528,센틀리에 팝업,서울 성동구 연무장15길 11,"서울 성동구 연무장15길 11 (성수동2가, 태광산업)",37.5428,127.0589,2026-02-03,2026-02-27
4585,EPT 팝업 - BEAR CHARMS CLUB,서울 성동구 연무장15길 11,"서울 성동구 연무장15길 11 (성수동2가, 태광산업)",37.542793,127.0588,2025-11-06,2025-11-12
3629,메리프라이데이 팝업,서울 성동구 연무장15길 11,"서울 성동구 연무장15길 11 (성수동2가, 태광산업)",37.542786,127.05877,2025-08-04,2025-08-31
5105,이외들 팝업,서울 성동구 연무장15길 11,"서울 성동구 연무장15길 11 (성수동2가, 태광산업)",37.542732,127.05896,2025-12-24,2025-12-28
5415,로레나카날 팝업,서울 성동구 연무장15길 11,"서울 성동구 연무장15길 11 (성수동2가, 태광산업)",37.5429,127.0589,2026-01-06,2026-02-02
4148,하이테크 서울 이벤트,서울 성동구 연무장15길 11,"서울 성동구 연무장15길 11 (성수동2가, 태광산업)",37.542763,127.05881,2025-10-02,2025-10-02
3591,안녕 무슈샤 전시 - HELLO M.Chat,서울 성동구 연무장15길 11,"서울 성동구 연무장15길 11 (성수동2가, 태광산업)",37.54288,127.05901,2025-08-07,2025-08-31
3916,마파테 팝업 ,서울 성동구 연무장15길 11,"서울 성동구 연무장15길 11 (성수동2가, 태광산업)",37.542747,127.058945,2025-09-12,2025-09-28
4382,아웃도어 보이스 팝업,서울 성동구 연무장15길 11,"서울 성동구 연무장15길 11 (성수동2가, 태광산업)",37.542763,127.05878,2025-10-24,2025-10-30
4427,프렌즈앤야드 X 아워로그 팝업,서울 성동구 연무장15길 11,"서울 성동구 연무장15길 11 (성수동2가, 태광산업)",37.542805,127.058784,2025-10-25,2025-10-26
3138,파이시스 팝업,서울 성동구 연무장15길 11,"서울 성동구 연무장15길 11 (성수동2가, 태광산업)",37.54276,127.05877,2025-06-27,2025-07-20
5489,에스팩토리 발렌타인 팝업,서울 성동구 연무장15길 11,"서울 성동구 연무장15길 11 (성수동2가, 태광산업)",37.542828,127.05889,2026-02-13,2026-02-14
5669,옴니피플 빈티지 팝업,서울 성동구 연무장15길 11,"서울 성동구 연무장15길 11 (성수동2가, 태광산업)",37.54282,127.05891,2026-02-06,2026-04-05
4824,아이즈 팝업,서울 성동구 연무장15길 11,"서울 성동구 연무장15길 11 (성수동2가, 태광산업)",37.54279,127.0588,2025-11-28,2025-12-07
4964,메이드 인 코리아 전시,서울 성동구 연무장15길 11,"서울 성동구 연무장15길 11 (성수동2가, 태광산업)",37.54278,127.058815,2025-12-16,2025-12-22
2906,현대리바트 팝업,서울 성동구 연무장15길 11,"서울 성동구 연무장15길 11 (성수동2가, 태광산업)",37.54286,127.05905,2025-06-06,2025-06-29
3148,하이큐 10주년 기념 전시,서울 성동구 연무장15길 11,"서울 성동구 연무장15길 11 (성수동2가, 태광산업)",37.54282,127.05891,2025-07-24,2025-09-21
3942,SSG닷컴 페스티벌 - 미지엄 ,서울 성동구 연무장15길 11,"서울 성동구 연무장15길 11 (성수동2가, 태광산업)",37.542774,127.05881,2025-10-15,2025-10-19
4592,알렉스 조노 팝업,서울 성동구 연무장15길 11,"서울 성동구 연무장15길 11 (성수동2가, 태광산업)",37.542824,127.05883,2025-11-07,2025-11-13
4889,드립력 팝업,서울 성동구 연무장15길 11,"서울 성동구 연무장15길 11 (성수동2가, 태광산업)",37.54279,127.058784,2025-12-04,2025-12-07
3139,매기 팝업,서울 성동구 연무장15길 11,"서울 성동구 연무장15길 11 (성수동2가, 태광산업)",37.542847,127.059,2025-06-30,2025-07-13
3259,언스 팝업,서울 성동구 연무장15길 11,"서울 성동구 연무장15길 11 (성수동2가, 태광산업)",37.542732,127.05881,2025-07-10,2025-07-31
3992,E(at)QL NIGHT 팝업 ,서울 성동구 연무장15길 11,"서울 성동구 연무장15길 11 (성수동2가, 태광산업)",37.542797,127.05881,2025-09-15,2025-09-30
5488,에스팩토리 라이브 이벤트 - 행복한 여행자_사본,서울 성동구 연무장15길 11,"서울 성동구 연무장15길 11 (성수동2가, 태광산업)",37.542797,127.058815,2025-09-20,2025-09-21
4926,다트 콜렉티브 홀리데이 팝업,서울 성동구 연무장15길 11,"서울 성동구 연무장15길 11 (성수동2가, 태광산업)",37.5428,127.058815,2025-12-04,2025-12-29
5042,노빅딜 팝업,서울 성동구 연무장15길 11,"서울 성동구 연무장15길 11 (성수동2가, 태광산업)",37.5428,127.05884,2025-12-22,2026-01-04
3821,아디다스 컨펌드 팝업 - CONFIRMED UNIVERSE,서울 성동구 연무장15길 11,"서울 성동구 연무장15길 11 (성수동2가, 태광산업)",37.54279,127.05881,2025-09-03,2025-09-06
3808,2025 오늘 전통 축제 - Modern Korean Lifestyle ,서울 성동구 연무장15길 11,"서울 성동구 연무장15길 11 (성수동2가, 태광산업)",37.542786,127.05882,2025-09-25,2025-09-28
2866,모디 라이징 브랜드 패션 팝업,서울 성동구 연무장15길 11,"서울 성동구 연무장15길 11 (성수동2가, 태광산업)",37.54291,127.05884,2025-05-30,2025-06-01
4246,더한섬닷컴 10주년 팝업 : THE COAT CLUB,서울 성동구 연무장15길 11,"서울 성동구 연무장15길 11 (성수동2가, 태광산업)",37.54271,127.05891,2025-10-17,2025-10-23
4183,써코니 팝업 - 엔돌핀,서울 성동구 연무장15길 11,"서울 성동구 연무장15길 11 (성수동2가, 태광산업)",37.542747,127.05891,2025-09-29,2025-10-12
3767,서울 패션 위크 네트워킹 파티 ,서울 성동구 연무장15길 11,"서울 성동구 연무장15길 11 (성수동2가, 태광산업)",37.542805,127.05879,2025-09-05,2025-09-05
5393,시에라디자인 팝업,서울 성동구 연무장15길 11,"서울 성동구 연무장15길 11 (성수동2가, 태광산업)",37.542805,127.05894,2026-01-19,2026-02-08
2904,골드윈 팝업,서울 성동구 연무장15길 11,"서울 성동구 연무장15길 11 (성수동2가, 태광산업)",37.542805,127.0588,2025-05-30,2025-06-12
4048,에스팩토리 라이브 이벤트 - 행복한 여행자,서울 성동구 연무장15길 11,"서울 성동구 연무장15길 11 (성수동2가, 태광산업)",37.542797,127.058815,2025-09-20,2025-09-21
5102,크리스마스 뮤직 페스티벌 in 성수,서울 성동구 연무장15길 11,"서울 성동구 연무장15길 11 (성수동2가, 태광산업)",37.54274,127.058945,2025-12-24,2025-12-25
3170,메기 팝업,서울 성동구 연무장15길 11,"서울 성동구 연무장15길 11 (성수동2가, 태광산업)",37.542816,127.0588,2025-06-30,2025-07-13
3720,마르쉐 농부시장 햇밀장 팝업 ,서울 성동구 연무장15길 11,"서울 성동구 연무장15길 11 (성수동2가, 태광산업)",37.54274,127.05897,2025-08-24,2025-08-24
4671,알파 인더스트리 팝업,서울 성동구 연무장15길 11,"서울 성동구 연무장15길 11 (성수동2가, 태광산업)",37.54275,127.05885,2025-11-14,2025-11-27
4439,2025 하고싶은 만화전,서울 성동구 연무장15길 11,"서울 성동구 연무장15길 11 (성수동2가, 태광산업)",37.542778,127.05879,2025-10-31,2025-11-02
2905,페치 팝업,서울 성동구 연무장15길 11,"서울 성동구 연무장15길 11 (성수동2가, 태광산업)",37.5427,127.05895,2025-06-13,2025-06-19
3519,프리츠한센 팝업,서울 성동구 연무장15길 11,"서울 성동구 연무장15길 11 (성수동2가, 태광산업)",37.542786,127.05878,2025-08-01,2025-08-28
4920,뉴스킨 2025 프리즘iO 팝업,서울 성동구 연무장15길 11,"서울 성동구 연무장15길 11 (성수동2가, 태광산업)",37.54282,127.05884,2025-12-08,2025-12-09
2963,머렐 팝업,서울 성동구 연무장15길 11,"서울 성동구 연무장15길 11 (성수동2가, 태광산업)",37.54282,127.05891,2025-06-13,2025-06-26
3585,I AM WHO I AM 팝업,서울 성동구 연무장15길 11,"서울 성동구 연무장15길 11 (성수동2가, 태광산업)",37.542713,127.05894,2025-08-08,2025-08-08
4191,옴니피플 빈티지 팝업,서울 성동구 연무장15길 11,"서울 성동구 연무장15길 11 (성수동2가, 태광산업)",37.542797,127.05881,2025-10-04,2025-10-12
3971,크리에이티브 웹툰 성수 팝업 ,서울 성동구 연무장15길 11,"서울 성동구 연무장15길 11 (성수동2가, 태광산업)",37.542763,127.058815,2025-09-19,2025-09-21
4355,롬아카이브 팝업,서울 성동구 연무장15길 11,"서울 성동구 연무장15길 11 (성수동2가, 태광산업)",37.542767,127.05884,2025-10-17,2025-11-06
4768,스탠다드 성수 이벤트,서울 성동구 연무장15길 11,"서울 성동구 연무장15길 11 (성수동2가, 태광산업)",37.54286,127.05901,2025-11-28,2025-11-28
4771,올데이프로젝트 팝업,서울 성동구 연무장15길 11,"서울 성동구 연무장15길 11 (성수동2가, 태광산업)",37.542862,127.059,2025-12-08,2025-12-21
2852,우마뭉 팝업,서울 성동구 연무장15길 11,"서울 성동구 연무장15길 11 (성수동2가, 태광산업)",37.542732,127.058975,2025-05-22,2025-06-12
3098,베이컨트 아카이브 팝업,서울 성동구 연무장15길 11,"서울 성동구 연무장15길 11 (성수동2가, 태광산업)",37.54282,127.05891,2025-06-20,2025-06-29
5414,옴니피플 팝업,서울 성동구 연무장15길 11,"서울 성동구 연무장15길 11 (성수동2가, 태광산업)",37.542763,127.05889,2026-01-06,2026-02-05
4286,팀버랜드 X 페치 팝업,서울 성동구 연무장15길 11,"서울 성동구 연무장15길 11 (성수동2가, 태광산업)",37.542786,127.05879,2025-10-17,2025-10-26
2797,타미진스 팝업,서울 성동구 연무장15길 11,"서울 성동구 연무장15길 11 (성수동2가, 태광산업)",37.5427,127.05881,2025-05-15,2025-05-29
4731,이노스페이스원 팝업,서울 성동구 연무장15길 11,"서울 성동구 연무장15길 11 (성수동2가, 태광산업)",37.542767,127.05876,2025-11-14,2025-11-30
2259,"커버서울 <마침내, 봄> 전시",서울 성동구 연무장17길 10,서울 성동구 성수동2가 275-28,37.541714,127.06153,2025-03-14,2025-03-23
1520,유령의 속삭임 전시,서울 성동구 연무장17길 10,서울 성동구 성수동2가 275-28,37.54173,127.06159,2025-01-04,2025-01-26
505,프레드페리 GET READY 팝업,서울 성동구 연무장17길 10,서울 성동구 성수동2가 275-28,37.541737,127.06155,2024-09-02,2024-09-28
657,레인스 팝업 - 성수,서울 성동구 연무장17길 10,서울 성동구 성수동2가 275-28,37.541737,127.06155,2024-08-30,2025-02-28
1149,플랫츠 성수 팝업,서울 성동구 연무장17길 10,서울 성동구 성수동2가 275-28,37.54174,127.061615,2024-12-06,2024-12-08
798,LEDOME SEOUL 팝업,서울 성동구 연무장17길 10,서울 성동구 성수동2가 275-28,37.54173,127.061554,2024-10-01,2024-10-20
1281,삭스어필 팝업,서울 성동구 연무장17길 10,서울 성동구 성수동2가 275-28,37.54173,127.061554,2024-11-29,2024-12-25
2343,어니스트플라워 팝업,서울 성동구 연무장17길 10,서울 성동구 성수동2가 275-28,37.541733,127.06149,2025-03-28,2025-04-13
1969,프라포투투 팝업,서울 성동구 연무장17길 10,서울 성동구 성수동2가 275-28,37.541706,127.06158,2025-02-18,2025-05-11
1024,골드윈 서울 팝업,서울 성동구 연무장17길 10,서울 성동구 성수동2가 275-28,37.54173,127.061554,2024-11-08,2024-11-24
2308,슈가스쿱 팝업,서울 성동구 연무장17길 10,서울 성동구 성수동2가 275-28,37.54173,127.061554,2025-03-21,2025-04-03
2626,엑스텐디드아이덴티티 팝업,서울 성동구 연무장17길 10,서울 성동구 성수동2가 275-28,37.541622,127.06153,2025-04-24,2025-05-11
3205,데이즈데이즈 팝업,서울 성동구 연무장17길 10,서울 성동구 연무장17길 10 (성수동2가),37.541595,127.06157,2025-07-04,2025-08-31
4013,MUJI 팝업,서울 성동구 연무장17길 10,서울 성동구 연무장17길 10 (성수동2가),37.541706,127.0616,2025-09-19,2025-09-21
3066,오후반차 팝업,서울 성동구 연무장17길 10,서울 성동구 연무장17길 10 (성수동2가),37.54173,127.061554,2025-06-19,2025-06-29
4664,레노버 팝업스토어,서울 성동구 연무장17길 10,서울 성동구 연무장17길 10 (성수동2가),37.541702,127.06158,2025-11-17,2025-11-30
5417,<두 개의 지도> 전시,서울 성동구 연무장17길 10,서울 성동구 연무장17길 10 (성수동2가),37.54173,127.061554,2026-01-15,2026-02-03
2842,출판사 무제 <완주:기록:01> 전시,서울 성동구 연무장17길 10,서울 성동구 연무장17길 10 (성수동2가),37.541645,127.06153,2025-05-19,2025-06-10
2798,소소영 <두 개의 이야기: 기억과 물성 사이> 전시,서울 성동구 연무장17길 10,서울 성동구 연무장17길 10 (성수동2가),37.541744,127.061424,2025-05-12,2025-05-25
4452,프라포투투 팝업,서울 성동구 연무장17길 10,서울 성동구 연무장17길 10 (성수동2가),37.54161,127.06152,2025-11-01,2026-01-31
3692,SMCC BOOK DIVE 이벤트 - 아침에 열리는 독서 파티,서울 성동구 연무장17길 10,서울 성동구 연무장17길 10 (성수동2가),37.54166,127.06156,2025-08-30,2025-08-30
4610,르벙드 팝업,서울 성동구 연무장17길 10,서울 성동구 연무장17길 10 (성수동2가),37.54171,127.06159,2025-11-13,2025-11-26
3241,TWB 팝업,서울 성동구 연무장17길 10,서울 성동구 연무장17길 10 (성수동2가),37.541725,127.06163,2025-07-04,2025-07-27
3814,셀바티코 팝업 - 정원사의 서재 ,서울 성동구 연무장17길 10,서울 성동구 연무장17길 10 (성수동2가),37.541737,127.06165,2025-09-02,2025-09-30
3545,카콜/키츠 초청 전시 - Within Blue,서울 성동구 연무장17길 10,서울 성동구 연무장17길 10 (성수동2가),37.541595,127.06155,2025-08-19,2025-08-31
3261,TWB 팝업_사본,서울 성동구 연무장17길 10,서울 성동구 연무장17길 10 (성수동2가),37.541725,127.06163,2025-07-04,2025-07-20
3509,어글리어스 팝업 - 남의 집 귀한 자식,서울 성동구 연무장17길 10,서울 성동구 연무장17길 10 (성수동2가),37.54172,127.06165,2025-08-05,2025-08-10
3305,리얼리굿스윔 X RGS 팝업,서울 성동구 연무장17길 10,서울 성동구 연무장17길 10 (성수동2가),37.5416,127.061516,2025-07-19,2025-07-27
4872,레노버 성수 스토어,서울 성동구 연무장17길 10,서울 성동구 연무장17길 10 (성수동2가),37.541714,127.061485,2025-12-02,2026-06-30
4072,PHILOSOPHY Ryo 전시,서울 성동구 연무장17길 10,서울 성동구 연무장17길 10 (성수동2가),37.54171,127.06166,2025-09-27,2025-10-21
684,PSPSPS 팝업,서울 성동구 연무장17길 11,서울 성동구 성수동2가 273-8,37.541855,127.061195,2024-09-06,2025-02-28
635,줄리엣 헤즈 어 건 팝업,서울 성동구 연무장17길 11,서울 성동구 성수동2가 273-8,37.541855,127.061195,2024-09-24,2024-09-30
1247,아카이브 앱크 팝업,서울 성동구 연무장17길 2,서울 성동구 성수동2가 275-21,37.540905,127.06104,2024-12-07,2024-12-07
1363,세이브더칠드런 전시,서울 성동구 연무장17길 2,서울 성동구 성수동2가 275-21,37.54092,127.061066,2024-12-19,2024-12-22
2490,유이크 팝업,서울 성동구 연무장17길 2,서울 성동구 성수동2가 275-21,37.539215,127.06215,2025-04-25,2025-05-01
4684,더 맥켈란 360 팝업,서울 성동구 연무장17길 2,서울 성동구 연무장17길 2 (성수동2가),37.540913,127.061066,2025-11-21,2025-11-30
5025,THE 8 : 감각이 모이다 성수 팝업,서울 성동구 연무장17길 2,서울 성동구 연무장17길 2 (성수동2가),37.5409,127.061066,2026-01-11,2026-01-12
1282,크리스마스 번개 플리마켓,서울 성동구 연무장17길 3,서울 성동구 성수동2가 272-38,37.541134,127.0608,2024-12-07,2024-12-07
2384,플랙 패밀리세일 팝업,서울 성동구 연무장17길 3,서울 성동구 성수동2가 272-38,37.541134,127.0608,2025-04-03,2025-04-06
619,MLB 포차 팝업,서울 성동구 연무장17길 3,서울 성동구 성수동2가 272-38,37.541138,127.06076,2024-09-27,2024-09-29
1300,홀리데이 마켓 팝업,서울 성동구 연무장17길 4,서울 성동구 성수동2가 275-21,37.54099,127.06117,2024-12-10,2024-12-15
12,시크릿데이 생리대 피팅룸 팝업,서울 성동구 연무장17길 4,서울 성동구 성수동2가 275-21,37.54103,127.06112,2024-07-13,2024-07-21
1973,파르벵 팝업,서울 성동구 연무장17길 4,서울 성동구 성수동2가 275-21,37.541004,127.061195,2025-02-20,2025-02-23
2240,오아드 팝업,서울 성동구 연무장17길 4,서울 성동구 성수동2가 275-21,37.54099,127.06115,2025-03-21,2025-03-30
3888,2025 써모스 팝업스토어 [HAPPY ROUTINE DAY],서울 성동구 연무장17길 4,서울 성동구 연무장17길 4 (성수동2가),37.54105,127.06125,2025-09-18,2025-09-28
2794,페인오어플레져 팝업,서울 성동구 연무장17길 4,서울 성동구 연무장17길 4 (성수동2가),37.540977,127.06117,2025-05-22,2025-06-02
3803,포에토 팝업 ,서울 성동구 연무장17길 4,서울 성동구 연무장17길 4 (성수동2가),37.541,127.06118,2025-08-29,2025-08-31
3122,다이닛 X 더뮤지엄비지터 팝업,서울 성동구 연무장17길 4,서울 성동구 연무장17길 4 (성수동2가),37.541004,127.061195,2025-06-27,2025-06-29
5003,tbh X 헬로키티 팝업,서울 성동구 연무장17길 4,서울 성동구 연무장17길 4 (성수동2가),37.54099,127.06118,2025-12-19,2026-01-04
3990,써모스 팝업 - HAPPY ROUTINE DAY ,서울 성동구 연무장17길 4,서울 성동구 연무장17길 4 (성수동2가),37.540997,127.06109,2025-09-18,2025-09-28
3862,시엔느 전시 ,서울 성동구 연무장17길 4,서울 성동구 연무장17길 4 (성수동2가),37.54099,127.061165,2025-09-06,2025-09-14
4656,브이디엘 X 소프트서울 팝업,서울 성동구 연무장17길 4,서울 성동구 연무장17길 4 (성수동2가),37.54099,127.06118,2025-11-15,2025-11-15
2937,고블린 웨어 팝업,서울 성동구 연무장17길 4,서울 성동구 연무장17길 4 (성수동2가),37.54102,127.06115,2025-06-12,2025-06-23
5946,넘버링 팝업,서울 성동구 연무장17길 4,서울 성동구 연무장17길 4 (성수동2가),37.541004,127.061195,2026-03-28,2026-04-09
242,베리시 FEEL Change 팝업,서울 성동구 연무장17길 5,서울 성동구 성수동2가 272-35,37.541267,127.06094,2024-08-09,2024-08-18
2998,와니타음악감상실,서울 성동구 연무장17길 5,서울 성동구 성수동2가 272-35,37.541267,127.06094,2025-06-16,2025-06-16
998,어노브 이터널 아우라 성수 팝업,서울 성동구 연무장17길 5,서울 성동구 성수동2가 272-35,37.541267,127.06094,2024-11-08,2024-11-24
2945,데일리위클리 팝업,서울 성동구 연무장17길 5,서울 성동구 연무장17길 5 (성수동2가),37.541252,127.06094,2025-06-13,2025-06-22
3335,게스케 X 데일리위클리 팝업,서울 성동구 연무장17길 5,서울 성동구 연무장17길 5 (성수동2가),37.541252,127.06094,2025-07-21,2025-07-27
4870,데일리위클리 X 에비앙 팝업 - Sparkling Ritual Begins,서울 성동구 연무장17길 5,서울 성동구 연무장17길 5 (성수동2가),37.54124,127.0609,2025-12-10,2025-12-22
4869,데일리위클리 팝업 - JUST DAILY MAKE-UP,서울 성동구 연무장17길 5,서울 성동구 연무장17길 5 (성수동2가),37.54125,127.06087,2025-12-05,2025-12-22
3009,문선,서울 성동구 연무장17길 6,서울 성동구 성수동2가 275-75,37.54136,127.06127,2025-06-16,2025-06-16
2705,케이스어랏 팝업,서울 성동구 연무장17길 6,서울 성동구 성수동2가 275-75,37.54136,127.06128,2025-05-16,2025-05-18
3007,새터 성수점,서울 성동구 연무장17길 6,서울 성동구 성수동2가 275-75,37.54136,127.06127,2025-06-16,2025-06-16
1041,헤레틱 팝업,서울 성동구 연무장17길 6,서울 성동구 성수동2가 275-75,37.54136,127.06127,2024-11-08,2024-11-10
3548,무음 팝업 - GLITCH GIRLS CLOSET,서울 성동구 연무장17길 6,서울 성동구 연무장17길 6 (성수동2가),37.54133,127.06126,2025-08-06,2025-08-10
5126,큐리케어 펄즈 팝업,서울 성동구 연무장17길 6,서울 성동구 연무장17길 6 (성수동2가),37.54134,127.06125,2025-12-27,2025-12-28
5799,민들레마음 팝업,서울 성동구 연무장17길 6,서울 성동구 연무장17길 6 (성수동2가),37.54136,127.06128,2026-03-05,2026-03-08
1074,다마고치 팝업스토어,서울 성동구 연무장17길 7,서울 성동구 성수동2가 272-1,37.541496,127.06101,2024-11-21,2024-11-24
2212,예지 팝업,서울 성동구 연무장17길 7,서울 성동구 성수동2가 272-1,37.54148,127.06103,2025-03-11,2025-03-16
896,풀떼기의 맛탐정사무소,서울 성동구 연무장17길 7,서울 성동구 성수동2가 272-1,37.54148,127.06103,2024-10-22,2024-10-28
2428,베르하우스 팝업,서울 성동구 연무장17길 7,서울 성동구 성수동2가 272-1,37.54148,127.06103,2025-04-11,2025-04-13
822,풀떼기의 맛탐정사무소 팝업,서울 성동구 연무장17길 7,서울 성동구 성수동2가 272-1,37.54148,127.06103,2024-10-22,2024-10-28
897,,서울 성동구 연무장17길 7,서울 성동구 성수동2가 272-1,37.54148,127.06103,2024-10-22,2024-10-28
965,지저스 크라이스트 수퍼스타 팝업,서울 성동구 연무장17길 7,서울 성동구 성수동2가 272-1,37.54148,127.06103,2024-11-08,2024-11-17
3028,월드비전 X 한화생명 팝업,서울 성동구 연무장17길 7,서울 성동구 연무장17길 7 (성수동2가),37.54148,127.06103,2025-06-12,2025-06-15
3875,카카오페이 팝업 - 오래오래 함께가게,서울 성동구 연무장17길 7,서울 성동구 연무장17길 7 (성수동2가),37.541485,127.06113,2025-09-03,2025-09-30
4202,리이제 팝업 - 성수,서울 성동구 연무장17길 7,서울 성동구 연무장17길 7 (성수동2가),37.54149,127.06111,2025-10-03,2025-10-09
3341,썸웨어버터 팝업,서울 성동구 연무장17길 7,서울 성동구 연무장17길 7 (성수동2가),37.54148,127.06103,2025-07-25,2025-07-27
791,💚대상그룹 지식존중 양구 오감 빌리지 팝업스토어💚,서울 성동구 연무장18길 16,서울 성동구 성수동2가 256-3,37.539318,127.062,2024-10-16,2024-10-16
753,양구 오감 빌리지 팝업,서울 성동구 연무장18길 16,서울 성동구 성수동2가 256-3,37.539318,127.062,2024-10-11,2024-10-20
2601,헌터퐝 팝업,서울 성동구 연무장19길 4,서울 성동구 성수동2가 275-47,37.540604,127.06248,2025-05-03,2025-05-06
4089,구석구석 영화관 팝업,서울 성동구 연무장19길 4,"서울 성동구 연무장19길 4 (성수동2가, 광우공업(주))",37.54047,127.06233,2025-09-25,2025-09-30
3816,햄뵤랜드 팝업 ,서울 성동구 연무장19길 4,"서울 성동구 연무장19길 4 (성수동2가, 광우공업(주))",37.540543,127.06233,2025-09-12,2025-09-21
3049,수상한 비눗방울 연구소 팝업,서울 성동구 연무장19길 4,"서울 성동구 연무장19길 4 (성수동2가, 광우공업(주))",37.54057,127.062416,2025-06-16,2025-06-29
3839,포르토피노 팝업 ,서울 성동구 연무장19길 4,"서울 성동구 연무장19길 4 (성수동2가, 광우공업(주))",37.540466,127.062325,2025-09-04,2025-09-07
4782,스토커즈 기부 바자회 플리마켓,서울 성동구 연무장19길 4,"서울 성동구 연무장19길 4 (성수동2가, 광우공업(주))",37.54056,127.06236,2025-12-06,2025-12-06
3242,매소스 진저비어 팝업,서울 성동구 연무장19길 4,"서울 성동구 연무장19길 4 (성수동2가, 광우공업(주))",37.54057,127.062416,2025-07-11,2025-07-13
4557,케이팝 데몬 헌터스 팝업,서울 성동구 연무장19길 7,"서울 성동구 연무장19길 7 (성수동2가, (주)SY어패럴)",37.541084,127.06241,2025-12-04,2025-12-28
783,프리메라 팝업,서울 성동구 연무장1길 11,서울 성동구 성수동2가 301-27,37.54464,127.05082,2024-10-12,2024-10-24
3010,오들리워크샵,서울 성동구 연무장1길 16,서울 성동구 성수동2가 301-27,37.544373,127.050964,2025-06-16,2025-06-16
802,서울 XR 페스티벌,서울 성동구 연무장1길 7,서울 성동구 성수동2가 301-27,37.544643,127.050316,2024-10-18,2024-10-19
2815,하파크리스틴 X 따우전드 팝업,서울 성동구 연무장1길 7,서울 성동구 연무장1길 7 (성수동2가),37.544643,127.050316,2025-05-15,2025-05-25
5456,스머커스 X 따우전드 팝업,서울 성동구 연무장1길 7,서울 성동구 연무장1길 7 (성수동2가),37.544632,127.0503,2026-02-01,2026-02-28
4531,프룻오브더룸 X 따우전드 팝업,서울 성동구 연무장1길 7,서울 성동구 연무장1길 7 (성수동2가),37.544632,127.0503,2025-10-31,2025-11-30
531,마루는 강쥐 기적의 별 팝업,서울 성동구 연무장1길 7-1,서울 성동구 성수동2가 301-27,37.544933,127.05052,2024-10-03,2024-10-16
591,가비지타임 SCHOOL OF GARBAGE TIME 팝업,서울 성동구 연무장1길 7-1,서울 성동구 성수동2가 301-27,37.54494,127.05042,2024-10-03,2024-10-16
5712,티팩토리 성수 갤럭시 마켓 이벤트,서울 성동구 연무장1길 7-1,서울 성동구 연무장1길 7-1 (성수동2가),37.544933,127.05052,2026-02-27,2026-03-29
4481,피지컬 아시아 전시 - T-STADIUM 두근득근 챌린지,서울 성동구 연무장1길 7-1,서울 성동구 연무장1길 7-1 (성수동2가),37.544933,127.05044,2025-10-30,2025-12-14
5076,티팩토리 윈터마켓 - FOR MY NEXT CHAPTER,서울 성동구 연무장1길 7-1,서울 성동구 연무장1길 7-1 (성수동2가),37.544903,127.0506,2025-12-21,2026-02-22
3900,DEBUT COUNTDOWN 팝업 - 데뷔까지 단 20분,서울 성동구 연무장1길 7-1,서울 성동구 연무장1길 7-1 (성수동2가),37.544926,127.05057,2025-09-05,2025-12-14
3000,쓰윗 thweet,서울 성동구 연무장3길 12,서울 성동구 성수동2가 302-41,37.544655,127.05178,2025-06-16,2025-06-16
3960,코토팍시 이벤트 ,서울 성동구 연무장3길 12,서울 성동구 연무장3길 12 (성수동2가),37.544647,127.05175,2025-09-12,2025-09-12
2995,폴린커피바,서울 성동구 연무장3길 13,서울 성동구 성수동2가 301-8,37.54491,127.05166,2025-06-16,2025-06-16
2220,삐아 [RED:BIRTHDAY] 이벤트,서울 성동구 연무장3길 17,서울 성동구 성수동2가 301-7,37.545147,127.05173,2025-03-13,2025-03-17
3014,삐아,서울 성동구 연무장3길 17,서울 성동구 성수동2가 301-7,37.545147,127.05173,2025-06-16,2025-06-16
5756,삐아 생일 카페 이벤트,서울 성동구 연무장3길 17,서울 성동구 연무장3길 17 (성수동2가),37.5452,127.05178,2026-03-13,2026-03-17
3906,삐아 이벤트 - CAFÉ;IN EDITION : Tone Roastery,서울 성동구 연무장3길 17,서울 성동구 연무장3길 17 (성수동2가),37.54517,127.05175,2025-09-19,2025-09-22
4391,어바웃톤 팝업,서울 성동구 연무장3길 17,서울 성동구 연무장3길 17 (성수동2가),37.545147,127.05173,2025-10-21,2025-10-26
5636,CU성수디저트파크점 오픈 이벤트,서울 성동구 연무장3길 21,서울 성동구 연무장3길 21 (성수동2가),37.54543,127.05185,2026-02-12,2026-02-28
345,취향 깊은 방 hosted by 서사 팝업,서울 성동구 연무장3길 3,서울 성동구 성수동2가 301-99,37.54398,127.05127,2024-08-22,2024-08-25
605,DNSR 아포칼립스 컨셉 팝업,서울 성동구 연무장3길 3,서울 성동구 성수동2가 301-99,37.543915,127.051094,2024-09-20,2024-09-22
819,퍼셀 GEEK SCIENTIST LAP,서울 성동구 연무장3길 3,서울 성동구 성수동2가 301-99,37.54398,127.05127,2024-10-18,2024-10-27
916,REKET 성수 팝업,서울 성동구 연무장3길 3,서울 성동구 성수동2가 301-99,37.543976,127.05127,2024-11-01,2024-11-03
721,레터프롬문 팝업,서울 성동구 연무장3길 3,서울 성동구 성수동2가 301-99,37.543976,127.05127,2024-10-02,2024-10-07
1089,우체국 산타의 소원 상점 팝업,서울 성동구 연무장3길 3,서울 성동구 성수동2가 301-99,37.54398,127.05127,2024-11-22,2024-11-28
818,퍼셀 GEEK SCIENTIST LAP,서울 성동구 연무장3길 3,서울 성동구 성수동2가 301-99,37.54398,127.05127,2024-10-18,2024-10-27
778,퍼셀 팝업,서울 성동구 연무장3길 3,서울 성동구 성수동2가 301-99,37.543976,127.05127,2024-10-18,2024-10-27
2976,앤드밀 성수,서울 성동구 연무장3길 5-1,서울 성동구 성수동2가 301-18,37.544228,127.05135,2025-06-16,2025-06-16
2992,로우키,서울 성동구 연무장3길 6,서울 성동구 성수동2가 302-16,37.54419,127.051575,2025-06-16,2025-06-16
4769,커브드 팝업,서울 성동구 연무장3길 6,서울 성동구 연무장3길 6 (성수동2가),37.544186,127.05158,2025-11-29,2025-11-30
3001,페넥,서울 성동구 연무장3길 8,서울 성동구 성수동2가 302-20,37.544327,127.05165,2025-06-16,2025-06-16
1250,슈퍼바이브 팝업,서울 성동구 연무장3길 9,서울 성동구 성수동2가 301-16,37.544666,127.05133,2024-11-23,2024-12-22
623,틱톡 크리에이터 하우스 팝업,서울 성동구 연무장3길 9,서울 성동구 성수동2가 301-16,37.544426,127.051384,2024-09-22,2024-09-30
2608,발베니 팝업,서울 성동구 연무장3길 9,서울 성동구 성수동2가 301-16,37.544666,127.05133,2025-05-27,2025-06-10
2494,갈더마 레스틸렌 스킨 갤러리 팝업,서울 성동구 연무장3길 9,서울 성동구 성수동2가 301-16,37.544666,127.05133,2025-04-25,2025-04-27
2370,브랜더스 홀리데이 플리마켓,서울 성동구 연무장3길 9,서울 성동구 성수동2가 301-16,37.544666,127.05133,2025-04-05,2025-04-06
3552,시크 팝업 - 아이리스 가든,서울 성동구 연무장3길 9,서울 성동구 연무장3길 9 (성수동2가),37.544632,127.05133,2025-08-29,2025-08-31
5627,오프뷰티 이벤트 - 성수,서울 성동구 연무장3길 9,서울 성동구 연무장3길 9 (성수동2가),37.544666,127.05133,2026-02-21,2026-02-21
3905,레이밴 팝업,서울 성동구 연무장3길 9,서울 성동구 연무장3길 9 (성수동2가),37.544613,127.05134,2025-09-05,2025-09-07
3097,레진 <아침이 밝았습니다> 팝업,서울 성동구 연무장3길 9,서울 성동구 연무장3길 9 (성수동2가),37.544655,127.05131,2025-06-20,2025-06-29
3257,OK저축은행 팝업 - 읏수저 놀이터,서울 성동구 연무장3길 9,서울 성동구 연무장3길 9 (성수동2가),37.544666,127.05133,2025-07-18,2025-07-27
3130,아사히 트래블바 팝업,서울 성동구 연무장3길 9,서울 성동구 연무장3길 9 (성수동2가),37.544666,127.05133,2025-07-03,2025-07-13
4022,온누리상품권 팝업 - 대한민국 행복충전소,서울 성동구 연무장3길 9,서울 성동구 연무장3길 9 (성수동2가),37.5446,127.05131,2025-09-19,2025-09-21
2987,이와자루,서울 성동구 연무장3길 9-14,서울 성동구 성수동2가 301-12,37.544834,127.05156,2025-06-16,2025-06-16
689,Umbro x BENE 팝업,서울 성동구 연무장5가길 14,서울 성동구 성수동2가 316-29,37.54355,127.05415,2024-09-28,2024-09-29
1031,BEBOF X NNPCS 팝업,서울 성동구 연무장5가길 14,서울 성동구 성수동2가 316-29,37.54355,127.05415,2024-11-15,2024-11-17
1193,가나 행복사서함 팝업,서울 성동구 연무장5가길 14,서울 성동구 성수동2가 316-29,37.54355,127.05415,2024-11-30,2024-12-01
1209,오징어 게임 2 X 비알레띠 팝업,서울 성동구 연무장5가길 14,서울 성동구 성수동2가 316-29,37.54355,127.05415,2024-12-04,2024-12-07
4530,빼빼로 팝업,서울 성동구 연무장5가길 16,서울 성동구 연무장5가길 16 (성수동2가),37.54351,127.054344,2025-11-01,2025-11-11
4001,"원엔온 이벤트 - FIRST RIDE, FIRST RUSH NEXT STOP",서울 성동구 연무장5가길 20-1,서울 성동구 연무장5가길 20-1 (성수동2가),37.543297,127.05491,2025-09-19,2025-09-19
4540,여진구 팝업 - c’omma,서울 성동구 연무장5가길 20-1,서울 성동구 연무장5가길 20-1 (성수동2가),37.54331,127.05491,2025-11-07,2025-11-09
4975,레드하트데이 팝업,서울 성동구 연무장5가길 20-1,서울 성동구 연무장5가길 20-1 (성수동2가),37.543324,127.054886,2025-12-17,2025-12-20
2867,로레알 프로페셔널 X 와이오유 성수 팝업,서울 성동구 연무장5길 14,서울 성동구 연무장5길 14 (성수동2가),37.544292,127.05304,2025-06-01,2025-06-01
1192,킷캣하우스 팝업,서울 성동구 연무장5길 19,서울 성동구 성수동2가 302-2,37.54496,127.05312,2024-11-29,2024-12-01
2625,더마팩토리 성분연구소 팝업,서울 성동구 연무장5길 19,서울 성동구 성수동2가 302-2,37.545036,127.053185,2025-05-02,2025-05-31
1297,카카오뱅크 모임통장 팝업,서울 성동구 연무장5길 20,서울 성동구 성수동2가 314-2,37.54489,127.053444,2024-12-14,2024-12-25
3070,스타벅스RTD 팝업카 이벤트,서울 성동구 연무장5길 20,서울 성동구 연무장5길 20 (성수동2가),37.54489,127.053444,2025-06-22,2025-06-22
5674,나이키스킴스 팝업,서울 성동구 연무장5길 20,서울 성동구 연무장5길 20 (성수동2가),37.54489,127.053444,2026-02-26,2026-03-09
4276,서울패션허브 쇼케이스 팝업,서울 성동구 연무장5길 20,서울 성동구 연무장5길 20 (성수동2가),37.54488,127.053505,2025-10-13,2025-10-14
4548,아이더 X 코스모폴리탄 팝업 @쎈느,서울 성동구 연무장5길 20,서울 성동구 연무장5길 20 (성수동2가),37.54489,127.053444,2025-11-15,2025-11-16
4744,테레카 팝업,서울 성동구 연무장5길 20,서울 성동구 연무장5길 20 (성수동2가),37.544865,127.05351,2025-11-21,2025-11-23
5777,현대자동차 팝업 - 캐스퍼 취향 충전소,서울 성동구 연무장5길 20,서울 성동구 연무장5길 20 (성수동2가),37.54489,127.053444,2026-03-01,
3998,솔루션스 이벤트 ,서울 성동구 연무장5길 20,서울 성동구 연무장5길 20 (성수동2가),37.544865,127.05352,2025-09-20,2025-09-20
4026,COS 팝업 ,서울 성동구 연무장5길 20,서울 성동구 연무장5길 20 (성수동2가),37.544876,127.05353,2025-09-26,2025-09-28
3910,현대자동차 팝업 - 캐스퍼 취향 연구소 ,서울 성동구 연무장5길 20,서울 성동구 연무장5길 20 (성수동2가),37.544853,127.053535,2025-09-07,2025-09-14
568,마르헨제이 X 디즈니 팝업,서울 성동구 연무장5길 4,서울 성동구 성수동2가 316-16,37.543488,127.052185,2024-08-31,2024-09-15
3013,데이지크,서울 성동구 연무장5길 6,서울 성동구 성수동2가 316-6,37.543636,127.05244,2025-06-16,2025-06-16
2320,데이지크 츄잉 글로우 팟 팝업,서울 성동구 연무장5길 6,서울 성동구 성수동2가 316-6,37.543633,127.05244,2025-03-28,2025-05-06
740,테디테일즈 X 데이지크 팝업,서울 성동구 연무장5길 6,서울 성동구 성수동2가 316-6,37.543633,127.05244,2024-10-01,2024-10-31
3052,데이지크 트윙클 머메이드 팝업,서울 성동구 연무장5길 6,"서울 성동구 연무장5길 6 (성수동2가, 천일정공사)",37.543633,127.05244,2025-06-16,2025-07-31
5667,레터프롬문 팝업,서울 성동구 연무장5길 6,"서울 성동구 연무장5길 6 (성수동2가, 천일정공사)",37.543633,127.052444,2026-02-27,2026-03-31
679,롱샴 팝업,서울 성동구 연무장5길 7,서울 성동구 성수동2가 302-11,37.54404,127.052475,2024-09-27,2024-10-10
2986,고토리스낵바,서울 성동구 연무장7가길 5,서울 성동구 성수동2가 315-35,37.54318,127.05497,2025-06-16,2025-06-16
5299,코끼리밥 캡슐토이 팝업,서울 성동구 연무장7가길 6,서울 성동구 연무장7가길 6 (성수동2가),37.543015,127.05497,2026-01-01,2026-02-22
1539,아이소이 로즈 팝업,서울 성동구 연무장7길 12,서울 성동구 성수동2가 315-70,37.54367,127.05484,2025-01-10,2025-02-02
939,티퍼런스 잠시 멈춤의 숲 팝업,서울 성동구 연무장7길 12,서울 성동구 성수동2가 315-70,37.54357,127.05472,2024-10-31,2024-12-01
1938,아이소이 불가리아 로즈 트립 팝업,서울 성동구 연무장7길 12,서울 성동구 성수동2가 315-70,37.54367,127.05484,2025-02-03,2025-02-28
539,아이소이 장수진 수분포차 팝업,서울 성동구 연무장7길 12,서울 성동구 성수동2가 315-70,37.54367,127.05484,2024-09-13,2024-10-09
914,티퍼런스 팝업,서울 성동구 연무장7길 12,서울 성동구 성수동2가 315-70,37.54367,127.05484,2024-10-31,2024-12-01
3482,아이소이 팝업 ,서울 성동구 연무장7길 12,"서울 성동구 연무장7길 12 (성수동2가, 세대빌딩)",37.543625,127.05479,2025-06-02,2025-08-31
3236,티퍼런스 미니팝업,서울 성동구 연무장7길 12,"서울 성동구 연무장7길 12 (성수동2가, 세대빌딩)",37.543617,127.05477,2025-07-11,2025-07-27
2434,클로즈유어아이즈 X 올리브영 팝업 - 성수,서울 성동구 연무장7길 13,서울 성동구 성수동2가 314-11,37.544167,127.0546,2025-04-02,2025-04-15
2065,티르티르 팝업,서울 성동구 연무장7길 13,서울 성동구 성수동2가 314-11,37.544117,127.05454,2025-03-01,2025-03-31
1670,플레이브 X 올리브영 팝업 - 성수,서울 성동구 연무장7길 13,서울 성동구 성수동2가 314-11,37.54418,127.05448,2025-02-03,2025-02-16
1961,나르카 슈가 살롱 팝업,서울 성동구 연무장7길 13,서울 성동구 성수동2가 314-11,37.544113,127.05451,2025-02-20,2025-03-02
2403,케라스타즈 팝업,서울 성동구 연무장7길 13,서울 성동구 성수동2가 314-11,37.544197,127.054436,2025-04-01,2025-04-30
2075,메디힐 X 플레이브 팝업,서울 성동구 연무장7길 13,서울 성동구 성수동2가 314-11,37.54416,127.05442,2025-03-19,2025-03-30
2206,캇예스 팝업,서울 성동구 연무장7길 13,서울 성동구 성수동2가 314-11,37.544216,127.05442,2025-03-01,2025-03-31
2641,키엘 팝업,서울 성동구 연무장7길 13,서울 성동구 성수동2가 314-11,37.544025,127.05467,2025-04-30,2025-05-11
1441,tvN 홀리데이 파티 팝업,서울 성동구 연무장7길 13,서울 성동구 성수동2가 314-11,37.54418,127.05448,2024-12-24,2024-12-29
4245,키엘 팝업,서울 성동구 연무장7길 13,서울 성동구 성수동2가 314-11,37.544025,127.05467,2025-10-01,2025-10-31
1818,3ce 팝업,서울 성동구 연무장7길 13,서울 성동구 성수동2가 314-11,37.54419,127.05443,2025-02-05,2025-02-16
2409,웨이크메이크 팝업,서울 성동구 연무장7길 13,서울 성동구 성수동2가 314-11,37.544174,127.05442,2025-04-05,2025-04-13
2466,이니스프리 X 트위티 팝업,서울 성동구 연무장7길 13,서울 성동구 성수동2가 314-11,37.54416,127.05432,2025-04-16,2025-04-27
1992,해리포터 X 클리오 팝업 ,서울 성동구 연무장7길 13,서울 성동구 성수동2가 314-11,37.544193,127.054436,2025-03-06,2025-03-16
1317,현대카드 바이닐 & 플라스틱 팝업,서울 성동구 연무장7길 13,서울 성동구 성수동2가 314-11,37.54418,127.05448,2024-11-22,2024-12-21
1490,오징어 게임2 X 웨이크메이크 X 브링그린 뷰티 서바이벌 성수 팝업,서울 성동구 연무장7길 13,서울 성동구 성수동2가 314-11,37.544174,127.05451,2025-01-05,2025-01-20
5875,마크제이콥스 X 무라카미다카시 팝업,서울 성동구 연무장7길 13,서울 성동구 성수동2가 314-11,37.544193,127.05443,2026-03-01,2026-03-31
2417,홀리바넘 팝업,서울 성동구 연무장7길 13,서울 성동구 성수동2가 314-11,37.544163,127.05445,2025-04-01,2025-04-30
3243,정샘물 X 올리브영N 성수 팝업,서울 성동구 연무장7길 13,"서울 성동구 연무장7길 13 (성수동2가, 팩토리얼성수)",37.54418,127.054306,2025-07-01,2025-07-15
4167,바이오힐 보 in 트렌드팟 바이 올리브영 성수,서울 성동구 연무장7길 13,"서울 성동구 연무장7길 13 (성수동2가, 팩토리얼성수)",37.54417,127.054344,2025-10-12,2025-10-20
5895,메디힐 팝업,서울 성동구 연무장7길 13,"서울 성동구 연무장7길 13 (성수동2가, 팩토리얼성수)",37.544094,127.05466,2026-03-18,2026-03-29
5731,조 말론 런던 잉글리쉬 페어 in 트렌드팟 바이 올리브영 성수,서울 성동구 연무장7길 13,"서울 성동구 연무장7길 13 (성수동2가, 팩토리얼성수)",37.544083,127.054565,2026-03-01,2026-03-15
3173,레고트 팝업,서울 성동구 연무장7길 13,"서울 성동구 연무장7길 13 (성수동2가, 팩토리얼성수)",37.544037,127.054634,2025-07-03,2025-07-13
5131,덴티스테 팝업 - 2026 REFRESH ROUTINE,서울 성동구 연무장7길 13,"서울 성동구 연무장7길 13 (성수동2가, 팩토리얼성수)",37.544186,127.054665,2026-01-03,2026-01-11
4506,아누아 in 트렌드팟 바이 올리브영 성수,서울 성동구 연무장7길 13,"서울 성동구 연무장7길 13 (성수동2가, 팩토리얼성수)",37.544144,127.05461,2025-11-07,2025-11-12
4718,낫띵베럴 팝업,서울 성동구 연무장7길 13,"서울 성동구 연무장7길 13 (성수동2가, 팩토리얼성수)",37.544193,127.054634,2025-11-18,2025-12-30
3868,메디큐브 에이지알 X 마이멜로디 in 트렌드팟 바이 올리브영 성수,서울 성동구 연무장7길 13,"서울 성동구 연무장7길 13 (성수동2가, 팩토리얼성수)",37.544132,127.054596,2025-09-10,2025-09-22
3361,시미헤이즈뷰티 X 올리브영N 성수 팝업,서울 성동구 연무장7길 13,"서울 성동구 연무장7길 13 (성수동2가, 팩토리얼성수)",37.544167,127.05466,2025-07-16,2025-07-31
4555,캔메이크 팝업,서울 성동구 연무장7길 13,"서울 성동구 연무장7길 13 (성수동2가, 팩토리얼성수)",37.544163,127.05467,2025-11-01,2025-11-29
3765,포맨트 X 짱구 팝업 ,서울 성동구 연무장7길 13,"서울 성동구 연무장7길 13 (성수동2가, 팩토리얼성수)",37.544174,127.054596,2025-08-29,2025-09-30
4547,미연 팝업 - 성수,서울 성동구 연무장7길 13,"서울 성동구 연무장7길 13 (성수동2가, 팩토리얼성수)",37.54411,127.05459,2025-11-04,2025-11-09
3774,낫띵베럴 X 정엽 팝업 ,서울 성동구 연무장7길 13,"서울 성동구 연무장7길 13 (성수동2가, 팩토리얼성수)",37.54417,127.054596,2025-09-06,2025-09-06
3211,올리브영 X 산리오캐릭터즈 팝업 - 성수,서울 성동구 연무장7길 13,"서울 성동구 연무장7길 13 (성수동2가, 팩토리얼성수)",37.54414,127.05433,2025-07-01,2025-07-31
3511,투슬래시포 팝업 ,서울 성동구 연무장7길 13,"서울 성동구 연무장7길 13 (성수동2가, 팩토리얼성수)",37.544174,127.05429,2025-08-01,2025-08-28
2777,바이오힐 보 팝업,서울 성동구 연무장7길 13,"서울 성동구 연무장7길 13 (성수동2가, 팩토리얼성수)",37.54418,127.05448,2025-05-16,2025-05-25
4168,3CE in 트렌드팟 바이 올리브영 성수,서울 성동구 연무장7길 13,"서울 성동구 연무장7길 13 (성수동2가, 팩토리얼성수)",37.544266,127.05435,2025-10-22,2025-11-03
5622,올리브베러 뉴 웰니스 라운지 팝업,서울 성동구 연무장7길 13,"서울 성동구 연무장7길 13 (성수동2가, 팩토리얼성수)",37.544174,127.05441,2026-02-12,2026-03-09
2870,퓌 팝업,서울 성동구 연무장7길 13,"서울 성동구 연무장7길 13 (성수동2가, 팩토리얼성수)",37.544136,127.05431,2025-05-29,2025-06-08
4834,올리브영 어워즈 in 올리브영N 성수,서울 성동구 연무장7길 13,"서울 성동구 연무장7길 13 (성수동2가, 팩토리얼성수)",37.54422,127.054535,2025-12-01,2025-12-31
4762,POP MART Winter Village (팝마트 윈터 빌리지),서울 성동구 연무장7길 13,"서울 성동구 연무장7길 13 (성수동2가, 팩토리얼성수)",37.544132,127.05463,2025-12-01,2025-12-31
5732,메디힐 X 귀멸의 칼날 in 트렌드팟 바이 올리브영 성수,서울 성동구 연무장7길 13,"서울 성동구 연무장7길 13 (성수동2가, 팩토리얼성수)",37.544094,127.05466,2026-03-18,2026-03-29
3235,센녹 팝업,서울 성동구 연무장7길 13,"서울 성동구 연무장7길 13 (성수동2가, 팩토리얼성수)",37.54411,127.05448,2025-07-17,2025-07-27
5480,미쟝센 in 트렌드팟 바이 올리브영 성수,서울 성동구 연무장7길 13,"서울 성동구 연무장7길 13 (성수동2가, 팩토리얼성수)",37.544037,127.05464,2026-02-14,2026-02-26
2935,투크 팝업,서울 성동구 연무장7길 13,"서울 성동구 연무장7길 13 (성수동2가, 팩토리얼성수)",37.54418,127.05448,2025-05-31,2025-06-30
2934,닥터포헤어 X 빠더너스 팝업,서울 성동구 연무장7길 13,"서울 성동구 연무장7길 13 (성수동2가, 팩토리얼성수)",37.54418,127.05448,2025-06-10,2025-06-23
3870,투쿨포스쿨 in 트렌드팟 바이 올리브영 성수,서울 성동구 연무장7길 13,"서울 성동구 연무장7길 13 (성수동2가, 팩토리얼성수)",37.544174,127.05431,2025-09-25,2025-10-08
5545,네이밍 in 트렌드팟 바이 올리브영 성수_사본,서울 성동구 연무장7길 13,"서울 성동구 연무장7길 13 (성수동2가, 팩토리얼성수)",37.54407,127.05457,2026-02-04,2026-02-12
3439,성분에디터 - 포켓몬 컨셉 스토어 in 트렌드팟 바이 올리브영 성수,서울 성동구 연무장7길 13,"서울 성동구 연무장7길 13 (성수동2가, 팩토리얼성수)",37.544212,127.054306,2025-08-13,2025-08-24
3497,낫띵베럴 팝업 - 성수,서울 성동구 연무장7길 13,"서울 성동구 연무장7길 13 (성수동2가, 팩토리얼성수)",37.544125,127.05461,2025-08-01,2025-08-28
5241,바이오힐 보 팝업,서울 성동구 연무장7길 13,"서울 성동구 연무장7길 13 (성수동2가, 팩토리얼성수)",37.544186,127.05451,2026-01-10,2026-03-31
5410,네이밍 in 트렌드팟 바이 올리브영 성수,서울 성동구 연무장7길 13,"서울 성동구 연무장7길 13 (성수동2가, 팩토리얼성수)",37.54407,127.05457,2026-02-04,2026-02-12
4323,3CE 팝업 - 벨벳 케이크 샵,서울 성동구 연무장7길 13,"서울 성동구 연무장7길 13 (성수동2가, 팩토리얼성수)",37.544155,127.05464,2025-10-22,2025-11-03
3438,메디힐 X KBO in 트렌드팟 바이 올리브영 성수,서울 성동구 연무장7길 13,"서울 성동구 연무장7길 13 (성수동2가, 팩토리얼성수)",37.54414,127.05463,2025-07-30,2025-08-10
4532,롬앤 x ZO&FRIENDS in 트렌드팟 바이 올리브영 성수,서울 성동구 연무장7길 13,"서울 성동구 연무장7길 13 (성수동2가, 팩토리얼성수)",37.544083,127.054634,2025-11-14,2025-11-27
5230,알파드라이브원 with 브링그린 팝업 @트렌드팟 바이 올리브영 성수,서울 성동구 연무장7길 13,"서울 성동구 연무장7길 13 (성수동2가, 팩토리얼성수)",37.54406,127.054565,2026-01-13,2026-01-31
3440,오브제 팝업 in 올리브영 N성수,서울 성동구 연무장7길 13,"서울 성동구 연무장7길 13 (성수동2가, 팩토리얼성수)",37.54417,127.05427,2025-08-27,2025-09-07
2661,이블렛 팝업,서울 성동구 연무장7길 16,서울 성동구 성수동2가 315-58,37.543926,127.05506,2025-05-02,2025-05-11
658,아스테라시스 뷰티에이징랩 팝업,서울 성동구 연무장7길 16,서울 성동구 성수동2가 315-58,37.54395,127.0551,2024-09-27,2024-10-06
466,네이버 커넥트재단 팝업,서울 성동구 연무장7길 16,서울 성동구 성수동2가 315-58,37.54395,127.0551,2024-09-06,2024-09-07
1087,모아나 2 바다 저 너머로 팝업,서울 성동구 연무장7길 16,서울 성동구 성수동2가 315-58,37.54395,127.0551,2024-11-20,2024-12-01
1970,니얼지 팝업 - 성수,서울 성동구 연무장7길 16,서울 성동구 성수동2가 315-58,37.54395,127.0551,2025-02-21,2025-02-24
1665,세일레이싱 팝업,서울 성동구 연무장7길 16,서울 성동구 성수동2가 315-58,37.54395,127.0551,2025-01-16,2025-01-22
1357,삼쩜삼 모두의 연말정산 팝업,서울 성동구 연무장7길 16,서울 성동구 성수동2가 315-58,37.54395,127.0551,2024-12-20,2024-12-29
2560,더잠 팝업,서울 성동구 연무장7길 16,서울 성동구 성수동2가 315-58,37.54394,127.05503,2025-04-23,2025-04-27
2451,페이퍼백 팝업,서울 성동구 연무장7길 16,서울 성동구 성수동2가 315-58,37.54393,127.05508,2025-04-11,2025-04-20
1962,가내스라 팝업,서울 성동구 연무장7길 16,서울 성동구 성수동2가 315-58,37.54395,127.0551,2025-02-28,2025-03-04
4243,노에트 팝업,서울 성동구 연무장7길 16,"서울 성동구 연무장7길 16 (성수동2가, 한서빌딩)",37.544025,127.05504,2025-10-10,2025-10-23
4199,오숑의 티하우스 팝업,서울 성동구 연무장7길 16,"서울 성동구 연무장7길 16 (성수동2가, 한서빌딩)",37.543907,127.05497,2025-10-31,2025-11-02
5060,스마트골목길 팝업,서울 성동구 연무장7길 16,"서울 성동구 연무장7길 16 (성수동2가, 한서빌딩)",37.54396,127.05521,2025-12-26,2025-12-28
3168,글라쇼 팝업,서울 성동구 연무장7길 16,"서울 성동구 연무장7길 16 (성수동2가, 한서빌딩)",37.54394,127.05501,2025-06-26,2025-07-16
5462,웨이크메이크 팝업,서울 성동구 연무장7길 16,"서울 성동구 연무장7길 16 (성수동2가, 한서빌딩)",37.5439,127.0551,2026-01-29,2026-02-01
3369,크러시 팝업,서울 성동구 연무장7길 16,"서울 성동구 연무장7길 16 (성수동2가, 한서빌딩)",37.543983,127.05523,2025-07-26,2025-07-27
4336,어노브 팝업 - 베어글로우 SPOT 1,서울 성동구 연무장7길 16,"서울 성동구 연무장7길 16 (성수동2가, 한서빌딩)",37.543907,127.054955,2025-10-24,2025-10-26
4422,세타필 SkinLABS 팝업 - 민감피부 수사 연구소,서울 성동구 연무장7길 16,"서울 성동구 연무장7길 16 (성수동2가, 한서빌딩)",37.543907,127.054955,2025-11-06,2025-11-09
3838,"분크 X 길종상가 전시 - 네가 방에 들어가다, 내 가방에 들어간다",서울 성동구 연무장7길 16,"서울 성동구 연무장7길 16 (성수동2가, 한서빌딩)",37.54401,127.05518,2025-09-04,2025-09-14
5693,바세린 X OIOI 팝업,서울 성동구 연무장7길 16,"서울 성동구 연무장7길 16 (성수동2가, 한서빌딩)",37.54395,127.0551,2026-02-28,2026-03-08
3522,빌리프 팝업 - 믿음꽁꽁마켓 ,서울 성동구 연무장7길 16,"서울 성동구 연무장7길 16 (성수동2가, 한서빌딩)",37.543964,127.055,2025-08-09,2025-08-17
5713,콜랩코리아 팝업,서울 성동구 연무장7길 16,"서울 성동구 연무장7길 16 (성수동2가, 한서빌딩)",37.543945,127.055084,2026-03-13,2026-07-09
4192,몰리 팝업,서울 성동구 연무장7길 16,"서울 성동구 연무장7길 16 (성수동2가, 한서빌딩)",37.54395,127.055,2025-10-03,2025-10-04
3327,다나와 팝업,서울 성동구 연무장7길 16,"서울 성동구 연무장7길 16 (성수동2가, 한서빌딩)",37.543922,127.055046,2025-07-19,2025-07-20
3496,철없는 마켓 팝업,서울 성동구 연무장7길 16,"서울 성동구 연무장7길 16 (성수동2가, 한서빌딩)",37.54395,127.05501,2025-08-01,2025-08-03
2959,글라쇼 팝업,서울 성동구 연무장7길 16,"서울 성동구 연무장7길 16 (성수동2가, 한서빌딩)",37.54395,127.0551,2025-06-11,2025-06-16
3027,아일릿 팝업,서울 성동구 연무장7길 6,서울 성동구 연무장7길 6 (성수동2가),37.543167,127.05453,2025-06-13,2025-06-16
5407,데저트젬스 팝업,서울 성동구 연무장7길 7,서울 성동구 성수동2가 316-60,37.54336,127.054405,2026-01-17,2026-02-22
931,리얼베리어 팝업,서울 성동구 연무장7길 7,서울 성동구 성수동2가 316-60,37.54336,127.0544,2024-10-25,2024-11-04
4928,이모나리 팝업,서울 성동구 연무장7길 7,서울 성동구 연무장7길 7 (성수동2가),37.543335,127.05439,2025-12-05,2026-01-04
4759,삼양 1963 팝업,서울 성동구 연무장9길 4,"서울 성동구 연무장9길 4 (성수동2가, 성일산업)",37.542675,127.055984,2025-11-28,2025-12-04
2996,스테치,서울 성동구 연무장9길 6,서울 성동구 성수동2가 315-12,37.54283,127.05594,2025-06-16,2025-06-16
1267,조말론 크리스마스 팝업,서울 성동구 연무장9길 7,서울 성동구 성수동2가 315-41,37.542953,127.05573,2024-12-05,2024-12-25
5377,카린 전시 - 나비의 여정,서울 성동구 연무장9길 7,서울 성동구 연무장9길 7 (성수동2가),37.542934,127.05572,2026-01-22,2026-02-28
239,토리버치 팝업,서울 성동구 연무장길 1,서울 성동구 성수동2가 301-69,37.54417,127.04995,2024-08-01,2024-08-11
513,오프닝프로젝트 팝업,서울 성동구 연무장길 1,서울 성동구 성수동2가 301-69,37.54417,127.04995,2024-09-04,2024-11-03
1242,섬띵편의점 팝업,서울 성동구 연무장길 1,서울 성동구 성수동2가 301-69,37.54417,127.04995,2024-11-29,2024-12-06
273,뽀짝마을 일러스트페어 팝업,서울 성동구 연무장길 1,서울 성동구 성수동2가 301-69,37.54417,127.04995,2024-08-17,2024-08-18
3085,어뮤즈 플래그십 스토어 오픈 이벤트,서울 성동구 연무장길 10-2,서울 성동구 연무장길 10-2 (성수동1가),37.54381,127.05052,2025-06-21,2025-07-12
2398,드롭드롭드롭 BE-TWIN 홈파티 이벤트,서울 성동구 연무장길 100,서울 성동구 성수동2가 272-12,37.540855,127.06023,2025-03-28,2025-04-30
680,러셀르노 팝업,서울 성동구 연무장길 100-1,서울 성동구 성수동2가 272-9,37.540886,127.06014,2024-10-03,2024-10-08
1194,네이밍 팝업,서울 성동구 연무장길 100-1,서울 성동구 성수동2가 272-9,37.540874,127.060135,2024-11-29,2024-12-01
748,씰리 침대 팝업,서울 성동구 연무장길 100-1,서울 성동구 성수동2가 272-9,37.540874,127.060135,2024-10-13,2024-10-27
861,퍼시스 Real MEoffice 팝업스토어,서울 성동구 연무장길 102,서울 성동구 성수동2가 272-7,37.540825,127.06038,2024-10-23,2024-10-23
794,퍼시스 <Real ME@office> 팝업,서울 성동구 연무장길 102,서울 성동구 성수동2가 272-7,37.540775,127.06037,2024-10-21,2024-11-14
1270,캐나다구스 팝업 ,서울 성동구 연무장길 102,서울 성동구 성수동2가 272-7,37.540775,127.06037,2024-12-12,2024-12-15
823,현재 오픈한 성수 팝업 모음집,서울 성동구 연무장길 102,서울 성동구 성수동2가 272-7,37.540775,127.06037,2024-10-21,2024-11-14
2442,네스프레소 버츄오 팝업,서울 성동구 연무장길 102,서울 성동구 성수동2가 272-7,37.540802,127.060394,2025-04-11,2025-04-20
2279,캠퍼 팝업,서울 성동구 연무장길 102,서울 성동구 성수동2가 272-7,37.540775,127.06037,2025-03-22,2025-03-26
533,나메코 팝업,서울 성동구 연무장길 103,서울 성동구 성수동2가 272-39,37.540913,127.06078,2024-09-05,2024-10-14
371,나메코 팝업,서울 성동구 연무장길 103,서울 성동구 성수동2가 272-39,37.540913,127.06078,2024-09-05,2024-10-14
200,픽사 하우스 성수 팝업,서울 성동구 연무장길 103,서울 성동구 성수동2가 272-39,37.540913,127.06078,2024-06-05,2024-08-11
661,FROM CAROL 팝업,서울 성동구 연무장길 103,서울 성동구 성수동2가 272-39,37.540913,127.06078,2024-09-26,2024-09-29
2553,NBA 플래그십 스토어 오픈 이벤트,서울 성동구 연무장길 103,서울 성동구 성수동2가 272-39,37.540913,127.06078,2025-04-17,2025-04-20
663,아이오페 파인드 마이 레티놀 팝업,서울 성동구 연무장길 11,서울 성동구 성수동2가 301-87,37.543877,127.05092,2024-09-24,2024-10-06
790,프리메라 팝업,서울 성동구 연무장길 11,서울 성동구 성수동2가 301-87,37.543877,127.05092,2024-10-12,2024-10-24
195,WONDERPOOL 원더풀 팝업,서울 성동구 연무장길 11,서울 성동구 성수동2가 301-87,37.543877,127.05092,2024-07-31,2024-08-18
4256,에이오유 발그레 마켓,서울 성동구 연무장길 11,"서울 성동구 연무장길 11 (성수동2가, (주)건영피혁)",37.543854,127.05098,2025-10-11,2025-10-12
5463, 이구홈 성수 2 오픈 이벤트,서울 성동구 연무장길 110,서울 성동구 연무장길 110 (성수동2가),37.540554,127.06129,2026-01-30,2026-02-01
5151,시이안 팝업,서울 성동구 연무장길 119,서울 성동구 연무장길 119 (성수동2가),37.54051,127.062584,2025-12-26,2025-12-31
697,taag X domitory city 팝업,서울 성동구 연무장길 13,서울 성동구 성수동2가 301-88,37.543777,127.051216,2024-09-16,2024-10-03
3002,레이브스튜디오,서울 성동구 연무장길 13,서울 성동구 성수동2가 301-88,37.54381,127.051155,2025-06-16,2025-06-16
4394,판옵티콘 고양이 팝업,서울 성동구 연무장길 13,서울 성동구 연무장길 13 (성수동2가),37.543835,127.0512,2025-10-23,2025-11-01
5795,렌즈미 성수점 이벤트 - FIXTYLE IN LENSME,서울 성동구 연무장길 16-2,서울 성동구 성수동1가 16-10,37.54361,127.05121,2026-03-13,2026-03-20
16,델몬트 모아비 팝업,서울 성동구 연무장길 16-2,서울 성동구 성수동1가 16-10,37.54359,127.05123,2024-07-18,2024-07-22
4860,렌즈미 홀리데이 페스타,서울 성동구 연무장길 16-2,서울 성동구 연무장길 16-2 (성수동1가),37.543575,127.05125,2025-12-18,2025-12-28
496,프레딧 뷰티 2차 팝업,서울 성동구 연무장길 17,서울 성동구 성수동2가 302-36,37.543736,127.05145,2024-09-06,2024-09-08
1745,떰토 팝업,서울 성동구 연무장길 17,서울 성동구 성수동2가 302-36,37.543736,127.05145,2025-02-01,2025-02-13
3620,오도넛 팝업 ,서울 성동구 연무장길 17,서울 성동구 성수동2가 302-36,37.543682,127.05153,2025-08-27,2025-09-07
2324,슈퍼드라이 오픈 이벤트,서울 성동구 연무장길 17,서울 성동구 성수동2가 302-36,37.543736,127.051384,2025-03-20,2025-09-30
244,르 아르베이 팝업,서울 성동구 연무장길 17,서울 성동구 성수동2가 302-36,37.543736,127.05145,2024-08-01,2024-08-14
799,미미달 <셀라던인더하우스> 팝업,서울 성동구 연무장길 17,서울 성동구 성수동2가 302-36,37.543736,127.05145,2024-10-09,2024-10-20
2525,킴지수 X 홍우성 팝업,서울 성동구 연무장길 17,서울 성동구 성수동2가 302-36,37.543694,127.05148,2025-04-15,2025-04-21
2529,샤클라라 팝업,서울 성동구 연무장길 17,서울 성동구 성수동2가 302-36,37.54373,127.05149,2025-04-23,2025-04-28
2395,트렌타로마 팝업,서울 성동구 연무장길 17,서울 성동구 성수동2가 302-36,37.543736,127.05145,2025-03-31,2025-04-14
2712,원웨이 팝업,서울 성동구 연무장길 17,서울 성동구 성수동2가 302-36,37.543697,127.05146,2025-04-30,2025-05-11
4023,몰든 팝업 ,서울 성동구 연무장길 17,서울 성동구 연무장길 17 (성수동2가),37.543694,127.051544,2025-09-16,2025-09-22
2760,프라포투투 팝업 - 성수,서울 성동구 연무장길 17,서울 성동구 연무장길 17 (성수동2가),37.543705,127.05148,2025-05-13,2025-06-02
5769,뭉 팝업,서울 성동구 연무장길 17,서울 성동구 연무장길 17 (성수동2가),37.54374,127.051445,2026-03-03,2026-03-09
4764,문경재미난장 팝업,서울 성동구 연무장길 17,서울 성동구 연무장길 17 (성수동2가),37.543743,127.05139,2025-12-05,2025-12-07
2970,무큐르 X 로맨틱스 팝업,서울 성동구 연무장길 17,서울 성동구 연무장길 17 (성수동2가),37.543705,127.05138,2025-06-10,2025-06-16
4525,김지수 팝업,서울 성동구 연무장길 17,서울 성동구 연무장길 17 (성수동2가),37.543694,127.051476,2025-11-04,2025-11-10
4635,안젤로비안코 팝업,서울 성동구 연무장길 17,서울 성동구 연무장길 17 (성수동2가),37.54371,127.051506,2025-11-11,2025-12-01
3069,러브밋 팝업,서울 성동구 연무장길 17,서울 성동구 연무장길 17 (성수동2가),37.543736,127.05145,2025-06-17,2025-06-23
4362,홍우성 팝업,서울 성동구 연무장길 17,서울 성동구 연무장길 17 (성수동2가),37.543697,127.0515,2025-10-28,2025-11-03
3239,누핍 팝업,서울 성동구 연무장길 17,서울 성동구 연무장길 17 (성수동2가),37.543777,127.05144,2025-07-09,2025-07-13
5340,미세키서울 팝업,서울 성동구 연무장길 17,서울 성동구 연무장길 17 (성수동2가),37.543716,127.05143,2026-01-20,2026-01-26
3430,도씨 팝업,서울 성동구 연무장길 17,서울 성동구 연무장길 17 (성수동2가),37.543736,127.051384,2025-07-29,2025-08-25
4343,마켓인유 팝업,서울 성동구 연무장길 17,서울 성동구 연무장길 17 (성수동2가),37.543694,127.05147,2025-10-10,2025-10-27
2474,칠성사이다 740 팝업 - 성수,서울 성동구 연무장길 17-1,서울 성동구 성수동2가 302-37,37.54365,127.05164,2025-04-11,2025-04-27
3056,NS 프로틴 팝업,서울 성동구 연무장길 17-1,서울 성동구 연무장길 17-1 (성수동2가),37.543663,127.05167,2025-06-14,2025-07-12
3155,바른효소 팝업,서울 성동구 연무장길 17-1,서울 성동구 연무장길 17-1 (성수동2가),37.543633,127.05158,2025-06-21,2025-07-12
2029,미키 마우스 컬렉션 팝업,서울 성동구 연무장길 18,서울 성동구 성수동1가 16-39,37.54352,127.05138,2025-02-25,2025-03-16
957,문학동네 X 포인트 오브 뷰 팝업,서울 성동구 연무장길 18,서울 성동구 성수동1가 16-39,37.54352,127.05138,2024-10-29,2024-11-04
1236,마리떼 팝업,서울 성동구 연무장길 20,서울 성동구 성수동1가 16-40,37.543514,127.051506,2024-11-22,2024-12-31
2099,마리떼 팝업,서울 성동구 연무장길 20,서울 성동구 성수동1가 16-40,37.543514,127.05158,2025-01-23,2025-05-19
177,장인성의 말랑한 오피스,서울 성동구 연무장길 20,서울 성동구 성수동1가 16-40,37.543495,127.05155,2024-03-30,2024-08-25
4353,마리떼 프랑소와 저버 데님 아카이브 전시,서울 성동구 연무장길 20,서울 성동구 연무장길 20 (성수동1가),37.54352,127.05148,2025-10-17,2025-11-02
87,딥티크 헤도니스틱 썸머 팝업,서울 성동구 연무장길 20-1,서울 성동구 성수동1가 16-41,37.543404,127.05173,2024-07-12,2024-08-25
1176,딥티크 홀리데이 팝업,서울 성동구 연무장길 20-1,서울 성동구 성수동1가 16-41,37.54341,127.051735,2024-11-21,2024-12-29
541,레 제썽스 드 딥티크 팝업,서울 성동구 연무장길 20-1,서울 성동구 성수동1가 16-41,37.54341,127.051735,2024-09-12,2024-10-27
2500,딥티크 성수 부티크 오픈 이벤트,서울 성동구 연무장길 20-1,서울 성동구 성수동1가 16-41,37.543427,127.05177,2025-04-19,2025-05-11
2443,이너프원 팝업,서울 성동구 연무장길 21,서울 성동구 성수동2가 302-12,37.54359,127.051865,2025-04-09,2025-04-21
1841,본작 팝업,서울 성동구 연무장길 21,서울 성동구 성수동2가 302-12,37.54359,127.051865,2025-02-14,2025-03-16
367,분카샤 성수 팝업,서울 성동구 연무장길 21,서울 성동구 성수동2가 302-12,37.54358,127.05187,2024-08-07,2024-08-31
4580,스킴스 팝업 - 성수,서울 성동구 연무장길 21,서울 성동구 연무장길 21 (성수동2가),37.54359,127.051865,2025-11-21,2025-12-30
4541,스킴스 팝업,서울 성동구 연무장길 21,서울 성동구 연무장길 21 (성수동2가),37.543556,127.051926,2025-11-21,
2461,뉴발란스 992 팝업,서울 성동구 연무장길 24,서울 성동구 성수동2가 310-51,37.54334,127.05206,2025-04-05,2025-04-30
805,레오제이 팝업,서울 성동구 연무장길 26,서울 성동구 성수동2가 310-5,37.543236,127.05241,2024-10-12,2024-10-27
883,베이비몬스터 DRIP 팝업,서울 성동구 연무장길 26,서울 성동구 성수동2가 310-5,37.543236,127.05241,2024-11-01,2024-11-10
4516,부드바르 팝업,서울 성동구 연무장길 28-12,서울 성동구 연무장길 28-12 (성수동2가),37.54309,127.05222,2025-11-01,2025-11-23
4104,비어 라이브 서울 2025 페스티벌,서울 성동구 연무장길 28-12,서울 성동구 연무장길 28-12 (성수동2가),37.543083,127.05221,2025-10-03,2025-10-05
2460,오렌즈 성수점 이벤트,서울 성동구 연무장길 29-1,서울 성동구 성수동2가 316-20,37.543343,127.0527,2025-04-11,2025-04-13
2437,오렌즈 성수점 이벤트,서울 성동구 연무장길 29-1,서울 성동구 성수동2가 316-20,37.543343,127.0527,2025-04-04,2025-04-06
3011,쿠오카,서울 성동구 연무장길 29-1,서울 성동구 성수동2가 316-20,37.543335,127.05262,2025-06-16,2025-06-16
2993,캣앤에프,서울 성동구 연무장길 29-9,서울 성동구 성수동2가 316-19,37.543472,127.052765,2025-06-16,2025-06-16
2983,백이의,서울 성동구 연무장길 3,서울 성동구 성수동2가 301-66,37.544094,127.05009,2025-06-16,2025-06-16
3037,메종 21G 팝업,서울 성동구 연무장길 31,서울 성동구 성수동2가 832,37.543633,127.05317,2025-06-20,2025-06-29
2611,레터프롬문 팝업,서울 성동구 연무장길 31-1,서울 성동구 성수동2가 832,37.54325,127.05291,2025-05-01,2025-05-06
584,르 샤 부뜨 팝업,서울 성동구 연무장길 31-1,서울 성동구 성수동2가 832,37.543266,127.05296,2024-09-20,2024-09-29
615,딘토 르 샤 부뜨 팝업,서울 성동구 연무장길 31-1,서울 성동구 성수동2가 832,37.543266,127.05296,2024-09-20,2024-09-29
2511,바닐라코 팝업,서울 성동구 연무장길 31-1,서울 성동구 성수동2가 832,37.543266,127.05296,2025-04-18,2025-04-27
642,딘토 르 샤 부뜨 팝업스토어,서울 성동구 연무장길 31-1,서울 성동구 성수동2가 832,37.543266,127.05296,2024-09-20,2024-09-29
3872,웰라쥬 팝업 ,서울 성동구 연무장길 31-1,"서울 성동구 연무장길 31-1 (성수동2가, 금호아파트)",37.543285,127.052895,2025-09-05,2025-09-07
4524,라브아 팝업 - My Scented Room,서울 성동구 연무장길 31-1,"서울 성동구 연무장길 31-1 (성수동2가, 금호아파트)",37.543297,127.05291,2025-11-08,2025-11-16
4629,위프 팝업 - Whiff House,서울 성동구 연무장길 31-1,"서울 성동구 연무장길 31-1 (성수동2가, 금호아파트)",37.543247,127.05302,2025-11-17,2025-11-23
3886,바를 팝업 ,서울 성동구 연무장길 31-1,"서울 성동구 연무장길 31-1 (성수동2가, 금호아파트)",37.543247,127.053,2025-09-12,2025-09-21
2740,아이유 생일 카페 - 성수,서울 성동구 연무장길 31-1,"서울 성동구 연무장길 31-1 (성수동2가, 금호아파트)",37.543243,127.05299,2025-05-15,2025-05-18
396,지금 저장소,서울 성동구 연무장길 33,서울 성동구 성수동2가 316-59,37.543167,127.05329,2024-08-08,2024-08-25
1412,레드하트데이 팝업,서울 성동구 연무장길 33,서울 성동구 성수동2가 316-59,37.543167,127.05329,2024-12-18,2024-12-21
597,스컬프터 팝업,서울 성동구 연무장길 33,서울 성동구 성수동2가 316-59,37.543167,127.05329,2024-09-09,2024-09-23
1289,글루타넥스 팝업,서울 성동구 연무장길 33,서울 성동구 성수동2가 316-59,37.543167,127.05329,2024-12-05,2024-12-15
198,오르시떼/이브니에 팝업,서울 성동구 연무장길 33,서울 성동구 성수동2가 316-59,37.543167,127.05329,2024-07-26,2024-08-04
588,터치인솔 뷰티 팝업,서울 성동구 연무장길 33,서울 성동구 성수동2가 316-59,37.543144,127.05336,2024-09-21,2024-09-28
885,테라브레스 X 토대리 팝업,서울 성동구 연무장길 33,서울 성동구 성수동2가 316-59,37.543167,127.05329,2024-10-26,2024-11-03
728,리아‘s 버거 아트 뮤지엄 팝업,서울 성동구 연무장길 33,서울 성동구 성수동2가 316-59,37.543167,127.05329,2024-10-03,2024-10-20
311,마리아병원 X 하모니랩 팝업,서울 성동구 연무장길 33,서울 성동구 성수동2가 316-59,37.543167,127.05329,2024-08-08,2024-08-25
1103,유니클로 히트텍 요원 양성소 팝업,서울 성동구 연무장길 33,서울 성동구 성수동2가 316-59,37.543167,127.05329,2024-11-15,2024-11-24
952,프레스샷 X 베베더오리 팝업,서울 성동구 연무장길 33,서울 성동구 성수동2가 316-59,37.543167,127.05329,2024-10-26,2024-11-03
586,카케어 종합병원 팝업,서울 성동구 연무장길 33,서울 성동구 성수동2가 316-59,37.543167,127.05329,2024-09-13,2024-09-29
2230,AMI X 최우식 팝업,서울 성동구 연무장길 35,서울 성동구 성수동2가 316-58,37.54311,127.05348,2025-03-14,2025-04-05
400,리바이스 성수 진정성 팝업,서울 성동구 연무장길 35,서울 성동구 성수동2가 316-58,37.54308,127.05347,2024-08-23,2024-09-16
696,톰 브라운 성수 팝업,서울 성동구 연무장길 35,서울 성동구 성수동2가 316-58,37.54311,127.05348,2024-09-27,2024-10-13
2457,에잇세컨즈 X 포켓몬 팝업 ,서울 성동구 연무장길 35,서울 성동구 성수동2가 316-58,37.54311,127.05348,2025-04-10,2025-04-27
446,👖리바이스 진정성 팝업스토어👖,서울 성동구 연무장길 35,서울 성동구 성수동2가 316-58,37.54308,127.05347,2024-08-23,
1816,르마드 팝업 - 성수,서울 성동구 연무장길 35,서울 성동구 성수동2가 316-58,37.54311,127.05348,2025-02-08,2025-02-27
868,Juun.J.Monster 팝업,서울 성동구 연무장길 35,서울 성동구 성수동2가 316-58,37.54308,127.05347,2024-10-18,2024-11-10
1262,디써티원 TELEGRAPH 팝업 - 성수,서울 성동구 연무장길 35,서울 성동구 성수동2가 316-58,37.54311,127.05348,2024-12-05,2024-12-28
2624,시프트지 팝업,서울 성동구 연무장길 35,서울 성동구 성수동2가 316-58,37.543102,127.05346,2025-04-30,2025-05-25
1056,ART-티끌 vol.1 HOMETOWN 팝업,서울 성동구 연무장길 35,서울 성동구 성수동2가 316-58,37.54311,127.05348,2024-11-20,2024-11-24
103,더티스 팝업,서울 성동구 연무장길 35,서울 성동구 성수동2가 316-58,37.543144,127.0535,2024-07-20,2024-08-13
84,마리끌레르 MARINERS CLUB 팝업,서울 성동구 연무장길 35,서울 성동구 성수동2가 316-58,37.54306,127.0535,2024-07-20,2024-08-13
3339,플리츠 플리즈 이세이 미야케 팝업,서울 성동구 연무장길 35,서울 성동구 연무장길 35 (성수동2가),37.54311,127.05348,2025-07-24,2025-08-13
4379,시에 팝업,서울 성동구 연무장길 35,서울 성동구 연무장길 35 (성수동2가),37.5431,127.05346,2025-10-25,2025-11-02
5011,VT코스메틱 팝업 - 스킨 피트니스 센터,서울 성동구 연무장길 35,서울 성동구 연무장길 35 (성수동2가),37.543087,127.05348,2025-12-17,2025-12-21
3207,에이수스 젠북 팝업,서울 성동구 연무장길 35,서울 성동구 연무장길 35 (성수동2가),37.54311,127.05348,2025-07-03,2025-07-06
3074,포카리스웨트 팝업,서울 성동구 연무장길 35,서울 성동구 연무장길 35 (성수동2가),37.54311,127.05348,2025-06-17,2025-06-26
2872,글루타넥스 팝업,서울 성동구 연무장길 35,서울 성동구 연무장길 35 (성수동2가),37.54309,127.0535,2025-05-29,2025-06-13
4480,에잇세컨즈 X 케이팝 데몬 헌터스 팝업,서울 성동구 연무장길 35,서울 성동구 연무장길 35 (성수동2가),37.5431,127.05345,2025-11-07,2025-11-19
4145,SSF 팝업,서울 성동구 연무장길 35,서울 성동구 연무장길 35 (성수동2가),37.543087,127.053474,2025-09-23,2025-10-12
4710,코스알엑스 더마 랩 팝업,서울 성동구 연무장길 35,서울 성동구 연무장길 35 (성수동2가),37.54309,127.053444,2025-11-25,2025-11-30
4356,제이리움 팝업,서울 성동구 연무장길 35,서울 성동구 연무장길 35 (성수동2가),37.543076,127.053444,2025-10-17,2025-10-23
869,뉴:홈 팝업,서울 성동구 연무장길 36,서울 성동구 성수동2가 310-63,37.54289,127.053314,2024-10-18,2024-12-25
2116,베리시 오픈 이벤트,서울 성동구 연무장길 36,서울 성동구 성수동2가 310-63,37.54289,127.053314,2025-03-07,2025-03-16
958,AOZ 팝업,서울 성동구 연무장길 37,서울 성동구 성수동2가 316-44,37.54307,127.05364,2024-10-24,2024-11-20
1138,쇼레이어드 팝업,서울 성동구 연무장길 37,서울 성동구 성수동2가 316-44,37.54307,127.05364,2024-11-22,2024-12-04
1324,마레이스튜디오 팝업,서울 성동구 연무장길 37,서울 성동구 성수동2가 316-44,37.54307,127.05364,2024-12-19,2025-01-01
634,시작 레스토랑 팝업,서울 성동구 연무장길 37-18,서울 성동구 성수동2가 316-47,37.54338,127.053795,2024-10-07,2024-10-14
2994,에트레베이크하우스 성수,서울 성동구 연무장길 37-5,서울 성동구 성수동2가 316-57,37.54327,127.053444,2025-06-16,2025-06-16
2594,펑쉐이 팝업,서울 성동구 연무장길 38,서울 성동구 성수동2가 310-64,37.54286,127.05348,2025-04-25,2025-04-26
4469,PALs 이벤트 - MUSICAL GATHERING Vol.2,서울 성동구 연무장길 38,서울 성동구 연무장길 38 (성수동2가),37.54281,127.053474,2025-11-08,2025-11-08
3589,PALs 이벤트 – MUSICAL GATHERING,서울 성동구 연무장길 38,서울 성동구 연무장길 38 (성수동2가),37.542778,127.05347,2025-08-16,2025-08-16
2450,기네스 하우스 팝업,서울 성동구 연무장길 38-1,서울 성동구 성수동2가 310-65,37.54276,127.053566,2025-04-09,2025-04-16
1045,빼스티벌 팝업,서울 성동구 연무장길 38-1,서울 성동구 성수동2가 310-65,37.542828,127.05359,2024-11-04,2024-11-17
248,전통주 하이볼 구디웨이브클럽 농심 팝업,서울 성동구 연무장길 38-1,서울 성동구 성수동2가 310-65,37.54282,127.0536,2024-08-09,2024-08-18
951,19크라임스 X GS25 팝업,서울 성동구 연무장길 38-1,서울 성동구 성수동2가 310-65,37.54282,127.0536,2024-10-23,2024-10-31
2569,프레시볼 팝업,서울 성동구 연무장길 38-1,서울 성동구 성수동2가 310-65,37.542854,127.05364,2025-04-18,2025-04-26
2219,엔믹스 팝업,서울 성동구 연무장길 38-1,서울 성동구 성수동2가 310-65,37.54282,127.0536,2025-03-11,2025-03-23
2337,토스 페이스페이 스토어 팝업,서울 성동구 연무장길 38-1,서울 성동구 성수동2가 310-65,37.542896,127.053604,2025-03-26,2025-04-07
308,구디웨이브클럽 하이볼 팝업,서울 성동구 연무장길 38-1,서울 성동구 성수동2가 310-65,37.542828,127.05359,2024-08-09,2024-08-18
1436,도어투성수 X 오징어게임2 팝업,서울 성동구 연무장길 38-1,서울 성동구 성수동2가 310-65,37.54282,127.0536,2024-12-20,2025-01-12
2605,얼터너티브스테레오 팝업,서울 성동구 연무장길 38-1,서울 성동구 성수동2가 310-65,37.54287,127.05362,2025-05-02,2025-05-11
1804,하리보 X GS25 팝업 ,서울 성동구 연무장길 38-1,서울 성동구 성수동2가 310-65,37.54282,127.0536,2025-02-06,2025-03-04
1241,조니워커 X 오징어 게임 팝업,서울 성동구 연무장길 38-1,서울 성동구 성수동2가 310-65,37.54282,127.0536,2024-11-19,2024-12-08
694,유어스 미니어처 사진전 팝업,서울 성동구 연무장길 38-1,서울 성동구 성수동2가 310-65,37.54282,127.0536,2024-09-20,2024-09-29
1632,GS25 X 아이긴 팝업,서울 성동구 연무장길 38-1,서울 성동구 성수동2가 310-65,37.54279,127.05359,2025-01-14,2025-01-31
2411,아이소이 잡티로즈쎄럼실 팝업,서울 성동구 연무장길 38-1,서울 성동구 성수동2가 310-65,37.54282,127.0536,2025-04-05,2025-04-13
4689,메노킨 팝업,서울 성동구 연무장길 38-1,"서울 성동구 연무장길 38-1 (성수동2가, 엘리자베스빌딩)",37.54278,127.05356,2025-11-21,2025-12-13
3969,옐로우 라이트 팝업 ,서울 성동구 연무장길 38-1,"서울 성동구 연무장길 38-1 (성수동2가, 엘리자베스빌딩)",37.542778,127.05356,2025-09-12,2025-09-12
5097,예스아이씨 아카이브 세일 팝업,서울 성동구 연무장길 38-1,"서울 성동구 연무장길 38-1 (성수동2가, 엘리자베스빌딩)",37.54279,127.053566,2025-12-26,2026-01-04
3040,퍼블릭비컨 팝업 - 성수,서울 성동구 연무장길 4,서울 성동구 연무장길 4 (성수동1가),37.543976,127.05004,2025-05-08,2025-06-22
2789,바닐라코 플래그십 스토어 오픈 이벤트,서울 성동구 연무장길 41,서울 성동구 연무장길 41 (성수동2가),37.54301,127.05387,2025-05-15,2025-06-01
2677,OFZ 오일데이 이벤트,서울 성동구 연무장길 41-18,서울 성동구 성수동2가 316-24,37.54325,127.05419,2025-05-01,2025-05-06
2973,능동미나리,서울 성동구 연무장길 42,서울 성동구 성수동2가 310-14,37.54276,127.053955,2025-06-16,2025-06-16
3455,능동미나리,서울 성동구 연무장길 42,서울 성동구 성수동2가 310-14,37.54276,127.053955,2025-06-16,2025-06-16
3447,능동미나리,서울 성동구 연무장길 42,서울 성동구 성수동2가 310-14,37.54276,127.053955,2025-06-16,2025-06-16
736,모리스보리스 행운던전,서울 성동구 연무장길 45,서울 성동구 성수동2가 315-100,37.54283,127.054405,2024-10-02,2024-10-13
735,모리스보리스 행운던전,서울 성동구 연무장길 45,서울 성동구 성수동2가 315-100,37.54283,127.054405,2024-10-02,2024-10-13
667,모리스보리스 행운던전,서울 성동구 연무장길 45,서울 성동구 성수동2가 315-100,37.54283,127.054405,2024-10-02,2024-10-13
646,유병재 X 모리스&보리스 행운던전 팝업,서울 성동구 연무장길 45,서울 성동구 성수동2가 315-100,37.54283,127.054405,2024-10-02,2024-10-13
668,유병재 X 모리스&보리스 행운던전 팝업,서울 성동구 연무장길 45,서울 성동구 성수동2가 315-100,37.543148,127.05096,2024-10-02,2024-10-13
1276,르크루제 팝업,서울 성동구 연무장길 46,서울 성동구 성수동2가 321-5,37.54264,127.054306,2024-12-05,2024-12-08
962,인생네컷 사:계 팝업,서울 성동구 연무장길 47,서울 성동구 성수동2가 315-55,37.542797,127.05473,2024-11-01,2024-11-17
3260,스마도리 바 팝업 in 서울,서울 성동구 연무장길 47,"서울 성동구 연무장길 47 (성수동2가, 조은빌딩)",37.542797,127.05473,2025-07-19,2025-07-31
1936,힌스 팝업,서울 성동구 연무장길 48-1,서울 성동구 성수동2가 321-6,37.54254,127.05467,2025-02-26,2025-05-08
2647,힌스 밀키솝 팝업,서울 성동구 연무장길 48-1,서울 성동구 성수동2가 321-6,37.542503,127.05464,2025-05-01,2025-05-30
2565,르 아르베이 팝업,서울 성동구 연무장길 5,서울 성동구 성수동2가 301-64,37.54405,127.05022,2025-04-16,2025-04-29
5705,온고 플래그십 스토어 오픈 이벤트,서울 성동구 연무장길 5,서울 성동구 연무장길 5 (성수동2가),37.544075,127.05025,2026-02-27,2026-03-15
867,VENUS <사랑의 형태들> 팝업,서울 성동구 연무장길 5-5,서울 성동구 성수동2가 301-63,37.544167,127.0503,2024-10-21,2024-11-03
3156,자이언티 with 프렌즈 플리마켓,서울 성동구 연무장길 5-5,서울 성동구 연무장길 5-5 (성수동2가),37.54417,127.050285,2025-06-27,2025-06-27
3687,"리드볼트 팝업 - 아 출근하기 싫다, 그럼 짐 싸!",서울 성동구 연무장길 5-5,서울 성동구 연무장길 5-5 (성수동2가),37.54416,127.05026,2025-08-23,2025-08-31
4690,카누 필름 블렌딩 카페 이벤트,서울 성동구 연무장길 5-5,서울 성동구 연무장길 5-5 (성수동2가),37.54417,127.05026,2025-12-12,2025-12-21
3206,스탠드오일 영화 상영회 이벤트,서울 성동구 연무장길 5-5,서울 성동구 연무장길 5-5 (성수동2가),37.54417,127.050285,2025-07-01,2025-07-06
2981,초이다이닝,서울 성동구 연무장길 50,서울 성동구 성수동2가 321-7,37.5425,127.05484,2025-06-16,2025-06-16
3809,한 컾 팝업 - 성수 ,서울 성동구 연무장길 54,서울 성동구 연무장길 54 (성수동2가),37.542355,127.0552,2025-08-26,2025-09-07
3985,무자기 팝업 ,서울 성동구 연무장길 57,서울 성동구 연무장길 57 (성수동2가),37.54238,127.055824,2025-09-12,2025-09-25
4378,오끼뜨 팝업,서울 성동구 연무장길 57,서울 성동구 연무장길 57 (성수동2가),37.542366,127.05583,2025-10-17,2025-11-06
5945,키엘 팝업 - 키엘 울트라 응급 구조대,서울 성동구 연무장길 57,서울 성동구 연무장길 57 (성수동2가),37.542377,127.0558,2026-04-16,2026-04-26
3086,이구홈 성수 오픈 이벤트,서울 성동구 연무장길 57,서울 성동구 연무장길 57 (성수동2가),37.542377,127.0558,2025-06-20,2025-06-22
3826,호텔파리칠 팝업 ,서울 성동구 연무장길 57,서울 성동구 연무장길 57 (성수동2가),37.542477,127.055756,2025-08-29,2025-09-11
4672,이야이야앤프렌즈 팝업,서울 성동구 연무장길 57,서울 성동구 연무장길 57 (성수동2가),37.542477,127.05575,2025-11-07,2025-11-27
5663,무직타이거 팝업 - 뚱랑이네 집들이,서울 성동구 연무장길 57,서울 성동구 연무장길 57 (성수동2가),37.54256,127.055824,2026-02-20,2026-03-19
3523,쿼시 팝업 ,서울 성동구 연무장길 57,서울 성동구 연무장길 57 (성수동2가),37.54238,127.05582,2025-08-01,2025-08-14
3684,이구홈위크 팝업,서울 성동구 연무장길 57,서울 성동구 연무장길 57 (성수동2가),37.542377,127.05582,2025-08-18,2025-08-28
4842,모머 위켄드 홀리데이 팝업,서울 성동구 연무장길 57,서울 성동구 연무장길 57 (성수동2가),37.542397,127.05575,2025-11-28,2025-12-11
5435,러쉬 씨어터 팝업 - 무명배우의 욕실편_사본,서울 성동구 연무장길 58-1,서울 성동구 연무장길 58-1 (성수동2가),37.542217,127.055725,2025-09-06,2025-11-16
5434,러쉬 씨어터 팝업 - 비 마이 커튼콜,서울 성동구 연무장길 58-1,서울 성동구 연무장길 58-1 (성수동2가),37.542213,127.05574,2026-01-27,2026-03-31
4406,러쉬 씨어터 팝업 - 무명배우의 욕실편,서울 성동구 연무장길 58-1,서울 성동구 연무장길 58-1 (성수동2가),37.542217,127.055725,2025-09-06,2025-11-16
3791,크러쉬 X 러쉬 팝업 : Crush with Lush - 성수,서울 성동구 연무장길 58-1,서울 성동구 연무장길 58-1 (성수동2가),37.5422,127.05573,2025-08-28,2025-09-07
2749,아닐로 플래그십 스토어 오픈 이벤트,서울 성동구 연무장길 6-1,서울 성동구 연무장길 6-1 (성수동1가),37.543858,127.0503,2025-05-30,2025-06-10
3326,btf.kr 플리마켓,서울 성동구 연무장길 62,서울 성동구 연무장길 62 (성수동2가),37.542065,127.05594,2025-07-19,2025-07-20
2088,삼성생명 라이프놀로지랩 팝업 ,서울 성동구 연무장길 65,서울 성동구 성수동2가 317-16,37.54226,127.056816,2025-03-07,2025-03-12
3182,미키와 친구들 서울투어 2025 팝업,서울 성동구 연무장길 65,서울 성동구 성수동2가 317-16,37.54226,127.056816,2025-07-04,2025-07-13
4728,주토피아 X SKZOO 팝업,서울 성동구 연무장길 65,"서울 성동구 연무장길 65 (성수동2가, 영남공업사)",37.54227,127.05674,2025-11-25,2025-12-07
3075,블랑두부 팝업,서울 성동구 연무장길 65,"서울 성동구 연무장길 65 (성수동2가, 영남공업사)",37.54226,127.056816,2025-06-13,2025-06-26
3645,스포티파이 스테이디움 서울 팝업 ,서울 성동구 연무장길 65,"서울 성동구 연무장길 65 (성수동2가, 영남공업사)",37.542274,127.056755,2025-08-22,2025-08-25
3798,NCT WISH 팝업 - Find Your Color,서울 성동구 연무장길 65,"서울 성동구 연무장길 65 (성수동2가, 영남공업사)",37.542255,127.05689,2025-09-02,2025-09-09
5924,비오레 팝업,서울 성동구 연무장길 65,"서울 성동구 연무장길 65 (성수동2가, 영남공업사)",37.54226,127.056816,2026-03-20,2026-03-29
3827,팝마트 팝업 - 라부부의 수상한 편의점 ,서울 성동구 연무장길 65,"서울 성동구 연무장길 65 (성수동2가, 영남공업사)",37.54228,127.056755,2025-09-12,2025-09-25
4393,쥬베룩 팝업 - JUVE LOOK BOOK HOUSE,서울 성동구 연무장길 65,"서울 성동구 연무장길 65 (성수동2가, 영남공업사)",37.542263,127.05673,2025-11-01,2025-11-09
4090,엔트로피 팝업,서울 성동구 연무장길 65,"서울 성동구 연무장길 65 (성수동2가, 영남공업사)",37.54227,127.05676,2025-09-28,2025-10-14
5017,마르디 메크르디 팝업,서울 성동구 연무장길 65,"서울 성동구 연무장길 65 (성수동2가, 영남공업사)",37.54227,127.056885,2025-12-10,2025-12-31
5306,온그리디언츠 팝업,서울 성동구 연무장길 65,"서울 성동구 연무장길 65 (성수동2가, 영남공업사)",37.542263,127.05685,2026-01-31,2026-03-16
3605,AI포토부스 팝업 - YOU 2.0,서울 성동구 연무장길 65,"서울 성동구 연무장길 65 (성수동2가, 영남공업사)",37.542263,127.056885,2025-08-07,2025-08-16
5868,우즈유니버스 연합 팝업,서울 성동구 연무장길 65,"서울 성동구 연무장길 65 (성수동2가, 영남공업사)",37.54206,127.05682,2026-04-03,2026-04-11
4612,에이치덱스 도성 팝업 - HDEX X 피지컬:아시아,서울 성동구 연무장길 65,"서울 성동구 연무장길 65 (성수동2가, 영남공업사)",37.54228,127.05674,2025-11-14,2025-11-23
4227,풀리오 X 주토피아2  팝업,서울 성동구 연무장길 65,"서울 성동구 연무장길 65 (성수동2가, 영남공업사)",37.542263,127.056755,2025-10-17,2025-10-26
3513,헤트라스 오프라인 스토어 오픈 이벤트,서울 성동구 연무장길 68,서울 성동구 연무장길 68 (성수동2가),37.541885,127.05672,2025-07-29,2025-10-31
2509,파파레서피 팝업,서울 성동구 연무장길 7,서울 성동구 성수동2가 301-58,37.54407,127.050385,2025-04-16,2025-05-14
3351,JAJU 팝업,서울 성동구 연무장길 7,서울 성동구 성수동2가 301-58,37.544086,127.05044,2025-07-22,2025-08-17
3668,자아 팝업 ,서울 성동구 연무장길 7,서울 성동구 연무장길 7 (성수동2가),37.54407,127.05042,2025-08-21,2025-09-05
1802,호카 본디 9 팝업,서울 성동구 연무장길 7-1,서울 성동구 성수동2가 301-72,37.544003,127.05049,2025-02-05,2025-02-23
5595,페코 팝업,서울 성동구 연무장길 7-1,서울 성동구 성수동2가 301-72,37.543987,127.0505,2026-02-05,2026-02-19
2301,아디다스 팝업,서울 성동구 연무장길 7-1,서울 성동구 성수동2가 301-72,37.544003,127.05049,2025-03-20,2025-04-10
2486,살로몬 팝업,서울 성동구 연무장길 7-1,서울 성동구 성수동2가 301-72,37.543987,127.050446,2025-04-11,2025-04-29
5658,살로몬 팝업 - 성수,서울 성동구 연무장길 7-1,서울 성동구 연무장길 7-1 (성수동2가),37.544003,127.05049,2026-02-20,2026-03-12
2875,프리터 팝업,서울 성동구 연무장길 7-1,서울 성동구 연무장길 7-1 (성수동2가),37.544003,127.05049,2025-05-30,2025-06-25
3518,뉴에라 X 비이커 팝업,서울 성동구 연무장길 7-1,서울 성동구 연무장길 7-1 (성수동2가),37.54399,127.05046,2025-08-08,2025-09-01
624,한돈데이 팝업,서울 성동구 연무장길 73,서울 성동구 성수동2가 273-26,37.542072,127.05763,2024-10-01,2024-10-09
2672,리스키 무빙팝업 - 성수,서울 성동구 연무장길 73,서울 성동구 성수동2가 273-26,37.54212,127.057495,2025-05-04,2025-05-05
1801,호카 본디 9 팝업_사본,서울 성동구 연무장길 73,서울 성동구 성수동2가 273-26,37.54208,127.057655,2025-01-17,2025-01-19
2422,쿠팡 메가뷰티쇼 팝업,서울 성동구 연무장길 73,서울 성동구 성수동2가 273-26,37.542072,127.05763,2025-04-18,2025-04-20
2654,레디어스 팝업,서울 성동구 연무장길 73,서울 성동구 성수동2가 273-26,37.542133,127.057526,2025-05-15,2025-05-17
2421,지그재그 직잭뷰티 팝업,서울 성동구 연무장길 73,서울 성동구 성수동2가 273-26,37.542084,127.05755,2025-04-11,2025-04-13
236,ROOS VINTAGE 팝업,서울 성동구 연무장길 73,서울 성동구 성수동2가 273-26,37.542072,127.05763,2024-07-28,2024-08-18
2272,바이레도 팝업,서울 성동구 연무장길 73,서울 성동구 성수동2가 273-26,37.542095,127.05764,2025-03-27,2025-03-30
863,스와로브스키 팝업,서울 성동구 연무장길 73,서울 성동구 성수동2가 273-26,37.542072,127.05763,2024-10-18,2024-10-30
1989,룰루레몬 글로우업 플레이그라운드 팝업,서울 성동구 연무장길 73,서울 성동구 성수동2가 273-26,37.542137,127.057655,2025-02-28,2025-03-02
1602,호카 본디 9 팝업,서울 성동구 연무장길 73,서울 성동구 성수동2가 273-26,37.54208,127.057655,2025-01-17,2025-01-19
712,한돈데이 팝업스토어,서울 성동구 연무장길 73,서울 성동구 성수동2가 273-26,37.542072,127.05763,2024-10-01,2024-10-09
1480,FOART 팝업,서울 성동구 연무장길 73,서울 성동구 성수동2가 273-26,37.54207,127.05766,2024-12-24,2025-01-01
2604,다이슨 뷰티 팝업,서울 성동구 연무장길 73,서울 성동구 성수동2가 273-26,37.542088,127.057556,2025-04-29,2025-04-30
654,한돈데이 팝업,서울 성동구 연무장길 73,서울 성동구 성수동2가 273-26,37.542072,127.05763,2024-10-01,2024-10-09
2688,배민 계란프라이데이 팝업,서울 성동구 연무장길 73,서울 성동구 성수동2가 273-26,37.54211,127.05772,2025-05-09,2025-05-11
2385,컴온스타일 쇼케이스 팝업,서울 성동구 연무장길 73,서울 성동구 성수동2가 273-26,37.542072,127.05763,2025-04-04,2025-04-08
2216,나체 스탁 세일 팝업,서울 성동구 연무장길 73,서울 성동구 성수동2가 273-26,37.54209,127.05759,2025-03-04,2025-03-23
4395,페르웨어 팝업,서울 성동구 연무장길 73,서울 성동구 연무장길 73 (성수동2가),37.542114,127.05756,2025-10-23,2025-11-02
2816,레페리 셀렉트스토어 팝업,서울 성동구 연무장길 73,서울 성동구 연무장길 73 (성수동2가),37.54209,127.057526,2025-05-22,2025-06-01
3708,스노우맨 팝업,서울 성동구 연무장길 73,서울 성동구 연무장길 73 (성수동2가),37.54217,127.05761,2025-08-30,2025-09-14
5088,넥스트 웨이브 팝업,서울 성동구 연무장길 73,서울 성동구 연무장길 73 (성수동2가),37.542126,127.057236,2025-12-24,2026-02-18
4787,슈링크 홈파티 팝업,서울 성동구 연무장길 73,서울 성동구 연무장길 73 (성수동2가),37.54214,127.05754,2025-11-28,2025-11-29
2811,토스증권 INVESTORS 25,서울 성동구 연무장길 73,서울 성동구 연무장길 73 (성수동2가),37.54213,127.05771,2025-06-05,2025-06-08
4460,봄툰 10주년 팝업 - HOME PARTY,서울 성동구 연무장길 73,서울 성동구 연무장길 73 (성수동2가),37.542088,127.05755,2025-11-07,2025-11-11
5016,네이버 X 스포티파이 팝업,서울 성동구 연무장길 73,서울 성동구 연무장길 73 (성수동2가),37.542076,127.057724,2025-12-22,2025-12-24
5857,레인메이커스 뷰티원더랜드 팝업,서울 성동구 연무장길 73,서울 성동구 연무장길 73 (성수동2가),37.54205,127.05765,2026-03-18,2026-03-22
4066,2025 SUPER 한돈 페스타 팝업,서울 성동구 연무장길 73,서울 성동구 연무장길 73 (성수동2가),37.542095,127.05751,2025-10-11,2025-10-19
3346,나이키 풋볼 팝업,서울 성동구 연무장길 73,서울 성동구 연무장길 73 (성수동2가),37.542072,127.05763,2025-08-02,2025-08-03
5551,마피아42 팝업,서울 성동구 연무장길 73,서울 성동구 연무장길 73 (성수동2가),37.542072,127.05763,2026-02-25,2026-03-02
1023,NCT DREAM 성수동 팝업,서울 성동구 연무장길 73,성동구 연무장길 73,37.542072,127.05763,2024-11-12,2024-12-01
3151,바이오던스 무빙팝업,서울 성동구 연무장길 76,서울 성동구 성수동2가 322-1,37.541534,127.05765,2025-07-05,2025-07-06
2820,필킨 X 뷰티쁠 무빙팝업,서울 성동구 연무장길 76,서울 성동구 성수동2가 322-1,37.541504,127.05749,2025-05-24,2025-05-24
2863,셀퓨전씨 X 뷰티쁠 무빙팝업,서울 성동구 연무장길 76,서울 성동구 성수동2가 322-1,37.541504,127.05749,2025-06-03,2025-06-03
2929,샹테카이 X 뷰티쁠 무빙팝업,서울 성동구 연무장길 76,서울 성동구 성수동2가 322-1,37.541504,127.05749,2025-06-06,2025-06-07
3103,라페리 X 뷰티쁠 무빙팝업,서울 성동구 연무장길 76,서울 성동구 성수동2가 322-1,37.541504,127.05749,2025-06-28,2025-06-28
3150,뷰티쁠 유니버스 썸머 인 서울 무빙팝업,서울 성동구 연무장길 76,서울 성동구 성수동2가 322-1,37.541492,127.057304,2025-06-28,2025-06-28
2699,모로칸오일 X 뷰티쁠 무빙팝업,서울 성동구 연무장길 76,서울 성동구 성수동2가 322-1,37.541496,127.05744,2025-05-10,2025-05-10
2659,토니모리 X 뷰티쁠 무빙팝업,서울 성동구 연무장길 76,서울 성동구 성수동2가 322-1,37.541492,127.05763,2025-05-03,2025-05-03
2767,어바웃톤 X 뷰티쁠 무빙팝업,서울 성동구 연무장길 76,서울 성동구 성수동2가 322-1,37.541496,127.05744,2025-05-17,2025-05-17
4374,어노브 팝업 - 베어글로우 SPOT 2,서울 성동구 연무장길 76,"서울 성동구 연무장길 76 (성수동2가, 성수 AK 밸리)",37.54151,127.05737,2025-11-08,2025-11-09
5925,웰라쥬 X 뷰티쁠 무빙 팝업,서울 성동구 연무장길 76,"서울 성동구 연무장길 76 (성수동2가, 성수 AK 밸리)",37.54146,127.05771,2026-03-19,2026-03-21
4371,아리얼 X 뷰티쁠 무빙 팝업,서울 성동구 연무장길 76,"서울 성동구 연무장길 76 (성수동2가, 성수 AK 밸리)",37.54154,127.05738,2025-10-23,2025-10-26
2745,어바웃톤 무빙팝업,서울 성동구 연무장길 76,"서울 성동구 연무장길 76 (성수동2가, 성수 AK 밸리)",37.541477,127.05765,2025-05-17,2025-05-17
3867,유세린 X 뷰티쁠 무빙 팝업,서울 성동구 연무장길 76,"서울 성동구 연무장길 76 (성수동2가, 성수 AK 밸리)",37.541546,127.05742,2025-09-04,2025-09-06
3927,한율 X 뷰티쁠 무빙 팝업 ,서울 성동구 연무장길 76,"서울 성동구 연무장길 76 (성수동2가, 성수 AK 밸리)",37.541508,127.05739,2025-09-11,2025-09-13
4128,아벤느 X 뷰티쁠 무빙 팝업,서울 성동구 연무장길 76,"서울 성동구 연무장길 76 (성수동2가, 성수 AK 밸리)",37.54148,127.057655,2025-09-26,2025-09-28
4036,디어달리아 X 뷰티쁠 무빙 팝업 ,서울 성동구 연무장길 76,"서울 성동구 연무장길 76 (성수동2가, 성수 AK 밸리)",37.54151,127.057396,2025-09-18,2025-09-20
4466,니베아 X 뷰티쁠 무빙 팝업,서울 성동구 연무장길 76,"서울 성동구 연무장길 76 (성수동2가, 성수 AK 밸리)",37.541553,127.05734,2025-10-30,2025-11-01
3794,내가 봐줄게 사주타로 팝업 ,서울 성동구 연무장길 76,"서울 성동구 연무장길 76 (성수동2가, 성수 AK 밸리)",37.541515,127.05739,2025-08-28,2025-08-29
3653,에스티로더 X 뷰티쁠 유니버스 팝업 ,서울 성동구 연무장길 76,"서울 성동구 연무장길 76 (성수동2가, 성수 AK 밸리)",37.541527,127.05734,2025-08-15,2025-08-15
4314,리얼베리어 X 뷰티쁠 무빙 팝업,서울 성동구 연무장길 76,"서울 성동구 연무장길 76 (성수동2가, 성수 AK 밸리)",37.541542,127.05735,2025-10-16,2025-10-18
1686,장인한과 팝업 - 성수,서울 성동구 연무장길 77,서울 성동구 성수동2가 273-46,37.541813,127.057884,2025-01-24,2025-01-28
949,취 팝업,서울 성동구 연무장길 77,서울 성동구 성수동2가 273-46,37.54181,127.05788,2024-10-19,2025-01-16
2763,포스테스 오픈 이벤트,서울 성동구 연무장길 77,서울 성동구 연무장길 77 (성수동2가),37.541786,127.05785,2025-05-01,2025-05-31
3012,논픽션,서울 성동구 연무장길 8-1,서울 성동구 성수동1가 16-33,37.54385,127.05042,2025-06-16,2025-06-16
2646,비비앙 팝업,서울 성동구 연무장길 81,서울 성동구 성수동2가 271-24,37.541695,127.058174,2025-04-30,2025-05-06
1926,글피오 팝업,서울 성동구 연무장길 81,서울 성동구 성수동2가 271-24,37.541676,127.05821,2025-02-14,2025-02-23
3679,커리쉴 팝업,서울 성동구 연무장길 81,서울 성동구 성수동2가 271-24,37.541664,127.0582,2025-08-27,2025-09-02
2281,VDL 팝업,서울 성동구 연무장길 81,서울 성동구 성수동2가 271-24,37.541695,127.05825,2025-03-20,2025-03-25
479,온초점 두바이 초콜릿 성수 팝업,서울 성동구 연무장길 81,서울 성동구 성수동2가 271-24,37.5417,127.05824,2024-08-30,2024-09-30
784,하트퍼센트 팝업,서울 성동구 연무장길 81,서울 성동구 성수동2가 271-24,37.541695,127.05825,2024-10-12,2024-10-20
1345,아이레시피 X 무신사뷰티 팝업,서울 성동구 연무장길 81,서울 성동구 성수동2가 271-24,37.541695,127.05825,2024-12-13,2024-12-22
1072,미샤 팝업,서울 성동구 연무장길 81,서울 성동구 성수동2가 271-24,37.541695,127.05825,2024-11-13,2024-11-19
2441,니아르 팝업,서울 성동구 연무장길 81,서울 성동구 성수동2가 271-24,37.541664,127.0582,2025-04-09,2025-04-15
2184,톤28 팝업,서울 성동구 연무장길 81,서울 성동구 성수동2가 271-24,37.541695,127.05825,2025-03-07,2025-03-16
403,비긴스 바이 정샘물 팝업,서울 성동구 연무장길 81,서울 성동구 성수동2가 271-24,37.54168,127.05855,2024-08-23,2024-09-02
871,이스뜨와 드 퍼퓸 팝업,서울 성동구 연무장길 81,서울 성동구 성수동2가 271-24,37.541695,127.05825,2024-10-23,2024-10-29
2697,르멘트 팝업,서울 성동구 연무장길 81,서울 성동구 성수동2가 271-24,37.541767,127.0582,2025-05-09,2025-05-18
14,에스네이처 팝업,서울 성동구 연무장길 81,서울 성동구 성수동2가 271-24,37.541878,127.05865,2024-07-19,2024-07-31
2033,아리얼 팝업,서울 성동구 연무장길 81,서울 성동구 성수동2가 271-24,37.541695,127.05825,2025-02-26,2025-03-04
2527,주미소 X 주술회전 팝업,서울 성동구 연무장길 81,서울 성동구 성수동2가 271-24,37.54175,127.0582,2025-04-18,2025-04-27
179,취 X 무신사 뷰티 단독 선론칭 팝업,서울 성동구 연무장길 81,서울 성동구 성수동2가 271-24,37.541676,127.05863,2024-08-03,2024-08-11
4760,잇츠스킨 팝업 - FIRM + FUN PHARMACY,서울 성동구 연무장길 81,"서울 성동구 연무장길 81 (성수동2가, 남경빌딩)",37.541702,127.058174,2025-11-26,2025-12-02
2930,엑시스와이 팝업_사본,서울 성동구 연무장길 81,"서울 성동구 연무장길 81 (성수동2가, 남경빌딩)",37.541664,127.05822,2025-06-04,2025-06-17
4554,에센셜 퍼퓸 팝업,서울 성동구 연무장길 81,"서울 성동구 연무장길 81 (성수동2가, 남경빌딩)",37.54165,127.05825,2025-11-05,2025-11-11
3360,화이트 팝업,서울 성동구 연무장길 81,"서울 성동구 연무장길 81 (성수동2가, 남경빌딩)",37.541637,127.05831,2025-07-25,2025-08-03
5089,샬랑 드 파리 팝업,서울 성동구 연무장길 81,"서울 성동구 연무장길 81 (성수동2가, 남경빌딩)",37.541645,127.058365,2025-12-31,2026-01-11
4203,비비앙 팝업,서울 성동구 연무장길 81,"서울 성동구 연무장길 81 (성수동2가, 남경빌딩)",37.541656,127.05832,2025-10-05,2025-10-11
2907,엑시스와이 팝업,서울 성동구 연무장길 81,"서울 성동구 연무장길 81 (성수동2가, 남경빌딩)",37.541664,127.05822,2025-06-04,2025-06-17
5034,샤이샤이샤이 팝업,서울 성동구 연무장길 81,"서울 성동구 연무장길 81 (성수동2가, 남경빌딩)",37.54165,127.05827,2025-12-17,2025-12-28
4302,아비브 팝업,서울 성동구 연무장길 81,"서울 성동구 연무장길 81 (성수동2가, 남경빌딩)",37.541653,127.05825,2025-10-14,2025-10-20
4850,메디앤서 팝업 - 스티키 걸스 파티,서울 성동구 연무장길 81,"서울 성동구 연무장길 81 (성수동2가, 남경빌딩)",37.54166,127.058235,2025-12-05,2025-12-14
4572,에센셜 퍼퓸 팝업,서울 성동구 연무장길 81,"서울 성동구 연무장길 81 (성수동2가, 남경빌딩)",37.541668,127.05832,2025-11-05,2025-11-11
2886,엑시스와이 팝업,서울 성동구 연무장길 81,"서울 성동구 연무장길 81 (성수동2가, 남경빌딩)",37.541695,127.05825,2025-06-04,2025-06-17
5429,러븀 팝업,서울 성동구 연무장길 81,"서울 성동구 연무장길 81 (성수동2가, 남경빌딩)",37.54169,127.05829,2026-01-28,2026-02-08
5909,클리어디어 프레시 마트 팝업,서울 성동구 연무장길 81,"서울 성동구 연무장길 81 (성수동2가, 남경빌딩)",37.541706,127.0582,2026-03-18,2026-03-22
2809,포레스트 팝업,서울 성동구 연무장길 81,"서울 성동구 연무장길 81 (성수동2가, 남경빌딩)",37.541683,127.058174,2025-05-21,2025-06-01
4375,라부르켓 팝업 - 성수,서울 성동구 연무장길 81,"서울 성동구 연무장길 81 (성수동2가, 남경빌딩)",37.54176,127.05818,2025-10-23,2025-11-02
3928,트리드 팝업 - 성수,서울 성동구 연무장길 81,"서울 성동구 연무장길 81 (성수동2가, 남경빌딩)",37.541656,127.058266,2025-09-17,2025-09-23
3804,뮤드 팝업 - THE SHAPE MUSEUM,서울 성동구 연무장길 81,"서울 성동구 연무장길 81 (성수동2가, 남경빌딩)",37.541653,127.05826,2025-09-05,2025-09-15
5508,끌리메 뷰티 팝업,서울 성동구 연무장길 81,"서울 성동구 연무장길 81 (성수동2가, 남경빌딩)",37.541695,127.05825,2026-02-25,2026-03-08
3392,닥터 브로너스 팝업,서울 성동구 연무장길 81,"서울 성동구 연무장길 81 (성수동2가, 남경빌딩)",37.541683,127.05828,2025-08-06,2025-08-12
3622,더페이스샵 X 다이노탱 팝업 ,서울 성동구 연무장길 81,"서울 성동구 연무장길 81 (성수동2가, 남경빌딩)",37.541645,127.05825,2025-08-15,2025-08-24
3043,아이레시피 별빛 스튜디오 팝업,서울 성동구 연무장길 81,"서울 성동구 연무장길 81 (성수동2가, 남경빌딩)",37.541695,127.05825,2025-06-20,2025-07-01
4630,퓨리피아 X 벨리곰 팝업,서울 성동구 연무장길 81,"서울 성동구 연무장길 81 (성수동2가, 남경빌딩)",37.541664,127.05824,2025-11-14,2025-11-23
4129,파이브바이브 팝업,서울 성동구 연무장길 81,"서울 성동구 연무장길 81 (성수동2가, 남경빌딩)",37.541653,127.058266,2025-09-26,2025-10-02
3238,입생로랑 뷰티 팝업,서울 성동구 연무장길 81,"서울 성동구 연무장길 81 (성수동2가, 남경빌딩)",37.541683,127.058174,2025-07-04,2025-07-13
5726,시그닉 팝업 - 젤리 베어 스토어,서울 성동구 연무장길 81,"서울 성동구 연무장길 81 (성수동2가, 남경빌딩)",37.54168,127.05813,2026-03-11,2026-03-15
5267,딥퍼랑스 팝업,서울 성동구 연무장길 81,"서울 성동구 연무장길 81 (성수동2가, 남경빌딩)",37.541668,127.058235,2026-01-14,2026-01-25
5922,루미르 팝업,서울 성동구 연무장길 81,"서울 성동구 연무장길 81 (성수동2가, 남경빌딩)",37.541668,127.05827,2026-03-25,2026-04-05
3160,추성훈 사인회 이벤트 ,서울 성동구 연무장길 83,"서울 성동구 연무장길 83 (성수동2가, 무신사 캠퍼스 E1)",37.54173,127.05859,2025-06-29,2025-06-29
5067,프로젝트 렌트 X SM타운 플래너 팝업 - Sweet Share,서울 성동구 연무장길 83,"서울 성동구 연무장길 83 (성수동2가, 무신사 캠퍼스 E1)",37.541786,127.058754,2025-12-23,2025-12-30
5708,블랙핑크 팝업 - 성수,서울 성동구 연무장길 83,"서울 성동구 연무장길 83 (성수동2가, 무신사 캠퍼스 E1)",37.541767,127.05867,2026-02-28,2026-03-09
2522,롬앤 플래그십스토어,서울 성동구 연무장길 88,서울 성동구 성수동2가 271-20,37.541252,127.058876,2025-05-01,2025-05-31
1047,비뮤즈맨션 팝업 - 성수,서울 성동구 연무장길 88,서울 성동구 성수동2가 271-20,37.54123,127.058846,2024-11-06,2024-11-24
1069,디자이너 아카이브 마켓 팝업,서울 성동구 연무장길 88,서울 성동구 성수동2가 271-20,37.54123,127.058846,2024-11-06,2024-11-24
284,XYZ STORE 팝업,서울 성동구 연무장길 88,서울 성동구 성수동2가 271-20,37.54123,127.058846,2024-08-02,2024-08-25
5670,롬앤 X 누즈 미니 팝업,서울 성동구 연무장길 88,서울 성동구 연무장길 88 (성수동2가),37.54123,127.058846,2026-02-20,2026-03-05
2100,움바 팝업,서울 성동구 연무장길 89,서울 성동구 성수동2가 271-2,37.541378,127.0594,2025-03-01,2025-03-30
989,드브르베 팝업,서울 성동구 연무장길 89,서울 성동구 성수동2가 271-2,37.541378,127.0594,2024-11-01,2024-11-30
3005,플라스틱프로덕트,서울 성동구 연무장길 89,서울 성동구 성수동2가 271-2,37.54157,127.05928,2025-06-16,2025-06-16
2440,왁 X 존스 팝업,서울 성동구 연무장길 89,서울 성동구 성수동2가 271-2,37.541378,127.0594,2025-04-05,2025-05-28
95,취 CHI 팝업,서울 성동구 연무장길 89,서울 성동구 성수동2가 271-2,37.541428,127.059105,2024-05-24,2024-08-18
205,취 CHI 팝업,서울 성동구 연무장길 89,서울 성동구 성수동2가 271-2,37.541428,127.059105,2024-05-24,2024-08-18
2854,오프닛 빈티지 마켓 팝업,서울 성동구 연무장길 89,서울 성동구 연무장길 89 (성수동2가),37.541332,127.05936,2025-05-31,2025-06-01
3026,가든 익스프레스 팝업,서울 성동구 연무장길 89,서울 성동구 연무장길 89 (성수동2가),37.541378,127.0594,2025-06-11,2025-06-15
4028,살로몬 그래블 서울 레이스 이벤트 ,서울 성동구 연무장길 89,서울 성동구 연무장길 89 (성수동2가),37.541325,127.05937,2025-09-28,2025-09-28
4091,Soft Life Glide 팝업,서울 성동구 연무장길 89,서울 성동구 연무장길 89 (성수동2가),37.541332,127.05939,2025-09-27,2025-09-29
3520,다람쥐 팝업,서울 성동구 연무장길 89,서울 성동구 연무장길 89 (성수동2가),37.541412,127.05945,2025-08-08,2025-09-07
2424,수아레 오픈 이벤트,서울 성동구 연무장길 9,서울 성동구 성수동2가 301-53,37.54397,127.05063,2025-04-04,2025-04-30
3450,밀키샵 성수점,서울 성동구 연무장길 9-1,서울 성동구 성수동2가 301-52,37.543934,127.050735,2025-08-01,2025-09-21
2313,뭍 플래그십 스토어 오픈 이벤트,서울 성동구 연무장길 94,서울 성동구 성수동2가 272-30,37.54108,127.05954,2025-03-22,2025-03-23
3004,뭍,서울 성동구 연무장길 94,서울 성동구 성수동2가 272-30,37.54108,127.05954,2025-06-16,2025-06-16
779,짐빔 편식당,서울 성동구 연무장길 95,서울 성동구 성수동2가 272-27,37.541252,127.05994,2024-10-12,2024-10-20
2561,LTM 롯데타운명동 팝업,서울 성동구 연무장길 95,서울 성동구 성수동2가 272-27,37.54121,127.059875,2025-04-25,2025-04-27
1191, 따끈따끈 한 겨울 빵 축제,서울 성동구 연무장길 95,서울 성동구 성수동2가 272-27,37.541203,127.059906,2024-11-29,2024-12-01
2213,제네시스 GV60 팝업,서울 성동구 연무장길 95,서울 성동구 성수동2가 272-27,37.541203,127.059906,2025-03-07,2025-03-16
1172,티르티르 성수 팝업,서울 성동구 연무장길 95,서울 성동구 성수동2가 272-27,37.541203,127.059906,2024-12-12,2025-01-12
2692,장하다 하림 맥시칸 팝업,서울 성동구 연무장길 95,서울 성동구 성수동2가 272-27,37.541164,127.0599,2025-05-15,2025-06-08
2475,스니커즈 팝업,서울 성동구 연무장길 95,서울 성동구 성수동2가 272-27,37.541157,127.05985,2025-05-01,2025-05-06
2423,카스 팝업,서울 성동구 연무장길 95,서울 성동구 성수동2가 272-27,37.541206,127.059906,2025-04-11,2025-04-20
589,라이즈 RIIZE : ON THE SING STREET 팝업,서울 성동구 연무장길 95,서울 성동구 성수동2가 272-27,37.541203,127.059906,2024-09-21,2024-10-06
773,짐빔 편식당 팝업,서울 성동구 연무장길 95,서울 성동구 성수동2가 272-27,37.541203,127.059906,2024-10-12,2024-10-20
4459,젤리캣 팝업,서울 성동구 연무장길 95,서울 성동구 연무장길 95 (성수동2가),37.541164,127.05988,2025-11-05,2025-12-28
3672,라로슈포제 팝업 ,서울 성동구 연무장길 95,서울 성동구 연무장길 95 (성수동2가),37.541172,127.05987,2025-08-30,2025-09-07
3801,2025 지식존중 팝업 - 경상북도 영양군편 ,서울 성동구 연무장길 95,서울 성동구 연무장길 95 (성수동2가),37.541164,127.05989,2025-09-12,2025-09-21
3062,골든듀 팝업,서울 성동구 연무장길 95,서울 성동구 연무장길 95 (성수동2가),37.541203,127.059906,2025-06-19,2025-06-22
4924,빤쮸토끼 팝업,서울 성동구 연무장길 97,서울 성동구 연무장길 97 (성수동2가),37.541252,127.06006,2025-12-12,2026-01-18
4483,MSI 노트북 팝업,서울 성동구 연무장길 97,서울 성동구 연무장길 97 (성수동2가),37.54126,127.06004,2025-11-01,2025-11-02
3094,헌치 팝업,서울 성동구 연무장길 97,서울 성동구 연무장길 97 (성수동2가),37.541313,127.06005,2025-06-20,2025-07-08
4615,아이더 X 코스모폴리탄 팝업 @SS33,서울 성동구 연무장길 97,서울 성동구 연무장길 97 (성수동2가),37.54127,127.06006,2025-11-21,2025-11-22
4461,"플레이뮤지엄 팝업 - Play the Game, Feel the Art",서울 성동구 연무장길 97,서울 성동구 연무장길 97 (성수동2가),37.54127,127.060005,2025-11-07,2025-11-09
3996,오플릭 팝업 ,서울 성동구 연무장길 97,서울 성동구 연무장길 97 (성수동2가),37.541264,127.06001,2025-09-25,2025-09-28
3598,나가노마켓 팝업 ,서울 성동구 연무장길 97,서울 성동구 연무장길 97 (성수동2가),37.54127,127.06004,2025-08-29,2025-09-14
4463,"모두의 게임문화 팝업 - Play Together, Feel Forever",서울 성동구 연무장길 97,서울 성동구 연무장길 97 (성수동2가),37.541245,127.06001,2025-11-07,2025-11-09
4421,29 스위트 하우스 팝업,서울 성동구 연무장길 97,서울 성동구 연무장길 97 (성수동2가),37.541275,127.06003,2025-11-26,2025-11-30
4273,압구정 막걸리 팝업,서울 성동구 연무장길 97-1,서울 성동구 성수동2가 272-32,37.54122,127.06015,2025-10-10,2025-10-23
2910,달링다운 와규 팝업,서울 성동구 연무장길 97-1,서울 성동구 연무장길 97-1 (성수동2가),37.54126,127.06016,2025-06-05,2025-06-07
3981,ITZY 팝업 - ON AIR ,서울 성동구 연무장길 97-1,서울 성동구 연무장길 97-1 (성수동2가),37.541237,127.06014,2025-09-19,2025-09-25
4384,알트지 인디게임 페스티벌,서울 성동구 연무장길 97-1,서울 성동구 연무장길 97-1 (성수동2가),37.541187,127.06011,2025-10-25,2025-10-25
2885,달링다운  감각의 미로 팝업,서울 성동구 연무장길 97-1,서울 성동구 연무장길 97-1 (성수동2가),37.54126,127.06016,2025-06-05,2025-06-07
3550,셀렉스 프로핏 팝업 - CHALLENGE FIELD,서울 성동구 연무장길 97-1,서울 성동구 연무장길 97-1 (성수동2가),37.54121,127.06014,2025-08-09,2025-08-10
5024,K-브랜드 글로우 팩토리 팝업,서울 성동구 연무장길 98,"서울 성동구 연무장길 98 (성수동2가, 98빌딩)",37.540928,127.059975,2025-12-18,2025-12-28
4187,핑크리본 팝업 - 에스티로더 컴퍼니즈 유방암 캠페인,서울 성동구 연무장길 98,"서울 성동구 연무장길 98 (성수동2가, 유성공장)",37.540874,127.05992,2025-10-16,2025-10-19
3240,NCT DREAM 팝업,서울 성동구 연무장길 98,"서울 성동구 연무장길 98 (성수동2가, 유성공장)",37.540913,127.05994,2025-07-10,2025-07-27
3850,하겐다즈 팝업 - 달콤한 럭셔리 ,서울 성동구 연무장길 98,"서울 성동구 연무장길 98 (성수동2가, 유성공장)",37.54094,127.05999,2025-09-05,2025-09-14
3632,2025 청년문화주간 <청년문화사용법: 네 개의 방>,서울 성동구 연무장길 98,"서울 성동구 연무장길 98 (성수동2가, 유성공장)",37.54094,127.05998,2025-08-29,2025-08-30
3543,PRPT(PromptSet) 전시 - VAULT SERVICE II,서울 성동구 연무장길 98,"서울 성동구 연무장길 98 (성수동2가, 유성공장)",37.54093,127.059975,2025-08-06,2025-08-10
2750,스타벅스앳홈 전시,서울 성동구 연무장길 98,"서울 성동구 연무장길 98 (성수동2가, 유성공장)",37.540874,127.059906,2025-05-16,2025-05-18
2662,포멜라토 팝업,서울 성동구 연무장길 99,서울 성동구 성수동2가 272-37,37.54113,127.06019,2025-05-01,2025-05-11
870,HERNO 팝업,서울 성동구 연무장길 99,서울 성동구 성수동2가 272-37,37.54113,127.06019,2024-10-24,2024-10-29
237,스탠드오일 팝업,서울 성동구 연무장길 99,서울 성동구 성수동2가 272-37,37.54113,127.06019,2024-08-01,2024-09-01
5385,스탠드오일 팝업,서울 성동구 연무장길 99,서울 성동구 연무장길 99 (성수동2가),37.54114,127.060196,2026-01-23,2026-01-25
4559,2025 라이브 커머스 쇼룸 팝업,서울 성동구 연무장길 99,서울 성동구 연무장길 99 (성수동2가),37.541134,127.060165,2025-11-08,2025-11-09
3338,투모로우바이투게더 팝업,서울 성동구 연무장길 99,서울 성동구 연무장길 99 (성수동2가),37.54113,127.06019,2025-07-22,2025-07-31
4426,가농 70주년 팝업 - eggshop,서울 성동구 연무장길 99,서울 성동구 연무장길 99 (성수동2가),37.5412,127.060165,2025-10-31,2025-11-02
4950,진도 곱창김 팝업 - 테토김 에겐밥,서울 성동구 연무장길 99,서울 성동구 연무장길 99 (성수동2가),37.5411,127.06021,2025-12-12,2025-12-14
5843,Feenah THE DATE GALLERY,서울 성동구 연무장길 99,서울 성동구 연무장길 99 (성수동2가),37.54115,127.0602,2026-03-19,2026-03-22
5752,썬러브 3주년 이벤트 - EXHIBITION,서울 성동구 연무장길 99,서울 성동구 연무장길 99 (성수동2가),37.54113,127.06019,2026-03-06,2026-03-08
2788,칼 라거펠트 팝업,서울 성동구 연무장길 99,서울 성동구 연무장길 99 (성수동2가),37.54113,127.06019,2025-05-17,2025-05-26
3308,배스킨라빈스 팝업 - 망빙고 가챠샵,서울 성동구 연무장길 99,서울 성동구 연무장길 99 (성수동2가),37.54113,127.06019,2025-07-17,2025-07-20
4859,봉화사과 팝업,서울 성동구 연무장길 99,서울 성동구 연무장길 99 (성수동2가),37.54112,127.06017,2025-12-06,2025-12-07
3613,칼린 팝업 ,서울 성동구 연무장길 99,서울 성동구 연무장길 99 (성수동2가),37.541115,127.06017,2025-08-14,2025-08-24
2581,비올디 미니 팝업,서울 성동구 왕십리로 101,서울 성동구 성수동1가 685-739,37.546646,127.044304,2025-04-23,2025-05-06
5634,온유 팝업 - TOUGH LOVE,서울 성동구 왕십리로 104,"서울 성동구 왕십리로 104 (성수동1가, 영화빌딩)",37.546825,127.04488,2026-03-08,2026-03-15
2330,배럴 X 클렘 킴 팝업,서울 성동구 왕십리로 106,서울 성동구 성수동1가 656-967,37.547012,127.04482,2025-03-15,2025-03-31
2469,대환장 기안장 팝업,서울 성동구 왕십리로 114,서울 성동구 성수동1가 656-297,37.547684,127.04475,2025-04-12,2025-04-20
1081,경기 골목 팝업,서울 성동구 왕십리로 114,서울 성동구 성수동1가 656-297,37.547684,127.04475,2024-11-13,2024-11-17
3251,칼로 팝업,서울 성동구 왕십리로 114,"서울 성동구 왕십리로 114 (성수동1가, 신한빌딩)",37.547684,127.04475,2025-07-08,2025-07-15
3136,eoa 팝업,서울 성동구 왕십리로 114,"서울 성동구 왕십리로 114 (성수동1가, 신한빌딩)",37.547684,127.04475,2025-06-27,2025-07-06
3336,닥터블릿 팝업,서울 성동구 왕십리로 114,"서울 성동구 왕십리로 114 (성수동1가, 신한빌딩)",37.547684,127.04475,2025-07-17,2025-07-27
3498,낫띵베럴 팝업 - 뚝섬,서울 성동구 왕십리로 114,"서울 성동구 왕십리로 114 (성수동1가, 신한빌딩)",37.54764,127.04475,2025-07-30,2025-08-10
406,무신사 뷰티 페스타 팝업,서울 성동구 왕십리로 121,서울 성동구 성수동1가 656-294,37.548294,127.04405,2024-08-19,2024-09-08
3676,슈퍼주니어 팝업 - SJ Market,서울 성동구 왕십리로 121,서울 성동구 왕십리로 121 (성수동1가),37.54828,127.04421,2025-08-15,2025-08-31
4005,그린홀 오픈 이벤트 ,서울 성동구 왕십리로 136,서울 성동구 왕십리로 136 (성수동1가),37.549652,127.04456,2025-09-19,2025-09-19
848,Billlie MEMORY BOX 팝업,서울 성동구 왕십리로 50,서울 성동구 성수동1가 656-335,37.5419,127.044975,2024-10-21,2024-10-27
4031,엔믹스 팝업 - 성수,서울 성동구 왕십리로 50,"서울 성동구 왕십리로 50 (성수동1가, 메가박스 스퀘어)",37.54186,127.04518,2025-09-26,2025-10-05
1442,시간의 모서리 전시,서울 성동구 왕십리로 63,서울 성동구 성수동1가 685-704,37.54362,127.04359,2024-12-22,2024-12-31
1702,멸종위기 야생생물 전시,서울 성동구 왕십리로 63,서울 성동구 성수동1가 685-704,37.543663,127.04337,2025-01-21,2025-01-26
414,오래오래 함께가게 팝업,서울 성동구 왕십리로 63,서울 성동구 성수동1가 685-704,37.54362,127.04359,2024-09-02,2024-09-29
2801,마인드풀 아트 페스티벌,서울 성동구 왕십리로 63,서울 성동구 성수동1가 685-704,37.543674,127.04332,2025-05-22,2025-05-23
1044,리플래닛 팝업,서울 성동구 왕십리로 63,서울 성동구 성수동1가 685-704,37.543472,127.044106,2024-11-01,2024-11-30
2338,성수마켓 팝업,서울 성동구 왕십리로 63,서울 성동구 성수동1가 685-704,37.54358,127.043495,2025-03-28,2025-03-30
1166,퐁당패밀리 성수 팝업,서울 성동구 왕십리로 63,서울 성동구 성수동1가 685-704,37.54362,127.04359,2024-11-29,2024-12-01
2526,21%파티 이벤트,서울 성동구 왕십리로 63,서울 성동구 성수동1가 685-704,37.54363,127.04367,2025-04-26,2025-04-26
442,서울쇼룸 <아트업 서울쇼룸> 팝업,서울 성동구 왕십리로 63,서울 성동구 성수동1가 685-704,37.543472,127.044106,2024-08-20,2024-09-01
473,오래오래 함께가게 팝업스토어,서울 성동구 왕십리로 63,서울 성동구 성수동1가 685-704,37.543472,127.044106,2024-09-02,2024-09-29
1298,스트로베리필즈 팝업,서울 성동구 왕십리로 63,서울 성동구 성수동1가 685-704,37.543606,127.043526,2024-12-06,2024-12-31
1642,빈프라임 팝업,서울 성동구 왕십리로 63,서울 성동구 성수동1가 685-704,37.543613,127.0435,2025-01-14,2025-05-31
2378,L4K3 팝업,서울 성동구 왕십리로 63,서울 성동구 성수동1가 685-704,37.54357,127.04366,2025-04-02,2025-06-01
1775,21%랩 팝업,서울 성동구 왕십리로 63,서울 성동구 성수동1가 685-704,37.543705,127.04335,2025-02-04,2025-02-16
1413,어니스트밀 팝업,서울 성동구 왕십리로 63,서울 성동구 성수동1가 685-704,37.54362,127.04359,2024-12-01,2024-12-31
1834,마이온리독 팝업,서울 성동구 왕십리로 63,서울 성동구 성수동1가 685-704,37.54367,127.04338,2025-02-01,2025-02-28
4340,발달장애 예술가&매개자 양성교육 팝업,서울 성동구 왕십리로 63,"서울 성동구 왕십리로 63 (성수동1가, 언더 스탠드 에비뉴)",37.543736,127.043076,2025-10-17,2025-10-22
3796,니트잡화점 플리마켓 - 다같이 눕장! 니트잡화점 ,서울 성동구 왕십리로 63,"서울 성동구 왕십리로 63 (성수동1가, 언더 스탠드 에비뉴)",37.54366,127.04346,2025-09-19,2025-09-21
3574,나잇스위밍 팝업 ,서울 성동구 왕십리로 63,"서울 성동구 왕십리로 63 (성수동1가, 언더 스탠드 에비뉴)",37.543736,127.0433,2025-08-01,2025-08-31
4015,2025 소셜벤처 엑스포 이벤트 ,서울 성동구 왕십리로 63,"서울 성동구 왕십리로 63 (성수동1가, 언더 스탠드 에비뉴)",37.543663,127.04338,2025-09-17,2025-09-18
3575,클레츠 팝업 ,서울 성동구 왕십리로 63,"서울 성동구 왕십리로 63 (성수동1가, 언더 스탠드 에비뉴)",37.54356,127.0439,2025-08-01,2025-08-31
3918,육우 축제 - Better Beef Market,서울 성동구 왕십리로 63,"서울 성동구 왕십리로 63 (성수동1가, 언더 스탠드 에비뉴)",37.543655,127.04342,2025-09-13,2025-09-14
3726,보아 데뷔 25주년 팝업 - Yellow Space by 25,서울 성동구 왕십리로 63,"서울 성동구 왕십리로 63 (성수동1가, 언더 스탠드 에비뉴)",37.54365,127.04349,2025-08-25,2025-08-31
3353,"한 컷, 한 숨 전시",서울 성동구 왕십리로 63,"서울 성동구 왕십리로 63 (성수동1가, 언더 스탠드 에비뉴)",37.543644,127.043335,2025-07-29,2025-08-02
4178,이야기 뜨개방 전시,서울 성동구 왕십리로 63,"서울 성동구 왕십리로 63 (성수동1가, 언더 스탠드 에비뉴)",37.54362,127.04359,2025-10-17,2025-10-21
4348,기후가 이사가래요 팝업 전시,서울 성동구 왕십리로 63,"서울 성동구 왕십리로 63 (성수동1가, 언더 스탠드 에비뉴)",37.54376,127.04313,2025-10-28,2025-11-02
4193,쓰루 플리마켓,서울 성동구 왕십리로 63,"서울 성동구 왕십리로 63 (성수동1가, 언더 스탠드 에비뉴)",37.543716,127.04316,2025-10-03,2025-10-05
3861,누구나 소셜링커가 될 수 있어 전시 ,서울 성동구 왕십리로 63,"서울 성동구 왕십리로 63 (성수동1가, 언더 스탠드 에비뉴)",37.543655,127.04341,2025-09-13,2025-09-14
4102,마르쉐 채소시장 팝업,서울 성동구 왕십리로 63,"서울 성동구 왕십리로 63 (성수동1가, 언더 스탠드 에비뉴)",37.543587,127.043884,2025-09-27,2025-09-27
3866,방울이의 타임캡슐 팝업,서울 성동구 왕십리로 63,"서울 성동구 왕십리로 63 (성수동1가, 언더 스탠드 에비뉴)",37.54362,127.04349,2025-09-03,2025-09-07
4288,마음을 세공하다 전시 - Emotion Reforged,서울 성동구 왕십리로 63,"서울 성동구 왕십리로 63 (성수동1가, 언더 스탠드 에비뉴)",37.543694,127.04331,2025-10-17,2025-10-21
3904,아름다운 수선혁명 랩 팝업 ,서울 성동구 왕십리로 63,"서울 성동구 왕십리로 63 (성수동1가, 언더 스탠드 에비뉴)",37.543713,127.04331,2025-09-02,2025-09-28
3018,오브유,서울 성동구 왕십리로 66-33,서울 성동구 성수동1가 656-471,37.54303,127.0455,2025-06-16,2025-06-16
877,블루아워 팝업,서울 성동구 왕십리로 80-1,서울 성동구 성수동1가 656-320,37.54472,127.04525,2024-10-25,2024-11-03
1791,"취향가옥: Art in Life, Life in Art 전시",서울 성동구 왕십리로 83-21,서울 성동구 성수동1가 685-700,37.544155,127.04336,2024-11-15,2025-05-18
1830,라브아 팝업,서울 성동구 왕십리로 83-21,서울 성동구 성수동1가 685-700,37.544147,127.04347,2025-02-08,2025-02-14
4945,마이 무스비 팝업,서울 성동구 왕십리로 83-21,"서울 성동구 왕십리로 83-21 (성수동1가, 아크로 서울포레스트)",37.54412,127.0433,2025-12-08,2025-12-14
3443,"취향가옥 2 전시 -Art in Life, Life in Art 2",서울 성동구 왕십리로 83-21,"서울 성동구 왕십리로 83-21 (성수동1가, 아크로 서울포레스트)",37.54408,127.04353,2025-06-28,2026-02-22
4627,울릉도 팝업 - WAVE ON ULLENG,서울 성동구 왕십리로 96-1,서울 성동구 왕십리로 96-1 (성수동1가),37.54629,127.044876,2025-11-13,2025-11-16
921,힙촌일기 도농상생 안테나샵,서울 성동구 왕십리로10길 1-14,서울 성동구 성수동1가 656-1039,37.547424,127.04498,2024-10-25,2024-12-25
875,힙촌일기 도농상생 안테나샵 팝업,서울 성동구 왕십리로10길 1-14,서울 성동구 성수동1가 656-1039,37.547424,127.04498,2024-10-25,2024-12-25
880,힙촌일기 도농상생 안테나샵,서울 성동구 왕십리로10길 1-14,서울 성동구 성수동1가 656-1039,37.547424,127.04498,2024-10-25,2024-12-25
3852,주걸륜 팝업 ,서울 성동구 왕십리로10길 3,서울 성동구 왕십리로10길 3 (성수동1가),37.54713,127.04507,2025-09-01,2025-09-15
3919,쉘코퍼레이션 팝업 ,서울 성동구 왕십리로14길 7,서울 성동구 왕십리로14길 7 (성수동1가),37.549435,127.045044,2025-09-11,2025-10-31
971,민더리 24WINTER 팝업,서울 성동구 왕십리로14길 9,서울 성동구 성수동1가 656-1767,37.549355,127.04515,2024-11-07,2024-11-10
1411,슈퍼스타 10주년 기념 팝업,서울 성동구 왕십리로16가길 30-12,서울 성동구 성수동1가 656-1833,37.550938,127.045555,2024-12-20,2024-12-22
5683,씨미즈 쇼룸 샘플 세일 이벤트,서울 성동구 왕십리로16가길 30-3,서울 성동구 왕십리로16가길 30-3 (성수동1가),37.55114,127.045456,2026-02-26,2026-02-28
4092,드랍 바이 드립 이벤트,서울 성동구 왕십리로4가길 3,서울 성동구 왕십리로4가길 3 (성수동1가),37.545536,127.04597,2025-09-27,2025-09-27
5342,뿌까 X 정지선 셰프 팝업,서울 성동구 왕십리로4길 3,서울 성동구 왕십리로4길 3 (성수동1가),37.545673,127.04526,2026-01-30,2026-02-01
213,배틀그라운드 팝업스토어,서울 성동구 왕십리로4길 5,서울 성동구 성수동1가 656-345,37.546085,127.04543,2024-08-01,2024-08-18
602,펍지 성수 2차 팝업,서울 성동구 왕십리로4길 5,서울 성동구 성수동1가 656-345,37.54588,127.045616,2024-09-19,2024-10-06
2664,배틀그라운드 모바일 7주년 기념 팝업,서울 성동구 왕십리로4길 5,서울 성동구 성수동1가 656-345,37.546085,127.04543,2025-05-20,2025-05-25
171,배틀그라운드 팝업,서울 성동구 왕십리로4길 5,서울 성동구 성수동1가 656-345,37.546085,127.04543,2024-08-01,2024-08-18
219,배틀그라운드 팝업스토어,서울 성동구 왕십리로4길 5,서울 성동구 성수동1가 656-345,37.546085,127.04543,2024-08-01,2024-08-18
5098,펍지 홈커밍 이벤트,서울 성동구 왕십리로4길 5,"서울 성동구 왕십리로4길 5 (성수동1가, 한일피복공업(주))",37.54609,127.045456,2025-12-18,2026-01-04
4041,웁 비주얼 아트 페스티벌,서울 성동구 왕십리로4길 5,"서울 성동구 왕십리로4길 5 (성수동1가, 한일피복공업(주))",37.546085,127.04543,2025-09-26,2025-09-28
3917,펍지 X 지드래곤 팝업 ,서울 성동구 왕십리로4길 5,"서울 성동구 왕십리로4길 5 (성수동1가, 한일피복공업(주))",37.546097,127.04541,2025-09-11,2025-09-14
4049,테이스티 성수 치킨 파티 - 위너위너 치킨디너,서울 성동구 왕십리로4길 5,"서울 성동구 왕십리로4길 5 (성수동1가, 한일피복공업(주))",37.54609,127.04545,2025-09-17,2025-09-21
3298,펍지 네이션스 컵 2025 사전 팝업 이벤트,서울 성동구 왕십리로4길 5,"서울 성동구 왕십리로4길 5 (성수동1가, 한일피복공업(주))",37.546085,127.04543,2025-07-12,2025-07-20
5305,펍지 성수 윈터스쿨,서울 성동구 왕십리로4길 5,"서울 성동구 왕십리로4길 5 (성수동1가, 한일피복공업(주))",37.546085,127.04543,2026-01-17,2026-02-27
4737,팝업 아니긴해 팝업,서울 성동구 왕십리로4길 5,"서울 성동구 왕십리로4길 5 (성수동1가, 한일피복공업(주))",37.54608,127.045456,2025-11-26,2025-11-27
3538,펍지 성수 이벤트 - SUMMER SCHOOL,서울 성동구 왕십리로4길 5,"서울 성동구 왕십리로4길 5 (성수동1가, 한일피복공업(주))",37.54609,127.04542,2025-08-06,2025-08-31
4435,캠브리지 멤버스 X 로리엣 팝업,서울 성동구 왕십리로5길 19,"서울 성동구 왕십리로5길 19 (성수동1가, 성수상가)",37.547752,127.04353,2025-10-25,2025-11-02
4299,무모한 상점 몬치치 팝업 - 성수,서울 성동구 왕십리로6길 14-1,서울 성동구 왕십리로6길 14-1 (성수동1가),37.54579,127.046234,2025-11-08,2025-11-10
5758,지읒리을 막걸리 팝업,서울 성동구 장터길 51,"서울 성동구 장터길 51 (금호동3가, 플레져미디어빌딩)",37.54843,127.02165,2026-01-19,2026-03-22
4122,두근두근 별길마켓 이벤트,서울 성북구 동소문로 248,"서울 성북구 동소문로 248 (길음동, 길음삼부컨버니언아파트)",37.603485,127.024734,2025-10-25,2025-10-25
1915,씨드비 물염색 팝업,서울 성북구 동소문로 315,서울 성북구 길음동 20-1,37.60844,127.02859,2025-02-14,2025-02-23
1971,니얼지 팝업 - 미아,서울 성북구 동소문로 315,서울 성북구 길음동 20-1,37.608402,127.02869,2025-02-04,2025-02-28
1439,킨제네라 팝업,서울 성북구 동소문로 315,서울 성북구 길음동 20-1,37.60839,127.02867,2024-12-19,2024-12-29
1914,퍼플퀸 팝업,서울 성북구 동소문로 315,서울 성북구 길음동 20-1,37.608406,127.028625,2025-02-14,2025-02-27
1916,명랑핫도그 팝업 - 미아,서울 성북구 동소문로 315,서울 성북구 길음동 20-1,37.608414,127.029015,2025-02-14,2025-02-27
395,글리팅 연구실 팝업,서울 성북구 동소문로 315,서울 성북구 길음동 20-1,37.608482,127.02875,2024-08-22,2024-09-01
4182,로우온보드 팝업,서울 성북구 삼양로 41,"서울 성북구 삼양로 41 (길음동, 한우리타운)",37.60673,127.0236,2025-10-10,2025-10-30
5813,한나니트 X 한나얀 팝업,서울 성북구 삼양로 41,"서울 성북구 삼양로 41 (길음동, 한우리타운)",37.606777,127.02358,2026-03-04,2026-03-29
5616,길마르뜨 in 공업사,서울 성북구 삼양로 41,"서울 성북구 삼양로 41 (길음동, 한우리타운)",37.60679,127.0236,2026-02-21,2026-02-28
4517,공상빵 팝업 - 뭉치고 터지고 지나가고,서울 성북구 삼양로 41,"서울 성북구 삼양로 41 (길음동, 한우리타운)",37.606712,127.02359,2025-11-05,2025-11-28
3976,청년창업실험공간 공업사 팝업 - PRODUCT STORAGE,서울 성북구 삼양로 41,"서울 성북구 삼양로 41 (길음동, 한우리타운)",37.60671,127.02358,2025-09-06,2025-09-28
3758,비플레인 팝업 ,서울 성북구 성북로14길 8,서울 성북구 성북로14길 8 (성북동),37.59372,127.00133,2025-08-27,2025-09-10
3784,슈퍼 믹스 마켓 팝업 ,서울 성북구 정릉로 104,"서울 성북구 정릉로 104 (정릉동, 이안테라디움 성북)",37.609,126.99667,2025-08-29,2025-08-31
2747,아무로키 팝업,서울 성북구 종암로10길 26,서울 성북구 종암로10길 26 (종암동),37.596004,127.037056,2025-05-02,2025-05-21
5085,일룸 전시 - 공부하는 집: 작은 작업자의 리듬,서울 송파구 가락로40길 15-21,서울 송파구 가락로40길 15-21 (방이동),37.511772,127.12097,2026-01-16,2026-02-14
4765,온휴스파 2주년 팝업,서울 송파구 백제고분로21길 15,서울 송파구 백제고분로21길 15 (삼전동),37.505325,127.09014,2025-12-11,2025-12-11
5200,로버블 팝업,서울 송파구 백제고분로36가길 15,서울 송파구 석촌동 58-24,37.50446,127.10166,2026-01-10,2026-01-10
440,진저베어 팝업 X 끽 비어 맥주 팝업,서울 송파구 백제고분로41길 43-7,서울 송파구 송파동 8-10,37.509098,127.105385,2024-09-06,2024-09-08
2687,칠성사이다 740 팝업 - 잠실,서울 송파구 백제고분로45길 18,서울 송파구 송파동 52-15,37.509895,127.10972,2025-05-02,2025-05-18
3954,위켄드 이벤트 - WEEKEND RUNNING CLUB,서울 송파구 성내천로 138,"서울 송파구 성내천로 138 (거여동, 태영빌딩)",37.49899,127.143814,2025-09-27,2025-09-27
3416,냉기주의보 팝업 - 서늘한 서점,서울 송파구 오금로 20,"서울 송파구 오금로 20 (신천동, 잠실나루역)",37.522163,127.10411,2025-07-22,2025-09-21
4662,새로 가챠 팝업스토어 in 방이,서울 송파구 오금로11길 22,"서울 송파구 오금로11길 22 (방이동, 동림빌딩)",37.514744,127.10965,2025-11-21,2025-12-14
3700,두산베어스 X 망그러진곰 팝업 - 망곰베어스 DAY,서울 송파구 올림픽로 19-2,"서울 송파구 올림픽로 19-2 (잠실동, 가로판매대)",37.511856,127.07192,2025-08-22,2025-08-24
3956,LG 콜랩샵 팝업,서울 송파구 올림픽로 19-2,"서울 송파구 올림픽로 19-2 (잠실동, 가로판매대)",37.511253,127.07286,2025-09-11,2025-09-14
2764,LG트윈스 X 헬로키티 팝업,서울 송파구 올림픽로 19-2,"서울 송파구 올림픽로 19-2 (잠실동, 가로판매대)",37.511772,127.07174,2025-05-16,2025-05-18
2890,LG트윈스 LEGEND SALE 팝업,서울 송파구 올림픽로 19-2,"서울 송파구 올림픽로 19-2 (잠실동, 가로판매대)",37.511253,127.07286,2025-05-30,2025-06-01
218,무적 마루 데이 팝업,서울 송파구 올림픽로 19-2,서울 송파구 잠실동 10-1,37.511253,127.07286,2024-08-27,2024-08-29
2470,LG트윈스 X 최고심 팝업,서울 송파구 올림픽로 19-2,서울 송파구 잠실동 10-1,37.51148,127.07242,2025-04-11,2025-04-13
4259,진격의 거인 팝업 - 잠실,서울 송파구 올림픽로 240,"서울 송파구 올림픽로 240 (잠실동, 롯데월드)",37.51111,127.09883,2025-10-03,2025-10-19
4335,이 결혼은 어차피 망하게 되어있다 X 2025 월드 웹툰 페스티벌 팝업,서울 송파구 올림픽로 240,"서울 송파구 올림픽로 240 (잠실동, 롯데월드)",37.511024,127.099144,2025-10-16,2025-10-26
3382,제이제이 디저트 팝업,서울 송파구 올림픽로 240,"서울 송파구 올림픽로 240 (잠실동, 롯데월드)",37.511513,127.09902,2025-07-18,2025-07-31
5162,스파이 패밀리 X 애니메이트 콜라보 카페 - 잠실,서울 송파구 올림픽로 240,"서울 송파구 올림픽로 240 (잠실동, 롯데월드)",37.510807,127.09716,2026-01-03,2026-01-18
5457,바쿠 팝업_사본,서울 송파구 올림픽로 240,"서울 송파구 올림픽로 240 (잠실동, 롯데월드)",37.51131,127.098145,2026-01-30,2026-02-13
5339,씨엔블루 팝업스토어,서울 송파구 올림픽로 240,"서울 송파구 올림픽로 240 (잠실동, 롯데월드)",37.512035,127.098564,2026-01-16,2026-01-21
5235,루이까또즈 팝업,서울 송파구 올림픽로 240,"서울 송파구 올림픽로 240 (잠실동, 롯데월드)",37.511215,127.09865,2026-01-07,2026-02-15
3602,시오사쿠 팝업 ,서울 송파구 올림픽로 240,"서울 송파구 올림픽로 240 (잠실동, 롯데월드)",37.511147,127.0973,2025-08-08,2025-08-21
3887,끌라베 팝업 ,서울 송파구 올림픽로 240,"서울 송파구 올림픽로 240 (잠실동, 롯데월드)",37.51116,127.09716,2025-09-04,2025-09-18
3177,익명깨꾹 팝업,서울 송파구 올림픽로 240,"서울 송파구 올림픽로 240 (잠실동, 롯데월드)",37.51094,127.09799,2025-07-11,2025-08-11
3832,꾸미버스 팝업 ,서울 송파구 올림픽로 240,"서울 송파구 올림픽로 240 (잠실동, 롯데월드)",37.51075,127.097206,2025-09-01,2025-09-11
2957,우주먼지 팝업,서울 송파구 올림픽로 240,"서울 송파구 올림픽로 240 (잠실동, 롯데월드)",37.510944,127.09792,2025-06-03,2025-07-09
3865,레인즈 팝업 ,서울 송파구 올림픽로 240,"서울 송파구 올림픽로 240 (잠실동, 롯데월드)",37.51123,127.097145,2025-08-28,2025-09-17
4312,유토피베이커리 팝업,서울 송파구 올림픽로 240,"서울 송파구 올림픽로 240 (잠실동, 롯데월드)",37.510986,127.09882,2025-10-17,2025-10-30
3717,슈퍼드라이 팝업 ,서울 송파구 올림픽로 240,"서울 송파구 올림픽로 240 (잠실동, 롯데월드)",37.51116,127.0988,2025-08-19,2025-08-24
3556,화전리제빵소 팝업 ,서울 송파구 올림픽로 240,"서울 송파구 올림픽로 240 (잠실동, 롯데월드)",37.511185,127.0973,2025-08-08,2025-08-21
3735,테틈 팝업 - TETEUM VILLAGE VACANCE,서울 송파구 올림픽로 240,"서울 송파구 올림픽로 240 (잠실동, 롯데월드)",37.511368,127.098236,2025-08-13,2025-09-14
3555,호과당 팝업,서울 송파구 올림픽로 240,"서울 송파구 올림픽로 240 (잠실동, 롯데월드)",37.51136,127.09765,2025-08-08,2025-08-21
3944,우마뭉 팝업 ,서울 송파구 올림픽로 240,"서울 송파구 올림픽로 240 (잠실동, 롯데월드)",37.51115,127.09724,2025-09-09,2025-09-22
5160,오베베 베이커리 팝업,서울 송파구 올림픽로 240,"서울 송파구 올림픽로 240 (잠실동, 롯데월드)",37.510895,127.09888,2026-01-02,2026-01-15
5608,올데이스테이 팝업,서울 송파구 올림픽로 240,"서울 송파구 올림픽로 240 (잠실동, 롯데월드)",37.512016,127.0986,2026-02-13,2026-03-02
3525,여수언니 팝업 - 잠실,서울 송파구 올림픽로 240,"서울 송파구 올림픽로 240 (잠실동, 롯데월드)",37.511227,127.09797,2025-08-01,2025-08-07
4795,미스터리 수사반 X 픽셀리 전시 - The Prism 展,서울 송파구 올림픽로 240,"서울 송파구 올림픽로 240 (잠실동, 롯데월드)",37.511314,127.09832,2025-12-12,2026-01-18
5169,더발론 팝업,서울 송파구 올림픽로 240,"서울 송파구 올림픽로 240 (잠실동, 롯데월드)",37.511086,127.09918,2026-01-02,2026-01-15
4233,만듀듀 팝업,서울 송파구 올림픽로 240,"서울 송파구 올림픽로 240 (잠실동, 롯데월드)",37.510838,127.09932,2025-10-07,2025-10-16
3712,유동부 치아바타 팝업 ,서울 송파구 올림픽로 240,"서울 송파구 올림픽로 240 (잠실동, 롯데월드)",37.511337,127.09835,2025-08-22,2025-09-04
3983,야구공빵 팝업 ,서울 송파구 올림픽로 240,"서울 송파구 올림픽로 240 (잠실동, 롯데월드)",37.51089,127.09734,2025-09-12,2025-09-17
3782,지평탁주 팝업 ,서울 송파구 올림픽로 240,"서울 송파구 올림픽로 240 (잠실동, 롯데월드)",37.51131,127.09827,2025-08-16,2025-09-13
4855,악월 X 애니메이트 콜라보 카페 - 잠실,서울 송파구 올림픽로 240,"서울 송파구 올림픽로 240 (잠실동, 롯데월드)",37.510994,127.09854,2025-12-19,2026-01-04
3558,마블 팝업 ,서울 송파구 올림픽로 240,"서울 송파구 올림픽로 240 (잠실동, 롯데월드)",37.511387,127.09756,2025-08-08,2025-08-18
4854,40까지 하고 싶은 10가지 일 X 그라떼 콜라보 카페 - 잠실,서울 송파구 올림픽로 240,"서울 송파구 올림픽로 240 (잠실동, 롯데월드)",37.511005,127.09898,2025-12-12,2026-01-12
2848,처칠롬퍼 팝업,서울 송파구 올림픽로 240,"서울 송파구 올림픽로 240 (잠실동, 롯데월드)",37.51178,127.09869,2025-05-28,2025-06-30
5629,오고르 팝업,서울 송파구 올림픽로 240,"서울 송파구 올림픽로 240 (잠실동, 롯데월드)",37.51201,127.098625,2026-02-18,2026-02-26
4175,전지적 독자 시점 전시 - 구원의 마왕전,서울 송파구 올림픽로 240,"서울 송파구 올림픽로 240 (잠실동, 롯데월드)",37.511333,127.09868,2025-10-01,2025-11-23
5426,탄산마그네슘 팝업,서울 송파구 올림픽로 240,"서울 송파구 올림픽로 240 (잠실동, 롯데월드)",37.51135,127.09823,2026-01-22,2026-02-05
2969,스텔라이브 페어 - 잠실,서울 송파구 올림픽로 240,"서울 송파구 올림픽로 240 (잠실동, 롯데월드)",37.511078,127.09867,2025-06-06,2025-06-22
3982,주세페주스티 팝업 ,서울 송파구 올림픽로 240,"서울 송파구 올림픽로 240 (잠실동, 롯데월드)",37.510967,127.09886,2025-09-12,2025-10-02
5051,주토피아 2 팝업 - 잠실,서울 송파구 올림픽로 240,"서울 송파구 올림픽로 240 (잠실동, 롯데월드)",37.51087,127.09934,2025-12-17,2026-01-08
5290,은하특급 밀키☆서브웨이 X 애니메이트 콜라보 카페 - 잠실,서울 송파구 올림픽로 240,"서울 송파구 올림픽로 240 (잠실동, 롯데월드)",37.510944,127.09718,2026-02-01,2026-02-28
3936,SK-II 팝업 - One & Only SK-II,서울 송파구 올림픽로 240,"서울 송파구 올림픽로 240 (잠실동, 롯데월드)",37.51131,127.098145,2025-09-12,2025-09-21
4003,오씸 팝업 ,서울 송파구 올림픽로 240,"서울 송파구 올림픽로 240 (잠실동, 롯데월드)",37.511147,127.09746,2025-09-19,2025-09-23
2861,베르사체퍼퓸 팝업,서울 송파구 올림픽로 240,"서울 송파구 올림픽로 240 (잠실동, 롯데월드)",37.51153,127.09886,2025-05-26,2025-06-01
5303,다즈비 X 애니메이트 콜라보 카페 - 잠실_사본,서울 송파구 올림픽로 240,"서울 송파구 올림픽로 240 (잠실동, 롯데월드)",37.510906,127.09708,2026-01-14,2026-02-08
5778,헬로키티 X 롯데호텔 월드 콜라보 뷔페,서울 송파구 올림픽로 240,"서울 송파구 올림픽로 240 (잠실동, 롯데월드)",37.511086,127.09812,2026-03-01,2026-04-30
4621,옐로우 삭스 팝업,서울 송파구 올림픽로 240,"서울 송파구 올림픽로 240 (잠실동, 롯데월드)",37.510895,127.09885,2025-11-11,2025-11-25
4832,슈타인즈 게이트 15주년 기념 팝업 - 잠실,서울 송파구 올림픽로 240,"서울 송파구 올림픽로 240 (잠실동, 롯데월드)",37.511093,127.09909,2025-11-28,2025-12-14
4938,아이돌마스터 샤이니 컬러즈 X 애니메이트 콜라보 카페,서울 송파구 올림픽로 240,"서울 송파구 올림픽로 240 (잠실동, 롯데월드)",37.511166,127.09926,2025-12-19,2026-01-13
5165,니지산지 X 애니메이트 콜라보 카페 - Crystal Clockwork,서울 송파구 올림픽로 240,"서울 송파구 올림픽로 240 (잠실동, 롯데월드)",37.51092,127.099144,2026-01-16,2026-02-10
5519,마일드무무 X 그린라이트 팝업,서울 송파구 올림픽로 240,"서울 송파구 올림픽로 240 (잠실동, 롯데월드)",37.512054,127.09851,2026-02-06,2026-03-05
2869,롯데월드 X 포켓몬 썸머 페스타,서울 송파구 올림픽로 240,"서울 송파구 올림픽로 240 (잠실동, 롯데월드)",37.51106,127.09795,2025-06-07,2025-08-31
4107,투플레이츠투플레이스 팝업,서울 송파구 올림픽로 240,"서울 송파구 올림픽로 240 (잠실동, 롯데월드)",37.51099,127.099304,2025-09-22,2025-10-05
4109,하이산 팝업,서울 송파구 올림픽로 240,"서울 송파구 올림픽로 240 (잠실동, 롯데월드)",37.51112,127.09885,2025-09-26,2025-10-09
5722,승리의 여신: 니케 X 애니메이트 콜라보 카페 - 잠실,서울 송파구 올림픽로 240,"서울 송파구 올림픽로 240 (잠실동, 롯데월드)",37.51115,127.09816,2026-02-13,2026-03-17
4156,당고네 팝업,서울 송파구 올림픽로 240,"서울 송파구 올림픽로 240 (잠실동, 롯데월드)",37.51092,127.09867,2025-10-01,2025-10-19
4294,브론즈윅 아메리칸 빈티지 팝업,서울 송파구 올림픽로 240,"서울 송파구 올림픽로 240 (잠실동, 롯데월드)",37.51091,127.098976,2025-10-18,2025-10-24
4457,이프로 팝업 - 물투명 편의점,서울 송파구 올림픽로 240,"서울 송파구 올림픽로 240 (잠실동, 롯데월드)",37.510883,127.09895,2025-10-29,2025-11-02
5899,유나 팝업,서울 송파구 올림픽로 240,"서울 송파구 올림픽로 240 (잠실동, 롯데월드)",37.511925,127.09854,2026-03-24,2026-03-30
5270,아조바이아조 팝업 - KINETIC STAGE,서울 송파구 올림픽로 240,"서울 송파구 올림픽로 240 (잠실동, 롯데월드)",37.512066,127.09854,2026-01-09,2026-01-15
5301,다즈비 X 애니메이트 콜라보 카페 - 잠실,서울 송파구 올림픽로 240,"서울 송파구 올림픽로 240 (잠실동, 롯데월드)",37.510906,127.09708,2026-01-14,2026-02-08
5272,아조바이아조 팝업 - EVENT HALL,서울 송파구 올림픽로 240,"서울 송파구 올림픽로 240 (잠실동, 롯데월드)",37.512074,127.09863,2026-01-16,2026-01-22
5300,스파이 패밀리 X 애니메이트 콜라보 카페 - 잠실_사본,서울 송파구 올림픽로 240,"서울 송파구 올림픽로 240 (잠실동, 롯데월드)",37.510807,127.09716,2026-01-03,2026-01-18
4941,월리를 찾아라 팝업,서울 송파구 올림픽로 240,"서울 송파구 올림픽로 240 (잠실동, 롯데월드)",37.510735,127.09728,2025-12-04,2025-12-31
5271,아조바이아조 팝업 - KINETIC STAGE_사본,서울 송파구 올림픽로 240,"서울 송파구 올림픽로 240 (잠실동, 롯데월드)",37.512066,127.09854,2026-01-09,2026-01-15
5661,디앤드퀘스천 팝업 - 롯데잠실,서울 송파구 올림픽로 240,"서울 송파구 올림픽로 240 (잠실동, 롯데월드)",37.51211,127.098526,2026-03-06,2026-03-19
4682,써스데이아일랜드 X 키키 팝업,서울 송파구 올림픽로 240,"서울 송파구 올림픽로 240 (잠실동, 롯데월드)",37.510773,127.09882,2025-11-21,2025-12-04
3714,이야빠빵 팝업 ,서울 송파구 올림픽로 240,"서울 송파구 올림픽로 240 (잠실동, 롯데월드)",37.511414,127.0975,2025-08-22,2025-09-04
4079,시시호시 팝업 - 키네틱 그라운드,서울 송파구 올림픽로 240,"서울 송파구 올림픽로 240 (잠실동, 롯데월드)",37.51102,127.09913,2025-09-26,2025-10-14
4617,엥모둔 팝업,서울 송파구 올림픽로 240,"서울 송파구 올림픽로 240 (잠실동, 롯데월드)",37.51094,127.098755,2025-11-11,2025-11-20
5302,다즈비 X 애니메이트 콜라보 카페 - 잠실_사본,서울 송파구 올림픽로 240,"서울 송파구 올림픽로 240 (잠실동, 롯데월드)",37.510906,127.09708,2026-01-03,2026-01-18
5571,루블리스 팝업,서울 송파구 올림픽로 240,"서울 송파구 올림픽로 240 (잠실동, 롯데월드)",37.512062,127.098564,2026-02-20,2026-03-05
4084,안상규벌꿀 챕터82‘ 팝업,서울 송파구 올림픽로 240,"서울 송파구 올림픽로 240 (잠실동, 롯데월드)",37.510963,127.09882,2025-09-15,2025-10-04
4803,KBL X 마블 팝업,서울 송파구 올림픽로 240,"서울 송파구 올림픽로 240 (잠실동, 롯데월드)",37.51137,127.09854,2025-11-28,2025-12-07
4228,리이제 팝업 - 잠실,서울 송파구 올림픽로 240,"서울 송파구 올림픽로 240 (잠실동, 롯데월드)",37.51086,127.09926,2025-10-15,2025-10-21
5562,라이트업 스튜디오 X 그린라이트 팝업,서울 송파구 올림픽로 240,"서울 송파구 올림픽로 240 (잠실동, 롯데월드)",37.512035,127.098564,2026-02-06,2026-03-05
4705,제이에스티나 팝업,서울 송파구 올림픽로 240,"서울 송파구 올림픽로 240 (잠실동, 롯데월드)",37.511234,127.0974,2025-11-20,2025-12-02
4858,떼르드 캐시미어 팝업,서울 송파구 올림픽로 240,"서울 송파구 올림픽로 240 (잠실동, 롯데월드)",37.511097,127.09884,2025-12-05,2025-12-18
5620,폴바셋 이벤트,서울 송파구 올림픽로 240,"서울 송파구 올림픽로 240 (잠실동, 롯데월드)",37.512012,127.09854,2026-02-12,2026-02-28
5222,포레포레 팝업,서울 송파구 올림픽로 240,"서울 송파구 올림픽로 240 (잠실동, 롯데월드)",37.511246,127.09828,2026-01-02,2026-01-15
5454,바쿠 팝업,서울 송파구 올림픽로 240,"서울 송파구 올림픽로 240 (잠실동, 롯데월드)",37.51131,127.098145,2026-01-30,2026-02-13
4978,알로 팝업,서울 송파구 올림픽로 240,"서울 송파구 올림픽로 240 (잠실동, 롯데월드)",37.51084,127.09882,2025-12-12,2026-01-04
5287,러브앤딥스페이스 X 애니메이트 콜라보 카페 - 잠실,서울 송파구 올림픽로 240,"서울 송파구 올림픽로 240 (잠실동, 롯데월드)",37.510883,127.097275,2026-01-17,2026-02-15
4574,닥스모자 팝업,서울 송파구 올림픽로 240,"서울 송파구 올림픽로 240 (잠실동, 롯데월드)",37.51069,127.09852,2025-11-11,2025-11-16
5453,입생로랑 팝업 - YSL 발렌타인 컬렉션,서울 송파구 올림픽로 240,"서울 송파구 올림픽로 240 (잠실동, 롯데월드)",37.51201,127.098595,2026-01-26,2026-02-28
4571,하츠네미쿠 X 애니메이트 콜라보 카페,서울 송파구 올림픽로 240,"서울 송파구 올림픽로 240 (잠실동, 롯데월드)",37.511154,127.09859,2025-11-19,2025-12-16
4807,소담정찬 팝업,서울 송파구 올림픽로 240,"서울 송파구 올림픽로 240 (잠실동, 롯데월드)",37.511257,127.09732,2025-11-28,2025-12-04
3557,바바라 팝업 ,서울 송파구 올림픽로 240,"서울 송파구 올림픽로 240 (잠실동, 롯데월드)",37.51131,127.098145,2025-08-08,2025-08-21
5444,제이제이디저트 팝업,서울 송파구 올림픽로 240,"서울 송파구 올림픽로 240 (잠실동, 롯데월드)",37.512,127.098526,2026-01-26,2026-02-15
1207,위자드몰 팝업 - 잠실,서울 송파구 올림픽로 240,서울 송파구 잠실동 40-1,37.511364,127.097855,2024-12-18,2024-12-30
834,나이스 클랍 X L.point 팝업,서울 송파구 올림픽로 240,서울 송파구 잠실동 40-1,37.5116,127.09815,2024-10-18,2024-11-07
847,돌체앤가바나 뷰티 팝업,서울 송파구 올림픽로 240,서울 송파구 잠실동 40-1,37.511375,127.097305,2024-10-21,2024-11-03
1453,커렌트 팝업,서울 송파구 올림픽로 240,서울 송파구 잠실동 40-1,37.511787,127.09907,2024-12-20,2025-01-09
1013,조선양봉 잠실 팝업,서울 송파구 올림픽로 240,서울 송파구 잠실동 40-1,37.51194,127.0992,2024-11-01,2024-11-07
60,부스럭x우주먼지 팝업,서울 송파구 올림픽로 240,서울 송파구 잠실동 40-1,37.511227,127.09836,2024-06-28,2024-07-31
489,119레오 팝업,서울 송파구 올림픽로 240,서울 송파구 잠실동 40-1,37.511936,127.09798,2024-08-30,2024-09-12
2079,필립스 라떼고 팝업,서울 송파구 올림픽로 240,서울 송파구 잠실동 40-1,37.511185,127.09769,2025-03-14,2025-03-20
1092,송지오 팝업,서울 송파구 올림픽로 240,서울 송파구 잠실동 40-1,37.51159,127.09774,2024-11-12,2024-11-25
2665,메이크어토스트 팝업,서울 송파구 올림픽로 240,서울 송파구 잠실동 40-1,37.511604,127.09864,2025-05-01,2025-05-14
672,핏플랍 X SHK 팝업,서울 송파구 올림픽로 240,서울 송파구 잠실동 40-1,37.512012,127.09856,2024-09-19,2024-10-02
830,폴앤안나 팝업,서울 송파구 올림픽로 240,서울 송파구 잠실동 40-1,37.51193,127.098785,2024-10-15,2024-10-27
1091,온앤온 팝업,서울 송파구 올림픽로 240,서울 송파구 잠실동 40-1,37.51185,127.09902,2024-11-08,2024-11-21
1605,비뮤즈맨션 팝업,서울 송파구 올림픽로 240,서울 송파구 잠실동 40-1,37.511806,127.09854,2025-01-10,2025-01-23
1093,GINORI 1735 팝업,서울 송파구 올림픽로 240,서울 송파구 잠실동 40-1,37.51142,127.09872,2024-11-08,2024-11-18
2026,마이멜로디 X 롯데호텔 월드 콜라보 뷔페 팝업,서울 송파구 올림픽로 240,서울 송파구 잠실동 40-1,37.511177,127.10014,2025-03-01,2025-04-30
202,모리스보리스 팝업,서울 송파구 올림픽로 240,서울 송파구 잠실동 40-1,37.51119,127.098335,2024-07-26,2024-08-08
488,119레오 팝업스토어,서울 송파구 올림픽로 240,서울 송파구 잠실동 40-1,37.512012,127.09856,2024-08-30,2024-09-12
1610,설화수 자음생 팝업 - 잠실,서울 송파구 올림픽로 240,서울 송파구 잠실동 40-1,37.511555,127.09851,2025-01-17,2025-01-23
543,픽사 스튜디오 팝업,서울 송파구 올림픽로 240,서울 송파구 잠실동 40-1,37.512127,127.09799,2024-09-13,2024-09-29
754,Y포차 X 롯데월드 팝업,서울 송파구 올림픽로 240,서울 송파구 잠실동 40-1,37.51113,127.09812,2024-10-09,2024-10-13
1781,"시시호시 Love, Dear 팝업 - 잠실",서울 송파구 올림픽로 240,서울 송파구 잠실동 40-1,37.511303,127.098885,2025-02-05,2025-02-27
828,캐시미어 하우스 팝업,서울 송파구 올림픽로 240,서울 송파구 잠실동 40-1,37.511887,127.09837,2024-10-17,2024-10-24
1780,스티키베이비 팝업 - 잠실,서울 송파구 올림픽로 240,서울 송파구 잠실동 40-1,37.51167,127.09891,2025-02-08,2025-02-14
1073,스누피 X 롯데월드 미라클 윈터 팝업,서울 송파구 올림픽로 240,서울 송파구 잠실동 40-1,37.51122,127.09789,2024-11-23,2024-12-31
1535,쁘띠아띠 팝업,서울 송파구 올림픽로 240,서울 송파구 잠실동 40-1,37.511646,127.09887,2024-12-30,2025-01-31
852,바쿠 잠실 팝업,서울 송파구 올림픽로 240,서울 송파구 잠실동 40-1,37.512447,127.09971,2024-10-18,2024-10-31
1334,만석닭강정 팝업,서울 송파구 올림픽로 240,서울 송파구 잠실동 40-1,37.511738,127.098755,2024-12-12,2024-12-15
2248,주술회전 X 애니메이트 콜라보 카페 팝업 - 잠실,서울 송파구 올림픽로 240,서울 송파구 잠실동 40-1,37.510708,127.09663,2025-03-14,2025-04-15
2612,미니언즈 팝업,서울 송파구 올림픽로 240,서울 송파구 잠실동 40-1,37.511208,127.0989,2025-04-25,2025-06-01
431,리드볼트 팝업,서울 송파구 올림픽로 240,서울 송파구 잠실동 40-1,37.512012,127.09856,2024-08-30,2024-09-05
825,위크레페 팝업,서울 송파구 올림픽로 240,서울 송파구 잠실동 40-1,37.512012,127.09856,2024-10-15,2024-10-23
715,요거트월드 팝업,서울 송파구 올림픽로 240,서울 송파구 잠실동 40-1,37.512115,127.09833,2024-10-04,2024-11-10
1593,코치 X 마뗑킴 팝업,서울 송파구 올림픽로 240,서울 송파구 잠실동 40-1,37.511562,127.09838,2025-01-10,2025-02-02
1677,핑구 팝업,서울 송파구 올림픽로 240,서울 송파구 잠실동 40-1,37.511803,127.09864,2025-01-24,2025-02-06
1853,보노보노 팝업,서울 송파구 올림픽로 240,서울 송파구 잠실동 40-1,37.51116,127.098076,2025-02-19,2025-03-16
429,설화수 자음생크림 팝업,서울 송파구 올림픽로 240,서울 송파구 잠실동 40-1,37.512825,127.101456,2024-08-26,2024-09-08
699,솔트에버 잠실 팝업,서울 송파구 올림픽로 240,서울 송파구 잠실동 40-1,37.511436,127.09737,2024-09-27,2024-10-10
542,크리니크 X 변우석 청춘 메이크업 바 팝업,서울 송파구 올림픽로 240,서울 송파구 잠실동 40-1,37.512283,127.09859,2024-09-10,2024-09-18
1786,바비브라운 팝업,서울 송파구 올림픽로 240,서울 송파구 잠실동 40-1,37.511707,127.09856,2025-02-03,2025-02-09
787,1994양과점 팝업,서울 송파구 올림픽로 240,서울 송파구 잠실동 40-1,37.512066,127.09861,2024-10-15,2024-12-15
1291,모엣&샹동 팝업,서울 송파구 올림픽로 240,서울 송파구 잠실동 40-1,37.51131,127.098145,2024-12-02,2024-12-15
351,두두스토리 팝업,서울 송파구 올림픽로 240,서울 송파구 잠실동 40-1,37.512012,127.09856,2024-07-01,2024-08-31
370,명탐정 코난 MAGIC CITY,서울 송파구 올림픽로 240,서울 송파구 잠실동 40-1,37.51113,127.09812,2024-07-01,2024-09-01
2027,봇치 더 록! X 애니메이트 콜라보 카페 팝업 ,서울 송파구 올림픽로 240,서울 송파구 잠실동 40-1,37.51124,127.09885,2025-02-14,2025-03-12
685,하우스 오브 세그먼트 팝업,서울 송파구 올림픽로 240,서울 송파구 잠실동 40-1,37.512012,127.09856,2024-09-20,2024-10-08
1784,윤숲 후르츠산도점 팝업,서울 송파구 올림픽로 240,서울 송파구 잠실동 40-1,37.51156,127.09812,2025-01-30,2025-02-07
487,설화수 팝업스토어,서울 송파구 올림픽로 240,서울 송파구 잠실동 40-1,37.512012,127.09856,2024-08-29,2024-09-08
381,듀얼소닉 팝업,서울 송파구 올림픽로 240,서울 송파구 잠실동 40-1,37.5122,127.09851,2024-08-20,2024-09-08
1783,치플레 팝업 - 잠실,서울 송파구 올림픽로 240,서울 송파구 잠실동 40-1,37.51156,127.09812,2025-01-30,2025-02-07
328,무해한 친구들의 행복한 나날들 어드벤처점 팝업,서울 송파구 올림픽로 240,서울 송파구 잠실동 40-1,37.51114,127.09813,2024-08-13,2024-09-22
430,RE:EARTH 팝업,서울 송파구 올림픽로 240,서울 송파구 잠실동 40-1,37.512012,127.09856,2024-08-30,2024-09-12
421,메종드코튼 팝업,서울 송파구 올림픽로 240,서울 송파구 잠실동 40-1,37.512012,127.09856,2024-08-23,2024-09-05
1953,히다 팝업,서울 송파구 올림픽로 240,서울 송파구 잠실동 40-1,37.511814,127.098236,2025-02-17,2025-03-06
759,이딸라 팝업,서울 송파구 올림픽로 240,서울 송파구 잠실동 40-1,37.512028,127.09869,2024-10-11,2024-10-17
826,멜라밀라 팝업,서울 송파구 올림픽로 240,서울 송파구 잠실동 40-1,37.512012,127.09856,2024-10-07,2024-10-24
166,롯데월드X명탐정 코난 <MAGIC CITY> 팝업,서울 송파구 올림픽로 240,서울 송파구 잠실동 40-1,37.51113,127.09812,2024-07-01,2024-09-01
1451,탬버린하우스 팝업,서울 송파구 올림픽로 240,서울 송파구 잠실동 40-1,37.51183,127.098564,2024-12-09,2024-12-29
1335,바샤커피 팝업,서울 송파구 올림픽로 240,서울 송파구 잠실동 40-1,37.5117,127.09898,2024-12-13,2025-02-02
900,컴젠 팝업스토어,서울 송파구 올림픽로 240,서울 송파구 잠실동 40-1,37.512012,127.09856,2024-10-25,2024-10-27
343,무해한 친구들의 행복한 나날들,서울 송파구 올림픽로 240,서울 송파구 잠실동 40-1,37.512012,127.09856,2024-08-13,2024-09-22
878,COMGEN 잠실 팝업,서울 송파구 올림픽로 240,서울 송파구 잠실동 40-1,37.511063,127.09924,2024-10-25,2024-11-15
481,돈돈즈 팝업,서울 송파구 올림픽로 240,서울 송파구 잠실동 40-1,37.512016,127.09832,2024-09-09,2024-09-15
1475,마루의 럭키 New Year 팝업,서울 송파구 올림픽로 240,서울 송파구 잠실동 40-1,37.51117,127.09832,2025-01-01,2025-02-23
2244,수키도키 팝업,서울 송파구 올림픽로 240,서울 송파구 잠실동 40-1,37.511127,127.09819,2025-03-21,2025-04-20
449,아크로밧 팝업,서울 송파구 올림픽로 240,서울 송파구 잠실동 40-1,37.51198,127.09844,2024-09-01,2024-09-15
2514,설화수 윤조에센스 팝업,서울 송파구 올림픽로 300,서울 송파구 신천동 29,37.513714,127.1043,2025-04-10,2025-04-20
50,데드풀X울버린 서울 팝업,서울 송파구 올림픽로 300,서울 송파구 신천동 29,37.513657,127.104095,2024-07-10,2024-08-07
2265,포켓몬 X 프라그먼트 디자인 팝업,서울 송파구 올림픽로 300,서울 송파구 신천동 29,37.513565,127.10424,2025-03-14,2025-03-23
572,허니멜 팝업,서울 송파구 올림픽로 300,서울 송파구 신천동 29,37.513786,127.10448,2024-09-13,2024-09-24
527,휩드 팝업,서울 송파구 올림픽로 300,서울 송파구 신천동 29,37.513325,127.10379,2024-09-09,2024-12-31
3178,롯데월드 아쿠아리움 X 보노보노 팝업_사본,서울 송파구 올림픽로 300,서울 송파구 신천동 29,37.513725,127.10476,2025-04-11,2025-06-01
255,모스키토 팝업,서울 송파구 올림픽로 300,서울 송파구 신천동 29,37.513374,127.103714,2024-07-29,2024-08-18
827,만다리나덕 트래블웨어 팝업,서울 송파구 올림픽로 300,서울 송파구 신천동 29,37.51414,127.10481,2024-10-11,2024-10-24
849,더콘란샵 잠실 팝업,서울 송파구 올림픽로 300,서울 송파구 신천동 29,37.512897,127.10171,2024-10-08,2024-11-07
1613,펄시 팝업,서울 송파구 올림픽로 300,서울 송파구 신천동 29,37.513706,127.10404,2025-01-04,2025-01-19
836,벤스쿠키 팝업,서울 송파구 올림픽로 300,서울 송파구 신천동 29,37.51391,127.10412,2024-10-18,2024-11-17
573,윤안경 팝업,서울 송파구 올림픽로 300,서울 송파구 신천동 29,37.513474,127.10335,2024-09-12,2024-10-10
1450,레고 테크닉 F1 자동차 팝업,서울 송파구 올림픽로 300,서울 송파구 신천동 29,37.5135,127.104355,2024-12-05,2025-01-05
183,쿠오카 와일드피치 팝업,서울 송파구 올림픽로 300,서울 송파구 신천동 29,37.51414,127.10481,2024-07-19,2024-08-04
566,ABO x 티니핑 팝업,서울 송파구 올림픽로 300,서울 송파구 신천동 29,37.51394,127.10505,2024-09-02,2024-09-24
2599,토이트론 팝업,서울 송파구 올림픽로 300,서울 송파구 신천동 29,37.513462,127.10393,2025-04-18,2025-05-12
850,도토리 잠실 팝업,서울 송파구 올림픽로 300,서울 송파구 신천동 29,37.513947,127.104034,2024-10-01,2024-10-30
1504,2025 시즌 그리팅 팝업,서울 송파구 올림픽로 300,서울 송파구 신천동 29,37.513145,127.10342,2024-12-29,2025-01-07
569,발란스 팝업,서울 송파구 올림픽로 300,서울 송파구 신천동 29,37.51414,127.10481,2024-10-02,2024-10-10
571,미아프 팝업,서울 송파구 올림픽로 300,서울 송파구 신천동 29,37.514355,127.105034,2024-09-13,2024-09-22
1175,샤넬 아이스링크 팝업,서울 송파구 올림픽로 300,서울 송파구 신천동 29,37.513863,127.10439,2024-11-21,2025-01-12
1336, 테디테일즈 잠실 팝업,서울 송파구 올림픽로 300,서울 송파구 신천동 29,37.513634,127.10436,2024-12-06,2025-01-14
765,무라아에르 팝업,서울 송파구 올림픽로 300,서울 송파구 신천동 29,37.513935,127.10426,2024-10-07,2024-10-30
1094,마티아스 팝업,서울 송파구 올림픽로 300,서울 송파구 신천동 29,37.513943,127.10417,2024-11-08,2024-11-24
1244,실바니안 패밀리 팝업,서울 송파구 올림픽로 300,서울 송파구 신천동 29,37.513657,127.104546,2024-11-28,2024-12-29
1907,바샤커피 팝업,서울 송파구 올림픽로 300,서울 송파구 신천동 29,37.51355,127.104225,2025-02-13,2025-03-16
383,화이트가든 팝업,서울 송파구 올림픽로 300,서울 송파구 신천동 29,37.51414,127.10481,2024-08-15,2024-09-01
629,바이레도 팝업,서울 송파구 올림픽로 300,서울 송파구 신천동 29,37.513096,127.101585,2024-09-20,2024-09-30
1065,SINGULAR 팝업,서울 송파구 올림픽로 300,서울 송파구 신천동 29,37.51414,127.10481,2024-11-09,2024-11-24
439,솔트에버 팝업,서울 송파구 올림픽로 300,서울 송파구 신천동 29,37.51414,127.10481,2024-08-29,2024-09-03
1951,스탠리 퀜처 프로투어 팝업,서울 송파구 올림픽로 300,서울 송파구 신천동 29,37.513767,127.10413,2025-02-20,2025-03-04
2730,아이브 X 미니브 팝업,서울 송파구 올림픽로 300,서울 송파구 신천동 29,37.513542,127.103516,2025-05-22,2025-06-01
251,온초점 두바이 초콜릿 잠실 팝업,서울 송파구 올림픽로 300,서울 송파구 신천동 29,37.51319,127.103226,2024-08-02,2024-08-18
2670,조셉앤스테이시 X 헬로키티 팝업,서울 송파구 올림픽로 300,서울 송파구 신천동 29,37.5136,127.104065,2025-05-02,2025-05-15
283,노이어 10주년 팝업,서울 송파구 올림픽로 300,서울 송파구 신천동 29,37.513775,127.103165,2024-08-07,2024-09-08
536,ETCE 팝업,서울 송파구 올림픽로 300,서울 송파구 신천동 29,37.513756,127.10516,2024-09-09,2024-09-29
1190,피넛버터바나나 잠실 팝업,서울 송파구 올림픽로 300,서울 송파구 신천동 29,37.51376,127.10456,2024-11-25,2024-12-15
1790,차일디쉬 소금붕어빵 팝업,서울 송파구 올림픽로 300,서울 송파구 신천동 29,37.513714,127.1043,2025-01-14,2025-02-17
1934,마이오마이 팝업,서울 송파구 올림픽로 300,서울 송파구 신천동 29,37.51379,127.104065,2025-02-20,2025-03-16
484,테토 팝업,서울 송파구 올림픽로 300,서울 송파구 신천동 29,37.51384,127.1053,2024-09-02,2024-09-15
1782,레고 보태니컬 발렌타인 팝업,서울 송파구 올림픽로 300,서울 송파구 신천동 29,37.513615,127.10393,2025-02-06,2025-02-17
2362,달바 팝업,서울 송파구 올림픽로 300,서울 송파구 신천동 29,37.5128,127.101845,2025-03-24,2025-04-02
2538,사르투 팝업,서울 송파구 올림픽로 300,서울 송파구 신천동 29,37.513542,127.104,2025-04-18,2025-05-01
603,과자방 팝업,서울 송파구 올림픽로 300,서울 송파구 신천동 29,37.51388,127.104225,2024-09-27,2024-10-10
833,트리밍버드 팝업,서울 송파구 올림픽로 300,서울 송파구 신천동 29,37.51351,127.10211,2024-10-11,2024-11-07
412, 보노보노 <조개를 찾아줘> 팝업,서울 송파구 올림픽로 300,서울 송파구 신천동 29,37.513126,127.10351,2024-09-11,2024-09-22
267,BLESSED MOON 블레스문 팝업,서울 송파구 올림픽로 300,서울 송파구 신천동 29,37.514217,127.10486,2024-05-11,2024-08-31
638,트와이스 팝업,서울 송파구 올림픽로 300,서울 송파구 신천동 29,37.513664,127.104805,2024-10-09,2024-10-20
1135,취요남 X 남영탉 닭다리 팝업,서울 송파구 올림픽로 300,서울 송파구 신천동 29,37.513878,127.104256,2024-11-20,2025-01-05
774,하모니 팝업,서울 송파구 올림픽로 300,서울 송파구 신천동 29,37.513714,127.1043,2024-10-11,2024-10-31
1574,검은 수녀들 X 매트블랙커피 팝업,서울 송파구 올림픽로 300,서울 송파구 신천동 29,37.513622,127.10422,2025-01-06,2025-01-26
450,언폴드 팝업,서울 송파구 올림픽로 300,서울 송파구 신천동 29,37.513977,127.105316,2024-08-29,2024-09-08
1129,벨리곰 x 위글위글 팝업,서울 송파구 올림픽로 300,서울 송파구 신천동 29,37.512897,127.10171,2024-11-20,2024-12-01
2368,빔스 팝업,서울 송파구 올림픽로 300,서울 송파구 신천동 29,37.51275,127.10201,2025-04-04,2025-05-08
1910,위키드랩 팝업,서울 송파구 올림픽로 300,서울 송파구 신천동 29,37.51361,127.10395,2025-02-15,2025-03-06
2361,나이스고스트클럽 X 이스트쿤스트 팝업,서울 송파구 올림픽로 300,서울 송파구 신천동 29,37.513412,127.10399,2025-03-27,2025-04-15
253,코코로카라 브레드 푸딩 팝업,서울 송파구 올림픽로 300,서울 송파구 신천동 29,37.513145,127.1031,2024-08-01,2024-08-18
424,니커버커 베이글 잠실 롯데월드몰 팝업,서울 송파구 올림픽로 300,서울 송파구 신천동 29,37.51406,127.10494,2024-09-01,2024-11-30
2703,노티드 X 카러플 팝업,서울 송파구 올림픽로 300,서울 송파구 신천동 29,37.513542,127.10385,2025-05-01,2025-05-31
497,보노보노 조개를 찾아줘 팝업,서울 송파구 올림픽로 300,서울 송파구 신천동 29,37.51316,127.10315,2024-09-11,2024-09-22
936,🍿디즈니 퍼피 해피니스🎉,서울 송파구 올림픽로 300,서울 송파구 신천동 29,37.51414,127.10481,2024-10-29,2024-10-29
212,베티붑 X 얼킨 팝업스토어,서울 송파구 올림픽로 300,서울 송파구 신천동 29,37.51414,127.10481,2024-08-01,2024-08-14
1127,벨리곰 X 위글위글 팝업,서울 송파구 올림픽로 300,서울 송파구 신천동 29,37.513096,127.102715,2024-11-20,2024-12-01
1016,오보즈 잠실 팝업,서울 송파구 올림픽로 300,서울 송파구 신천동 29,37.51396,127.104904,2024-11-05,2024-12-01
1070,올리베 팝업,서울 송파구 올림픽로 300,서울 송파구 신천동 29,37.513474,127.104355,2024-11-15,2024-11-21
2651,써스데이아일랜드 팝업,서울 송파구 올림픽로 300,서울 송파구 신천동 29,37.513435,127.10386,2025-05-02,2025-05-15
525,와키윌리 팝업,서울 송파구 올림픽로 300,서울 송파구 신천동 29,37.51386,127.10374,2024-09-05,2024-09-30
984,유니드마이요거트 팝업,서울 송파구 올림픽로 300,서울 송파구 신천동 29,37.513714,127.1043,2024-11-01,2024-11-13
1543,연리희재 팝업 - 잠실,서울 송파구 올림픽로 300,서울 송파구 신천동 29,37.513496,127.104225,2025-01-03,2025-01-31
1935,하리보리빙 팝업,서울 송파구 올림픽로 300,서울 송파구 신천동 29,37.512764,127.10201,2025-02-13,2025-02-26
575,온리디스베이커리 팝업,서울 송파구 올림픽로 300,서울 송파구 신천동 29,37.514175,127.10516,2024-09-12,2024-09-25
793,피넛버터바나나 팝업,서울 송파구 올림픽로 300,서울 송파구 신천동 29,37.5138,127.10364,2024-10-17,2024-10-31
1351,디올 뷰티 홀리데이 팝업,서울 송파구 올림픽로 300,서울 송파구 신천동 29,37.513668,127.10392,2024-12-07,2024-12-26
574,꾸수운 팝업,서울 송파구 올림픽로 300,서울 송파구 신천동 29,37.51401,127.10505,2024-09-11,2024-09-25
831,꾸미버스 팝업,서울 송파구 올림픽로 300,서울 송파구 신천동 29,37.514053,127.10449,2024-10-11,2024-10-31
1699,베이크모굴 팝업,서울 송파구 올림픽로 300,서울 송파구 신천동 29,37.514027,127.10399,2025-01-03,2025-01-31
346,퀸즈베리도넛하우스 팝업,서울 송파구 올림픽로 300,서울 송파구 신천동 29,37.513966,127.10436,2024-08-19,2024-09-01
832,키나 팝업,서울 송파구 올림픽로 300,서울 송파구 신천동 29,37.513786,127.10468,2024-10-17,2024-11-06
851,록시땅 잠실 팝업,서울 송파구 올림픽로 300,서울 송파구 신천동 29,37.51321,127.1019,2024-10-22,2024-10-27
2269,왓어브레드 팝업,서울 송파구 올림픽로 300,서울 송파구 신천동 29,37.513588,127.1041,2025-03-15,2025-04-16
163,갤럭시 스튜디오 잠실 팝업,서울 송파구 올림픽로 300,서울 송파구 신천동 29,37.512897,127.10171,2024-07-11,2024-07-30
448,아벡쉐리 팝업,서울 송파구 올림픽로 300,서울 송파구 신천동 29,37.51414,127.10481,2024-09-03,2024-09-29
2094,준태킴 팝업,서울 송파구 올림픽로 300,서울 송파구 신천동 29,37.512756,127.10182,2025-02-28,2025-03-12
347,오포르 팝업,서울 송파구 올림픽로 300,서울 송파구 신천동 29,37.513885,127.10389,2024-08-16,2024-08-29
348,닥터포헤어 팝업,서울 송파구 올림픽로 300,서울 송파구 신천동 29,37.514034,127.10428,2024-08-15,2024-08-28
1131,벨리곰 x 위글위글 팝업,서울 송파구 올림픽로 300,서울 송파구 신천동 29,37.512897,127.10171,2024-11-20,2024-12-01
1908,글루글루 팝업,서울 송파구 올림픽로 300,서울 송파구 신천동 29,37.513695,127.1039,2025-02-17,2025-03-16
2262,요거트월드 X 이웃집통통이 팝업,서울 송파구 올림픽로 300,서울 송파구 신천동 29,37.513767,127.104546,2025-03-15,2025-03-27
2471,보노보노 X 롯데월드 아쿠아리움 팝업,서울 송파구 올림픽로 300,서울 송파구 신천동 29,37.513725,127.10476,2025-04-11,2025-06-01
835,호쿠스포쿠스 팝업,서울 송파구 올림픽로 300,서울 송파구 신천동 29,37.51414,127.10481,2024-10-18,2024-11-17
1730,위캔더스 팝업,서울 송파구 올림픽로 300,서울 송파구 신천동 29,37.51389,127.10387,2025-01-23,2025-02-12
2501,프린세스 프링 팝업 ,서울 송파구 올림픽로 300,서울 송파구 신천동 29,37.513584,127.103966,2025-04-10,2025-04-13
1142,잠실 롯데 크리스마스 마켓,서울 송파구 올림픽로 300,서울 송파구 신천동 29,37.51386,127.10419,2024-11-20,2025-01-05
1911,포그 팝업,서울 송파구 올림픽로 300,서울 송파구 신천동 29,37.51349,127.104195,2025-02-15,2025-02-28
252,당고당 당고 팝업,서울 송파구 올림픽로 300,서울 송파구 신천동 29,37.513474,127.10379,2024-08-01,2024-08-18
1611,fxng 퐁 팝업,서울 송파구 올림픽로 300,서울 송파구 신천동 29,37.5135,127.10405,2025-01-14,2025-03-16
2310,엔믹스 팝업,서울 송파구 올림픽로 300,서울 송파구 신천동 29,37.513607,127.10394,2025-03-18,2025-03-30
3179,핑구 X 롯데월드 아쿠아리움 팝업,서울 송파구 올림픽로 300,서울 송파구 신천동 29,37.513725,127.10476,2025-07-04,2025-08-31
2684,24/7 팝업,서울 송파구 올림픽로 300,서울 송파구 신천동 29,37.51376,127.10392,2025-05-01,2025-05-18
257,치플레 팝업 - 잠실,서울 송파구 올림픽로 300,서울 송파구 신천동 29,37.51261,127.10255,2024-04-25,2024-08-31
581,초당옥수수 콘서트 팝업,서울 송파구 올림픽로 300,서울 송파구 신천동 29,37.513737,127.10372,2024-09-02,2024-09-19
934,드래곤볼 잠실 팝업,서울 송파구 올림픽로 300,서울 송파구 신천동 29,37.513863,127.10441,2024-11-07,2024-11-17
1766,잔스포츠 팝업,서울 송파구 올림픽로 300,서울 송파구 신천동 29,37.51357,127.10422,2025-02-05,2025-02-19
1098,다니엘트루스 팝업,서울 송파구 올림픽로 300,서울 송파구 신천동 29,37.513885,127.10382,2024-11-15,2024-12-05
2493,괴수 8호 팝업,서울 송파구 올림픽로 300,서울 송파구 신천동 29,37.513382,127.10425,2025-05-01,2025-05-21
1698,프론투라인 팝업,서울 송파구 올림픽로 300,서울 송파구 신천동 29,37.513893,127.10436,2025-01-10,2025-02-04
1095,예스아이씨 팝업,서울 송파구 올림픽로 300,서울 송파구 신천동 29,37.513676,127.10481,2024-11-08,2024-11-21
1099,오쏘몰 팝업,서울 송파구 올림픽로 300,서울 송파구 신천동 29,37.513836,127.10454,2024-11-15,2024-12-01
1765,두두리두팡 팝업,서울 송파구 올림픽로 300,서울 송파구 신천동 29,37.513615,127.103676,2025-02-01,2025-02-16
254,테디뵈르하우스 팝업,서울 송파구 올림픽로 300,서울 송파구 신천동 29,37.513073,127.103226,2024-06-01,2024-08-31
100,FC세븐일레븐 with 산리오 팝업,서울 송파구 올림픽로 300,서울 송파구 신천동 29,37.51395,127.10474,2024-07-19,2024-08-11
2014,브레더스 팝업 - 잠실,서울 송파구 올림픽로 300,서울 송파구 신천동 29,37.513638,127.10439,2025-02-18,2025-03-06
767,누룽집 팝업,서울 송파구 올림픽로 300,서울 송파구 신천동 29,37.513805,127.10356,2024-10-11,2025-01-02
1171,아벡쉐리 팝업,서울 송파구 올림픽로 300,서울 송파구 신천동 29,37.51385,127.10434,2024-11-23,2024-12-18
1290,올리언스 팝업,서울 송파구 올림픽로 300,서울 송파구 신천동 29,37.512886,127.1017,2024-11-25,2024-12-11
1817,볼보자동차 EX30 팝업,서울 송파구 올림픽로 300,서울 송파구 신천동 29,37.51363,127.10359,2025-02-08,2025-02-16
2671,네모네 팝업,서울 송파구 올림픽로 300,서울 송파구 신천동 29,37.51358,127.10461,2025-04-28,2025-05-31
1700,에트오소메 팝업,서울 송파구 올림픽로 300,서울 송파구 신천동 29,37.513603,127.10422,2025-01-07,2025-02-02
415,999휴머니티 팝업,서울 송파구 올림픽로 300,서울 송파구 신천동 29,37.51414,127.10481,2024-08-27,2024-09-19
1612,도경수 찌랭이 & 찰스 팝업,서울 송파구 올림픽로 300,서울 송파구 신천동 29,37.51375,127.10465,2025-01-11,2025-01-19
2491,글루타넥스 팝업,서울 송파구 올림픽로 300,서울 송파구 신천동 29,37.51356,127.1037,2025-04-09,2025-04-23
427,레고트 텀블러 꾸미기 팝업,서울 송파구 올림픽로 300,서울 송파구 신천동 29,37.513847,127.1042,2024-08-30,2024-09-09
1909,셔터 팝업,서울 송파구 올림픽로 300,서울 송파구 신천동 29,37.51358,127.104034,2025-02-13,2025-03-06
647,돈돈즈 2차 팝업,서울 송파구 올림픽로 300,서울 송파구 신천동 29,37.513794,127.10482,2024-09-16,2024-10-10
2232,무신사 스탠다드 오픈 이벤트,서울 송파구 올림픽로 300,서울 송파구 신천동 29,37.513588,127.10402,2025-03-13,2025-03-16
537,퓨어포레 잠실 롯데월드몰 팝업,서울 송파구 올림픽로 300,서울 송파구 신천동 29,37.514256,127.10462,2024-09-12,2024-10-02
937,디즈니 퍼피 해피니스 팝업,서울 송파구 올림픽로 300,서울 송파구 신천동 29,37.51375,127.10374,2024-10-28,2024-11-26
1203,포켓몬 잠실 팝업,서울 송파구 올림픽로 300,서울 송파구 신천동 29,37.513752,127.1046,2024-12-13,2025-01-06
1085,샤넬 윈터 테일 홀리데이 아이스링크 팝업,서울 송파구 올림픽로 300,서울 송파구 신천동 29,37.51266,127.10337,2024-11-21,2025-01-12
141,베티붑x얼킨 팝업,서울 송파구 올림픽로 300,서울 송파구 신천동 29,37.513645,127.10427,2024-08-01,2024-08-14
494,센녹 BATH HOUSE 팝업,서울 송파구 올림픽로 300,서울 송파구 신천동 29,37.513405,127.10356,2024-09-03,2024-09-08
1452,시티브리즈 팝업,서울 송파구 올림픽로 300,서울 송파구 신천동 29,37.513462,127.10424,2024-12-13,2025-01-05
159,LEAD VAULT 팝업,서울 송파구 올림픽로 300,서울 송파구 신천동 29,37.513844,127.10457,2024-07-31,2024-08-13
1814,돌체앤가바나 뷰티 팝업,서울 송파구 올림픽로 300,서울 송파구 신천동 29,37.51355,127.10384,2025-02-01,2025-02-11
2637,포켓몬 타운 2025 팝업,서울 송파구 올림픽로 300,서울 송파구 신천동 29,37.512646,127.10395,2025-04-25,2025-05-18
1331,브뤼셀프라이 잠실 팝업,서울 송파구 올림픽로 300,서울 송파구 신천동 29,37.513836,127.10495,2024-12-06,2025-02-28
189,외모지상주의 10주년 팝업,서울 송파구 올림픽로 300,서울 송파구 신천동 29,37.513794,127.103836,2024-08-14,2024-08-25
321,에이리언 로물루스,서울 송파구 올림픽로 300,서울 송파구 신천동 29,37.514015,127.10507,2024-08-09,2024-08-22
930,그레일즈 잠실 팝업,서울 송파구 올림픽로 300,서울 송파구 신천동 29,37.513958,127.10395,2024-10-24,2024-11-25
1767,꾸미버스 팝업,서울 송파구 올림픽로 300,서울 송파구 신천동 29,37.51387,127.104095,2025-02-02,2025-02-19
1979,플레이브 2주년 기념 팝업,서울 송파구 올림픽로 300,서울 송파구 신천동 29,37.513496,127.10385,2025-03-07,2025-03-16
2266,태그호이어 레이싱 팝업,서울 송파구 올림픽로 300,서울 송파구 신천동 29,37.512787,127.10196,2025-03-21,2025-04-06
361,르 아르베이 팝업,서울 송파구 올림픽로 300,서울 송파구 신천동 29,37.514015,127.10507,2024-08-19,2024-08-31
1057,레드벨벳 X 노티드 팝업,서울 송파구 올림픽로 300,서울 송파구 신천동 29,37.51309,127.102844,2024-11-15,2024-11-25
2729,케이스위스 팝업,서울 송파구 올림픽로 300,서울 송파구 신천동 29,37.513382,127.10384,2025-04-25,2025-06-24
751,센녹 배스하우스 팝업,서울 송파구 올림픽로 300,서울 송파구 신천동 29,37.513485,127.10368,2024-10-07,2024-11-14
829,고요웨어 팝업,서울 송파구 올림픽로 300,서울 송파구 신천동 29,37.51325,127.10161,2024-10-04,2024-10-27
2513,메타몽의 타임캡슐 전시,서울 송파구 올림픽로 300,서울 송파구 신천동 29,37.513615,127.10379,2025-04-25,2025-05-19
687,투머치택스 팝업,서울 송파구 올림픽로 300,서울 송파구 신천동 29,37.51414,127.10481,2024-09-30,2024-10-06
534,오호스 X 데상트 팝업,서울 송파구 올림픽로 300,서울 송파구 신천동 29,37.514236,127.10499,2024-09-06,2024-09-26
96,샵사이다 CIDER 팝업,서울 송파구 올림픽로 300,서울 송파구 신천동 29,37.514126,127.10418,2024-05-10,2024-08-08
256,무쿠앤에보니 팝업,서울 송파구 올림픽로 300,서울 송파구 신천동 29,37.51327,127.10395,2024-08-02,2024-08-15
1012,코멜리코 아틀리에 팝업,서울 송파구 올림픽로 300,서울 송파구 신천동 29,37.513374,127.10418,2024-11-07,2024-11-27
2704,아뜰리에 가나 전시,서울 송파구 올림픽로 300,서울 송파구 신천동 29,37.512592,127.10232,2025-04-30,2025-06-29
369,나만의 키링 <이티비티샵> 팝업,서울 송파구 올림픽로 300,서울 송파구 신천동 29,37.513714,127.1043,2024-08-23,2024-09-11
595,KEEN 재스퍼 자이오닉 팝업,서울 송파구 올림픽로 300,서울 송파구 신천동 29,37.51414,127.10481,2024-09-20,2024-10-11
2660,장인한과 팝업,서울 송파구 올림픽로 300,서울 송파구 신천동 29,37.513885,127.10367,2025-05-01,2025-05-07
329,무해한 친구들의 행복한 나날들 월드몰점 팝업,서울 송파구 올림픽로 300,서울 송파구 신천동 29,37.512753,127.10208,2024-08-13,2024-09-22
507,르니나 팝업,서울 송파구 올림픽로 300,서울 송파구 신천동 29,37.513996,127.10443,2024-09-05,2024-09-30
3116,오뚜기 X 키티버니포니 팝업,서울 송파구 올림픽로 300,"서울 송파구 올림픽로 300 (신천동, 롯데월드타워앤드롯데월드몰)",37.513554,127.10384,2025-06-20,2025-07-06
5660,디앤드퀘스천 팝업 - 롯데월드몰,서울 송파구 올림픽로 300,"서울 송파구 올림픽로 300 (신천동, 롯데월드타워앤드롯데월드몰)",37.51361,127.1041,2026-02-20,2026-03-05
3533,돈돈즈 팝업 ,서울 송파구 올림픽로 300,"서울 송파구 올림픽로 300 (신천동, 롯데월드타워앤드롯데월드몰)",37.513752,127.10406,2025-08-01,2025-08-10
5751,월드베이스볼클래식 팝업,서울 송파구 올림픽로 300,"서울 송파구 올림픽로 300 (신천동, 롯데월드타워앤드롯데월드몰)",37.512894,127.10169,2026-02-27,2026-03-15
2958,젤라또 피케 팝업,서울 송파구 올림픽로 300,"서울 송파구 올림픽로 300 (신천동, 롯데월드타워앤드롯데월드몰)",37.512863,127.101685,2025-05-30,2025-06-19
4065,마루는 강쥐 팝업 - 마루의 숲 속 베이커리에 놀러와,서울 송파구 올림픽로 300,"서울 송파구 올림픽로 300 (신천동, 롯데월드타워앤드롯데월드몰)",37.513844,127.10347,2025-10-16,2025-10-26
4757,2025 롯데타운 크리스마스 마켓,서울 송파구 올림픽로 300,"서울 송파구 올림픽로 300 (신천동, 롯데월드타워앤드롯데월드몰)",37.513615,127.10437,2025-11-20,2026-01-04
4874,주술회전 X 서울스카이 전시,서울 송파구 올림픽로 300,"서울 송파구 올림픽로 300 (신천동, 롯데월드타워앤드롯데월드몰)",37.513424,127.10428,2025-12-12,2026-02-28
5205,크로우캐년 팝업,서울 송파구 올림픽로 300,"서울 송파구 올림픽로 300 (신천동, 롯데월드타워앤드롯데월드몰)",37.51359,127.104294,2026-01-02,2026-01-11
4232,넘버링 A13 팝업,서울 송파구 올림픽로 300,"서울 송파구 올림픽로 300 (신천동, 롯데월드타워앤드롯데월드몰)",37.513584,127.103745,2025-09-26,2025-10-15
5630,시세이도 팝업,서울 송파구 올림픽로 300,"서울 송파구 올림픽로 300 (신천동, 롯데월드타워앤드롯데월드몰)",37.512905,127.10174,2026-03-03,2026-03-08
4139,시야쥬 팝업,서울 송파구 올림픽로 300,"서울 송파구 올림픽로 300 (신천동, 롯데월드타워앤드롯데월드몰)",37.513374,127.10387,2025-09-23,2025-10-13
5854,미세키서울 팝업,서울 송파구 올림픽로 300,"서울 송파구 올림픽로 300 (신천동, 롯데월드타워앤드롯데월드몰)",37.513657,127.1041,2026-03-13,2026-03-26
4009,새들러 하우스 베이커리 팝업 ,서울 송파구 올림픽로 300,"서울 송파구 올림픽로 300 (신천동, 롯데월드타워앤드롯데월드몰)",37.51339,127.1044,2025-09-16,2025-09-30
3349,영화 전지적 독자 시점 팝업,서울 송파구 올림픽로 300,"서울 송파구 올림픽로 300 (신천동, 롯데월드타워앤드롯데월드몰)",37.51377,127.1037,2025-07-21,2025-08-17
4522,따끈따끈 빛고을 오일장 팝업 - 잠실,서울 송파구 올림픽로 300,"서울 송파구 올림픽로 300 (신천동, 롯데월드타워앤드롯데월드몰)",37.51375,127.10346,2025-11-12,2025-11-16
3521,요아정 팝업 - yoajung summer land ,서울 송파구 올림픽로 300,"서울 송파구 올림픽로 300 (신천동, 롯데월드타워앤드롯데월드몰)",37.513912,127.104546,2025-08-01,2025-08-31
4620,주디마리 팝업,서울 송파구 올림픽로 300,"서울 송파구 올림픽로 300 (신천동, 롯데월드타워앤드롯데월드몰)",37.513348,127.10384,2025-11-07,2025-11-30
4220,HS효성더클래스 팝업,서울 송파구 올림픽로 300,"서울 송파구 올림픽로 300 (신천동, 롯데월드타워앤드롯데월드몰)",37.513374,127.10395,2025-10-03,2025-10-12
4586,딥티크 팝업,서울 송파구 올림픽로 300,"서울 송파구 올림픽로 300 (신천동, 롯데월드타워앤드롯데월드몰)",37.51355,127.10374,2025-11-13,2025-11-23
4475,닌텐도 팝업 - SUPER MARIO JOYFUL HOILIDAY,서울 송파구 올림픽로 300,"서울 송파구 올림픽로 300 (신천동, 롯데월드타워앤드롯데월드몰)",37.51368,127.10347,2025-11-19,2025-12-16
5765,팀밸 팝업 - 잠실,서울 송파구 올림픽로 300,"서울 송파구 올림픽로 300 (신천동, 롯데월드타워앤드롯데월드몰)",37.513653,127.103806,2026-03-02,2026-03-15
4108,쿠진 팝업,서울 송파구 올림픽로 300,"서울 송파구 올림픽로 300 (신천동, 롯데월드타워앤드롯데월드몰)",37.513714,127.1043,2025-09-22,2025-10-09
4443,쿠어 팝업,서울 송파구 올림픽로 300,"서울 송파구 올림픽로 300 (신천동, 롯데월드타워앤드롯데월드몰)",37.5138,127.10525,2025-10-27,2025-11-18
4558,"티파니앤코 전시 - With Love, Seoul",서울 송파구 올림픽로 300,"서울 송파구 올림픽로 300 (신천동, 롯데월드타워앤드롯데월드몰)",37.51356,127.1043,2025-11-01,2025-12-14
4619,아이레시피 팝업,서울 송파구 올림픽로 300,"서울 송파구 올림픽로 300 (신천동, 롯데월드타워앤드롯데월드몰)",37.513554,127.10439,2025-11-11,2025-11-23
5639,재인 팝업,서울 송파구 올림픽로 300,"서울 송파구 올림픽로 300 (신천동, 롯데월드타워앤드롯데월드몰)",37.513622,127.1041,2026-02-13,2026-02-26
5132,스노우 팝업,서울 송파구 올림픽로 300,"서울 송파구 올림픽로 300 (신천동, 롯데월드타워앤드롯데월드몰)",37.5134,127.10392,2026-01-01,2026-01-25
5072,키덕투어 팝업,서울 송파구 올림픽로 300,"서울 송파구 올림픽로 300 (신천동, 롯데월드타워앤드롯데월드몰)",37.51376,127.10546,2025-12-15,2025-12-28
3576,베리시 팝업 ,서울 송파구 올림픽로 300,"서울 송파구 올림픽로 300 (신천동, 롯데월드타워앤드롯데월드몰)",37.51365,127.10387,2025-08-07,2025-08-27
4775,올리브영 베이크 하우스 팝업,서울 송파구 올림픽로 300,"서울 송파구 올림픽로 300 (신천동, 롯데월드타워앤드롯데월드몰)",37.513622,127.1044,2025-11-20,2026-01-04
5015,다마고치 파라다이스 팝업,서울 송파구 올림픽로 300,"서울 송파구 올림픽로 300 (신천동, 롯데월드타워앤드롯데월드몰)",37.51371,127.104576,2025-12-18,2025-12-28
4701,팝마트 로보샵 팝업,서울 송파구 올림픽로 300,"서울 송파구 올림픽로 300 (신천동, 롯데월드타워앤드롯데월드몰)",37.513626,127.10431,2025-11-20,2026-01-04
4811,아라리북촌 팝업,서울 송파구 올림픽로 300,"서울 송파구 올림픽로 300 (신천동, 롯데월드타워앤드롯데월드몰)",37.513557,127.104324,2025-12-01,2025-12-18
5643,허그유어스킨 팝업,서울 송파구 올림픽로 300,"서울 송파구 올림픽로 300 (신천동, 롯데월드타워앤드롯데월드몰)",37.513645,127.10406,2026-02-26,2026-03-12
5524,기아 셀토스 팝업,서울 송파구 올림픽로 300,"서울 송파구 올림픽로 300 (신천동, 롯데월드타워앤드롯데월드몰)",37.513668,127.10404,2026-01-30,2026-02-08
2877,티켓투더문 팝업 - 잠실,서울 송파구 올림픽로 300,"서울 송파구 올림픽로 300 (신천동, 롯데월드타워앤드롯데월드몰)",37.5135,127.1038,2025-06-03,2025-06-16
3271,아멜리 팝업 - 잠실,서울 송파구 올림픽로 300,"서울 송파구 올림픽로 300 (신천동, 롯데월드타워앤드롯데월드몰)",37.513893,127.103584,2025-07-10,2025-07-20
3657,라피네르 팝업 ,서울 송파구 올림픽로 300,"서울 송파구 올림픽로 300 (신천동, 롯데월드타워앤드롯데월드몰)",37.51339,127.10412,2025-08-08,2025-08-24
3894,UMARMUNG 팝업 ,서울 송파구 올림픽로 300,"서울 송파구 올림픽로 300 (신천동, 롯데월드타워앤드롯데월드몰)",37.5134,127.103935,2025-09-09,2025-09-22
4616,르 빌라쥬 롱샴 팝업,서울 송파구 올림픽로 300,"서울 송파구 올림픽로 300 (신천동, 롯데월드타워앤드롯데월드몰)",37.513443,127.10447,2025-11-11,2025-11-30
5602,코리아보드게임즈 팝업,서울 송파구 올림픽로 300,"서울 송파구 올림픽로 300 (신천동, 롯데월드타워앤드롯데월드몰)",37.513622,127.10408,2026-02-11,2026-02-26
4339,캐릭캐릭 체인지 드림샵 X 2025 월드웹툰 페스티벌 팝업,서울 송파구 올림픽로 300,"서울 송파구 올림픽로 300 (신천동, 롯데월드타워앤드롯데월드몰)",37.513718,127.10511,2025-10-16,2025-10-26
5223,박뚜기 소금빵 팝업,서울 송파구 올림픽로 300,"서울 송파구 올림픽로 300 (신천동, 롯데월드타워앤드롯데월드몰)",37.513645,127.1041,2026-01-02,2026-01-29
3195,라츠유 팝업,서울 송파구 올림픽로 300,"서울 송파구 올림픽로 300 (신천동, 롯데월드타워앤드롯데월드몰)",37.513363,127.10384,2025-06-24,2025-07-11
4812,메타몽 팝업 - 메타몽의 시크릿 캡슐 맨션,서울 송파구 올림픽로 300,"서울 송파구 올림픽로 300 (신천동, 롯데월드타워앤드롯데월드몰)",37.513737,127.10402,2025-12-19,2026-01-12
2803,LMC 팝업,서울 송파구 올림픽로 300,"서울 송파구 올림픽로 300 (신천동, 롯데월드타워앤드롯데월드몰)",37.513557,127.10393,2025-05-09,2025-05-29
4150,키프터치 팝업,서울 송파구 올림픽로 300,"서울 송파구 올림픽로 300 (신천동, 롯데월드타워앤드롯데월드몰)",37.513725,127.10497,2025-10-15,2025-10-21
3723,산스 팝업,서울 송파구 올림픽로 300,"서울 송파구 올림픽로 300 (신천동, 롯데월드타워앤드롯데월드몰)",37.513767,127.10516,2025-08-18,2025-08-31
3993,말차 디저트 페스티벌 ,서울 송파구 올림픽로 300,"서울 송파구 올림픽로 300 (신천동, 롯데월드타워앤드롯데월드몰)",37.513763,127.10523,2025-09-19,2025-09-28
4209,아무로키 팝업,서울 송파구 올림픽로 300,"서울 송파구 올림픽로 300 (신천동, 롯데월드타워앤드롯데월드몰)",37.513424,127.103836,2025-09-16,2025-10-15
4857,끌라베 팝업,서울 송파구 올림픽로 300,"서울 송파구 올림픽로 300 (신천동, 롯데월드타워앤드롯데월드몰)",37.513477,127.10431,2025-12-01,2025-12-17
5178,빵고미 팝업,서울 송파구 올림픽로 300,"서울 송파구 올림픽로 300 (신천동, 롯데월드타워앤드롯데월드몰)",37.51381,127.105286,2026-01-06,2026-01-12
4210,해리포터 위자드몰 팝업 - 잠실,서울 송파구 올림픽로 300,"서울 송파구 올림픽로 300 (신천동, 롯데월드타워앤드롯데월드몰)",37.514057,127.10505,2025-09-29,2025-11-30
3391,스미코구라시 팝업,서울 송파구 올림픽로 300,"서울 송파구 올림픽로 300 (신천동, 롯데월드타워앤드롯데월드몰)",37.513634,127.10422,2025-08-07,2025-08-18
5442,르봉마리아쥬 팝업,서울 송파구 올림픽로 300,"서울 송파구 올림픽로 300 (신천동, 롯데월드타워앤드롯데월드몰)",37.513622,127.10404,2026-01-29,2026-02-14
4346,라부르켓 팝업 - 잠실,서울 송파구 올림픽로 300,"서울 송파구 올림픽로 300 (신천동, 롯데월드타워앤드롯데월드몰)",37.51378,127.105095,2025-10-17,2025-10-26
5631,비비앙 팝업,서울 송파구 올림픽로 300,"서울 송파구 올림픽로 300 (신천동, 롯데월드타워앤드롯데월드몰)",37.51366,127.10407,2026-02-21,2026-03-02
3566,비바이아 팝업 ,서울 송파구 올림픽로 300,"서울 송파구 올림픽로 300 (신천동, 롯데월드타워앤드롯데월드몰)",37.513756,127.10409,2025-08-14,2025-09-03
5676,WMC 팝업,서울 송파구 올림픽로 300,"서울 송파구 올림픽로 300 (신천동, 롯데월드타워앤드롯데월드몰)",37.513668,127.10412,2026-02-20,2026-03-19
4432,셀바티코 팝업,서울 송파구 올림픽로 300,"서울 송파구 올림픽로 300 (신천동, 롯데월드타워앤드롯데월드몰)",37.513733,127.10496,2025-10-27,2025-11-09
5224,오베베베이커리 팝업,서울 송파구 올림픽로 300,"서울 송파구 올림픽로 300 (신천동, 롯데월드타워앤드롯데월드몰)",37.51356,127.1041,2026-01-02,2026-01-15
5349,왓플 팝업,서울 송파구 올림픽로 300,"서울 송파구 올림픽로 300 (신천동, 롯데월드타워앤드롯데월드몰)",37.51363,127.104095,2026-01-16,2026-01-29
3057,아트마블 브랜마켓 팝업,서울 송파구 올림픽로 300,"서울 송파구 올림픽로 300 (신천동, 롯데월드타워앤드롯데월드몰)",37.51342,127.10384,2025-06-20,2025-06-22
3383,FC바르셀로나 X FC서울 팝업,서울 송파구 올림픽로 300,"서울 송파구 올림픽로 300 (신천동, 롯데월드타워앤드롯데월드몰)",37.514008,127.10376,2025-07-23,2025-08-03
2894,던전앤파이터 SNOWMAGE 팝업,서울 송파구 올림픽로 300,"서울 송파구 올림픽로 300 (신천동, 롯데월드타워앤드롯데월드몰)",37.51369,127.10371,2025-06-13,2025-06-22
3713,알프릭 에덴 팝업 ,서울 송파구 올림픽로 300,"서울 송파구 올림픽로 300 (신천동, 롯데월드타워앤드롯데월드몰)",37.513676,127.104385,2025-08-22,2025-09-11
4495,차코랩 팝업,서울 송파구 올림픽로 300,"서울 송파구 올림픽로 300 (신천동, 롯데월드타워앤드롯데월드몰)",37.51373,127.10511,2025-10-31,2025-11-20
5093,커피벌스데이 팝업,서울 송파구 올림픽로 300,"서울 송파구 올림픽로 300 (신천동, 롯데월드타워앤드롯데월드몰)",37.51367,127.10498,2025-12-22,2026-01-01
3584,왓어브레드 팝업 ,서울 송파구 올림픽로 300,"서울 송파구 올림픽로 300 (신천동, 롯데월드타워앤드롯데월드몰)",37.513763,127.103325,2025-08-01,2025-08-31
4539,FFC X 도큐먼트 팝업,서울 송파구 올림픽로 300,"서울 송파구 올림픽로 300 (신천동, 롯데월드타워앤드롯데월드몰)",37.51375,127.10491,2025-10-27,2025-11-11
4729,가나 초콜릿 팝업 - 가나 초콜릿 하우스,서울 송파구 올림픽로 300,"서울 송파구 올림픽로 300 (신천동, 롯데월드타워앤드롯데월드몰)",37.513607,127.10433,2025-11-20,2026-01-04
4602,샐러드볼즈 팝업,서울 송파구 올림픽로 300,"서울 송파구 올림픽로 300 (신천동, 롯데월드타워앤드롯데월드몰)",37.513386,127.10456,2025-11-21,2025-11-24
5534,로와이드 팝업,서울 송파구 올림픽로 300,"서울 송파구 올림픽로 300 (신천동, 롯데월드타워앤드롯데월드몰)",37.51365,127.104065,2026-01-30,2026-02-12
3290,로우로우 팝업,서울 송파구 올림픽로 300,"서울 송파구 올림픽로 300 (신천동, 롯데월드타워앤드롯데월드몰)",37.513474,127.10402,2025-07-11,2025-07-31
3570,논타입 팝업,서울 송파구 올림픽로 300,"서울 송파구 올림픽로 300 (신천동, 롯데월드타워앤드롯데월드몰)",37.51371,127.10362,2025-08-07,2025-08-25
5698,룰루레몬 런 커뮤니티 라운지 이벤트,서울 송파구 올림픽로 300,"서울 송파구 올림픽로 300 (신천동, 롯데월드타워앤드롯데월드몰)",37.513268,127.103294,2026-03-07,2026-03-17
3072,키르시 X 썬원버드 팝업,서울 송파구 올림픽로 300,"서울 송파구 올림픽로 300 (신천동, 롯데월드타워앤드롯데월드몰)",37.51363,127.10405,2025-06-10,2025-06-23
3787,2025 월드웹툰페스티벌 ,서울 송파구 올림픽로 300,"서울 송파구 올림픽로 300 (신천동, 롯데월드타워앤드롯데월드몰)",37.513626,127.10356,2025-10-16,2025-10-26
5044,두바이 티라미수 볼 팝업,서울 송파구 올림픽로 300,"서울 송파구 올림픽로 300 (신천동, 롯데월드타워앤드롯데월드몰)",37.513447,127.10432,2025-12-18,2025-12-24
5755,재미우선 팝업,서울 송파구 올림픽로 300,"서울 송파구 올림픽로 300 (신천동, 롯데월드타워앤드롯데월드몰)",37.5136,127.10405,2026-02-27,2026-03-12
3112,쌤소나이트 115주년 팝업,서울 송파구 올림픽로 300,"서울 송파구 올림픽로 300 (신천동, 롯데월드타워앤드롯데월드몰)",37.512787,127.10178,2025-06-20,2025-07-10
3310,에트레베이크하우스 팝업,서울 송파구 올림픽로 300,"서울 송파구 올림픽로 300 (신천동, 롯데월드타워앤드롯데월드몰)",37.513603,127.103714,2025-07-16,2025-07-31
4143,미우미우 팝업,서울 송파구 올림픽로 300,"서울 송파구 올림픽로 300 (신천동, 롯데월드타워앤드롯데월드몰)",37.51354,127.10437,2025-09-26,2025-10-12
5948,롯데월드 아쿠아리움 X 쿠키런 전시,서울 송파구 올림픽로 300,"서울 송파구 올림픽로 300 (신천동, 롯데월드타워앤드롯데월드몰)",37.513676,127.10408,2026-03-27,2026-06-07
4334,외모지상주의 아케이드 X 2025 월드 웹툰 페스티벌 팝업,서울 송파구 올림픽로 300,"서울 송파구 올림픽로 300 (신천동, 롯데월드타워앤드롯데월드몰)",37.513374,127.10441,2025-10-16,2025-10-30
2748,이웃집 통통이 X 브레드이발소 팝업,서울 송파구 올림픽로 300,"서울 송파구 올림픽로 300 (신천동, 롯데월드타워앤드롯데월드몰)",37.5138,127.10351,2025-05-12,2025-05-29
2828,라로제 팝업,서울 송파구 올림픽로 300,"서울 송파구 올림픽로 300 (신천동, 롯데월드타워앤드롯데월드몰)",37.513714,127.1043,2025-05-16,2025-06-04
4970,마티에 프리미에르 팝업,서울 송파구 올림픽로 300,"서울 송파구 올림픽로 300 (신천동, 롯데월드타워앤드롯데월드몰)",37.513424,127.10399,2025-11-13,2026-01-04
5285,스부 팝업,서울 송파구 올림픽로 300,"서울 송파구 올림픽로 300 (신천동, 롯데월드타워앤드롯데월드몰)",37.51363,127.10408,2026-01-09,2026-01-15
5797,조앤프렌즈 팝업 - 잠실,서울 송파구 올림픽로 300,"서울 송파구 올림픽로 300 (신천동, 롯데월드타워앤드롯데월드몰)",37.513695,127.10409,2026-03-12,2026-03-22
4064,얼렁뚱땅 상점 팝업,서울 송파구 올림픽로 300,"서울 송파구 올림픽로 300 (신천동, 롯데월드타워앤드롯데월드몰)",37.51348,127.10388,2025-10-02,2025-10-12
5509,해리포터 위자드몰 팝업 - 잠실,서울 송파구 올림픽로 300,"서울 송파구 올림픽로 300 (신천동, 롯데월드타워앤드롯데월드몰)",37.51367,127.10407,2026-02-06,2026-02-19
3583,샥즈 팝업 ,서울 송파구 올림픽로 300,"서울 송파구 올림픽로 300 (신천동, 롯데월드타워앤드롯데월드몰)",37.513546,127.10374,2025-08-01,2025-08-21
4896,"겨울, 그 따뜻한 순간들 전시",서울 송파구 올림픽로 300,"서울 송파구 올림픽로 300 (신천동, 롯데월드타워앤드롯데월드몰)",37.5135,127.10416,2025-11-21,2026-01-18
5236,조니워커 팝업,서울 송파구 올림픽로 300,"서울 송파구 올림픽로 300 (신천동, 롯데월드타워앤드롯데월드몰)",37.513626,127.104164,2026-01-09,2026-01-22
3727,크런틴 팝업 - Shake Bar,서울 송파구 올림픽로 300,"서울 송파구 올림픽로 300 (신천동, 롯데월드타워앤드롯데월드몰)",37.513405,127.10387,2025-09-01,2025-09-21
3789,크러쉬 X 러쉬 팝업 : Crush with Lush - 잠실 ,서울 송파구 올림픽로 300,"서울 송파구 올림픽로 300 (신천동, 롯데월드타워앤드롯데월드몰)",37.51363,127.10433,2025-08-28,2025-09-07
4597,무용지용 팝업,서울 송파구 올림픽로 300,"서울 송파구 올림픽로 300 (신천동, 롯데월드타워앤드롯데월드몰)",37.513653,127.104675,2025-11-10,2025-11-30
2736,스티치 팝업,서울 송파구 올림픽로 300,"서울 송파구 올림픽로 300 (신천동, 롯데월드타워앤드롯데월드몰)",37.51375,127.10362,2025-05-10,2025-05-30
3707,밀크하우스캔들 팝업 ,서울 송파구 올림픽로 300,"서울 송파구 올림픽로 300 (신천동, 롯데월드타워앤드롯데월드몰)",37.513504,127.10393,2025-08-20,2025-08-31
3854,산리오캐릭터즈 X 롯데월드 아쿠아리움 ,서울 송파구 올림픽로 300,"서울 송파구 올림픽로 300 (신천동, 롯데월드타워앤드롯데월드몰)",37.51341,127.10388,2025-09-05,2025-11-30
4006,경탁주 팝업 - 경탁주 밀주회 ,서울 송파구 올림픽로 300,"서울 송파구 올림픽로 300 (신천동, 롯데월드타워앤드롯데월드몰)",37.51361,127.10377,2025-09-12,2025-10-02
4344,게임 속 바바리안으로 살아남기 X 2025 월드 웹툰 페스티벌 팝업,서울 송파구 올림픽로 300,"서울 송파구 올림픽로 300 (신천동, 롯데월드타워앤드롯데월드몰)",37.513714,127.10495,2025-10-16,2025-10-26
4806,3층 다락빵 팝업,서울 송파구 올림픽로 300,"서울 송파구 올림픽로 300 (신천동, 롯데월드타워앤드롯데월드몰)",37.513702,127.10383,2025-11-27,2025-12-11
3134,바이레도 팝업,서울 송파구 올림픽로 300,"서울 송파구 올림픽로 300 (신천동, 롯데월드타워앤드롯데월드몰)",37.512672,127.10181,2025-06-24,2025-07-03
4683,어그 팝업,서울 송파구 올림픽로 300,"서울 송파구 올림픽로 300 (신천동, 롯데월드타워앤드롯데월드몰)",37.513584,127.10435,2025-11-12,2026-01-06
5371,앵콜스 팝업,서울 송파구 올림픽로 300,"서울 송파구 올림픽로 300 (신천동, 롯데월드타워앤드롯데월드몰)",37.513603,127.1041,2026-01-20,2026-02-01
3739,스트레이키즈 팝업 ,서울 송파구 올림픽로 300,"서울 송파구 올림픽로 300 (신천동, 롯데월드타워앤드롯데월드몰)",37.51358,127.103775,2025-08-23,2025-09-03
5937,잭코백 팝업,서울 송파구 올림픽로 300,"서울 송파구 올림픽로 300 (신천동, 롯데월드타워앤드롯데월드몰)",37.513634,127.1041,2026-03-13,2026-03-26
2813,헌치 X 우주먼지 팝업,서울 송파구 올림픽로 300,"서울 송파구 올림픽로 300 (신천동, 롯데월드타워앤드롯데월드몰)",37.513706,127.103516,2025-05-21,2025-05-28
5754,왓플 팝업,서울 송파구 올림픽로 300,"서울 송파구 올림픽로 300 (신천동, 롯데월드타워앤드롯데월드몰)",37.513657,127.10408,2026-02-27,2026-03-15
5561,베리즈 팝업,서울 송파구 올림픽로 300,"서울 송파구 올림픽로 300 (신천동, 롯데월드타워앤드롯데월드몰)",37.513668,127.1041,2026-02-19,2026-02-25
5668,구우움 팝업,서울 송파구 올림픽로 300,"서울 송파구 올림픽로 300 (신천동, 롯데월드타워앤드롯데월드몰)",37.513622,127.104065,2026-02-27,2026-03-15
3226,아쿠아 디 파르마 팝업,서울 송파구 올림픽로 300,"서울 송파구 올림픽로 300 (신천동, 롯데월드타워앤드롯데월드몰)",37.512493,127.10191,2025-07-05,2025-07-13
180,팀코리아 골드 팝업,서울 송파구 올림픽로 424,서울 송파구 방이동 88,37.516533,127.12998,2024-07-25,2024-08-08
4563,메타몽 컨셉스토어 팝업,서울 송파구 올림픽로 424,"서울 송파구 올림픽로 424 (방이동, 올림픽공원)",37.520283,127.11532,2025-11-04,2025-11-11
3902,시골'S런 이벤트 - TOMATO RUN,서울 송파구 올림픽로 424,"서울 송파구 올림픽로 424 (방이동, 올림픽공원)",37.52029,127.11537,2025-09-13,2025-09-13
5522,피너츠 컨셉스토어,서울 송파구 올림픽로 424,"서울 송파구 올림픽로 424 (방이동, 올림픽공원)",37.51653,127.13,2026-02-04,2026-02-18
4100,그랜드 민트 페스티벌 2025,서울 송파구 올림픽로 424,"서울 송파구 올림픽로 424 (방이동, 올림픽공원)",37.520245,127.1154,2025-10-18,2025-10-19
2851,피스마이너스원 하이볼 팝업,서울 송파구 올림픽로 424,"서울 송파구 올림픽로 424 (방이동, 올림픽공원)",37.516556,127.12994,2025-05-27,2025-06-22
2757,투모로우바이투게더 X CU 팝업 - 송파,서울 송파구 올림픽로 424,"서울 송파구 올림픽로 424 (방이동, 올림픽공원)",37.521255,127.1228,2025-05-12,2025-05-23
4019,KB 조이올팍 페스티벌 ,서울 송파구 올림픽로 424,"서울 송파구 올림픽로 424 (방이동, 올림픽공원)",37.520233,127.11539,2025-09-20,2025-09-21
3898,고창 꿀고구마 팝업 - 잠실 ,서울 송파구 올림픽로 지하 265,"서울 송파구 올림픽로 지하 265 (신천동, 잠실역2호선)",37.513714,127.10161,2025-09-11,2025-09-13
4018,쿠프 하우스 파티 ,서울 송파구 올림픽로32길 58-24,서울 송파구 올림픽로32길 58-24 (방이동),37.51121,127.11191,2025-09-26,2025-09-26
469,해리포터 위자드몰 팝업스토어,서울 양천구 목동동로 257,서울 양천구 목동 916,37.526653,126.87526,2024-08-26,2024-09-08
2393,로지텍G 팝업,서울 양천구 목동동로 257,서울 양천구 목동 916,37.526344,126.875084,2025-03-28,2025-04-10
2573,멘톨로지 팝업,서울 양천구 목동동로 257,서울 양천구 목동 916,37.52644,126.87532,2025-04-24,2025-04-30
709,아임타입 팝업스토어,서울 양천구 목동동로 257,서울 양천구 목동 916,37.526653,126.87526,2024-09-27,2024-10-03
1921,주닥 팝업,서울 양천구 목동동로 257,서울 양천구 목동 916,37.526627,126.87518,2025-02-14,2025-02-27
1204,카밀 목동 팝업,서울 양천구 목동동로 257,서울 양천구 목동 916,37.526566,126.8751,2024-11-28,2024-12-04
2389,리조트휘트니스 팝업,서울 양천구 목동동로 257,서울 양천구 목동 916,37.526493,126.87513,2025-03-31,2025-05-07
2335,하우스오브비 팝업,서울 양천구 목동동로 257,서울 양천구 목동 916,37.526604,126.87509,2025-03-20,2025-03-26
797,비프로젝트 X 비클린 팝업,서울 양천구 목동동로 257,서울 양천구 목동 916,37.52656,126.874954,2024-10-17,2024-10-23
2211,키움히어로즈 팝업,서울 양천구 목동동로 257,서울 양천구 목동 916,37.52637,126.875206,2025-03-14,2025-03-27
1530,루나리언스 팝업,서울 양천구 목동동로 257,서울 양천구 목동 916,37.52658,126.87525,2025-01-09,2025-01-15
1328,주니토니 매직 크리스마스 팝업,서울 양천구 목동동로 257,서울 양천구 목동 916,37.52654,126.87516,2024-12-13,2024-12-26
1461,영롱시네마 목동 팝업,서울 양천구 목동동로 257,서울 양천구 목동 916,37.526516,126.875244,2024-12-27,2025-01-02
1968,몽몽스베쮸 팝업,서울 양천구 목동동로 257,서울 양천구 목동 916,37.526638,126.875175,2025-02-28,2025-03-09
2251,데일리칩스 팝업,서울 양천구 목동동로 257,서울 양천구 목동 916,37.526573,126.8752,2025-03-14,2025-03-20
1952,보다나 팝업,서울 양천구 목동동로 257,서울 양천구 목동 916,37.52648,126.87543,2025-02-14,2025-02-27
1943,비클린 뷰티 위크 팝업 - 목동,서울 양천구 목동동로 257,서울 양천구 목동 916,37.52654,126.87508,2025-02-14,2025-02-27
708,아임타입 팝업스토어,서울 양천구 목동동로 257,서울 양천구 목동 916,37.526653,126.87526,2024-09-27,2024-10-03
258,‘도심 속에서 즐기는 해변 캠핑’ 《AR Campground》,서울 양천구 목동동로 257,서울 양천구 목동 916,37.526653,126.87526,2024-08-01,2024-08-11
1838,팀밸 팝업 - 목동,서울 양천구 목동동로 257,서울 양천구 목동 916,37.52653,126.87507,2025-02-10,2025-02-13
1869,비클린 X 루메네 팝업,서울 양천구 목동동로 257,서울 양천구 목동 916,37.526566,126.87522,2025-02-14,2025-02-27
465,위자드몰 팝업스토어,서울 양천구 목동동로 257,서울 양천구 목동 916,37.526653,126.87526,2024-08-26,2024-09-08
312,MAISON SASSY 목동 팝업,서울 양천구 목동동로 257,서울 양천구 목동 916,37.526653,126.87526,2024-08-15,2024-08-25
1329,텐텐문방구 목동 팝업,서울 양천구 목동동로 257,서울 양천구 목동 916,37.526443,126.87525,2024-12-06,2024-12-19
1940,빙의자를 위한 특혜 팝업,서울 양천구 목동동로 257,서울 양천구 목동 916,37.526665,126.87499,2025-02-28,2025-03-09
628,아임타입 팝업,서울 양천구 목동동로 257,서울 양천구 목동 916,37.52732,126.87462,2024-09-27,2024-10-03
388,해리포터 위자드몰 현대백화점 목동점 팝업,서울 양천구 목동동로 257,서울 양천구 목동 916,37.52665,126.87525,2024-08-26,2024-09-08
3878,비클린 팝업 ,서울 양천구 목동동로 257,"서울 양천구 목동동로 257 (목동, 현대하이페리온)",37.52694,126.87445,2025-09-05,2025-09-14
5804,하이산 팝업,서울 양천구 목동동로 257,"서울 양천구 목동동로 257 (목동, 현대하이페리온)",37.52667,126.875275,2026-03-13,2026-03-19
4652,주토피아2 팝업 - 메가박스 더부티크목동현대백화점,서울 양천구 목동동로 257,"서울 양천구 목동동로 257 (목동, 현대하이페리온)",37.527294,126.87457,2025-11-21,2025-12-21
5124,패션캣 팝업,서울 양천구 목동동로 257,"서울 양천구 목동동로 257 (목동, 현대하이페리온)",37.52713,126.87441,2025-12-25,2025-12-31
5782,쥬비스다이어트 팝업,서울 양천구 목동동로 257,"서울 양천구 목동동로 257 (목동, 현대하이페리온)",37.52663,126.87525,2026-03-06,2026-03-19
5787,디오바스크 팝업,서울 양천구 목동동로 257,"서울 양천구 목동동로 257 (목동, 현대하이페리온)",37.52664,126.87528,2026-03-06,2026-03-12
3892,프란츠 팝업 ,서울 양천구 목동동로 257,"서울 양천구 목동동로 257 (목동, 현대하이페리온)",37.52698,126.87504,2025-09-05,2025-09-14
2784,피지컬가먼츠 팝업,서울 양천구 목동동로 257,"서울 양천구 목동동로 257 (목동, 현대하이페리온)",37.526405,126.87506,2025-05-16,2025-05-25
5388,쿼드쎄라 팝업,서울 양천구 목동동로 257,"서울 양천구 목동동로 257 (목동, 현대하이페리온)",37.527317,126.87467,2026-01-22,2026-01-28
4688,플로로도라 팝업,서울 양천구 목동동로 257,"서울 양천구 목동동로 257 (목동, 현대하이페리온)",37.52716,126.874886,2025-11-20,2025-11-26
4583,비클린 X 힐란드 팝업,서울 양천구 목동동로 257,"서울 양천구 목동동로 257 (목동, 현대하이페리온)",37.52704,126.87452,2025-11-06,2025-11-12
3783,누스미크 팝업 ,서울 양천구 목동동로 257,"서울 양천구 목동동로 257 (목동, 현대하이페리온)",37.52716,126.87497,2025-08-22,2025-09-04
5753,마당부켓 팝업,서울 양천구 목동동로 257,"서울 양천구 목동동로 257 (목동, 현대하이페리온)",37.526657,126.87526,2026-03-06,2026-03-12
5788,디오바스크 팝업,서울 양천구 목동동로 257,"서울 양천구 목동동로 257 (목동, 현대하이페리온)",37.52664,126.87528,2026-03-06,2026-03-12
5554,걸즈 밴드 크라이 X 메가박스 콜라보 카페,서울 양천구 목동동로 309,"서울 양천구 목동동로 309 (목동, 행복한백화점((주)한국중소벤처기업유통원))",37.528816,126.87608,2026-01-28,2026-03-01
3732,캐릭터라인 팝업 - 캐릭터 득템존 ,서울 영등포구 경인로 846,"서울 영등포구 경인로 846 (영등포동, 영등포 민자역사)",37.515972,126.90787,2025-08-22,2025-09-11
4300,무모한 상점 몬치치 팝업 - 영등포,서울 영등포구 경인로 846,"서울 영등포구 경인로 846 (영등포동, 영등포 민자역사)",37.51545,126.907875,2025-10-24,2025-11-06
184,리무브 롯데백화점 영등포 팝업,서울 영등포구 경인로 846,서울 영등포구 영등포동 618-496,37.516014,126.907295,2024-07-26,2024-08-22
463,JJ디저트 두바이초콜릿 팝업,서울 영등포구 경인로 846,서울 영등포구 영등포동 618-496,37.516014,126.907295,2024-08-29,2024-09-08
333,유어굿즈 팝업,서울 영등포구 경인로 846,서울 영등포구 영등포동 618-496,37.516014,126.907295,2024-08-10,2024-09-30
4229,엔믹스 팝업 - 여의도,서울 영등포구 국제금융로 10,"서울 영등포구 국제금융로 10 (여의도동, 서울 국제금융 센터)",37.52516,126.92501,2025-10-15,2025-10-26
4904,TOPS 팝업,서울 영등포구 국제금융로 10,"서울 영등포구 국제금융로 10 (여의도동, 서울 국제금융 센터)",37.525257,126.92469,2025-12-05,2025-12-07
4637,웰로 로컬페스타 2025,서울 영등포구 국제금융로 10,"서울 영등포구 국제금융로 10 (여의도동, 서울 국제금융 센터)",37.525433,126.92671,2025-11-30,2025-11-30
3309,카카오페이 팝업 - 오래오래 함께가게,서울 영등포구 국제금융로 10,"서울 영등포구 국제금융로 10 (여의도동, 서울 국제금융 센터)",37.525105,126.925064,2025-07-10,2025-07-23
3121,산리오캐릭터즈 미디어아트 전시,서울 영등포구 국제금융로 10,"서울 영등포구 국제금융로 10 (여의도동, 서울 국제금융 센터)",37.52496,126.92576,2025-07-11,2025-11-15
4077,BYD 팝업 - BYD TECH LOUNGE,서울 영등포구 국제금융로 10,"서울 영등포구 국제금융로 10 (여의도동, 서울 국제금융 센터)",37.525097,126.92503,2025-09-19,2025-09-28
5842,캐세이 창립 80주년 팝업,서울 영등포구 국제금융로 10,"서울 영등포구 국제금융로 10 (여의도동, 서울 국제금융 센터)",37.52504,126.92588,2026-03-11,2026-03-15
1939,유엔난민기구 <사막 여우와 아이> 팝업,서울 영등포구 국제금융로 10,서울 영등포구 여의도동 23,37.525177,126.92487,2025-02-22,2025-02-23
2210,아이코스 팝업,서울 영등포구 국제금융로 10,서울 영등포구 여의도동 23,37.52514,126.92492,2025-02-28,2025-03-14
453,발렌타인 아워라운지 팝업,서울 영등포구 국제금융로 10,서울 영등포구 여의도동 23,37.52558,126.92551,2024-08-30,2024-09-13
2107,픽사 아트 컬렉션 전시,서울 영등포구 국제금융로 10,서울 영등포구 여의도동 23,37.52511,126.92499,2025-02-27,2025-05-18
5591,브리즈앤다이브 팝업,서울 영등포구 당산로41길 11,"서울 영등포구 당산로41길 11 (당산동4가, 당산 SK V1 center)",37.530872,126.898186,2026-02-11,2026-03-31
4781,그라운드 220v 디제이 페스티벌,서울 영등포구 선유로 173,"서울 영등포구 선유로 173 (양평동3가, LG전자 베스트샵 서울양평점)",37.52922,126.89216,2025-12-06,2025-12-06
1880,LG 그램 Pro 팝업,서울 영등포구 선유로 173,서울 영등포구 양평동3가 70-1,37.52934,126.89223,2025-02-05,2025-03-30
292,우와한 Life’s Good 연구소 팝업,서울 영등포구 선유로 173,서울 영등포구 양평동3가 70-1,37.529354,126.89218,2024-07-30,2024-08-25
3644,"퍼센테이지 디자인 팝업 - We Are Everywhere, Always!",서울 영등포구 선유로24길 10,서울 영등포구 선유로24길 10 (양평동1가),37.522533,126.89114,2025-08-15,2025-08-16
2832,28년 후 X 무한도전 Run 팝업,서울 영등포구 여의공원로 68,"서울 영등포구 여의공원로 68 (여의도동, 여의도공원관리사무소)",37.52455,126.920204,2025-05-25,2025-05-25
5130,최립우 전시 팝업 - fred1ck._choi ARCHIVE,서울 영등포구 여의대로 108,"서울 영등포구 여의대로 108 (여의도동, 파크원)",37.5257,126.92815,2025-12-25,2025-12-31
2846,빅노우즈애니멀즈 팝업,서울 영등포구 여의대로 108,"서울 영등포구 여의대로 108 (여의도동, 파크원)",37.525898,126.928116,2025-05-18,2025-05-31
3022,지구마불 세계여행 팝업,서울 영등포구 여의대로 108,"서울 영등포구 여의대로 108 (여의도동, 파크원)",37.526146,126.92818,2025-06-12,2025-06-18
3372,라부르켓 X 비클린 팝업,서울 영등포구 여의대로 108,"서울 영등포구 여의대로 108 (여의도동, 파크원)",37.525192,126.929115,2025-07-24,2025-07-30
3495,게이트리스 팝업,서울 영등포구 여의대로 108,"서울 영등포구 여의대로 108 (여의도동, 파크원)",37.525814,126.92865,2025-07-31,2025-08-06
4373,보스 팝업,서울 영등포구 여의대로 108,"서울 영등포구 여의대로 108 (여의도동, 파크원)",37.525967,126.9281,2025-10-20,2025-11-06
5526,베스트펜 팝업,서울 영등포구 여의대로 108,"서울 영등포구 여의대로 108 (여의도동, 파크원)",37.525948,126.928444,2026-02-02,2026-03-04
5624,글루타넥스 팝업,서울 영등포구 여의대로 108,"서울 영등포구 여의대로 108 (여의도동, 파크원)",37.525875,126.92847,2026-02-18,2026-02-26
5706,제니 Ruby 1주년 기념 팝업,서울 영등포구 여의대로 108,"서울 영등포구 여의대로 108 (여의도동, 파크원)",37.525898,126.928444,2026-03-05,2026-03-11
2792,아르튀스 베르트랑 팝업,서울 영등포구 여의대로 108,"서울 영등포구 여의대로 108 (여의도동, 파크원)",37.52569,126.92863,2025-05-16,2025-06-29
3405,ㅇㅇ,서울 영등포구 여의대로 108,"서울 영등포구 여의대로 108 (여의도동, 파크원)",37.525696,126.92916,2025-07-18,2025-08-05
4218,글로니 팝업,서울 영등포구 여의대로 108,"서울 영등포구 여의대로 108 (여의도동, 파크원)",37.5257,126.92866,2025-10-02,2025-10-15
4550,리딩 파티 팝업,서울 영등포구 여의대로 108,"서울 영등포구 여의대로 108 (여의도동, 파크원)",37.525276,126.92923,2025-11-04,2025-11-12
5695,8DIVISION 팝업,서울 영등포구 여의대로 108,"서울 영등포구 여의대로 108 (여의도동, 파크원)",37.525806,126.92848,2026-02-20,2026-03-09
4296,투썸플레이스 팝업 -  ICE BOX MONSTER 아박몬,서울 영등포구 여의대로 108,"서울 영등포구 여의대로 108 (여의도동, 파크원)",37.525475,126.92828,2025-10-17,2025-11-06
4589,메디큐브 에이지알 팝업,서울 영등포구 여의대로 108,"서울 영등포구 여의대로 108 (여의도동, 파크원)",37.526096,126.92824,2025-11-06,2025-11-19
3940,언스페셜데이 시즌4: 더 바리스타 팝업,서울 영등포구 여의대로 108,"서울 영등포구 여의대로 108 (여의도동, 파크원)",37.52546,126.928276,2025-09-12,2025-09-25
4054,어니스트그릭 팝업,서울 영등포구 여의대로 108,"서울 영등포구 여의대로 108 (여의도동, 파크원)",37.52529,126.92921,2025-09-18,2025-09-24
5255,게이즈샵 팝업,서울 영등포구 여의대로 108,"서울 영등포구 여의대로 108 (여의도동, 파크원)",37.525875,126.92833,2026-01-08,2026-01-21
4669,애니모어 팝업,서울 영등포구 여의대로 108,"서울 영등포구 여의대로 108 (여의도동, 파크원)",37.525238,126.92925,2025-11-11,2025-11-23
5148,스텔라앤츄이스 팝업,서울 영등포구 여의대로 108,"서울 영등포구 여의대로 108 (여의도동, 파크원)",37.52625,126.928185,2025-12-26,2025-12-31
5149,웰247 팝업,서울 영등포구 여의대로 108,"서울 영등포구 여의대로 108 (여의도동, 파크원)",37.52567,126.928116,2026-01-02,2026-01-14
5533,톤28 팝업,서울 영등포구 여의대로 108,"서울 영등포구 여의대로 108 (여의도동, 파크원)",37.525845,126.928535,2026-02-05,2026-02-15
3343,닌텐도 스위치 동키콩 바난자 팝업,서울 영등포구 여의대로 108,"서울 영등포구 여의대로 108 (여의도동, 파크원)",37.52602,126.92837,2025-07-17,2025-07-23
3757,여밈 팝업 ,서울 영등포구 여의대로 108,"서울 영등포구 여의대로 108 (여의도동, 파크원)",37.52614,126.92799,2025-08-28,2025-09-03
4756,GUVS 팝업,서울 영등포구 여의대로 108,"서울 영등포구 여의대로 108 (여의도동, 파크원)",37.525703,126.9281,2025-11-24,2025-12-07
5022,그린라이트 X 버라지 팝업,서울 영등포구 여의대로 108,"서울 영등포구 여의대로 108 (여의도동, 파크원)",37.525726,126.928604,2025-12-19,2026-01-04
3830,안티 소셜 소셜 클럽 팝업 ,서울 영등포구 여의대로 108,"서울 영등포구 여의대로 108 (여의도동, 파크원)",37.525215,126.92932,2025-09-01,2025-09-07
4106,푸에브코 팝업,서울 영등포구 여의대로 108,"서울 영등포구 여의대로 108 (여의도동, 파크원)",37.526127,126.92803,2025-09-19,2025-10-02
4897,타이니빌 팝업,서울 영등포구 여의대로 108,"서울 영등포구 여의대로 108 (여의도동, 파크원)",37.525574,126.92916,2025-12-04,2025-12-18
5611,Lee 101주년 팝업,서울 영등포구 여의대로 108,"서울 영등포구 여의대로 108 (여의도동, 파크원)",37.52589,126.92849,2026-02-18,2026-02-25
2829,바이비 팝업,서울 영등포구 여의대로 108,"서울 영등포구 여의대로 108 (여의도동, 파크원)",37.52544,126.92864,2025-05-17,2025-06-05
3294,수올리 팝업,서울 영등포구 여의대로 108,"서울 영등포구 여의대로 108 (여의도동, 파크원)",37.525707,126.928825,2025-07-14,2025-07-27
3564,더현대 서울 RUN 이벤트,서울 영등포구 여의대로 108,"서울 영등포구 여의대로 108 (여의도동, 파크원)",37.52577,126.92887,2025-08-22,2025-08-24
4907,네오젠 X 슈야토야 팝업,서울 영등포구 여의대로 108,"서울 영등포구 여의대로 108 (여의도동, 파크원)",37.526196,126.92805,2025-12-04,2025-12-10
2781,쏭크 팝업,서울 영등포구 여의대로 108,"서울 영등포구 여의대로 108 (여의도동, 파크원)",37.52581,126.92859,2025-05-15,2025-05-21
2858,미션파이브 팝업,서울 영등포구 여의대로 108,"서울 영등포구 여의대로 108 (여의도동, 파크원)",37.52552,126.9287,2025-05-23,2025-06-04
4628,넌블랭크 팝업,서울 영등포구 여의대로 108,"서울 영등포구 여의대로 108 (여의도동, 파크원)",37.526077,126.9282,2025-11-13,2025-11-19
4206,이투둘 팝업,서울 영등포구 여의대로 108,"서울 영등포구 여의대로 108 (여의도동, 파크원)",37.526142,126.928024,2025-10-07,2025-10-15
4269,에이티즈 팝업 - 8ROOM,서울 영등포구 여의대로 108,"서울 영등포구 여의대로 108 (여의도동, 파크원)",37.525192,126.929115,2025-10-14,2025-10-26
5020,와사비베어 팝업 - 여의도,서울 영등포구 여의대로 108,"서울 영등포구 여의대로 108 (여의도동, 파크원)",37.52577,126.928925,2025-12-12,2026-01-08
5389,구찌 팝업 - 라 파밀리아,서울 영등포구 여의대로 108,"서울 영등포구 여의대로 108 (여의도동, 파크원)",37.525723,126.92851,2026-01-23,2026-02-01
5682,카비시 팝업,서울 영등포구 여의대로 108,"서울 영등포구 여의대로 108 (여의도동, 파크원)",37.525887,126.928505,2026-02-26,2026-03-04
3743,밀빛 팝업 ,서울 영등포구 여의대로 108,"서울 영등포구 여의대로 108 (여의도동, 파크원)",37.525585,126.92923,2025-09-01,2025-12-31
5184,세이마이네임 팝업 - &Our Vibe,서울 영등포구 여의대로 108,"서울 영등포구 여의대로 108 (여의도동, 파크원)",37.525944,126.92829,2026-01-02,2026-01-07
4477,위픽 팝업,서울 영등포구 여의대로 108,"서울 영등포구 여의대로 108 (여의도동, 파크원)",37.5257,126.92829,2025-11-04,2025-11-12
4758,라이프 오브 파이 팝업,서울 영등포구 여의대로 108,"서울 영등포구 여의대로 108 (여의도동, 파크원)",37.525497,126.9289,2025-11-27,2025-12-03
5261,쏘쏘사라다 - 여의도,서울 영등포구 여의대로 108,"서울 영등포구 여의대로 108 (여의도동, 파크원)",37.52597,126.92849,2026-01-16,2026-01-22
2766,니아르 팝업,서울 영등포구 여의대로 108,"서울 영등포구 여의대로 108 (여의도동, 파크원)",37.52615,126.9282,2025-05-16,2025-05-22
2882,클레어스 X 김도영 팝업,서울 영등포구 여의대로 108,"서울 영등포구 여의대로 108 (여의도동, 파크원)",37.5263,126.92845,2025-06-01,2025-06-19
3227,벤슨 팝업,서울 영등포구 여의대로 108,"서울 영등포구 여의대로 108 (여의도동, 파크원)",37.52585,126.928505,2025-07-01,2025-08-31
4598,그린버터 팝업,서울 영등포구 여의대로 108,"서울 영등포구 여의대로 108 (여의도동, 파크원)",37.525192,126.92923,2025-11-06,2025-11-12
4639,조셉앤스테이시 X 산리오캐릭터즈 팝업,서울 영등포구 여의대로 108,"서울 영등포구 여의대로 108 (여의도동, 파크원)",37.525757,126.928764,2025-11-13,2025-11-19
3262,무용지용 키보드키링 팝업 - 여의도,서울 영등포구 여의대로 108,"서울 영등포구 여의대로 108 (여의도동, 파크원)",37.526134,126.928154,2025-07-21,2025-08-03
3378,FC 바르셀로나 팝업,서울 영등포구 여의대로 108,"서울 영등포구 여의대로 108 (여의도동, 파크원)",37.525192,126.929115,2025-07-24,2025-07-30
3964,트웰브 팝업,서울 영등포구 여의대로 108,"서울 영등포구 여의대로 108 (여의도동, 파크원)",37.525932,126.92865,2025-09-16,2025-09-22
5352,다이슨 팝업,서울 영등포구 여의대로 108,"서울 영등포구 여의대로 108 (여의도동, 파크원)",37.52587,126.92858,2026-01-22,2026-02-01
5704,핫소스 백만잔치 팝업,서울 영등포구 여의대로 108,"서울 영등포구 여의대로 108 (여의도동, 파크원)",37.52586,126.92847,2026-03-12,2026-03-18
3087,파삭 팝업,서울 영등포구 여의대로 108,"서울 영등포구 여의대로 108 (여의도동, 파크원)",37.52557,126.92861,2025-06-26,2025-07-02
3737,요기보 팝업 - Unreal is Real,서울 영등포구 여의대로 108,"서울 영등포구 여의대로 108 (여의도동, 파크원)",37.52544,126.928856,2025-08-22,2025-09-07
5095,베리즈 팝업,서울 영등포구 여의대로 108,"서울 영등포구 여의대로 108 (여의도동, 파크원)",37.526222,126.9286,2026-01-22,2026-01-28
5513,힘펠 팝업 - 숨쉬는 집,서울 영등포구 여의대로 108,"서울 영등포구 여의대로 108 (여의도동, 파크원)",37.525784,126.92857,2026-02-09,2026-02-22
3494,24/7 팝업,서울 영등포구 여의대로 108,"서울 영등포구 여의대로 108 (여의도동, 파크원)",37.52551,126.928444,2025-07-31,2025-08-13
5142,복복 팝업,서울 영등포구 여의대로 108,"서울 영등포구 여의대로 108 (여의도동, 파크원)",37.52597,126.928604,2026-01-05,2026-01-25
5481,MIM 팝업,서울 영등포구 여의대로 108,"서울 영등포구 여의대로 108 (여의도동, 파크원)",37.525677,126.9285,2026-01-29,2026-02-04
5750,아메스월드와이드 팝업,서울 영등포구 여의대로 108,"서울 영등포구 여의대로 108 (여의도동, 파크원)",37.525852,126.92847,2026-03-05,2026-03-11
3058,패트와 매트 팝업,서울 영등포구 여의대로 108,"서울 영등포구 여의대로 108 (여의도동, 파크원)",37.52592,126.9286,2025-06-19,2025-07-02
3144,게스 X 엔믹스 팝업,서울 영등포구 여의대로 108,"서울 영등포구 여의대로 108 (여의도동, 파크원)",37.525635,126.928856,2025-06-26,2025-07-09
4408,핫토이 팝업,서울 영등포구 여의대로 108,"서울 영등포구 여의대로 108 (여의도동, 파크원)",37.52546,126.928276,2025-10-23,2025-11-06
4878,도자 캣 팝업,서울 영등포구 여의대로 108,"서울 영등포구 여의대로 108 (여의도동, 파크원)",37.525593,126.92925,2025-12-07,2025-12-14
5030,투머치택스 팝업,서울 영등포구 여의대로 108,"서울 영등포구 여의대로 108 (여의도동, 파크원)",37.52589,126.92814,2025-12-24,2025-12-28
5068,플레이인더박스 X 에스더버니 미니 팝업,서울 영등포구 여의대로 108,"서울 영등포구 여의대로 108 (여의도동, 파크원)",37.525623,126.92921,2025-12-18,2026-01-15
5555,굼바포터리 팝업,서울 영등포구 여의대로 108,"서울 영등포구 여의대로 108 (여의도동, 파크원)",37.52587,126.928474,2026-02-06,2026-03-01
5598,하이산 팝업,서울 영등포구 여의대로 108,"서울 영등포구 여의대로 108 (여의도동, 파크원)",37.525837,126.92851,2026-02-18,2026-02-25
5405,찬스클로딩 팝업,서울 영등포구 여의대로 108,"서울 영등포구 여의대로 108 (여의도동, 파크원)",37.525845,126.928276,2026-01-30,2026-02-19
5418,베티붑 팝업,서울 영등포구 여의대로 108,"서울 영등포구 여의대로 108 (여의도동, 파크원)",37.525723,126.928474,2026-01-29,2026-02-04
2821,시리즈 X 이니셜D 팝업 - 더현대,서울 영등포구 여의대로 108,"서울 영등포구 여의대로 108 (여의도동, 파크원)",37.52596,126.9282,2025-05-20,2025-06-01
3933,맥 팝업,서울 영등포구 여의대로 108,"서울 영등포구 여의대로 108 (여의도동, 파크원)",37.52625,126.92832,2025-09-08,2025-09-14
4342,투어스 팝업 - 여의도,서울 영등포구 여의대로 108,"서울 영등포구 여의대로 108 (여의도동, 파크원)",37.526047,126.927925,2025-10-16,2025-10-22
3080,아이스트 루체니아 팝업 ,서울 영등포구 여의대로 108,"서울 영등포구 여의대로 108 (여의도동, 파크원)",37.52552,126.928444,2025-06-17,2025-06-30
3342,압도 팝업,서울 영등포구 여의대로 108,"서울 영등포구 여의대로 108 (여의도동, 파크원)",37.52608,126.92856,2025-07-17,2025-07-23
4158,SMT라운지 X 키보에다마메 이벤트,서울 영등포구 여의대로 108,"서울 영등포구 여의대로 108 (여의도동, 파크원)",37.52554,126.92843,2025-10-01,2025-10-12
4711,곰돌찡 토끼찡이랑 파자마파티 팝업,서울 영등포구 여의대로 108,"서울 영등포구 여의대로 108 (여의도동, 파크원)",37.525627,126.92849,2025-11-20,2025-12-03
5391,멜로우빈 팝업,서울 영등포구 여의대로 108,"서울 영등포구 여의대로 108 (여의도동, 파크원)",37.525776,126.92851,2026-01-28,2026-02-08
5496,노빅딜 팝업,서울 영등포구 여의대로 108,"서울 영등포구 여의대로 108 (여의도동, 파크원)",37.525772,126.92843,2026-02-05,2026-02-11
3321,K리그 X 주토피아 팝업,서울 영등포구 여의대로 108,"서울 영등포구 여의대로 108 (여의도동, 파크원)",37.525967,126.928375,2025-07-25,2025-08-06
4387,탄산마그네슘 팝업,서울 영등포구 여의대로 108,"서울 영등포구 여의대로 108 (여의도동, 파크원)",37.5259,126.928185,2025-10-23,2025-10-29
5043,아이티스트 X 다비치안경 팝업,서울 영등포구 여의대로 108,"서울 영등포구 여의대로 108 (여의도동, 파크원)",37.525784,126.92878,2025-12-18,2025-12-24
5257, 롤링스튜디오 팝업,서울 영등포구 여의대로 108,"서울 영등포구 여의대로 108 (여의도동, 파크원)",37.525757,126.92848,2026-01-08,2026-01-14
3857,파이롯트 팝업 ,서울 영등포구 여의대로 108,"서울 영등포구 여의대로 108 (여의도동, 파크원)",37.526085,126.92802,2025-09-05,2025-09-18
4053,오브베이지 팝업,서울 영등포구 여의대로 108,"서울 영등포구 여의대로 108 (여의도동, 파크원)",37.525517,126.92904,2025-09-18,2025-09-24
4467,랩 X 한국배구연맹 팝업,서울 영등포구 여의대로 108,"서울 영등포구 여의대로 108 (여의도동, 파크원)",37.52595,126.928085,2025-10-30,2025-11-05
4835,엔퍼센트 팝업,서울 영등포구 여의대로 108,"서울 영등포구 여의대로 108 (여의도동, 파크원)",37.525597,126.929344,2025-12-01,2025-12-31
5618,서스스토어 팝업 - 매옹이의 천태만상,서울 영등포구 여의대로 108,"서울 영등포구 여의대로 108 (여의도동, 파크원)",37.52579,126.92855,2026-02-09,2026-03-02
2753,일빠로디 팝업,서울 영등포구 여의대로 108,"서울 영등포구 여의대로 108 (여의도동, 파크원)",37.525524,126.92851,2025-05-23,2025-05-29
5687,오프레임 팝업,서울 영등포구 여의대로 108,"서울 영등포구 여의대로 108 (여의도동, 파크원)",37.525898,126.9285,2026-02-24,2026-03-08
3344,셀비지프로젝트 팝업,서울 영등포구 여의대로 108,"서울 영등포구 여의대로 108 (여의도동, 파크원)",37.52589,126.92858,2025-07-17,2025-07-23
4668,길라아카이브 팝업,서울 영등포구 여의대로 108,"서울 영등포구 여의대로 108 (여의도동, 파크원)",37.52523,126.92925,2025-11-13,2025-11-19
5125,리이 팝업,서울 영등포구 여의대로 108,"서울 영등포구 여의대로 108 (여의도동, 파크원)",37.525852,126.92818,2025-12-25,2026-01-07
5560,르셀르 팝업,서울 영등포구 여의대로 108,"서울 영등포구 여의대로 108 (여의도동, 파크원)",37.525833,126.92842,2026-02-05,2026-02-11
5728,아크드롭 팝업,서울 영등포구 여의대로 108,"서울 영등포구 여의대로 108 (여의도동, 파크원)",37.525772,126.92827,2026-02-26,2026-03-04
3651,김씨네 과일 팝업 ,서울 영등포구 여의대로 108,"서울 영등포구 여의대로 108 (여의도동, 파크원)",37.525772,126.9286,2025-08-14,2025-08-20
5000,어다울 팝업,서울 영등포구 여의대로 108,"서울 영등포구 여의대로 108 (여의도동, 파크원)",37.525494,126.92824,2025-12-12,2025-12-18
5846,N32 팝업,서울 영등포구 여의대로 108,"서울 영등포구 여의대로 108 (여의도동, 파크원)",37.525864,126.92846,2026-03-09,2026-03-26
3304,하와이 여름마켓 팝업,서울 영등포구 여의대로 108,"서울 영등포구 여의대로 108 (여의도동, 파크원)",37.525967,126.92848,2025-07-11,2025-08-17
4047,발렌티노 팝업,서울 영등포구 여의대로 108,"서울 영등포구 여의대로 108 (여의도동, 파크원)",37.525486,126.928345,2025-09-16,2025-09-21
4132,오브먼트 팝업,서울 영등포구 여의대로 108,"서울 영등포구 여의대로 108 (여의도동, 파크원)",37.525585,126.92841,2025-09-25,2025-10-01
4240,라카 팝업 - 여의도,서울 영등포구 여의대로 108,"서울 영등포구 여의대로 108 (여의도동, 파크원)",37.525196,126.92931,2025-10-23,2025-10-29
4593,스킴스 팝업 - 여의도,서울 영등포구 여의대로 108,"서울 영등포구 여의대로 108 (여의도동, 파크원)",37.52576,126.92825,2025-11-21,2026-01-25
4823,라이프앤피시스 팝업,서울 영등포구 여의대로 108,"서울 영등포구 여의대로 108 (여의도동, 파크원)",37.52567,126.92811,2025-11-21,2025-12-04
4875,런위더 팝업,서울 영등포구 여의대로 108,"서울 영등포구 여의대로 108 (여의도동, 파크원)",37.52564,126.92923,2025-12-04,2025-12-10
5862,프리덤 X 더현대서울 팝업,서울 영등포구 여의대로 108,"서울 영등포구 여의대로 108 (여의도동, 파크원)",37.52587,126.92847,2026-04-02,2026-04-08
3237,백조씽크 팝업,서울 영등포구 여의대로 108,"서울 영등포구 여의대로 108 (여의도동, 파크원)",37.525917,126.92831,2025-07-04,2025-07-16
5208,박물구안 팝업,서울 영등포구 여의대로 108,"서울 영등포구 여의대로 108 (여의도동, 파크원)",37.525326,126.9289,2026-01-02,2026-01-11
3682,아이유 팝업 - Found at Eight,서울 영등포구 여의대로 108,"서울 영등포구 여의대로 108 (여의도동, 파크원)",37.525997,126.92843,2025-09-10,2025-09-21
3762,행운맨숀 팝업 ,서울 영등포구 여의대로 108,"서울 영등포구 여의대로 108 (여의도동, 파크원)",37.526394,126.928375,2025-09-08,2025-09-25
4364,러프넥 팝업,서울 영등포구 여의대로 108,"서울 영등포구 여의대로 108 (여의도동, 파크원)",37.525192,126.929115,2025-10-23,2025-10-23
4604,더 스캇렉 팝업,서울 영등포구 여의대로 108,"서울 영등포구 여의대로 108 (여의도동, 파크원)",37.52572,126.92862,2025-11-07,2025-11-16
5190,알테 팝업,서울 영등포구 여의대로 108,"서울 영등포구 여의대로 108 (여의도동, 파크원)",37.525288,126.92865,2026-01-05,2026-02-18
3974,라렌 팝업 ,서울 영등포구 여의대로 108,"서울 영등포구 여의대로 108 (여의도동, 파크원)",37.526142,126.92807,2025-09-11,2025-09-17
4446,아워글래스 팝업,서울 영등포구 여의대로 108,"서울 영등포구 여의대로 108 (여의도동, 파크원)",37.52614,126.927956,2025-10-24,2025-11-02
4165,돈돈즈 팝업,서울 영등포구 여의대로 108,"서울 영등포구 여의대로 108 (여의도동, 파크원)",37.526127,126.92802,2025-09-26,2025-10-12
5354,블랙퍼플 팝업,서울 영등포구 여의대로 108,"서울 영등포구 여의대로 108 (여의도동, 파크원)",37.52577,126.928444,2026-01-15,2026-01-21
5061,시티브리즈 팝업,서울 영등포구 여의대로 108,"서울 영등포구 여의대로 108 (여의도동, 파크원)",37.52616,126.92838,2025-12-18,2025-12-24
3090,노이스 X 오아시스 팝업,서울 영등포구 여의대로 108,"서울 영등포구 여의대로 108 (여의도동, 파크원)",37.52575,126.9282,2025-06-19,2025-06-25
3293,프라다 뷰티 패러독스 팝업,서울 영등포구 여의대로 108,"서울 영등포구 여의대로 108 (여의도동, 파크원)",37.526,126.928215,2025-07-10,2025-07-20
3815,킬리안 파리 팝업 ,서울 영등포구 여의대로 108,"서울 영등포구 여의대로 108 (여의도동, 파크원)",37.526043,126.928055,2025-08-25,2025-09-07
4114,봄날엔 팝업,서울 영등포구 여의대로 108,"서울 영등포구 여의대로 108 (여의도동, 파크원)",37.52527,126.92927,2025-09-26,2025-10-04
5062,K리그 사진전&팝업,서울 영등포구 여의대로 108,"서울 영등포구 여의대로 108 (여의도동, 파크원)",37.525585,126.929245,2025-12-28,2026-01-04
3547,오끼뜨 팝업 ,서울 영등포구 여의대로 108,"서울 영등포구 여의대로 108 (여의도동, 파크원)",37.525295,126.928894,2025-08-12,2025-08-24
3688,무브먼트랩 팝업 - 더 호텔,서울 영등포구 여의대로 108,"서울 영등포구 여의대로 108 (여의도동, 파크원)",37.525772,126.9286,2025-08-15,2025-08-24
4074,폭군의 셰프 팝업,서울 영등포구 여의대로 108,"서울 영등포구 여의대로 108 (여의도동, 파크원)",37.525623,126.92849,2025-10-02,2025-10-11
4131,후지이 카제 팝업,서울 영등포구 여의대로 108,"서울 영등포구 여의대로 108 (여의도동, 파크원)",37.525734,126.929016,2025-09-26,2025-09-28
4170,댄꼼마 팝업,서울 영등포구 여의대로 108,"서울 영등포구 여의대로 108 (여의도동, 파크원)",37.525234,126.929276,2025-10-23,2025-10-29
5281,EXO 팝업 - REVERXE THE WORLD,서울 영등포구 여의대로 108,"서울 영등포구 여의대로 108 (여의도동, 파크원)",37.525707,126.92855,2026-01-20,2026-01-27
5564,해칭룸 팝업,서울 영등포구 여의대로 108,"서울 영등포구 여의대로 108 (여의도동, 파크원)",37.52589,126.92856,2026-02-12,2026-02-25
3225,돈키호테 X GS25 팝업,서울 영등포구 여의대로 108,"서울 영등포구 여의대로 108 (여의도동, 파크원)",37.525536,126.92868,2025-07-08,2025-08-01
3352,WIND AND SEA 팝업,서울 영등포구 여의대로 108,"서울 영등포구 여의대로 108 (여의도동, 파크원)",37.52597,126.92821,2025-07-17,2025-07-30
3699,바이시클 코리아 팝업,서울 영등포구 여의대로 108,"서울 영등포구 여의대로 108 (여의도동, 파크원)",37.525345,126.92932,2025-08-22,2025-09-04
5106,탬오리 팝업 - COZY NEST,서울 영등포구 여의대로 108,"서울 영등포구 여의대로 108 (여의도동, 파크원)",37.525566,126.929276,2026-01-02,2026-01-11
2770,꼬박꼬밥 팝업,서울 영등포구 여의대로 108,"서울 영등포구 여의대로 108 (여의도동, 파크원)",37.525993,126.92866,2025-05-15,2025-05-28
5397,에이카화이트 팝업,서울 영등포구 여의대로 108,"서울 영등포구 여의대로 108 (여의도동, 파크원)",37.525925,126.92835,2026-01-22,2026-01-28
3553,원 모어 백 팝업 - 기념상점,서울 영등포구 여의대로 108,"서울 영등포구 여의대로 108 (여의도동, 파크원)",37.52525,126.9293,2025-08-12,2025-09-14
4741,낫포너드 팝업,서울 영등포구 여의대로 108,"서울 영등포구 여의대로 108 (여의도동, 파크원)",37.52522,126.92891,2025-11-20,2025-11-26
5353,로우바이브 팝업,서울 영등포구 여의대로 108,"서울 영등포구 여의대로 108 (여의도동, 파크원)",37.525837,126.928505,2026-01-19,2026-02-26
5576,티&디저트 팝업 - TEA for the mood,서울 영등포구 여의대로 108,"서울 영등포구 여의대로 108 (여의도동, 파크원)",37.52596,126.92842,2026-02-09,2026-02-15
5729,닛카 프론티어 팝업,서울 영등포구 여의대로 108,"서울 영등포구 여의대로 108 (여의도동, 파크원)",37.526134,126.92841,2026-02-27,2026-03-11
3089,큐클리프 팝업,서울 영등포구 여의대로 108,"서울 영등포구 여의대로 108 (여의도동, 파크원)",37.525646,126.92835,2025-06-19,2025-07-02
4130,힙부즈 팝업 - 천상천하 유아독존,서울 영등포구 여의대로 108,"서울 영등포구 여의대로 108 (여의도동, 파크원)",37.525913,126.92828,2025-09-25,2025-10-01
5006,로우바이브 팝업,서울 영등포구 여의대로 108,"서울 영등포구 여의대로 108 (여의도동, 파크원)",37.525623,126.929146,2025-12-18,2025-12-24
5137,아이헤이트먼데이 팝업,서울 영등포구 여의대로 108,"서울 영등포구 여의대로 108 (여의도동, 파크원)",37.52602,126.928665,2025-12-19,2026-01-04
5191,시프트 팝업,서울 영등포구 여의대로 108,"서울 영등포구 여의대로 108 (여의도동, 파크원)",37.52551,126.92899,2026-01-05,2026-01-18
4073,댄스댄스댄스 팝업,서울 영등포구 여의대로 108,"서울 영등포구 여의대로 108 (여의도동, 파크원)",37.52512,126.92891,2025-09-26,2025-10-16
4622,고독한 미식가 팝업,서울 영등포구 여의대로 108,"서울 영등포구 여의대로 108 (여의도동, 파크원)",37.525585,126.92923,2025-11-13,2025-11-16
4761,2025 서부내륙권 미식 팝업,서울 영등포구 여의대로 108,"서울 영등포구 여의대로 108 (여의도동, 파크원)",37.525383,126.928955,2025-11-21,2025-11-27
4841,무한도전 20주년 팝업,서울 영등포구 여의대로 108,"서울 영등포구 여의대로 108 (여의도동, 파크원)",37.525806,126.92893,2025-12-05,2025-12-16
4956,위프 팝업,서울 영등포구 여의대로 108,"서울 영등포구 여의대로 108 (여의도동, 파크원)",37.526085,126.928,2025-12-05,2025-12-18
4155,리코더팩토리 팝업,서울 영등포구 여의대로 108,"서울 영등포구 여의대로 108 (여의도동, 파크원)",37.52537,126.92882,2025-09-26,2025-10-12
5779,프린트베이커리 X Shrig Shop 팝업,서울 영등포구 여의대로 108,"서울 영등포구 여의대로 108 (여의도동, 파크원)",37.52592,126.92846,2026-03-06,2026-03-19
3033,솜속 팝업,서울 영등포구 여의대로 108,"서울 영등포구 여의대로 108 (여의도동, 파크원)",37.52604,126.92798,2025-06-12,2025-06-18
3571,우드포드 리저브 팝업 - THE FASHION BAR,서울 영등포구 여의대로 108,"서울 영등포구 여의대로 108 (여의도동, 파크원)",37.52542,126.92849,2025-08-08,2025-08-20
4030,민트리 팝업 ,서울 영등포구 여의대로 108,"서울 영등포구 여의대로 108 (여의도동, 파크원)",37.526047,126.9277,2025-09-16,2025-09-24
5539,셀바티코 팝업,서울 영등포구 여의대로 108,"서울 영등포구 여의대로 108 (여의도동, 파크원)",37.525845,126.928535,2026-02-05,2026-02-15
5835,글로리글로우 팝업,서울 영등포구 여의대로 108,"서울 영등포구 여의대로 108 (여의도동, 파크원)",37.525913,126.928505,2026-03-20,2026-03-26
2961,전자랜드 세모키 팝업,서울 영등포구 여의대로 108,"서울 영등포구 여의대로 108 (여의도동, 파크원)",37.525192,126.929115,2025-06-19,2025-06-25
3753,글렌피딕 X 애스턴마틴 팝업 ,서울 영등포구 여의대로 108,"서울 영등포구 여의대로 108 (여의도동, 파크원)",37.525448,126.9285,2025-08-22,2025-09-01
4496,퇴마록 체험展 팝업,서울 영등포구 여의대로 108,"서울 영등포구 여의대로 108 (여의도동, 파크원)",37.525967,126.92809,2025-10-28,2025-11-09
4562,모머위켄드 팝업,서울 영등포구 여의대로 108,"서울 영등포구 여의대로 108 (여의도동, 파크원)",37.525963,126.92831,2025-10-31,2025-11-30
5293,웬즈데이오아시스 팝업,서울 영등포구 여의대로 108,"서울 영등포구 여의대로 108 (여의도동, 파크원)",37.52586,126.92847,2026-01-08,2026-01-14
5380,일룸 전시 - 작은 작업자들의 캠프,서울 영등포구 여의대로 108,"서울 영등포구 여의대로 108 (여의도동, 파크원)",37.525913,126.92842,2026-01-19,2026-02-05
3425,베르사체 팝업,서울 영등포구 여의대로 108,"서울 영등포구 여의대로 108 (여의도동, 파크원)",37.525734,126.92904,2025-07-28,2025-08-07
5027,리큐엠 팝업,서울 영등포구 여의대로 108,"서울 영등포구 여의대로 108 (여의도동, 파크원)",37.525322,126.929276,2025-12-18,2025-12-24
2771,<천국보다 아름다운> 팝업,서울 영등포구 여의대로 108,"서울 영등포구 여의대로 108 (여의도동, 파크원)",37.526115,126.92817,2025-05-16,2025-05-22
3110,iM금융그룹 팝업,서울 영등포구 여의대로 108,"서울 영등포구 여의대로 108 (여의도동, 파크원)",37.525654,126.92828,2025-06-20,2025-06-30
3661,도우하우스 파작 팝업 ,서울 영등포구 여의대로 108,"서울 영등포구 여의대로 108 (여의도동, 파크원)",37.525536,126.92924,2025-08-15,2025-08-21
4162,스토커즈 팝업 - STALKERS’ TAG,서울 영등포구 여의대로 108,"서울 영등포구 여의대로 108 (여의도동, 파크원)",37.52565,126.92852,2025-10-16,2025-10-22
4734,노티아 팝업,서울 영등포구 여의대로 108,"서울 영등포구 여의대로 108 (여의도동, 파크원)",37.525566,126.92919,2025-11-20,2025-11-26
5403,이너프 팝업,서울 영등포구 여의대로 108,"서울 영등포구 여의대로 108 (여의도동, 파크원)",37.5259,126.928474,2026-01-22,2026-01-28
3079,부산관광 팝업,서울 영등포구 여의대로 108,"서울 영등포구 여의대로 108 (여의도동, 파크원)",37.525986,126.92859,2025-06-19,2025-06-22
4401,해리의 크리스마스 공방,서울 영등포구 여의대로 108,"서울 영등포구 여의대로 108 (여의도동, 파크원)",37.525887,126.92821,2025-11-01,2025-12-31
3662,피부피부 팝업 ,서울 영등포구 여의대로 108,"서울 영등포구 여의대로 108 (여의도동, 파크원)",37.5257,126.92853,2025-08-14,2025-08-20
3755,애니모어 팝업 ,서울 영등포구 여의대로 108,"서울 영등포구 여의대로 108 (여의도동, 파크원)",37.526085,126.92809,2025-08-24,2025-09-03
3972,샤카웨어 팝업 ,서울 영등포구 여의대로 108,"서울 영등포구 여의대로 108 (여의도동, 파크원)",37.525745,126.92906,2025-09-11,2025-09-17
4144,꼬따꼬뜨플래닛 팝업,서울 영등포구 여의대로 108,"서울 영등포구 여의대로 108 (여의도동, 파크원)",37.52578,126.929054,2025-09-29,2025-10-19
4304,메종본뉘 하우스 팝업,서울 영등포구 여의대로 108,"서울 영등포구 여의대로 108 (여의도동, 파크원)",37.525898,126.92818,2025-10-20,2025-11-09
4818,52TOYS 팝업,서울 영등포구 여의대로 108,"서울 영등포구 여의대로 108 (여의도동, 파크원)",37.525387,126.92878,2025-12-04,2025-12-18
5035,코토팍시 팝업,서울 영등포구 여의대로 108,"서울 영등포구 여의대로 108 (여의도동, 파크원)",37.525974,126.92866,2025-12-11,
5070,윗아웃비자 팝업,서울 영등포구 여의대로 108,"서울 영등포구 여의대로 108 (여의도동, 파크원)",37.526237,126.92849,2025-12-19,2025-12-25
4891,유비콰 팝업,서울 영등포구 여의대로 108,"서울 영등포구 여의대로 108 (여의도동, 파크원)",37.526028,126.92793,2025-12-08,2025-12-21
5145,뷰이뷰이 팝업,서울 영등포구 여의대로 108,"서울 영등포구 여의대로 108 (여의도동, 파크원)",37.526043,126.92876,2026-01-02,2026-01-07
5517,똥깡아지 메주 팝업 - 꼬꼬하우스,서울 영등포구 여의대로 108,"서울 영등포구 여의대로 108 (여의도동, 파크원)",37.525776,126.92864,2026-02-05,2026-02-15
2878,샬롬 팝업,서울 영등포구 여의대로 108,"서울 영등포구 여의대로 108 (여의도동, 파크원)",37.525494,126.92876,2025-06-05,2025-06-11
3032,더티린넨 팝업,서울 영등포구 여의대로 108,"서울 영등포구 여의대로 108 (여의도동, 파크원)",37.525192,126.929115,2025-06-06,2025-06-15
3386,아키사케 팝업_사본,서울 영등포구 여의대로 108,"서울 영등포구 여의대로 108 (여의도동, 파크원)",37.525192,126.929115,2025-07-25,2025-08-06
4281,바리바디 팝업,서울 영등포구 여의대로 108,"서울 영등포구 여의대로 108 (여의도동, 파크원)",37.52556,126.92923,2025-10-13,2025-10-19
4965,디어스윗랩 팝업,서울 영등포구 여의대로 108,"서울 영등포구 여의대로 108 (여의도동, 파크원)",37.525764,126.92857,2026-01-09,2026-01-15
5055,크록스 케이스 팝업,서울 영등포구 여의대로 108,"서울 영등포구 여의대로 108 (여의도동, 파크원)",37.525818,126.92894,2025-12-19,2025-12-31
5114,세컨드스튜디오 팝업,서울 영등포구 여의대로 108,"서울 영등포구 여의대로 108 (여의도동, 파크원)",37.526115,126.92788,2025-12-22,2026-01-04
5563,비그룸 팝업,서울 영등포구 여의대로 108,"서울 영등포구 여의대로 108 (여의도동, 파크원)",37.525852,126.92845,2026-02-05,2026-02-15
3539,핫토이 스티치 팝업,서울 영등포구 여의대로 108,"서울 영등포구 여의대로 108 (여의도동, 파크원)",37.525215,126.92931,2025-08-07,2025-08-21
3722,디에그 팝업 ,서울 영등포구 여의대로 108,"서울 영등포구 여의대로 108 (여의도동, 파크원)",37.526306,126.928085,2025-08-29,2025-09-04
4545,명란리소금밭 팝업,서울 영등포구 여의대로 108,"서울 영등포구 여의대로 108 (여의도동, 파크원)",37.525574,126.92922,2025-11-07,2025-11-20
4876,하우스오브낭만 팝업,서울 영등포구 여의대로 108,"서울 영등포구 여의대로 108 (여의도동, 파크원)",37.525948,126.928276,2025-12-11,2025-12-17
2786,맨체스터 시티 팝업,서울 영등포구 여의대로 108,"서울 영등포구 여의대로 108 (여의도동, 파크원)",37.525944,126.92845,2025-05-15,2025-05-27
5158,치플레 팝업,서울 영등포구 여의대로 108,"서울 영등포구 여의대로 108 (여의도동, 파크원)",37.526215,126.9286,2025-12-15,2026-02-28
3643,현대 N 팝업,서울 영등포구 여의대로 108,"서울 영등포구 여의대로 108 (여의도동, 파크원)",37.52558,126.92898,2025-08-14,2025-08-20
4118,아베다 팝업,서울 영등포구 여의대로 108,"서울 영등포구 여의대로 108 (여의도동, 파크원)",37.526093,126.928024,2025-09-22,2025-10-04
4208,틴트트레이 팝업,서울 영등포구 여의대로 108,"서울 영등포구 여의대로 108 (여의도동, 파크원)",37.525665,126.92806,2025-10-07,2025-10-16
5351,레이블리스 팝업,서울 영등포구 여의대로 108,"서울 영등포구 여의대로 108 (여의도동, 파크원)",37.52601,126.928474,2026-01-15,2026-01-21
5585,오르시아 팝업,서울 영등포구 여의대로 108,"서울 영등포구 여의대로 108 (여의도동, 파크원)",37.52589,126.92851,2026-02-12,2026-03-04
3158,뉴발란스 팝업,서울 영등포구 여의대로 108,"서울 영등포구 여의대로 108 (여의도동, 파크원)",37.525383,126.92868,2025-06-26,2025-07-02
3480,흔한남매 팝업 - 우리집에 놀러와,서울 영등포구 여의대로 108,"서울 영등포구 여의대로 108 (여의도동, 파크원)",37.52556,126.92853,2025-08-07,2025-08-20
3691,레브레드 팝업 ,서울 영등포구 여의대로 108,"서울 영등포구 여의대로 108 (여의도동, 파크원)",37.52525,126.92932,2025-08-22,2025-09-11
4224,메모 파리 팝업,서울 영등포구 여의대로 108,"서울 영등포구 여의대로 108 (여의도동, 파크원)",37.525066,126.92899,2025-10-02,2025-10-13
5127,하이디 팝업,서울 영등포구 여의대로 108,"서울 영등포구 여의대로 108 (여의도동, 파크원)",37.52612,126.9287,2025-12-25,2025-12-31
5189,폴앤안나 팝업,서울 영등포구 여의대로 108,"서울 영등포구 여의대로 108 (여의도동, 파크원)",37.526096,126.928085,2026-01-02,2026-01-07
3083,바반투 팝업,서울 영등포구 여의대로 108,"서울 영등포구 여의대로 108 (여의도동, 파크원)",37.52554,126.92856,2025-06-26,2025-07-02
3395,이브닝브링스 팝업,서울 영등포구 여의대로 108,"서울 영등포구 여의대로 108 (여의도동, 파크원)",37.526283,126.9281,2025-07-24,2025-07-30
4591,병약이 팝업,서울 영등포구 여의대로 108,"서울 영등포구 여의대로 108 (여의도동, 파크원)",37.525997,126.92805,2025-11-06,2025-11-12
4817,불가리 홀리데이 디바스 드림 팝업 - 여의도,서울 영등포구 여의대로 108,"서울 영등포구 여의대로 108 (여의도동, 파크원)",37.52522,126.929245,2025-12-18,2025-12-31
5078,코스메 쉐프 팝업,서울 영등포구 여의대로 108,"서울 영등포구 여의대로 108 (여의도동, 파크원)",37.52605,126.92868,2025-12-25,2025-12-31
5350,몬트쿠키 팝업_사본,서울 영등포구 여의대로 108,"서울 영등포구 여의대로 108 (여의도동, 파크원)",37.525894,126.92835,2026-01-19,2026-02-05
3137,유희왕 팝업,서울 영등포구 여의대로 108,"서울 영등포구 여의대로 108 (여의도동, 파크원)",37.525826,126.928246,2025-07-18,2025-07-24
3493,뉴캐슬 유나이티드 팝업,서울 영등포구 여의대로 108,"서울 영등포구 여의대로 108 (여의도동, 파크원)",37.525787,126.929054,2025-07-31,2025-08-06
4205,윤슬 팝업,서울 영등포구 여의대로 108,"서울 영등포구 여의대로 108 (여의도동, 파크원)",37.52558,126.92904,2025-10-07,2025-10-15
4465,노스페이스 화이트라벨 팝업 - NUPTSE ELLA,서울 영등포구 여의대로 108,"서울 영등포구 여의대로 108 (여의도동, 파크원)",37.525524,126.929146,2025-10-30,2025-11-12
4786,오밀 팝업,서울 영등포구 여의대로 108,"서울 영등포구 여의대로 108 (여의도동, 파크원)",37.525227,126.92926,2025-12-05,2025-12-11
4977,빌레로이앤보흐 팝업,서울 영등포구 여의대로 108,"서울 영등포구 여의대로 108 (여의도동, 파크원)",37.526062,126.92804,2025-12-12,2025-12-25
5903,글루피 팝업,서울 영등포구 여의대로 108,"서울 영등포구 여의대로 108 (여의도동, 파크원)",37.525898,126.92841,2026-03-13,2026-03-19
3593,아르베 팝업 ,서울 영등포구 여의대로 108,"서울 영등포구 여의대로 108 (여의도동, 파크원)",37.525547,126.929214,2025-08-07,2025-08-13
4601,프롬퓨처 팝업,서울 영등포구 여의대로 108,"서울 영등포구 여의대로 108 (여의도동, 파크원)",37.52537,126.92871,2025-11-07,2025-11-20
4877,핑구 X 탱그 팝업,서울 영등포구 여의대로 108,"서울 영등포구 여의대로 108 (여의도동, 파크원)",37.525997,126.92808,2025-12-11,2025-12-17
5090,피에르 에르메 파리 팝업,서울 영등포구 여의대로 108,"서울 영등포구 여의대로 108 (여의도동, 파크원)",37.52525,126.92934,2025-12-16,2026-01-14
3396,도로시와 팝업,서울 영등포구 여의대로 108,"서울 영등포구 여의대로 108 (여의도동, 파크원)",37.52595,126.92807,2025-07-31,2025-08-06
4250,aeae 팝업,서울 영등포구 여의대로 108,"서울 영등포구 여의대로 108 (여의도동, 파크원)",37.525894,126.92848,2025-10-16,2025-10-22
5896,테클라 팝업,서울 영등포구 여의대로 108,"서울 영등포구 여의대로 108 (여의도동, 파크원)",37.525898,126.92841,2026-02-27,2026-04-30
3831,TWB 팝업 ,서울 영등포구 여의대로 108,"서울 영등포구 여의대로 108 (여의도동, 파크원)",37.5259,126.92819,2025-08-25,2025-09-14
3955,인스타360 팝업 ,서울 영등포구 여의대로 108,"서울 영등포구 여의대로 108 (여의도동, 파크원)",37.52576,126.92913,2025-09-11,2025-09-17
3973,아르토 팝업 ,서울 영등포구 여의대로 108,"서울 영등포구 여의대로 108 (여의도동, 파크원)",37.52556,126.92923,2025-09-11,2025-09-24
4745,로지킴 팝업,서울 영등포구 여의대로 108,"서울 영등포구 여의대로 108 (여의도동, 파크원)",37.525673,126.92862,2025-11-20,2025-11-26
4792,헌치 팝업,서울 영등포구 여의대로 108,"서울 영등포구 여의대로 108 (여의도동, 파크원)",37.525574,126.929146,2025-11-27,2025-12-03
4284,엔하이픈 월드 팝업 - 인비테이션 프롬 밤피르,서울 영등포구 여의대로 108,"서울 영등포구 여의대로 108 (여의도동, 파크원)",37.526073,126.92827,2025-10-17,2025-11-02
5932,오위스 팝업,서울 영등포구 여의대로 108,"서울 영등포구 여의대로 108 (여의도동, 파크원)",37.525875,126.928444,2026-03-17,2026-04-05
3384,아키사케 팝업 - 여의도,서울 영등포구 여의대로 108,"서울 영등포구 여의대로 108 (여의도동, 파크원)",37.525192,126.929115,2025-07-25,2025-08-06
5116,이준호 & 펭펭 팝업 - 파인딩 더 펭펭,서울 영등포구 여의대로 108,"서울 영등포구 여의대로 108 (여의도동, 파크원)",37.525375,126.929184,2026-01-08,2026-01-14
5185,새해엔 미뤄왔던 다짐을 팝업,서울 영등포구 여의대로 108,"서울 영등포구 여의대로 108 (여의도동, 파크원)",37.525322,126.92857,2026-01-02,2026-01-07
5278,비히디 팝업,서울 영등포구 여의대로 108,"서울 영등포구 여의대로 108 (여의도동, 파크원)",37.525913,126.9285,2026-01-15,2026-01-21
5412,엔하이픈 X 스튜디오 춤 팝업,서울 영등포구 여의대로 108,"서울 영등포구 여의대로 108 (여의도동, 파크원)",37.52574,126.928566,2026-01-17,2026-02-06
3505,EOA 팝업,서울 영등포구 여의대로 108,"서울 영등포구 여의대로 108 (여의도동, 파크원)",37.525517,126.92918,2025-08-04,2025-08-21
3943,해리포터 마호도코로 팝업 ,서울 영등포구 여의대로 108,"서울 영등포구 여의대로 108 (여의도동, 파크원)",37.52562,126.92906,2025-09-16,2025-11-30
4113,본투스탠드아웃 팝업,서울 영등포구 여의대로 108,"서울 영등포구 여의대로 108 (여의도동, 파크원)",37.52552,126.92912,2025-09-22,2025-10-01
4383,도트앤라인 팝업,서울 영등포구 여의대로 108,"서울 영등포구 여의대로 108 (여의도동, 파크원)",37.525234,126.929276,2025-11-07,2025-11-13
5737,림버스 컴퍼니 3주년 팝업 - 여의도,서울 영등포구 여의대로 108,"서울 영등포구 여의대로 108 (여의도동, 파크원)",37.525894,126.928444,2026-02-26,2026-03-04
2819,금호전기 번개표 팝업,서울 영등포구 여의대로 108,"서울 영등포구 여의대로 108 (여의도동, 파크원)",37.525494,126.92847,2025-05-23,2025-06-05
3750,풀리오 팝업 ,서울 영등포구 여의대로 108,"서울 영등포구 여의대로 108 (여의도동, 파크원)",37.52506,126.92903,2025-08-22,2025-09-07
4721,뚜쥬루 빵돌가마마을 팝업,서울 영등포구 여의대로 108,"서울 영등포구 여의대로 108 (여의도동, 파크원)",37.525192,126.929115,2025-11-21,2025-11-27
4789,글입다 팝업,서울 영등포구 여의대로 108,"서울 영등포구 여의대로 108 (여의도동, 파크원)",37.5259,126.92823,2025-12-02,2025-12-21
5494,젠레스 존 제로 엔젤디 팝업,서울 영등포구 여의대로 108,"서울 영등포구 여의대로 108 (여의도동, 파크원)",37.52586,126.92825,2026-02-21,2026-03-01
3446,윈브레 팝업,서울 영등포구 여의대로 108,"서울 영등포구 여의대로 108 (여의도동, 파크원)",37.52542,126.92884,2025-08-21,2025-09-03
2899,오흐 뒤 구떼 팝업,서울 영등포구 여의대로 108,"서울 영등포구 여의대로 108 (여의도동, 파크원)",37.525192,126.929115,2025-06-01,2025-06-15
3393,존스블랜드 팝업,서울 영등포구 여의대로 108,"서울 영등포구 여의대로 108 (여의도동, 파크원)",37.525803,126.928116,2025-07-24,2025-07-30
4644,팁토우 팝업,서울 영등포구 여의대로 108,"서울 영등포구 여의대로 108 (여의도동, 파크원)",37.525494,126.92828,2025-11-07,2025-12-04
2754,시메트릭 퍼센트 팝업 - 더현대,서울 영등포구 여의대로 108,"서울 영등포구 여의대로 108 (여의도동, 파크원)",37.526085,126.92798,2025-05-15,2025-05-21
3453,싱하소다워터 팝업,서울 영등포구 여의대로 108,"서울 영등포구 여의대로 108 (여의도동, 파크원)",37.52537,126.92869,2025-08-02,2025-08-21
3600,우즈 팝업 - 여의도,서울 영등포구 여의대로 108,"서울 영등포구 여의대로 108 (여의도동, 파크원)",37.525726,126.92862,2025-08-21,2025-08-27
3689,아이언대디 팝업 ,서울 영등포구 여의대로 108,"서울 영등포구 여의대로 108 (여의도동, 파크원)",37.52558,126.92933,2025-08-15,2025-08-28
4986,해리포터 위자드몰 팝업 - 여의도,서울 영등포구 여의대로 108,"서울 영등포구 여의대로 108 (여의도동, 파크원)",37.525986,126.92859,2026-01-02,2026-01-17
2947,퍼블릭비컨 팝업 - 더현대 서울,서울 영등포구 여의대로 108,"서울 영등포구 여의대로 108 (여의도동, 파크원)",37.525463,126.92871,2025-06-05,2025-06-18
3594,에뚜왈 팝업,서울 영등포구 여의대로 108,"서울 영등포구 여의대로 108 (여의도동, 파크원)",37.525635,126.92857,2025-08-08,2025-08-14
4420,위위 팝업,서울 영등포구 여의대로 108,"서울 영등포구 여의대로 108 (여의도동, 파크원)",37.52555,126.92847,2025-10-24,2025-10-30
5192,아이덴티티 팝업,서울 영등포구 여의대로 108,"서울 영등포구 여의대로 108 (여의도동, 파크원)",37.525616,126.928894,2026-01-02,2026-01-07
5345,노크 팝업,서울 영등포구 여의대로 108,"서울 영등포구 여의대로 108 (여의도동, 파크원)",37.525845,126.92843,2026-01-26,2026-02-08
5707,패치파이 팝업,서울 영등포구 여의대로 108,"서울 영등포구 여의대로 108 (여의도동, 파크원)",37.525833,126.92845,2026-03-02,2026-03-08
5834,오미 팝업,서울 영등포구 여의대로 108,"서울 영등포구 여의대로 108 (여의도동, 파크원)",37.525894,126.92846,2026-03-06,2026-03-12
4851,김준수 미디어 팝업 - VOICE : COLOR OF SOUND,서울 영등포구 여의대로 108,"서울 영등포구 여의대로 108 (여의도동, 파크원)",37.525486,126.92892,2025-12-07,2026-01-04
5240,더콜디스트모먼트 팝업,서울 영등포구 여의대로 108,"서울 영등포구 여의대로 108 (여의도동, 파크원)",37.525364,126.928825,2026-01-15,2026-01-21
5346,몬트쿠키 팝업,서울 영등포구 여의대로 108,"서울 영등포구 여의대로 108 (여의도동, 파크원)",37.525894,126.92835,2026-01-19,2026-02-05
3345,키막 팝업,서울 영등포구 여의대로 108,"서울 영등포구 여의대로 108 (여의도동, 파크원)",37.525497,126.9287,2025-07-24,2025-07-30
3637,로라로라 팝업 ,서울 영등포구 여의대로 108,"서울 영등포구 여의대로 108 (여의도동, 파크원)",37.52552,126.92861,2025-08-12,2025-09-14
3941,샥즈 팝업 ,서울 영등포구 여의대로 108,"서울 영등포구 여의대로 108 (여의도동, 파크원)",37.525593,126.92921,2025-09-08,2025-09-17
5188,스키즘인듀싱 팝업 ,서울 영등포구 여의대로 108,"서울 영등포구 여의대로 108 (여의도동, 파크원)",37.525314,126.928856,2026-01-02,2026-01-07
5256,글런든 팝업,서울 영등포구 여의대로 108,"서울 영등포구 여의대로 108 (여의도동, 파크원)",37.52575,126.92864,2026-01-08,2026-01-14
4035,엄메이징 슈퍼마켓 팝업 ,서울 영등포구 여의대로 108,"서울 영등포구 여의대로 108 (여의도동, 파크원)",37.525764,126.928986,2025-09-19,2025-09-25
4133,베어브릭 팝업,서울 영등포구 여의대로 108,"서울 영등포구 여의대로 108 (여의도동, 파크원)",37.52559,126.92919,2025-10-01,2025-10-21
4152,아누아 팝업,서울 영등포구 여의대로 108,"서울 영등포구 여의대로 108 (여의도동, 파크원)",37.52612,126.92801,2025-09-26,2025-10-09
4944,오피쉬 팝업,서울 영등포구 여의대로 108,"서울 영등포구 여의대로 108 (여의도동, 파크원)",37.52602,126.9286,2025-12-18,2025-12-24
3650,원모어백 팝업 - 기념상점,서울 영등포구 여의대로 108,"서울 영등포구 여의대로 108 (여의도동, 파크원)",37.52556,126.9292,2025-08-12,2025-09-14
4212,낚시 전쟁 팝업,서울 영등포구 여의대로 108,"서울 영등포구 여의대로 108 (여의도동, 파크원)",37.525867,126.92816,2025-09-29,2025-10-12
5341,베리즈 팝업,서울 영등포구 여의대로 108,"서울 영등포구 여의대로 108 (여의도동, 파크원)",37.525883,126.928444,2026-01-22,2026-01-28
5474,플로로도라 팝업,서울 영등포구 여의대로 108,"서울 영등포구 여의대로 108 (여의도동, 파크원)",37.525723,126.928474,2026-01-29,2026-02-04
3063,멜리앤로즈 팝업,서울 영등포구 여의대로 108,"서울 영등포구 여의대로 108 (여의도동, 파크원)",37.526062,126.928154,2025-06-17,2025-07-13
3506,뭉순과 벗님들 팝업,서울 영등포구 여의대로 108,"서울 영등포구 여의대로 108 (여의도동, 파크원)",37.525642,126.92854,2025-08-07,2025-08-13
5603,재클라 팝업,서울 영등포구 여의대로 108,"서울 영등포구 여의대로 108 (여의도동, 파크원)",37.525932,126.928474,2026-02-13,2026-02-25
2868,잇츠쿨띵 팝업,서울 영등포구 여의대로 108,"서울 영등포구 여의대로 108 (여의도동, 파크원)",37.526115,126.928246,2025-05-22,2025-06-04
4590,지드래곤 X 데이지 에일 팝업,서울 영등포구 여의대로 108,"서울 영등포구 여의대로 108 (여의도동, 파크원)",37.526073,126.92814,2025-10-31,2025-11-09
4751,스노우 팝업,서울 영등포구 여의대로 108,"서울 영등포구 여의대로 108 (여의도동, 파크원)",37.52523,126.929276,2025-11-21,2025-12-15
5392,술술레시피 팝업,서울 영등포구 여의대로 108,"서울 영등포구 여의대로 108 (여의도동, 파크원)",37.525818,126.92847,2026-01-26,2026-02-11
5727,트루타월 팝업,서울 영등포구 여의대로 108,"서울 영등포구 여의대로 108 (여의도동, 파크원)",37.525593,126.92892,2026-03-05,2026-03-18
3770,KIMYO 팝업,서울 영등포구 여의대로 108,"서울 영등포구 여의대로 108 (여의도동, 파크원)",37.525066,126.92898,2025-09-04,2025-09-10
4174,크록스 케이스 팝업,서울 영등포구 여의대로 108,"서울 영등포구 여의대로 108 (여의도동, 파크원)",37.525894,126.928185,2025-10-03,2025-10-22
4280,엔퍼센트 팝업,서울 영등포구 여의대로 108,"서울 영등포구 여의대로 108 (여의도동, 파크원)",37.525963,126.928246,2025-10-13,2025-10-19
4568,엠유티 팝업,서울 영등포구 여의대로 108,"서울 영등포구 여의대로 108 (여의도동, 파크원)",37.5257,126.92859,2025-10-31,2025-12-04
4915,시로 팝업,서울 영등포구 여의대로 108,"서울 영등포구 여의대로 108 (여의도동, 파크원)",37.52555,126.92924,2025-12-11,2025-12-17
5063,23.65 팝업,서울 영등포구 여의대로 108,"서울 영등포구 여의대로 108 (여의도동, 파크원)",37.526016,126.9287,2025-12-18,2025-12-24
3034,벨리아르 팝업,서울 영등포구 여의대로 108,"서울 영등포구 여의대로 108 (여의도동, 파크원)",37.525837,126.92881,2025-06-12,2025-06-18
4588,클램 팝업,서울 영등포구 여의대로 108,"서울 영등포구 여의대로 108 (여의도동, 파크원)",37.526012,126.92813,2025-11-11,2025-11-23
4848,댄꼼마 팝업,서울 영등포구 여의대로 108,"서울 영등포구 여의대로 108 (여의도동, 파크원)",37.52555,126.92909,2025-12-04,2025-12-10
3959,"더 공예, 더 현대 팝업",서울 영등포구 여의대로 108,"서울 영등포구 여의대로 108 (여의도동, 파크원)",37.526405,126.92828,2025-09-20,2025-09-28
4724,온유 팝업 - 찡냥스 트윙클 스노위랜드,서울 영등포구 여의대로 108,"서울 영등포구 여의대로 108 (여의도동, 파크원)",37.525425,126.92879,2025-12-05,2025-12-17
3601,CGS 팝업 ,서울 영등포구 여의대로 108,"서울 영등포구 여의대로 108 (여의도동, 파크원)",37.52609,126.92809,2025-07-29,2025-08-12
4251,714CENTER 팝업,서울 영등포구 여의대로 108,"서울 영등포구 여의대로 108 (여의도동, 파크원)",37.525196,126.92923,2025-10-16,2025-10-22
4433,안전가옥 팝업,서울 영등포구 여의대로 108,"서울 영등포구 여의대로 108 (여의도동, 파크원)",37.525196,126.92919,2025-11-04,2025-11-12
4596,텔레토비 팝업,서울 영등포구 여의대로 108,"서울 영등포구 여의대로 108 (여의도동, 파크원)",37.525654,126.92808,2025-11-13,2025-11-19
4821,투 X 니들스 & 투 X 히스테릭글래머 팝업,서울 영등포구 여의대로 108,"서울 영등포구 여의대로 108 (여의도동, 파크원)",37.525608,126.92848,2025-11-27,2025-12-06
5128,에버에이유 팝업,서울 영등포구 여의대로 108,"서울 영등포구 여의대로 108 (여의도동, 파크원)",37.525414,126.92876,2025-12-25,2025-12-31
5203,할렌 팝업,서울 영등포구 여의대로 108,"서울 영등포구 여의대로 108 (여의도동, 파크원)",37.52541,126.92881,2026-01-02,2026-01-07
3216,더 스캇렉 팝업,서울 영등포구 여의대로 108,"서울 영등포구 여의대로 108 (여의도동, 파크원)",37.52546,126.92872,2025-07-03,2025-07-16
3313,갤럭시 스튜디오 팝업 - 여의도,서울 영등포구 여의대로 108,"서울 영등포구 여의대로 108 (여의도동, 파크원)",37.526016,126.92843,2025-07-12,2025-08-10
4898,타이니빌 팝업 - 여의도_사본,서울 영등포구 여의대로 108,"서울 영등포구 여의대로 108 (여의도동, 파크원)",37.525574,126.92916,2025-12-04,2025-12-18
5096,팬시클럽 팝업,서울 영등포구 여의대로 108,"서울 영등포구 여의대로 108 (여의도동, 파크원)",37.525963,126.92812,2025-12-25,2025-12-31
5252,치이카와 베이비 팝업,서울 영등포구 여의대로 108,"서울 영등포구 여의대로 108 (여의도동, 파크원)",37.526337,126.92809,2026-02-04,2026-02-19
4261,트위너 팝업,서울 영등포구 여의대로 108,"서울 영등포구 여의대로 108 (여의도동, 파크원)",37.525726,126.9287,2025-10-13,2025-10-23
5647,사몰가 팝업,서울 영등포구 여의대로 108,"서울 영등포구 여의대로 108 (여의도동, 파크원)",37.525845,126.92848,2026-02-18,2026-02-25
5879,오즈이즈 팝업,서울 영등포구 여의대로 108,"서울 영등포구 여의대로 108 (여의도동, 파크원)",37.525852,126.928444,2026-03-12,2026-03-18
2971,원피스 팝업,서울 영등포구 여의대로 108,"서울 영등포구 여의대로 108 (여의도동, 파크원)",37.52606,126.928276,2025-07-24,2025-07-30
3263,페스룸 팝업,서울 영등포구 여의대로 108,"서울 영등포구 여의대로 108 (여의도동, 파크원)",37.525715,126.92892,2025-07-08,2025-07-20
3535,보다나 팝업 ,서울 영등포구 여의대로 108,"서울 영등포구 여의대로 108 (여의도동, 파크원)",37.52554,126.9284,2025-08-04,2025-08-21
3736,페이퍼백 팝업 ,서울 영등포구 여의대로 108,"서울 영등포구 여의대로 108 (여의도동, 파크원)",37.525116,126.9289,2025-08-22,2025-08-28
4665,위드토리 팝업,서울 영등포구 여의대로 108,"서울 영등포구 여의대로 108 (여의도동, 파크원)",37.525925,126.928246,2025-11-14,2025-11-20
5818,스킨즈 팝업,서울 영등포구 여의대로 108,"서울 영등포구 여의대로 108 (여의도동, 파크원)",37.525913,126.92843,2026-03-09,2026-03-15
2956,ITZY 팝업,서울 영등포구 여의대로 108,"서울 영등포구 여의대로 108 (여의도동, 파크원)",37.52573,126.92898,2025-06-10,2025-06-15
3252,볼빅 팝업,서울 영등포구 여의대로 108,"서울 영등포구 여의대로 108 (여의도동, 파크원)",37.526085,126.9284,2025-07-08,2025-07-28
3920,차코랩 팝업,서울 영등포구 여의대로 108,"서울 영등포구 여의대로 108 (여의도동, 파크원)",37.525085,126.92897,2025-09-05,2025-09-25
3389,리퀴드 데스 팝업,서울 영등포구 여의대로 108,"서울 영등포구 여의대로 108 (여의도동, 파크원)",37.526108,126.92805,2025-07-25,2025-07-31
4567,주토피아 2 팝업 - 시크릿 미션,서울 영등포구 여의대로 108,"서울 영등포구 여의대로 108 (여의도동, 파크원)",37.525593,126.9293,2025-11-15,2025-12-03
4829,수연이네 키즈 페어 팝업,서울 영등포구 여의대로 108,"서울 영등포구 여의대로 108 (여의도동, 파크원)",37.525635,126.9291,2025-11-27,2025-12-03
4976,앵브록스 팝업,서울 영등포구 여의대로 108,"서울 영등포구 여의대로 108 (여의도동, 파크원)",37.525238,126.92926,2025-12-11,2025-12-17
5897,던스트 팝업,서울 영등포구 여의대로 108,"서울 영등포구 여의대로 108 (여의도동, 파크원)",37.525898,126.92841,2026-03-05,2026-03-18
3454,메디힐 X 플레이브 팝업,서울 영등포구 여의대로 108,"서울 영등포구 여의대로 108 (여의도동, 파크원)",37.525566,126.929184,2025-08-07,2025-08-20
5196,오둥이 팝업 - 이번엔 오둥이가 반장이 되었둥!,서울 영등포구 여의대로 108,"서울 영등포구 여의대로 108 (여의도동, 파크원)",37.52599,126.92824,2026-01-03,2026-02-01
5646,소소이지 팝업,서울 영등포구 여의대로 108,"서울 영등포구 여의대로 108 (여의도동, 파크원)",37.525875,126.928505,2026-02-20,2026-03-01
4052,나나크루 팝업 ,서울 영등포구 여의대로 108,"서울 영등포구 여의대로 108 (여의도동, 파크원)",37.52589,126.92825,2025-09-18,2025-09-24
5355,브루먼 팝업,서울 영등포구 여의대로 108,"서울 영등포구 여의대로 108 (여의도동, 파크원)",37.525963,126.9283,2026-01-15,2026-01-21
5370,모로모로 팝업,서울 영등포구 여의대로 108,"서울 영등포구 여의대로 108 (여의도동, 파크원)",37.525925,126.92835,2026-01-19,2026-02-05
5720,디어마이리더 북페어,서울 영등포구 여의대로 108,"서울 영등포구 여의대로 108 (여의도동, 파크원)",37.52591,126.928444,2026-04-02,2026-04-08
3068,포켓몬 GO 팝업,서울 영등포구 여의대로 108,"서울 영등포구 여의대로 108 (여의도동, 파크원)",37.525723,126.92852,2025-06-13,2025-06-29
3554,퀄리티즘 팝업,서울 영등포구 여의대로 108,"서울 영등포구 여의대로 108 (여의도동, 파크원)",37.525547,126.92896,2025-08-07,2025-08-13
3975,땡땡샵 팝업 ,서울 영등포구 여의대로 108,"서울 영등포구 여의대로 108 (여의도동, 파크원)",37.526188,126.92803,2025-09-16,2025-09-28
4277,방탄소년단 MOVIE WEEKS 팝업,서울 영등포구 여의대로 108,"서울 영등포구 여의대로 108 (여의도동, 파크원)",37.525425,126.92884,2025-10-07,2025-10-21
2737,어프어프 X 김씨네과일 팝업,서울 영등포구 여의대로 108,"서울 영등포구 여의대로 108 (여의도동, 파크원)",37.525963,126.92853,2025-05-12,2025-05-22
4311,러셀 리저브 팝업,서울 영등포구 여의대로 108,"서울 영등포구 여의대로 108 (여의도동, 파크원)",37.52562,126.92924,2025-10-10,2025-10-22
5157,왓플 팝업,서울 영등포구 여의대로 108,"서울 영등포구 여의대로 108 (여의도동, 파크원)",37.525696,126.92809,2025-12-26,2025-12-31
3233,야마다스포츠 팝업,서울 영등포구 여의대로 108,"서울 영등포구 여의대로 108 (여의도동, 파크원)",37.525852,126.92829,2025-07-10,2025-07-16
3379,FC 바르셀로나 팝업_사본,서울 영등포구 여의대로 108,"서울 영등포구 여의대로 108 (여의도동, 파크원)",37.525192,126.929115,2025-07-24,2025-07-30
3909,화해 뷰티 트래블 팝업 ,서울 영등포구 여의대로 108,"서울 영등포구 여의대로 108 (여의도동, 파크원)",37.52605,126.92776,2025-09-08,2025-09-18
3365,이티비티샵 팝업,서울 영등포구 여의대로 108,"서울 영등포구 여의대로 108 (여의도동, 파크원)",37.52609,126.92823,2025-07-21,2025-08-03
4723,코리아보드게임즈 팝업,서울 영등포구 여의대로 108,"서울 영등포구 여의대로 108 (여의도동, 파크원)",37.525486,126.928276,2025-11-25,2025-12-04
4733,러프사이드 팝업,서울 영등포구 여의대로 108,"서울 영등포구 여의대로 108 (여의도동, 파크원)",37.525623,126.92841,2025-11-20,2025-11-26
5740,명탐정 코난 팝업,서울 영등포구 여의대로 108,"서울 영등포구 여의대로 108 (여의도동, 파크원)",37.52587,126.92851,2026-03-05,2026-03-22
5402,매기 팝업,서울 영등포구 여의대로 108,"서울 영등포구 여의대로 108 (여의도동, 파크원)",37.52587,126.928406,2026-01-22,2026-01-28
5556,우브에 팝업,서울 영등포구 여의대로 108,"서울 영등포구 여의대로 108 (여의도동, 파크원)",37.525894,126.92842,2026-02-06,2026-02-19
5637,디어드라세나 팝업,서울 영등포구 여의대로 108,"서울 영등포구 여의대로 108 (여의도동, 파크원)",37.525837,126.92848,2026-02-18,2026-03-01
5890,보다나 팝업,서울 영등포구 여의대로 108,"서울 영등포구 여의대로 108 (여의도동, 파크원)",37.526016,126.92826,2026-03-12,2026-03-18
3067,죤 팝업,서울 영등포구 여의대로 108,"서울 영등포구 여의대로 108 (여의도동, 파크원)",37.525387,126.928986,2025-06-17,2025-07-01
3517,디옵튼 팝업,서울 영등포구 여의대로 108,"서울 영등포구 여의대로 108 (여의도동, 파크원)",37.525574,126.92925,2025-08-01,2025-08-31
5606,히어로즈 오브 코리아 팝업,서울 영등포구 여의대로 108,"서울 영등포구 여의대로 108 (여의도동, 파크원)",37.52587,126.92848,2026-02-12,2026-03-04
3746,슬로우앤드 팝업 ,서울 영등포구 여의대로 108,"서울 영등포구 여의대로 108 (여의도동, 파크원)",37.525486,126.92824,2025-08-21,2025-09-03
4930,셋업이엑스이 팝업,서울 영등포구 여의대로 108,"서울 영등포구 여의대로 108 (여의도동, 파크원)",37.525917,126.92832,2025-12-11,2025-12-17
5401,브라이튼 팝업,서울 영등포구 여의대로 108,"서울 영등포구 여의대로 108 (여의도동, 파크원)",37.525932,126.928635,2026-01-22,2026-02-04
3035,레이지스튜디오 팝업,서울 영등포구 여의대로 108,"서울 영등포구 여의대로 108 (여의도동, 파크원)",37.52582,126.928566,2025-06-13,2025-06-26
4407,프로-스펙스 팝업,서울 영등포구 여의대로 108,"서울 영등포구 여의대로 108 (여의도동, 파크원)",37.525475,126.9283,2025-10-23,2025-10-29
4603,힐다 팝업,서울 영등포구 여의대로 108,"서울 영등포구 여의대로 108 (여의도동, 파크원)",37.525864,126.92829,2025-11-06,2025-11-12
4719,폿 팝업,서울 영등포구 여의대로 108,"서울 영등포구 여의대로 108 (여의도동, 파크원)",37.52585,126.9291,2025-11-14,2025-12-01
4830,리베르 팝업 - 화이트 게더링 하우스,서울 영등포구 여의대로 108,"서울 영등포구 여의대로 108 (여의도동, 파크원)",37.525642,126.9292,2025-11-27,2025-12-03
4864,오타마톤 팝업,서울 영등포구 여의대로 108,"서울 영등포구 여의대로 108 (여의도동, 파크원)",37.52594,126.928185,2025-12-04,2025-12-18
471,라피니토 팝업,서울 영등포구 여의대로 108,서울 영등포구 여의도동 22,37.525658,126.92903,2024-09-01,2024-09-06
720,알라딘 팝업,서울 영등포구 여의대로 108,서울 영등포구 여의도동 22,37.52587,126.928444,2024-10-01,2024-10-13
1271,make it together 기부 캠페인 팝업,서울 영등포구 여의대로 108,서울 영등포구 여의도동 22,37.52554,126.928604,2024-12-16,2024-12-31
2112,씰리 팝업,서울 영등포구 여의대로 108,서울 영등포구 여의도동 22,37.525635,126.92856,2025-03-07,2025-03-10
2284,파파고파파 팝업,서울 영등포구 여의대로 108,서울 영등포구 여의도동 22,37.525753,126.92829,2025-03-08,2025-04-18
1337,보노보노 소원의 숲 팝업 - 여의도,서울 영등포구 여의대로 108,서울 영등포구 여의도동 22,37.5258,126.928345,2025-01-02,2025-01-15
1385,안테나 X 최고심 팝업,서울 영등포구 여의대로 108,서울 영등포구 여의도동 22,37.5257,126.92815,2024-12-26,2025-01-08
1466,앳킨슨1799 팝업,서울 영등포구 여의대로 108,서울 영등포구 여의도동 22,37.525448,126.92866,2024-12-19,2025-01-19
2071,지드래곤 전시,서울 영등포구 여의대로 108,서울 영등포구 여의도동 22,37.525814,126.92858,2025-03-09,2025-03-19
1465,비엘알 팝업,서울 영등포구 여의대로 108,서울 영등포구 여의도동 22,37.52582,126.92894,2024-12-26,2024-12-31
2410,아이긴 팝업,서울 영등포구 여의대로 108,서울 영등포구 여의도동 22,37.525894,126.928406,2025-04-04,2025-04-13
470,오헤시오 팝업,서울 영등포구 여의대로 108,서울 영등포구 여의도동 22,37.52573,126.92795,2024-08-29,2024-09-04
378,베이글리스트 X 라크루뜨서울 더현대 서울 팝업,서울 영등포구 여의대로 108,서울 영등포구 여의도동 22,37.525642,126.92857,2024-08-01,2024-09-30
722,오묘 팝업,서울 영등포구 여의대로 108,서울 영등포구 여의도동 22,37.525513,126.92822,2024-10-03,2024-10-09
1279,투에이엔 팝업,서울 영등포구 여의대로 108,서울 영등포구 여의도동 22,37.525272,126.92884,2024-12-05,2024-12-11
1626,달바 팝업,서울 영등포구 여의대로 108,서울 영등포구 여의도동 22,37.52542,126.92851,2025-01-13,2025-01-26
2679,한화이글스 X 꿈돌이 팝업,서울 영등포구 여의대로 108,서울 영등포구 여의도동 22,37.526035,126.92834,2025-05-08,2025-05-14
331,투모로우바이투게더 <뿔바투 와리와리> 팝업,서울 영등포구 여의대로 108,서울 영등포구 여의도동 22,37.52587,126.928444,2024-08-08,2024-08-21
1273,미스터 비스트 팝업,서울 영등포구 여의대로 108,서울 영등포구 여의도동 22,37.525486,126.92855,2024-11-29,2024-12-08
1813,SML 토이샵 팝업,서울 영등포구 여의대로 108,서울 영등포구 여의도동 22,37.52606,126.92838,2025-02-10,2025-03-09
2289,투(TW) 팝업,서울 영등포구 여의대로 108,서울 영등포구 여의도동 22,37.525497,126.92867,2025-03-27,2025-04-09
2497,티켓투더문 팝업,서울 영등포구 여의대로 108,서울 영등포구 여의도동 22,37.52575,126.928474,2025-04-10,2025-04-16
2724,도경수 찌랭이 & 찰스 팝업,서울 영등포구 여의대로 108,서울 영등포구 여의도동 22,37.526196,126.92817,2025-05-03,2025-05-13
352,니히 런드리데이 팝업,서울 영등포구 여의대로 108,서울 영등포구 여의도동 22,37.525528,126.92903,2024-08-15,2024-08-28
801,무직백수 계백순 팝업,서울 영등포구 여의대로 108,서울 영등포구 여의도동 22,37.52587,126.928444,2024-10-17,2024-10-30
2115,백설공주 팝업,서울 영등포구 여의대로 108,서울 영등포구 여의도동 22,37.525894,126.92838,2025-03-08,2025-03-16
2482,스노우피크 X 헬로키티 팝업 - 여의도_사본,서울 영등포구 여의대로 108,서울 영등포구 여의도동 22,37.52591,126.92837,2025-04-04,2025-04-17
1280,풀티 팝업,서울 영등포구 여의대로 108,서울 영등포구 여의도동 22,37.525276,126.9288,2024-11-25,2024-12-15
493,벨류엣 X 더현대 서울 팝업,서울 영등포구 여의대로 108,서울 영등포구 여의도동 22,37.525936,126.928734,2024-09-01,2024-09-26
763,스탠리 팝업,서울 영등포구 여의대로 108,서울 영등포구 여의도동 22,37.526123,126.92805,2024-10-10,2024-10-20
1003,쿠키런: 킹덤 특별展 <불과 파괴의 땅> 전시,서울 영등포구 여의대로 108,서울 영등포구 여의도동 22,37.52604,126.92781,2024-10-30,2024-11-19
1005,인더스토리 팝업,서울 영등포구 여의대로 108,서울 영등포구 여의도동 22,37.52596,126.92786,2024-11-01,2024-12-31
1101,THE HOUSE OF YUN 팝업,서울 영등포구 여의대로 108,서울 영등포구 여의도동 22,37.526184,126.92842,2024-11-14,2024-11-20
330,엔믹스 팝업,서울 영등포구 여의대로 108,서울 영등포구 여의도동 22,37.52587,126.928444,2024-08-24,2024-09-01
334,솔리드옴므88 by 스테판쿡 팝업,서울 영등포구 여의대로 108,서울 영등포구 여의도동 22,37.52587,126.928444,2024-08-08,2024-08-21
2392,꿍댕 팝업,서울 영등포구 여의대로 108,서울 영등포구 여의도동 22,37.525787,126.92843,2025-04-10,2025-04-16
5492,마몽드 X 츄파춥스 팝업,서울 영등포구 여의대로 108,서울 영등포구 여의도동 22,37.52586,126.9284,2026-01-30,2026-02-12
529,오보즈 팝업,서울 영등포구 여의대로 108,서울 영등포구 여의도동 22,37.526165,126.92841,2024-09-03,2024-09-26
695,루키버드 팝업,서울 영등포구 여의대로 108,서울 영등포구 여의도동 22,37.52543,126.92857,2024-09-27,2024-10-04
2633,힉스커피 팝업,서울 영등포구 여의대로 108,서울 영등포구 여의도동 22,37.525673,126.9287,2025-04-29,2025-05-16
2667,세이지가 팝업,서울 영등포구 여의대로 108,서울 영등포구 여의도동 22,37.525864,126.928444,2025-05-09,2025-05-11
625,선데이플래닛47 팝업,서울 영등포구 여의대로 108,서울 영등포구 여의도동 22,37.525562,126.92881,2024-09-23,2024-10-06
1342,메모 파리 팝업,서울 영등포구 여의대로 108,서울 영등포구 여의도동 22,37.525818,126.92857,2024-12-09,2024-12-19
2512,에이프 AAPE 팝업,서울 영등포구 여의대로 108,서울 영등포구 여의도동 22,37.5257,126.92853,2025-04-10,2025-04-23
23,플라이밀 팝업,서울 영등포구 여의대로 108,서울 영등포구 여의도동 22,37.52587,126.928444,2024-07-19,2024-07-25
459,RSSC 더현대 서울 팝업,서울 영등포구 여의대로 108,서울 영등포구 여의도동 22,37.525707,126.92838,2024-08-29,2024-09-04
733,이명화 유난스토아 팝업,서울 영등포구 여의대로 108,서울 영등포구 여의도동 22,37.525658,126.928925,2024-10-10,2024-10-23
2039,별들에게 물어봐 팝업,서울 영등포구 여의대로 108,서울 영등포구 여의도동 22,37.52591,126.92851,2025-02-27,2025-03-05
2483,스노우피크 X 헬로키티 팝업 - 여의도_사본_사본,서울 영등포구 여의대로 108,서울 영등포구 여의도동 22,37.52591,126.92837,2025-04-04,2025-04-17
1581,빙그레 소원왕국 팝업,서울 영등포구 여의대로 108,서울 영등포구 여의도동 22,37.525707,126.9285,2025-01-15,2025-01-23
1842,월드 초콜릿 마스터스 팝업,서울 영등포구 여의대로 108,서울 영등포구 여의도동 22,37.525658,126.92907,2025-02-10,2025-02-14
1857,보일드에그 팝업,서울 영등포구 여의대로 108,서울 영등포구 여의도동 22,37.525723,126.92845,2025-02-01,2025-02-14
2374,감자연구소 팝업,서울 영등포구 여의대로 108,서울 영등포구 여의도동 22,37.525566,126.928925,2025-03-31,2025-04-13
2723,트리밍버드 팝업,서울 영등포구 여의대로 108,서울 영등포구 여의도동 22,37.52544,126.928665,2025-05-08,2025-05-14
5312,비엘알 팝업_사본_사본,서울 영등포구 여의대로 108,서울 영등포구 여의도동 22,37.52582,126.92894,2024-12-26,2024-12-31
420,뉴스토리페이퍼 팝업,서울 영등포구 여의대로 108,서울 영등포구 여의도동 22,37.525715,126.92852,2024-08-23,2024-09-25
1614,쿠오카 팝업 - 여의도,서울 영등포구 여의대로 108,서울 영등포구 여의도동 22,37.525536,126.92873,2025-01-09,2025-01-15
1819,톰과 제리 ✕ 마몽드 팝업,서울 영등포구 여의대로 108,서울 영등포구 여의도동 22,37.52595,126.92835,2025-02-06,2025-02-19
2243,글입다 팝업 ,서울 영등포구 여의대로 108,서울 영등포구 여의도동 22,37.525616,126.92843,2025-03-18,2025-04-10
186,승리의 여신: 니케 2024 여름 팝업,서울 영등포구 여의대로 108,서울 영등포구 여의도동 22,37.52587,126.928444,2024-07-27,2024-08-08
306,로스트아크 X 더현대 서울 팝업,서울 영등포구 여의대로 108,서울 영등포구 여의도동 22,37.52587,126.928444,2024-08-23,2024-09-01
1811,젤라또 피케 팝업,서울 영등포구 여의대로 108,서울 영등포구 여의도동 22,37.525898,126.92833,2025-02-06,2025-02-12
1993,메이커스 마크 팝업,서울 영등포구 여의대로 108,서울 영등포구 여의도동 22,37.525658,126.92862,2025-02-21,2025-03-02
2229,나이키 트레이닝 오프라인 세션 팝업,서울 영등포구 여의대로 108,서울 영등포구 여의도동 22,37.525936,126.92832,2025-03-24,2025-03-30
2481,스노우피크 X 헬로키티 팝업 - 여의도,서울 영등포구 여의대로 108,서울 영등포구 여의도동 22,37.52591,126.92837,2025-04-04,2025-04-17
2542,그레일즈 팝업,서울 영등포구 여의대로 108,서울 영등포구 여의도동 22,37.525734,126.928604,2025-04-21,2025-05-04
1426,아르반 팝업,서울 영등포구 여의대로 108,서울 영등포구 여의도동 22,37.52546,126.92856,2024-12-26,2024-12-31
2548,포터리 팝업,서울 영등포구 여의대로 108,서울 영등포구 여의도동 22,37.525806,126.9285,2025-04-17,2025-05-07
335,메이븐뮤즈 팝업,서울 영등포구 여의대로 108,서울 영등포구 여의도동 22,37.52587,126.928444,2024-08-01,2024-08-31
482,팝마트 팝업,서울 영등포구 여의대로 108,서울 영등포구 여의도동 22,37.525555,126.92819,2024-09-05,2024-09-18
1474,유코히구치 특별展: 비밀의 숲 전시,서울 영등포구 여의대로 108,서울 영등포구 여의도동 22,37.525562,126.92914,2024-10-03,2025-01-22
2496,유핑 팝업,서울 영등포구 여의대로 108,서울 영등포구 여의도동 22,37.525826,126.92819,2025-04-10,2025-04-16
5311,비엘알 팝업_사본,서울 영등포구 여의대로 108,서울 영등포구 여의도동 22,37.52582,126.92894,2024-12-26,2024-12-31
693,티슬로 팝업,서울 영등포구 여의대로 108,서울 영등포구 여의도동 22,37.52587,126.928444,2024-10-02,2024-10-27
2549,주니토니 팝업,서울 영등포구 여의대로 108,서울 영등포구 여의도동 22,37.525852,126.92834,2025-04-20,2025-04-30
1828,고블린 웨어 팝업,서울 영등포구 여의대로 108,서울 영등포구 여의도동 22,37.525883,126.92851,2025-02-06,2025-02-12
1906,다이슨 하트 랩 팝업,서울 영등포구 여의대로 108,서울 영등포구 여의도동 22,37.52561,126.92866,2025-02-17,2025-02-26
2669,장수돌침대 팝업,서울 영등포구 여의대로 108,서울 영등포구 여의도동 22,37.52598,126.928185,2025-05-08,2025-05-25
550,비비안웨스트우드X팔라스 팝업,서울 영등포구 여의대로 108,서울 영등포구 여의도동 22,37.525402,126.92889,2024-09-07,2024-09-26
789,무직백수 계백순 팝업,서울 영등포구 여의대로 108,서울 영등포구 여의도동 22,37.52596,126.92864,2024-10-17,2024-10-30
1064,오설록 취향가든 팝업,서울 영등포구 여의대로 108,서울 영등포구 여의도동 22,37.52576,126.92891,2024-11-09,2024-11-21
1464,나무13 BLUES BLUES BLUE 팝업,서울 영등포구 여의대로 108,서울 영등포구 여의도동 22,37.525635,126.92854,2024-12-26,2025-01-08
1872,노운 팝업,서울 영등포구 여의대로 108,서울 영등포구 여의도동 22,37.52539,126.928696,2025-02-20,2025-02-26
2205,피크민 팝업,서울 영등포구 여의대로 108,서울 영등포구 여의도동 22,37.525745,126.92854,2025-03-27,2025-04-09
2617,동원산업 X 스시코우지 팝업,서울 영등포구 여의대로 108,서울 영등포구 여의도동 22,37.525845,126.92813,2025-04-25,2025-05-01
187,카카오 이모티콘 팝업,서울 영등포구 여의대로 108,서울 영등포구 여의도동 22,37.52587,126.928444,2024-07-16,2024-08-07
474,골 때리는 그녀들 팝업,서울 영등포구 여의대로 108,서울 영등포구 여의도동 22,37.525436,126.929085,2024-09-18,2024-09-29
506,데이식스데니멀스 팝업,서울 영등포구 여의대로 108,서울 영등포구 여의도동 22,37.52587,126.928444,2024-09-04,2024-09-15
1000,타틀르 더현대 서울 팝업,서울 영등포구 여의대로 108,서울 영등포구 여의도동 22,37.525814,126.928,2024-11-01,2024-11-14
1314,메종 마르지엘라 프래그런스 팝업,서울 영등포구 여의대로 108,서울 영등포구 여의도동 22,37.525448,126.929,2024-12-09,2024-12-15
2563,시스올로지 팝업,서울 영등포구 여의대로 108,서울 영등포구 여의도동 22,37.525707,126.92851,2025-04-18,2025-04-30
2718,르버브 X 비클린 팝업 - 더현대 서울,서울 영등포구 여의대로 108,서울 영등포구 여의도동 22,37.52549,126.928665,2025-06-12,2025-06-18
2722,미나수 팝업,서울 영등포구 여의대로 108,서울 영등포구 여의도동 22,37.52555,126.92901,2025-05-08,2025-05-14
770,스탠리 팝업스토어,서울 영등포구 여의대로 108,서울 영등포구 여의도동 22,37.52587,126.928444,2024-10-10,2024-10-20
920,🐱LMR 팝업스토어🐾,서울 영등포구 여의대로 108,서울 영등포구 여의도동 22,37.52587,126.928444,2024-10-24,
1731,위자드몰 팝업,서울 영등포구 여의대로 108,서울 영등포구 여의도동 22,37.525772,126.92875,2025-02-07,2025-02-20
1776,프라다 뷰티 팝업,서울 영등포구 여의대로 108,서울 영등포구 여의도동 22,37.525772,126.92842,2025-02-03,2025-02-13
2615,AAOA 서울 패션 페스티벌 팝업,서울 영등포구 여의대로 108,서울 영등포구 여의도동 22,37.525436,126.92881,2025-04-25,2025-05-08
2713,꿀꺽스틱 팝업,서울 영등포구 여의대로 108,서울 영등포구 여의도동 22,37.5255,126.928406,2025-05-08,2025-05-25
678,운빨용병단 팝업,서울 영등포구 여의대로 108,서울 영등포구 여의도동 22,37.525784,126.92864,2024-10-02,2024-10-13
977,크리스마스 H 빌리지,서울 영등포구 여의대로 108,서울 영등포구 여의도동 22,37.52587,126.928444,2024-11-01,2024-12-31
2004,다이브인 팝업,서울 영등포구 여의대로 108,서울 영등포구 여의도동 22,37.525665,126.9286,2025-02-27,2025-03-05
2456,콜드플레이 팝업,서울 영등포구 여의대로 108,서울 영등포구 여의도동 22,37.52571,126.92863,2025-04-10,2025-04-27
1136,한사토이 팝업,서울 영등포구 여의대로 108,서울 영등포구 여의도동 22,37.52557,126.92897,2024-11-18,2024-12-01
1661,로제프란츠 팝업,서울 영등포구 여의대로 108,서울 영등포구 여의도동 22,37.525467,126.92888,2025-01-23,2025-02-05
353,Insta360 'Hello 360 World' 팝업,서울 영등포구 여의대로 108,서울 영등포구 여의도동 22,37.52539,126.928696,2024-08-15,2024-08-21
666,✨최애의 아이 팝업✨,서울 영등포구 여의대로 108,서울 영등포구 여의도동 22,37.52587,126.928444,2024-09-27,2024-09-27
1068,오드소피 X 비클린 더현대 서울 팝업,서울 영등포구 여의대로 108,서울 영등포구 여의도동 22,37.52582,126.92888,2024-11-14,2024-11-20
1716,코토나 팝업,서울 영등포구 여의대로 108,서울 영등포구 여의도동 22,37.525475,126.92916,2025-01-23,2025-01-30
1718,미스그린 팝업,서울 영등포구 여의대로 108,서울 영등포구 여의도동 22,37.52555,126.92867,2025-01-31,2025-02-05
2683,바겐슈타이거 팝업,서울 영등포구 여의대로 108,서울 영등포구 여의도동 22,37.52598,126.92845,2025-05-01,2025-06-05
349,프로미스 나인 Super sonic 팝업,서울 영등포구 여의대로 108,서울 영등포구 여의도동 22,37.526024,126.928246,2024-08-15,2024-08-21
1305,타무르 팝업,서울 영등포구 여의대로 108,서울 영등포구 여의도동 22,37.52551,126.92923,2024-12-13,2025-01-02
1556,던전밥 팝업,서울 영등포구 여의대로 108,서울 영등포구 여의도동 22,37.525776,126.928474,2025-01-16,2025-01-22
617,폴햄x골때녀 팝업스토어,서울 영등포구 여의대로 108,서울 영등포구 여의도동 22,37.52587,126.928444,2024-09-18,2024-09-29
674,고요이 팝업,서울 영등포구 여의대로 108,서울 영등포구 여의도동 22,37.52587,126.928444,2024-09-02,2024-09-29
1576,프레시안 럭키블루 팝업,서울 영등포구 여의대로 108,서울 영등포구 여의도동 22,37.525448,126.92907,2025-01-09,2025-01-15
1601,짐빔 X 지평 막스키 팝업,서울 영등포구 여의대로 108,서울 영등포구 여의도동 22,37.525673,126.928635,2025-01-10,2025-01-16
1751,포곤빌리지 팝업,서울 영등포구 여의대로 108,서울 영등포구 여의도동 22,37.52565,126.928635,2025-02-13,2025-02-19
250,쿼카 인 하스피탈 팝업,서울 영등포구 여의대로 108,서울 영등포구 여의도동 22,37.52574,126.92877,2024-08-06,2024-08-18
1188,다이노탱 코코컵 팝업,서울 영등포구 여의대로 108,서울 영등포구 여의도동 22,37.5255,126.92893,2024-12-09,2024-12-15
1356,카밀 여의도 팝업,서울 영등포구 여의대로 108,서울 영등포구 여의도동 22,37.52583,126.92871,2024-12-12,2024-12-18
1022,정년이 X 더현대 서울 팝업,서울 영등포구 여의대로 108,서울 영등포구 여의도동 22,37.52587,126.928444,2024-11-07,2024-11-20
1517,베이델리 팝업,서울 영등포구 여의대로 108,서울 영등포구 여의도동 22,37.525726,126.9285,2025-01-02,2025-01-08
1527,위아바임 팝업,서울 영등포구 여의대로 108,서울 영등포구 여의도동 22,37.52548,126.92876,2025-01-03,2025-01-09
627,폴햄x골때녀 팝업스토어,서울 영등포구 여의대로 108,서울 영등포구 여의도동 22,37.52587,126.928444,2024-09-18,2024-09-29
716,알라딘 팝업,서울 영등포구 여의대로 108,서울 영등포구 여의도동 22,37.52587,126.928444,2024-10-01,2024-10-13
1001,핑구 팝업 - 여의도,서울 영등포구 여의대로 108,서울 영등포구 여의도동 22,37.525696,126.92813,2024-11-04,2024-11-17
1060,트와이스 팝업,서울 영등포구 여의대로 108,서울 영등포구 여의도동 22,37.526245,126.92804,2024-12-04,2024-12-12
1376,버터굿즈 팝업,서울 영등포구 여의대로 108,서울 영등포구 여의도동 22,37.525616,126.92908,2024-12-12,2024-12-22
2053,제주의 선물 팝업,서울 영등포구 여의대로 108,서울 영등포구 여의도동 22,37.52595,126.92857,2025-02-28,2025-03-12
1274,노트폴리오 X 몰스킨 팝업,서울 영등포구 여의대로 108,서울 영등포구 여의도동 22,37.525536,126.92924,2024-12-05,2024-12-18
1019,핑구 팝업스토어,서울 영등포구 여의대로 108,서울 영등포구 여의도동 22,37.52587,126.928444,2024-11-04,2024-11-17
2322,메리온 팝업,서울 영등포구 여의대로 108,서울 영등포구 여의도동 22,37.525925,126.928566,2025-03-20,2025-03-26
472,브레니 파이 칸틴 팝업,서울 영등포구 여의대로 108,서울 영등포구 여의도동 22,37.525757,126.928276,2024-09-02,2024-09-29
1651,점프샵 팝업,서울 영등포구 여의대로 108,서울 영등포구 여의도동 22,37.525658,126.928925,2025-02-13,2025-02-26
499,어뮤즈 X 헬로키티 팝업,서울 영등포구 여의대로 108,서울 영등포구 여의도동 22,37.52573,126.92799,2024-09-05,2024-09-18
1109,BTS 진 러닝 와일드 투 해피니스 팝업,서울 영등포구 여의대로 108,서울 영등포구 여의도동 22,37.525776,126.92866,2024-11-19,2024-12-01
2578,옵젵상가 오픈 이벤트,서울 영등포구 여의대로 108,서울 영등포구 여의도동 22,37.52592,126.9285,2025-04-15,2025-04-27
2632,바늘이야기 팝업,서울 영등포구 여의대로 108,서울 영등포구 여의도동 22,37.525414,126.928825,2025-05-09,2025-05-15
1006,그레시종 팝업,서울 영등포구 여의대로 108,서울 영등포구 여의도동 22,37.526028,126.9286,2024-11-01,2024-11-28
547,채율 팝업,서울 영등포구 여의대로 108,서울 영등포구 여의도동 22,37.52604,126.92858,2024-08-30,2024-09-18
705,✨최애의 아이 팝업✨,서울 영등포구 여의대로 108,서울 영등포구 여의도동 22,37.52587,126.928444,2024-09-30,2024-09-30
1046,커렌트 팝업,서울 영등포구 여의대로 108,서울 영등포구 여의도동 22,37.52535,126.92849,2024-11-08,2024-11-24
363,펠른 PERLEN 팝업,서울 영등포구 여의대로 108,서울 영등포구 여의도동 22,37.526123,126.92784,2024-08-12,2024-09-01
495,데이식스데니멀스 팝업,서울 영등포구 여의대로 108,서울 영등포구 여의도동 22,37.52587,126.928444,2024-09-04,2024-09-15
37,이영지 16 Fantasy 서울 팝업,서울 영등포구 여의대로 108,서울 영등포구 여의도동 22,37.52587,126.928444,2024-07-16,2024-07-22
1837,팀밸 팝업 - 여의도,서울 영등포구 여의대로 108,서울 영등포구 여의도동 22,37.526035,126.928375,2025-02-10,2025-02-14
1994,본투비가드너 팝업,서울 영등포구 여의대로 108,서울 영등포구 여의도동 22,37.525932,126.92828,2025-02-21,2025-03-06
1239,얼미부부 더현대 형벌 팝업,서울 영등포구 여의대로 108,서울 영등포구 여의도동 22,37.52549,126.928925,2024-12-12,2024-12-18
990,정년이 X 더현대 팝업,서울 영등포구 여의대로 108,서울 영등포구 여의도동 22,37.52579,126.92801,2024-11-07,2024-11-20
1676,올라잇24 팝업,서울 영등포구 여의대로 108,서울 영등포구 여의도동 22,37.525463,126.92914,2025-01-16,2025-01-30
354,준태킴 FW24 런칭 + 샘플세일 팝업,서울 영등포구 여의대로 108,서울 영등포구 여의도동 22,37.5256,126.92905,2024-08-15,2024-08-31
390,데이식스x데니멀즈 팝업,서울 영등포구 여의대로 108,서울 영등포구 여의도동 22,37.525894,126.9281,2024-09-04,2024-09-15
578,UUR 팝업,서울 영등포구 여의대로 108,서울 영등포구 여의도동 22,37.52622,126.92845,2024-09-12,2024-09-25
924,재친구 팝업,서울 영등포구 여의대로 108,서울 영등포구 여의도동 22,37.525536,126.92833,2024-10-24,2024-10-30
1189,포토그램 팝업,서울 영등포구 여의대로 108,서울 영등포구 여의도동 22,37.5255,126.92887,2024-11-17,2024-12-31
2498,초이락 팝업,서울 영등포구 여의대로 108,서울 영등포구 여의도동 22,37.52584,126.92848,2025-04-10,2025-04-24
643,몽벨 팝업,서울 영등포구 여의대로 108,서울 영등포구 여의도동 22,37.5257,126.92915,2024-09-26,2024-10-02
675,뮤토모 팝업,서울 영등포구 여의대로 108,서울 영등포구 여의도동 22,37.52587,126.928444,2024-09-19,2024-10-03
1111,코치 홀리데이 팝업,서울 영등포구 여의대로 108,서울 영등포구 여의도동 22,37.52591,126.92815,2024-11-28,2024-12-25
2224,민스코 셀렉트 스토어 팝업,서울 영등포구 여의대로 108,서울 영등포구 여의도동 22,37.525833,126.92848,2025-03-14,2025-03-26
2619,혼다코리아 팝업,서울 영등포구 여의대로 108,서울 영등포구 여의도동 22,37.525528,126.929146,2025-04-25,2025-05-08
2635,허그러그 팝업,서울 영등포구 여의대로 108,서울 영등포구 여의도동 22,37.525845,126.92865,2025-04-25,2025-05-15
1421,리이제 팝업,서울 영등포구 여의대로 108,서울 영등포구 여의도동 22,37.525677,126.92906,2024-12-18,2025-01-16
2394,쿠키런 뮤직 콜라보 프로젝트 팝업,서울 영등포구 여의대로 108,서울 영등포구 여의도동 22,37.52567,126.928955,2025-03-31,2025-04-25
355,창억떡집 팝업,서울 영등포구 여의대로 108,서울 영등포구 여의도동 22,37.52586,126.92819,2024-08-16,2024-08-25
626,김퇴사 팝업,서울 영등포구 여의대로 108,서울 영등포구 여의도동 22,37.526283,126.928246,2024-09-21,2024-09-29
1278,발렌티노 팝업,서울 영등포구 여의대로 108,서울 영등포구 여의도동 22,37.525665,126.92857,2024-11-25,2024-12-08
2675,빅웨이브 컬렉티브 팝업,서울 영등포구 여의대로 108,서울 영등포구 여의도동 22,37.52542,126.92864,2025-05-01,2025-05-07
201,'ㅋㄹㅅㅇㅋ X ㅋㄹㅆㅇㅋ' Dplus KIA X Kia 팝업,서울 영등포구 여의대로 108,서울 영등포구 여의도동 22,37.52587,126.928444,2024-08-15,2024-08-28
616,🍩 팀홀튼 팝업 🍩,서울 영등포구 여의대로 108,서울 영등포구 여의도동 22,37.525192,126.929115,2024-09-23,2024-09-23
551,젼언니 수제 라바샥 팝업,서울 영등포구 여의대로 108,서울 영등포구 여의도동 22,37.526276,126.92813,2024-09-09,2024-09-15
607,어반 소피스티케이션 팝업,서울 영등포구 여의대로 108,서울 영등포구 여의도동 22,37.525745,126.92832,2024-09-18,2024-09-29
704,🪶몽벨 팝업스토어🪶,서울 영등포구 여의대로 108,서울 영등포구 여의도동 22,37.52587,126.928444,2024-09-30,2024-09-30
1675,데스커 팝업,서울 영등포구 여의대로 108,서울 영등포구 여의도동 22,37.525383,126.92899,2025-01-20,2025-02-09
2066,네이버웹툰 X 애니모먼트 콜라보 팝업,서울 영등포구 여의대로 108,서울 영등포구 여의도동 22,37.52606,126.92832,2025-02-28,2025-03-16
1600,풀집 팝업,서울 영등포구 여의대로 108,서울 영등포구 여의도동 22,37.5256,126.92856,2025-01-13,2025-01-19
1715,지창욱의 시나리오 팝업,서울 영등포구 여의대로 108,서울 영등포구 여의도동 22,37.52556,126.92866,2025-01-23,2025-02-09
692,복복 팝업,서울 영등포구 여의대로 108,서울 영등포구 여의도동 22,37.525707,126.92819,2024-09-26,2024-10-02
3267,점프샵 팝업_사본,서울 영등포구 여의대로 108,서울 영등포구 여의도동 22,37.525658,126.928925,2025-02-13,2025-02-26
1392,더현대 X 웁 하우스 파티 팝업,서울 영등포구 여의대로 108,서울 영등포구 여의도동 22,37.525833,126.92881,2024-12-14,2024-12-30
1741,터치인솔 팝업 - 여의도,서울 영등포구 여의대로 108,서울 영등포구 여의도동 22,37.52561,126.92862,2025-01-30,2025-02-05
2655,아이레시피 팝업,서울 영등포구 여의대로 108,서울 영등포구 여의도동 22,37.52589,126.928535,2025-05-08,2025-05-14
862,크리스마스 H 빌리지 팝업,서울 영등포구 여의대로 108,서울 영등포구 여의도동 22,37.525723,126.928154,2024-11-01,2024-12-31
1371,비데블 팝업,서울 영등포구 여의대로 108,서울 영등포구 여의도동 22,37.525608,126.9284,2024-12-19,2024-12-25
1736,HONDA X PHYPSDEPT 팝업,서울 영등포구 여의대로 108,서울 영등포구 여의도동 22,37.525352,126.92891,2025-01-31,2025-02-05
2241,비투비 캐릭터 팝업,서울 영등포구 여의대로 108,서울 영등포구 여의도동 22,37.525833,126.92852,2025-03-20,2025-04-02
2590,하감자 수퍼마켙 팝업,서울 영등포구 여의대로 108,서울 영등포구 여의도동 22,37.525772,126.92858,2025-05-01,2025-05-07
549,묘차 팝업,서울 영등포구 여의대로 108,서울 영등포구 여의도동 22,37.525913,126.92895,2024-09-01,2024-10-28
1264,로제 'rosie' 팝업,서울 영등포구 여의대로 108,서울 영등포구 여의도동 22,37.52555,126.92833,2024-12-05,2024-12-11
1497,글로우 팝업,서울 영등포구 여의대로 108,서울 영등포구 여의도동 22,37.525562,126.928696,2024-12-26,2025-01-05
2270,ETCE 팝업,서울 영등포구 여의대로 108,서울 영등포구 여의도동 22,37.525837,126.9284,2025-03-13,2025-03-26
162,갤럭시 스튜디오 더현대 팝업,서울 영등포구 여의대로 108,서울 영등포구 여의도동 22,37.52587,126.928444,2024-07-11,2024-08-11
579,미즈노 모노그램M 팝업,서울 영등포구 여의대로 108,서울 영등포구 여의도동 22,37.526096,126.927925,2024-09-12,2024-09-25
698,가마쿠라 와라비모찌 더현대 팝업,서울 영등포구 여의대로 108,서울 영등포구 여의도동 22,37.5257,126.928925,2024-09-30,2024-10-17
1200,듀베티카 팝업,서울 영등포구 여의대로 108,서울 영등포구 여의도동 22,37.52552,126.928894,2024-11-25,2024-12-01
1359,리버풀 팝업,서울 영등포구 여의대로 108,서울 영등포구 여의도동 22,37.525864,126.92832,2024-12-19,2024-12-25
1729,오르카홈 팝업,서울 영등포구 여의대로 108,서울 영등포구 여의도동 22,37.52564,126.92868,2025-01-31,2025-02-06
2413,오즈이즈 팝업,서울 영등포구 여의대로 108,서울 영등포구 여의도동 22,37.525703,126.92853,2025-04-03,2025-04-09
362,메종고댕 팝업,서울 영등포구 여의대로 108,서울 영등포구 여의도동 22,37.525192,126.929115,2024-08-16,2024-08-25
535,크랭크 X 더현대 서울 팝업,서울 영등포구 여의대로 108,서울 영등포구 여의도동 22,37.526424,126.928345,2024-09-05,2024-09-18
1701,이유즈 팝업,서울 영등포구 여의대로 108,서울 영등포구 여의도동 22,37.525726,126.92865,2025-01-20,2025-02-09
2334,강릉 부성당 팝업,서울 영등포구 여의대로 108,서울 영등포구 여의도동 22,37.525883,126.928535,2025-03-24,2025-03-30
919,LMR 팝업,서울 영등포구 여의대로 108,서울 영등포구 여의도동 22,37.525524,126.928535,2024-10-24,2024-10-30
1086,오드소피 홀리데이 팝업스토어,서울 영등포구 여의대로 108,서울 영등포구 여의도동 22,37.52587,126.928444,2024-11-14,2024-11-20
1137,리멤버 팝업,서울 영등포구 여의대로 108,서울 영등포구 여의도동 22,37.525463,126.92854,2024-11-18,2024-12-01
1829,에이비페브 팝업,서울 영등포구 여의대로 108,서울 영등포구 여의도동 22,37.525486,126.92877,2025-02-07,2025-02-21
1978,체이싱래빗 팝업,서울 영등포구 여의대로 108,서울 영등포구 여의도동 22,37.52561,126.928764,2025-02-20,2025-02-26
2323,떡국누나 팝업,서울 영등포구 여의대로 108,서울 영등포구 여의도동 22,37.52567,126.92868,2025-03-21,2025-03-27
1015,팝마트 X 더현대 서울 팝업,서울 영등포구 여의대로 108,서울 영등포구 여의도동 22,37.525383,126.92873,2024-11-07,2024-12-31
1132,"미안하다, 사랑한다 팝업",서울 영등포구 여의대로 108,서울 영등포구 여의도동 22,37.525986,126.928665,2024-11-22,2024-12-05
467,율립 팝업,서울 영등포구 여의대로 108,서울 영등포구 여의도동 22,37.526356,126.92831,2024-08-29,2024-09-04
1344,디즈니스토어 MAGICAL CHRISTMAS 팝업,서울 영등포구 여의대로 108,서울 영등포구 여의도동 22,37.525665,126.92897,2024-12-06,2024-12-31
1438,온앤오프 온꼬미즈 팝업,서울 영등포구 여의대로 108,서울 영등포구 여의도동 22,37.52555,126.928635,2024-12-19,2024-12-26
1810,디써티원 TELEGRAPH 팝업,서울 영등포구 여의대로 108,서울 영등포구 여의도동 22,37.525597,126.92867,2025-02-06,2025-02-12
2681,베티붑 팝업,서울 영등포구 여의대로 108,서울 영등포구 여의도동 22,37.525757,126.928734,2025-05-08,2025-05-14
2686,유라고 팝업,서울 영등포구 여의대로 108,서울 영등포구 여의도동 22,37.525906,126.92832,2025-04-30,2025-06-03
285,,서울 영등포구 여의대로 108,서울 영등포구 여의도동 22,37.52587,126.928444,2024-08-15,2024-08-28
983,위키드 팝업,서울 영등포구 여의대로 108,서울 영등포구 여의도동 22,37.526188,126.92838,2024-11-01,2024-12-01
1899,캡틴 아메리카: 브레이브 뉴 월드 팝업 - 여의도,서울 영등포구 여의대로 108,서울 영등포구 여의도동 22,37.525536,126.92875,2025-02-21,2025-03-16
2021,버버리 팝업,서울 영등포구 여의대로 108,서울 영등포구 여의도동 22,37.525597,126.92865,2025-02-19,2025-03-03
2566,스크럽 대디 팝업,서울 영등포구 여의대로 108,서울 영등포구 여의도동 22,37.526024,126.928734,2025-04-24,2025-04-30
1140,곽철이 팝업 - 여의도,서울 영등포구 여의대로 108,서울 영등포구 여의도동 22,37.525635,126.928566,2024-12-02,2024-12-08
1333,김범수 여행 디 오리지널 팝업,서울 영등포구 여의대로 108,서울 영등포구 여의도동 22,37.525627,126.92869,2024-12-06,2024-12-31
172,지존 팝업,서울 영등포구 여의대로 108,서울 영등포구 여의도동 22,37.525707,126.92806,2024-07-08,2024-07-28
996,투모로우바이투게더(TXT) 팝업,서울 영등포구 여의대로 108,서울 영등포구 여의도동 22,37.525833,126.92883,2024-11-06,2024-11-13
1511,튠 X 한해툰세 팝업,서울 영등포구 여의대로 108,서울 영등포구 여의도동 22,37.525784,126.92853,2025-01-02,2025-01-22
702,🪶몽벨 팝업스토어🪶,서울 영등포구 여의대로 108,서울 영등포구 여의도동 22,37.52587,126.928444,2024-09-30,2024-09-30
909,오늑 더현대 서울 팝업,서울 영등포구 여의대로 108,서울 영등포구 여의도동 22,37.525715,126.92906,2024-10-29,2024-11-07
991,레메프 팝업,서울 영등포구 여의대로 108,서울 영등포구 여의도동 22,37.52564,126.92897,2024-11-01,2024-11-28
5762,제로그램 팝업,서울 영등포구 여의대로 108,서울 영등포구 여의도동 22,37.525887,126.92845,2026-02-26,2026-03-25
1492,콰티 팝업,서울 영등포구 여의대로 108,서울 영등포구 여의도동 22,37.525574,126.928665,2024-12-06,2025-01-31
2551,프로티원 팝업,서울 영등포구 여의대로 108,서울 영등포구 여의도동 22,37.526093,126.92798,2025-04-25,2025-05-01
3203,스크럽 대디 팝업_사본,서울 영등포구 여의대로 108,서울 영등포구 여의도동 22,37.526024,126.928734,2025-04-24,2025-04-30
548,토레 팝업,서울 영등포구 여의대로 108,서울 영등포구 여의도동 22,37.525936,126.92822,2024-08-30,2024-10-19
1854,바바라 팝업,서울 영등포구 여의대로 108,서울 영등포구 여의도동 22,37.525684,126.9288,2025-02-06,2025-03-03
85,뉴믹스 new mix coffee 팝업,서울 영등포구 여의대로 108,서울 영등포구 여의도동 22,37.525566,126.92891,2024-07-16,2024-08-04
1847,돌레란 팝업,서울 영등포구 여의대로 108,서울 영등포구 여의도동 22,37.526176,126.92818,2025-02-10,2025-02-20
2022,조성진 팝업,서울 영등포구 여의대로 108,서울 영등포구 여의도동 22,37.525772,126.928566,2025-02-26,2025-04-26
521,최애의 아이 팝업,서울 영등포구 여의대로 108,서울 영등포구 여의도동 22,37.52647,126.92817,2024-09-26,2024-10-09
1719,킥플립 팝업,서울 영등포구 여의대로 108,서울 영등포구 여의도동 22,37.52559,126.92856,2025-01-25,2025-02-02
2587,츄 팝업,서울 영등포구 여의대로 108,서울 영등포구 여의도동 22,37.525757,126.928566,2025-04-24,2025-04-27
2711,제과제빵 명장전 팝업,서울 영등포구 여의대로 108,서울 영등포구 여의도동 22,37.526184,126.92817,2025-05-09,2025-05-15
1643,나이스웨더 X 엔트로피 팝업,서울 영등포구 여의대로 108,서울 영등포구 여의도동 22,37.525352,126.92892,2025-01-10,2025-04-10
2643,하우스포그 팝업,서울 영등포구 여의대로 108,서울 영등포구 여의도동 22,37.526093,126.92827,2025-05-01,2025-05-13
1004,제이닷 트리 팝업,서울 영등포구 여의대로 108,서울 영등포구 여의도동 22,37.52609,126.928535,2024-11-04,2024-11-21
1717,시너진 팝업,서울 영등포구 여의대로 108,서울 영등포구 여의도동 22,37.525616,126.92861,2025-01-23,2025-01-30
2328,탭앤쉬프트 팝업,서울 영등포구 여의대로 108,서울 영등포구 여의도동 22,37.525833,126.92886,2025-03-20,2025-04-30
275,베이글리스트 X 라크루뜨 서울 팝업,서울 영등포구 여의대로 108,서울 영등포구 여의도동 22,37.52587,126.928444,2024-08-01,2024-09-30
804,무직백수 계백순 팝업,서울 영등포구 여의대로 108,서울 영등포구 여의도동 22,37.52587,126.928444,2024-10-17,2024-10-30
2431,지오코리아 X 반네스 팝업,서울 영등포구 여의대로 108,서울 영등포구 여의도동 22,37.525925,126.9286,2025-04-05,2025-04-08
2546,마지셔우드 팝업,서울 영등포구 여의대로 108,서울 영등포구 여의도동 22,37.525997,126.928246,2025-04-17,2025-04-23
5760,해피요기즈 팝업,서울 영등포구 여의대로 108,서울 영등포구 여의도동 22,37.525875,126.92846,2026-03-03,2026-03-15
2545,엑스오디너리 팝업,서울 영등포구 여의대로 108,서울 영등포구 여의도동 22,37.525814,126.92882,2025-04-17,2025-04-23
1002,쿨키튼 팝업,서울 영등포구 여의대로 108,서울 영등포구 여의도동 22,37.525627,126.928734,2024-10-31,2024-11-13
2228,딥티크 팝업,서울 영등포구 여의대로 108,서울 영등포구 여의도동 22,37.525387,126.92868,2025-03-04,2025-03-16
1071,트와이스 팝업스토어,서울 영등포구 여의대로 108,서울 영등포구 여의도동 22,37.52587,126.928444,2024-12-04,2024-12-12
1381,맥 팝업,서울 영등포구 여의대로 108,서울 영등포구 여의도동 22,37.52548,126.92848,2024-12-16,2024-12-22
1812,르 라보 팝업,서울 영등포구 여의대로 108,서울 영등포구 여의도동 22,37.52555,126.92867,2025-02-05,2025-02-11
608,웰빙익스프레스 팝업,서울 영등포구 여의대로 108,서울 영등포구 여의도동 22,37.5257,126.92897,2024-09-19,2024-09-25
660,나이스웨더 X 엔트로피메이크업 팝업,서울 영등포구 여의대로 108,서울 영등포구 여의도동 22,37.52592,126.9287,2024-10-01,2024-10-06
1555,말렌 팝업,서울 영등포구 여의대로 108,서울 영등포구 여의도동 22,37.525333,126.92888,2025-01-16,2025-01-22
1897,비클린 뷰티 위크 팝업 - 더현대 서울,서울 영등포구 여의대로 108,서울 영등포구 여의도동 22,37.52564,126.92855,2025-02-14,2025-02-27
1650,여자친구 'Season of Memories' 팝업,서울 영등포구 여의대로 108,서울 영등포구 여의도동 22,37.52549,126.92856,2025-01-16,2025-01-22
1881,제로베이스원 팝업,서울 영등포구 여의대로 108,서울 영등포구 여의도동 22,37.525597,126.928734,2025-02-21,2025-03-06
153,드래곤빌리지 팝업,서울 영등포구 여의대로 108,서울 영등포구 여의도동 22,37.526073,126.928055,2024-07-25,2024-07-31
999,카멜커피 X 나이키 C2TY 론칭 팝업,서울 영등포구 여의대로 108,서울 영등포구 여의도동 22,37.525864,126.92867,2024-11-01,2024-11-17
2258,시몬스 그로서리 스토어 팝업,서울 영등포구 여의대로 108,서울 영등포구 여의도동 22,37.526096,126.9284,2025-03-14,2025-03-23
2325,웨어하우스 팝업,서울 영등포구 여의대로 108,서울 영등포구 여의도동 22,37.525784,126.9286,2025-03-21,2025-04-03
2695,가나디의 쿠킹 클래스 팝업,서울 영등포구 여의대로 108,서울 영등포구 여의도동 22,37.52605,126.92825,2025-05-15,2025-05-28
576,하루필름 X 무화의 화원 팝업,서울 영등포구 여의대로 108,서울 영등포구 여의도동 22,37.52569,126.928085,2024-09-07,2024-09-29
577,파이퍼하이직 팝업,서울 영등포구 여의대로 108,서울 영등포구 여의도동 22,37.52605,126.92817,2024-09-07,2024-10-01
756,지지배배 한복 팝업,서울 영등포구 여의대로 108,서울 영등포구 여의도동 22,37.525517,126.92841,2024-10-07,2024-10-16
888,삼성프렌즈 X 스티키몬스터랩 팝업,서울 영등포구 여의대로 108,서울 영등포구 여의도동 22,37.526062,126.928825,2024-10-11,2024-10-29
620,Bonsai Lifestyle 팝업,서울 영등포구 여의대로 108,서울 영등포구 여의도동 22,37.525623,126.928444,2024-09-01,2024-10-20
2554,해리포터 필름콘서트 팝업,서울 영등포구 여의대로 108,서울 영등포구 여의도동 22,37.5261,126.92815,2025-04-24,2025-04-30
300,티퍼런스 잠시 멈춤의 숲 팝업,서울 영등포구 여의대로 108,서울 영등포구 여의도동 22,37.525795,126.92822,2024-08-16,2024-08-29
1008,멀버리 팝업,서울 영등포구 여의대로 108,서울 영등포구 여의도동 22,37.525738,126.92891,2024-10-28,2024-11-13
1647,루즈슬립오버 팝업,서울 영등포구 여의대로 108,서울 영등포구 여의도동 22,37.525734,126.928535,2025-01-16,2025-01-22
2250,헬로키티 X 샤이니 키 팝업,서울 영등포구 여의대로 108,서울 영등포구 여의도동 22,37.52583,126.92851,2025-03-28,2025-04-09
2476,몽블랑 팝업,서울 영등포구 여의대로 108,서울 영등포구 여의도동 22,37.52598,126.928246,2025-04-02,2025-05-31
336,슬로우베드 X 이효리 <Starry Night> 팝업,서울 영등포구 여의대로 108,서울 영등포구 여의도동 22,37.52587,126.928444,2024-08-09,2024-08-23
1021,핑구 팝업,서울 영등포구 여의대로 108,서울 영등포구 여의도동 22,37.525764,126.92865,2024-11-04,2024-11-17
2218,무아르무스 팝업,서울 영등포구 여의대로 108,서울 영등포구 여의도동 22,37.525696,126.9286,2025-03-13,2025-03-19
2346,몰바니 팝업,서울 영등포구 여의대로 108,서울 영등포구 여의도동 22,37.526173,126.92823,2025-03-24,2025-03-31
2559,스텔라이브 멤버십 4기 팝업,서울 영등포구 여의대로 108,서울 영등포구 여의도동 22,37.525673,126.92852,2025-04-26,2025-05-17
1007,앙시앙 팝업,서울 영등포구 여의대로 108,서울 영등포구 여의도동 22,37.525654,126.92885,2024-11-01,2024-11-10
1455,나니와단시 팝업,서울 영등포구 여의대로 108,서울 영등포구 여의도동 22,37.525433,126.92872,2025-01-05,2025-01-15
2321,언커먼하우스 팝업,서울 영등포구 여의대로 108,서울 영등포구 여의도동 22,37.525562,126.92845,2025-03-18,2025-04-06
901,에씰미 팝업,서울 영등포구 여의대로 108,서울 영등포구 여의도동 22,37.52538,126.92843,2024-10-24,2024-10-30
1603,무누스 팝업,서울 영등포구 여의대로 108,서울 영등포구 여의도동 22,37.525524,126.92918,2025-01-09,2025-01-15
2271,템퍼 팝업,서울 영등포구 여의대로 108,서울 영등포구 여의도동 22,37.525574,126.92865,2025-03-18,2025-03-30
266,베이글리스트 X 라크루뜨 서울 팝업,서울 영등포구 여의대로 108,서울 영등포구 여의도동 22,37.52587,126.928444,2024-08-01,2024-09-30
567,삶은감자 팝업 - 여의도,서울 영등포구 여의대로 108,서울 영등포구 여의도동 22,37.525795,126.92885,2024-09-09,2024-10-27
707,✨최애의 아이 팝업✨,서울 영등포구 여의대로 108,서울 영등포구 여의도동 22,37.52587,126.928444,2024-10-02,2024-10-02
935,나상현씨밴드 10주년 기념 팝업 ,서울 영등포구 여의대로 108,서울 영등포구 여의도동 22,37.525845,126.92911,2024-11-20,2024-11-24
1272,따우전드 팝업,서울 영등포구 여의대로 108,서울 영등포구 여의도동 22,37.52547,126.92922,2024-11-25,2024-12-15
36,최고심 걱정도 팔자 팝업,서울 영등포구 여의대로 108,서울 영등포구 여의도동 22,37.52587,126.928444,2024-07-16,2024-07-24
231,다이노탱X핏타민 팝업,서울 영등포구 여의대로 108,서울 영등포구 여의도동 22,37.52587,126.928444,2024-08-06,2024-08-18
1513,르라레 팝업,서울 영등포구 여의대로 108,서울 영등포구 여의도동 22,37.526173,126.92839,2025-01-02,2025-01-16
2304,무센트 팝업,서울 영등포구 여의대로 108,서울 영등포구 여의도동 22,37.525764,126.9285,2025-03-27,2025-04-02
590,뮤지컬 알라딘 팝업,서울 영등포구 여의대로 108,서울 영등포구 여의도동 22,37.52606,126.92782,2024-10-01,2024-10-13
1358,드래곤볼 여의도 팝업,서울 영등포구 여의대로 108,서울 영등포구 여의도동 22,37.5258,126.928246,2024-12-16,2024-12-31
1361,창비 문학 팝업,서울 영등포구 여의대로 108,서울 영등포구 여의도동 22,37.525497,126.92884,2024-12-19,2024-12-25
1599,트루동 팝업,서울 영등포구 여의대로 108,서울 영등포구 여의도동 22,37.52542,126.92871,2025-01-06,2025-01-15
54,플레이인더박스x코우펜짱 팝업,서울 영등포구 여의대로 108,서울 영등포구 여의도동 22,37.525646,126.92836,2024-07-05,2024-08-01
152,망그러진 곰과 비밀의 다락방,서울 영등포구 여의대로 108,서울 영등포구 여의도동 22,37.525932,126.9287,2024-07-25,2024-08-07
502,어뮤즈 X 헬로키티 팝업,서울 영등포구 여의대로 108,서울 영등포구 여의도동 22,37.52587,126.928444,2024-09-05,2024-09-18
1238,조규매 팝업,서울 영등포구 여의대로 108,서울 영등포구 여의도동 22,37.52546,126.928604,2024-12-12,2024-12-18
1420,무지개맨션 팝업,서울 영등포구 여의대로 108,서울 영등포구 여의도동 22,37.525696,126.92843,2024-12-19,2024-12-25
1512,아고라이팅 팝업,서울 영등포구 여의대로 108,서울 영등포구 여의도동 22,37.525585,126.92902,2025-01-02,2025-01-19
2547,노말 팝업,서울 영등포구 여의대로 108,서울 영등포구 여의도동 22,37.525726,126.92867,2025-04-17,2025-04-23
979,더현대 크리스마스 빌리지,서울 영등포구 여의대로 108,서울 영등포구 여의도동 22,37.52587,126.928444,2024-11-01,2024-12-31
1159,니니키즈 크리스마스 프라이빗 한강 유람선 파티,서울 영등포구 여의동로 290,서울 영등포구 여의도동 85-1,37.525814,126.93841,2024-12-07,2024-12-15
1229,2024 로맨틱 한강 크리스마스 마켓,서울 영등포구 여의동로 330,서울 영등포구 여의도동 8,37.526417,126.933525,2024-12-20,2024-12-31
824,전남 세계 김밥 페스티벌,서울 영등포구 여의동로 330,서울 영등포구 여의도동 8,37.52635,126.93359,2024-11-01,2024-11-03
1168,규현 COLORS 영등포 팝업,서울 영등포구 영중로 15,서울 영등포구 영등포동4가 442,37.51735,126.903625,2024-11-27,2024-12-05
682,포플리 팝업,서울 영등포구 영중로 15,서울 영등포구 영등포동4가 442,37.517193,126.90431,2024-09-13,2024-10-10
1487,젤다의 전설 팝업,서울 영등포구 영중로 15,서울 영등포구 영등포동4가 442,37.517174,126.903854,2024-12-24,2025-01-02
1187,고요이 팝업,서울 영등포구 영중로 15,서울 영등포구 영등포동4가 442,37.51726,126.90362,2024-11-27,2025-01-02
2614,양파쿵야 팝업,서울 영등포구 영중로 15,서울 영등포구 영등포동4가 442,37.517097,126.90416,2025-04-25,2025-05-11
1843,SOUP X 토티 작가 팝업 - 영등포,서울 영등포구 영중로 15,서울 영등포구 영등포동4가 442,37.51713,126.90354,2025-02-03,2025-02-20
558,로보락 팝업,서울 영등포구 영중로 15,서울 영등포구 영등포동4가 442,37.516663,126.90248,2024-09-14,2024-09-22
2055,비바무역 팝업 - 영등포,서울 영등포구 영중로 15,서울 영등포구 영등포동4가 442,37.51706,126.9032,2025-02-21,2025-03-06
1690,쿠오카 팝업,서울 영등포구 영중로 15,서울 영등포구 영등포동4가 442,37.517246,126.90388,2025-01-16,2025-01-31
1668,굿즈플래너 팝업,서울 영등포구 영중로 15,서울 영등포구 영등포동4가 442,37.517464,126.904076,2025-01-16,2025-01-31
1564,코코하 팝업,서울 영등포구 영중로 15,서울 영등포구 영등포동4가 442,37.517323,126.90394,2025-01-03,2025-01-15
1565,119레오 팝업,서울 영등포구 영중로 15,서울 영등포구 영등포동4가 442,37.517403,126.90403,2025-01-03,2025-01-15
1844,SOUP X 토티 작가 팝업 - 영등포,서울 영등포구 영중로 15,서울 영등포구 영등포동4가 442,37.51713,126.90354,2025-02-03,2025-02-20
2317,로라로라 팝업,서울 영등포구 영중로 15,서울 영등포구 영등포동4가 442,37.517155,126.903496,2025-03-21,2025-03-27
3287,로라로라 팝업_사본,서울 영등포구 영중로 15,서울 영등포구 영등포동4가 442,37.517155,126.903496,2025-03-21,2025-03-27
792,낫포너드 팝업,서울 영등포구 영중로 15,서울 영등포구 영등포동4가 442,37.517105,126.90307,2024-10-11,2024-10-31
2040,하트티라미수 팝업,서울 영등포구 영중로 15,서울 영등포구 영등포동4가 442,37.51726,126.904076,2025-02-06,2025-03-16
1669,페이드마인 팝업,서울 영등포구 영중로 15,서울 영등포구 영등포동4가 442,37.51705,126.904015,2025-01-16,2025-01-31
1759,아이브 팝업,서울 영등포구 영중로 15,서울 영등포구 영등포동4가 442,37.517544,126.90394,2025-02-01,2025-02-09
2098,아틀리에나인 팝업,서울 영등포구 영중로 15,서울 영등포구 영등포동4가 442,37.51727,126.90402,2025-03-01,2025-07-31
1967,몽모 팝업,서울 영등포구 영중로 15,서울 영등포구 영등포동4가 442,37.517128,126.90339,2025-02-28,2025-03-16
1652,고양이다방 X 뽐뽐스튜디오 X 룸룸 팝업,서울 영등포구 영중로 15,서울 영등포구 영등포동4가 442,37.51727,126.904015,2025-01-14,2025-01-27
1027,엘스타 2 RE: PLAY STAGE in CGV (프리뷰),서울 영등포구 영중로 15,서울 영등포구 영등포동4가 442,37.517548,126.902756,2024-11-09,2024-11-09
1471,펀 스퀘어 팝업,서울 영등포구 영중로 15,서울 영등포구 영등포동4가 442,37.517136,126.90387,2024-12-19,2025-01-02
1472,풋볼스탠다드 팝업,서울 영등포구 영중로 15,서울 영등포구 영등포동4가 442,37.517048,126.90346,2024-12-06,2025-01-02
1768,갤럭시 스튜디오 팝업 - 영등포,서울 영등포구 영중로 15,서울 영등포구 영등포동4가 442,37.517246,126.90361,2025-01-23,2025-02-23
1150,엘스타 2 DREAMY STAGE in CGV,서울 영등포구 영중로 15,서울 영등포구 영등포동4가 442,37.517494,126.90281,2024-11-30,2024-11-30
2209,인피니트 팝업,서울 영등포구 영중로 15,서울 영등포구 영등포동4가 442,37.517334,126.90415,2025-03-07,2025-03-13
1377,타임스퀘어 X 테디스베이글 팝업,서울 영등포구 영중로 15,서울 영등포구 영등포동4가 442,37.517178,126.9039,2024-12-07,2025-01-03
1619,화엄사버거 팝업,서울 영등포구 영중로 15,서울 영등포구 영등포동4가 442,37.517094,126.90352,2025-01-04,2025-02-05
2610,비터셀즈 오픈 이벤트,서울 영등포구 영중로 15,서울 영등포구 영등포동4가 442,37.517162,126.90332,2025-04-25,2025-05-11
2041,니커버커 팝업,서울 영등포구 영중로 15,서울 영등포구 영등포동4가 442,37.517174,126.904175,2025-02-06,2025-03-16
1688,꼬치의 달인 팝업,서울 영등포구 영중로 15,서울 영등포구 영등포동4가 442,37.51703,126.90395,2025-01-16,2025-01-31
278,SQUARE X SOFIT 팝업,서울 영등포구 영중로 15,서울 영등포구 영등포동4가 442,37.517193,126.90431,2024-08-02,2024-08-22
1501,장밋빛 미래 : 모호한 경계 전시,서울 영등포구 영중로 15,서울 영등포구 영등포동4가 442,37.517136,126.903885,2024-12-19,2025-01-12
2638,이케아 팝업,서울 영등포구 영중로 15,서울 영등포구 영등포동4가 442,37.517067,126.90322,2025-04-25,2025-08-27
5917,케이스어랏 팝업,서울 영등포구 영중로 15,"서울 영등포구 영중로 15 (영등포동4가, 타임스퀘어)",37.517303,126.90395,2026-03-19,2026-04-01
2769,팀밸 팝업,서울 영등포구 영중로 15,"서울 영등포구 영중로 15 (영등포동4가, 타임스퀘어)",37.5175,126.90448,2025-05-08,2025-06-04
5253,캐릭터라인 팝업,서울 영등포구 영중로 15,"서울 영등포구 영중로 15 (영등포동4가, 타임스퀘어)",37.517303,126.90396,2026-01-14,2026-01-28
4012,오프아워 팝업 ,서울 영등포구 영중로 15,"서울 영등포구 영중로 15 (영등포동4가, 타임스퀘어)",37.51712,126.903206,2025-09-15,2025-10-01
3328,네버모어 아카데미 입학식 이벤트,서울 영등포구 영중로 15,"서울 영등포구 영중로 15 (영등포동4가, 타임스퀘어)",37.517143,126.9032,2025-08-10,2025-08-10
4200,아오키 치이상점 팝업,서울 영등포구 영중로 15,"서울 영등포구 영중로 15 (영등포동4가, 타임스퀘어)",37.5168,126.903595,2025-10-09,2025-10-22
4752,온꼬미즈 팝업,서울 영등포구 영중로 15,"서울 영등포구 영중로 15 (영등포동4가, 타임스퀘어)",37.517223,126.90322,2025-11-27,2025-12-03
3253,<오징어 게임> 시즌 3 팝업 - 영등포,서울 영등포구 영중로 15,"서울 영등포구 영중로 15 (영등포동4가, 타임스퀘어)",37.517036,126.903404,2025-07-17,2025-07-31
4190,노스페이스 팝업,서울 영등포구 영중로 15,"서울 영등포구 영중로 15 (영등포동4가, 타임스퀘어)",37.516922,126.90293,2025-10-03,2025-10-14
5045,보드라이더스 팝업,서울 영등포구 영중로 15,"서울 영등포구 영중로 15 (영등포동4가, 타임스퀘어)",37.51724,126.904434,2025-12-17,2026-01-14
4633,몽댕 팝업,서울 영등포구 영중로 15,"서울 영등포구 영중로 15 (영등포동4가, 타임스퀘어)",37.516876,126.902855,2025-11-06,2025-11-19
4624,언스테디마켓 팝업,서울 영등포구 영중로 15,"서울 영등포구 영중로 15 (영등포동4가, 타임스퀘어)",37.516846,126.90298,2025-11-06,2025-11-19
4552,미연 팝업 - 영등포,서울 영등포구 영중로 15,"서울 영등포구 영중로 15 (영등포동4가, 타임스퀘어)",37.517235,126.90342,2025-11-05,2025-11-11
3573,위드썸 팝업,서울 영등포구 영중로 15,"서울 영등포구 영중로 15 (영등포동4가, 타임스퀘어)",37.517193,126.90352,2025-07-31,2025-08-13
5199,블리소이 팝업 - 복 많이 팝업,서울 영등포구 영중로 15,"서울 영등포구 영중로 15 (영등포동4가, 타임스퀘어)",37.517372,126.903854,2026-01-03,2026-01-13
3332,눈사람 눙눙이 팝업,서울 영등포구 영중로 15,"서울 영등포구 영중로 15 (영등포동4가, 타임스퀘어)",37.517357,126.90401,2025-07-17,2025-07-30
4297,퍼플가라지 팝업,서울 영등포구 영중로 15,"서울 영등포구 영중로 15 (영등포동4가, 타임스퀘어)",37.51722,126.903336,2025-10-09,2025-10-22
5679,어티피컬 팝업 - 지구문방구,서울 영등포구 영중로 15,"서울 영등포구 영중로 15 (영등포동4가, 타임스퀘어)",37.517296,126.903946,2026-02-20,2026-02-28
4570,효쯔 팝업,서울 영등포구 영중로 15,"서울 영등포구 영중로 15 (영등포동4가, 타임스퀘어)",37.51717,126.903275,2025-11-08,2025-11-19
5150,포토토 팝업,서울 영등포구 영중로 15,"서울 영등포구 영중로 15 (영등포동4가, 타임스퀘어)",37.516907,126.90353,2025-12-29,2026-01-06
3546,디플러스 기아 팝업 - 딮기 편의점 ,서울 영등포구 영중로 15,"서울 영등포구 영중로 15 (영등포동4가, 타임스퀘어)",37.517258,126.90345,2025-08-15,2025-08-24
3582,필앳홈 팝업 ,서울 영등포구 영중로 15,"서울 영등포구 영중로 15 (영등포동4가, 타임스퀘어)",37.51707,126.90267,2025-08-14,2025-09-30
5918,모닝글로리 팝업 - 모일페 꾸꾸마켓,서울 영등포구 영중로 15,"서울 영등포구 영중로 15 (영등포동4가, 타임스퀘어)",37.517303,126.90395,2026-03-19,2026-04-06
5587,오늘의 귀여움 CLASS 팝업 - 치즈덕,서울 영등포구 영중로 15,"서울 영등포구 영중로 15 (영등포동4가, 타임스퀘어)",37.517323,126.90392,2026-02-09,2026-03-02
5665,글입다 팝업,서울 영등포구 영중로 15,"서울 영등포구 영중로 15 (영등포동4가, 타임스퀘어)",37.51727,126.90395,2026-02-20,2026-03-04
3024,리프 팝업,서울 영등포구 영중로 15,"서울 영등포구 영중로 15 (영등포동4가, 타임스퀘어)",37.51733,126.90431,2025-06-09,2025-06-25
3931,KKTT 팝업 ,서울 영등포구 영중로 15,"서울 영등포구 영중로 15 (영등포동4가, 타임스퀘어)",37.51716,126.90339,2025-09-11,2025-09-17
4584,제나두 팝업,서울 영등포구 영중로 15,"서울 영등포구 영중로 15 (영등포동4가, 타임스퀘어)",37.516884,126.902954,2025-11-06,2025-11-19
4441,오브먼트 팝업,서울 영등포구 영중로 15,"서울 영등포구 영중로 15 (영등포동4가, 타임스퀘어)",37.517113,126.90326,2025-10-23,2025-11-05
4867,코코모빵 팝업,서울 영등포구 영중로 15,"서울 영등포구 영중로 15 (영등포동4가, 타임스퀘어)",37.517204,126.903145,2025-12-05,2025-12-11
5741,올영세일 팝업,서울 영등포구 영중로 15,"서울 영등포구 영중로 15 (영등포동4가, 타임스퀘어)",37.517323,126.90388,2026-03-01,2026-03-07
3871,몬스타엑스 팝업 - THE X ,서울 영등포구 영중로 15,"서울 영등포구 영중로 15 (영등포동4가, 타임스퀘어)",37.516926,126.90296,2025-09-03,2025-09-07
3371,쏜애플 팝업,서울 영등포구 영중로 15,"서울 영등포구 영중로 15 (영등포동4가, 타임스퀘어)",37.517258,126.90426,2025-07-29,2025-08-03
3514,위자드몰 팝업,서울 영등포구 영중로 15,"서울 영등포구 영중로 15 (영등포동4가, 타임스퀘어)",37.517197,126.903366,2025-07-25,2025-08-24
5002,모닝글로리 팝업 - 모일페 다꾸농장,서울 영등포구 영중로 15,"서울 영등포구 영중로 15 (영등포동4가, 타임스퀘어)",37.51681,126.90354,2025-12-18,2026-01-02
5008,더블유랩 팝업,서울 영등포구 영중로 15,"서울 영등포구 영중로 15 (영등포동4가, 타임스퀘어)",37.516983,126.90396,2025-12-08,2026-01-11
5675,하츠네미쿠 팝업 - Meet and Greet,서울 영등포구 영중로 15,"서울 영등포구 영중로 15 (영등포동4가, 타임스퀘어)",37.517235,126.90372,2026-03-18,2026-03-31
609,퐁당패밀리 여의도 팝업,서울 영등포구 의사당대로 96,서울 영등포구 여의도동 27-2,37.52155,126.92294,2024-09-02,2024-09-30
4425,팝마트 15주년 팝티 이벤트,서울 용산구 남산공원길 105,"서울 용산구 남산공원길 105 (용산동2가, YTN서울타워)",37.551132,126.98793,2025-10-28,2025-11-16
401,위글위글 X 벨리곰 팝업,서울 용산구 남산공원길 105,서울 용산구 용산동2가 산 1-3,37.551315,126.98823,2024-08-19,2024-09-01
5387,더바넷 아카이브 세일 이벤트,서울 용산구 녹사평대로 168-24,서울 용산구 녹사평대로 168-24 (이태원동),37.533314,126.99007,2026-01-23,2026-01-25
287,여름엔 꿀꺽꿀꺽 팝업,서울 용산구 녹사평대로40나길 34,서울 용산구 이태원동 402-2,37.53593,126.98876,2024-08-06,2024-09-01
4111,키티버니포니 오픈 이벤트,서울 용산구 녹사평대로46길 13,서울 용산구 녹사평대로46길 13 (이태원동),37.53735,126.98758,2025-09-27,2025-09-28
288,하바이아나스 팝업,서울 용산구 대사관로 35,서울 용산구 한남동 657-128,37.533768,127.00207,2024-07-16,2024-09-01
3907,"메종 마르지엘라 전시 - 다른 곳, 레마, 열린 몸통",서울 용산구 대사관로11길 8-7,서울 용산구 대사관로11길 8-7 (한남동),37.534286,127.00216,2025-09-03,2025-09-28
289,무브먼트 랩 <여름밤의 꿈> 팝업,서울 용산구 대사관로15길 8-3,서울 용산구 한남동 670-15,37.53417,127.00286,2024-08-06,2024-09-22
3065,낫띵에브리띵 팝업,서울 용산구 대사관로20길 8,서울 용산구 대사관로20길 8 (한남동),37.533127,127.00351,2025-06-20,2025-06-22
5484,몰입독서 팝업 - 온더페이지,서울 용산구 대사관로20길 8,서울 용산구 대사관로20길 8 (한남동),37.533096,127.00349,2026-02-06,2026-03-02
3828,리던 팝업 ,서울 용산구 대사관로5길 14-3,서울 용산구 대사관로5길 14-3 (한남동),37.5351,127.00089,2025-08-30,2025-09-07
3381,나르카 팝업,서울 용산구 대사관로5길 14-3,서울 용산구 대사관로5길 14-3 (한남동),37.53509,127.00094,2025-07-25,2025-07-31
233,미니언즈X하울팟 한남동 팝업,서울 용산구 독서당로 113,서울 용산구 한남동 4-7,37.536633,127.011635,2024-08-03,2024-09-02
3802,경표와 여름 전시 ,서울 용산구 독서당로 87,서울 용산구 독서당로 87 (한남동),37.534702,127.01013,2025-09-10,2025-09-22
5504,탈리다쿰 팝업,서울 용산구 독서당로 93,서울 용산구 독서당로 93 (한남동),37.535015,127.01058,2026-02-05,2026-02-08
207,가루쌀 팝업,서울 용산구 보광로 90,서울 용산구 이태원동 21-1,37.531128,126.99576,2024-07-30,2024-08-31
3864,이태원 앤티크 스트릿 팝업,서울 용산구 보광로51길 3,서울 용산구 보광로51길 3 (이태원동),37.531727,126.99463,2025-09-25,2025-09-28
265,와이키키X생마차 팝업,서울 용산구 보광로59길 43,서울 용산구 이태원동 64-27,37.53379,126.991646,2024-07-19,2024-08-25
3773,DEXT:ed Market 이벤트 ,서울 용산구 보광로60길 22,서울 용산구 보광로60길 22 (이태원동),37.53392,126.995384,2025-08-30,2025-08-30
4008,메터 팝업 ,서울 용산구 새창로20가길 9,서울 용산구 새창로20가길 9 (용문동),37.538002,126.95967,2025-09-19,2025-09-24
5601,국립중앙박물관 X 블랙핑크 청음회,서울 용산구 서빙고로 137,"서울 용산구 서빙고로 137 (용산동6가, 국립중앙박물관)",37.523834,126.9802,2026-02-27,2026-03-08
3711,국립중앙박물관 이벤트 - 2025 국중박 분장대회,서울 용산구 서빙고로 137,"서울 용산구 서빙고로 137 (용산동6가, 국립중앙박물관)",37.52384,126.980545,2025-09-27,2025-09-27
4179,"인상주의에서 초기 모더니즘까지, 빛을 수집한 사람들 전시",서울 용산구 서빙고로 137,"서울 용산구 서빙고로 137 (용산동6가, 국립중앙박물관)",37.524616,126.97762,2025-11-14,2026-03-15
2366,나이키 에어 맥스 Dn8 전시,서울 용산구 서빙고로 295,서울 용산구 동빙고동 162-2,37.52111,126.996025,2025-03-27,2025-04-02
4318,헤이유라키친 팝업,서울 용산구 소월로 377,"서울 용산구 소월로 377 (한남동, 남산맨숀)",37.544533,127.00154,2025-10-24,2025-10-25
1519,이름 없는 감정의 산 전시,서울 용산구 소월로38길 30-34,서울 용산구 이태원동 262-23,37.544098,126.99025,2024-12-14,2025-01-25
4708,BFM 팝업 - Unfolded Diary,서울 용산구 신흥로 103-1,서울 용산구 신흥로 103-1 (용산동2가),37.54485,126.98443,2025-11-22,2025-11-22
4566,세컨미닛아우어 팝업,서울 용산구 신흥로 103-1,서울 용산구 신흥로 103-1 (용산동2가),37.544815,126.98447,2025-11-08,2025-11-09
4055,하치 팝업,서울 용산구 신흥로 103-1,서울 용산구 용산동2가 1-108,37.544815,126.98447,2025-09-20,2025-09-21
3810,한 컾 팝업 - 용산 ,서울 용산구 신흥로 93,서울 용산구 신흥로 93 (용산동2가),37.545647,126.98523,2025-08-26,2025-09-07
3621,"자아, 색수차 전시",서울 용산구 신흥로20길 17,"서울 용산구 신흥로20길 17 (용산동2가, 블루 빌딩)",37.54637,126.98465,2025-07-12,2025-09-21
2555,2025 올리브영 페스타,서울 용산구 양녕로 445,서울 용산구 이촌동 302-146,37.517796,126.95776,2025-05-21,2025-05-25
2779,2025 올리브영 페스타 - 롬앤,서울 용산구 양녕로 445,서울 용산구 이촌동 302-146,37.51778,126.95809,2025-05-21,2025-05-27
3785,L’EX: 02_빈티지 플리마켓 ,서울 용산구 우사단로 31-1,서울 용산구 이태원동 141-3,37.53306,126.99546,2025-08-29,2025-08-31
5053,러브트레인 팝업 - L’EX: 03_EVE,서울 용산구 우사단로 31-1,서울 용산구 이태원동 141-3,37.53305,126.99546,2025-12-19,2025-12-21
3350,산펠레그리노 팝업,서울 용산구 우사단로 42,서울 용산구 우사단로 42 (이태원동),37.53395,126.995766,2025-07-25,2025-08-03
3398,몽키숄더 용하당 팝업,서울 용산구 우사단로 42,서울 용산구 우사단로 42 (이태원동),37.533943,126.995735,2025-07-31,2025-08-09
2609,마스터 시바의 특제 라멘 팝업,서울 용산구 이촌로29길 25,서울 용산구 한강로3가 40-37,37.52483,126.96023,2025-04-25,2025-05-09
5944,23YEARSOLD 팝업,서울 용산구 이태원로 179,"서울 용산구 이태원로 179 (이태원동, 해밀톤호텔 (본관))",37.534813,126.99374,2026-03-20,2026-04-20
5640,미니 X 폴 스미스 팝업 전시,서울 용산구 이태원로 190,서울 용산구 이태원로 190 (이태원동),37.53432,126.995056,2026-02-27,2026-03-05
5100,레인스 팝업,서울 용산구 이태원로 230,서울 용산구 이태원로 230 (한남동),37.535473,126.99926,2025-12-22,2026-01-04
5847,베이드 팝업,서울 용산구 이태원로 230,서울 용산구 이태원로 230 (한남동),37.535484,126.99928,2026-03-13,2026-03-15
4332,펀치드렁크파티즈 X 마스터피스 팝업 - REFUGE,서울 용산구 이태원로 230,서울 용산구 이태원로 230 (한남동),37.53549,126.99926,2025-10-16,2025-10-19
4636,루트파인더 팝업,서울 용산구 이태원로 230,서울 용산구 이태원로 230 (한남동),37.5355,126.99931,2025-11-11,2025-11-16
4456,애드슬로우 팝업,서울 용산구 이태원로 230,서울 용산구 이태원로 230 (한남동),37.535473,126.999245,2025-10-27,2025-11-02
3255,이크닉 팝업,서울 용산구 이태원로 230,서울 용산구 이태원로 230 (한남동),37.535484,126.99928,2025-07-08,2025-07-13
2955,코프위 팝업,서울 용산구 이태원로 230,서울 용산구 이태원로 230 (한남동),37.535484,126.99923,2025-06-16,2025-06-22
4994,알에스에스씨 팝업,서울 용산구 이태원로 230,서울 용산구 이태원로 230 (한남동),37.53548,126.99925,2025-12-15,2025-12-21
2915,파이시스 팝업,서울 용산구 이태원로 230,서울 용산구 이태원로 230 (한남동),37.535484,126.99928,2025-05-28,2025-06-08
4788,모이프 팝업,서울 용산구 이태원로 230,서울 용산구 이태원로 230 (한남동),37.535477,126.999245,2025-11-25,2025-11-30
4949,언타이틀 서울 팝업,서울 용산구 이태원로 230,서울 용산구 이태원로 230 (한남동),37.535484,126.99927,2025-12-09,2025-12-14
2743,네이키드서프클럽 팝업,서울 용산구 이태원로 230,서울 용산구 이태원로 230 (한남동),37.535408,126.99922,2025-05-20,2025-05-25
4032,노드랩스 팝업 ,서울 용산구 이태원로 230,서울 용산구 이태원로 230 (한남동),37.53546,126.99925,2025-09-17,2025-09-21
3771,더뮤지엄비지터 팝업 ,서울 용산구 이태원로 230,서울 용산구 이태원로 230 (한남동),37.53548,126.99925,2025-08-30,2025-08-31
3979,바우프 팝업 ,서울 용산구 이태원로 230,서울 용산구 이태원로 230 (한남동),37.535473,126.999245,2025-09-12,2025-09-14
4862,스부 팝업,서울 용산구 이태원로 230,서울 용산구 이태원로 230 (한남동),37.535477,126.999245,2025-12-02,2025-12-07
2759,이센트릭 팝업,서울 용산구 이태원로 230,서울 용산구 이태원로 230 (한남동),37.53546,126.99921,2025-05-12,2025-05-18
4515,엔도어 팝업,서울 용산구 이태원로 230,서울 용산구 이태원로 230 (한남동),37.535477,126.99925,2025-11-04,2025-11-09
3120,세컨드페이버릿 팝업,서울 용산구 이태원로 230,서울 용산구 이태원로 230 (한남동),37.53544,126.99918,2025-06-23,2025-06-29
1485,종종 팝업,서울 용산구 이태원로 230,서울 용산구 한남동 683-125,37.535477,126.99929,2024-12-27,2025-01-02
2354,플러피시트러스 X 카테고리9 팝업,서울 용산구 이태원로 230,서울 용산구 한남동 683-125,37.535484,126.99928,2025-03-28,2025-04-06
894,만찬 팝업,서울 용산구 이태원로 230,서울 용산구 한남동 683-125,37.535496,126.99929,2024-10-22,2024-10-28
1414,LCWM 블랙 크리스마스 팝업,서울 용산구 이태원로 230,서울 용산구 한남동 683-125,37.535496,126.99929,2024-12-20,2024-12-26
2406,아르반 팝업,서울 용산구 이태원로 230,서울 용산구 한남동 683-125,37.535484,126.99928,2025-04-07,2025-04-13
1508,파운드포켓 팝업,서울 용산구 이태원로 230,서울 용산구 한남동 683-125,37.53549,126.999306,2025-01-04,2025-01-12
2196,s/e/o 에스이오 팝업,서울 용산구 이태원로 230,서울 용산구 한남동 683-125,37.535484,126.99928,2025-03-14,2025-03-27
1758,콰지퓨리티 X sari sari 팝업,서울 용산구 이태원로 230,서울 용산구 한남동 683-125,37.5355,126.9993,2025-02-06,2025-02-12
2503,오프아워 팝업,서울 용산구 이태원로 230,서울 용산구 한남동 683-125,37.53545,126.999275,2025-04-17,2025-04-23
1674,휴먼앤캣 팝업,서울 용산구 이태원로 230,서울 용산구 한남동 683-125,37.535484,126.99928,2025-01-21,2025-01-26
2580,윗 팝업,서울 용산구 이태원로 230,서울 용산구 한남동 683-125,37.535484,126.99932,2025-04-24,2025-05-04
796,소프터 팝업,서울 용산구 이태원로 230,서울 용산구 한남동 683-125,37.535496,126.99929,2024-10-17,2024-10-20
2185,구빈 팝업,서울 용산구 이태원로 230,서울 용산구 한남동 683-125,37.535484,126.99928,2025-03-07,2025-03-12
2046,풋 인더스트리 팝업,서울 용산구 이태원로 230,서울 용산구 한남동 683-125,37.535473,126.99932,2025-02-28,2025-03-02
1620,히에타 팝업,서울 용산구 이태원로 230,서울 용산구 한남동 683-125,37.53548,126.9993,2025-01-14,2025-01-19
814,AHNI 팝업,서울 용산구 이태원로 240,서울 용산구 한남동 683-142,37.53611,127.00017,2024-10-17,2024-10-23
3580,자몽살구클럽 팝업 ,서울 용산구 이태원로 241,서울 용산구 이태원로 241 (한남동),37.53665,126.999825,2025-08-07,2025-08-27
3295,오브제바이쿤달 팝업,서울 용산구 이태원로 241,서울 용산구 이태원로 241 (한남동),37.53658,126.99996,2025-07-11,2025-08-06
5657,살로몬 팝업 - 한남,서울 용산구 이태원로 241,서울 용산구 이태원로 241 (한남동),37.536636,126.999916,2026-02-20,2026-03-12
2521,NBA 서울컬렉션 팝업,서울 용산구 이태원로 241,서울 용산구 한남동 738-36,37.536613,126.99989,2025-04-10,2025-04-30
1353,비이커 X 요시다 유니 팝업,서울 용산구 이태원로 241,서울 용산구 한남동 738-36,37.536636,126.999916,2024-12-13,2025-01-02
4962,알보우 팝업,서울 용산구 이태원로 241,서울 용산구 한남동 738-36,37.53661,126.99991,2025-11-27,2025-12-18
2084,제니 <Rubify> 팝업,서울 용산구 이태원로 246,서울 용산구 한남동 683-132,37.536636,127.0007,2025-03-07,2025-03-13
3764,현대카드 다빈치모텔 이벤트 ,서울 용산구 이태원로 248,서울 용산구 이태원로 248 (한남동),37.53678,127.00081,2025-09-19,2025-09-21
5284,로제 팝업 - one year of rosie,서울 용산구 이태원로 248,서울 용산구 이태원로 248 (한남동),37.536808,127.00084,2026-01-17,2026-01-25
2616,앨리스 앤 올리비아 팝업,서울 용산구 이태원로 253,서울 용산구 한남동 739-12,37.53742,127.00058,2025-04-25,2025-05-15
4886,기묘한 이야기 팝업 - 용산,서울 용산구 이태원로 255,서울 용산구 이태원로 255 (한남동),37.53758,127.00065,2025-11-27,2025-12-28
2282,슬로코스터 팝업,서울 용산구 이태원로 255,서울 용산구 한남동 739-11,37.537567,127.000694,2025-03-17,2025-04-13
2685,레이브 팝업,서울 용산구 이태원로 256,서울 용산구 한남동 683-138,37.537354,127.00132,2025-04-29,2025-06-30
4914,에이글 팝업,서울 용산구 이태원로 258,서울 용산구 이태원로 258 (한남동),37.53752,127.001434,2025-10-27,2025-12-31
3841,스포티파이 X 에스파 팝업 - 마이 볼트,서울 용산구 이태원로 266,서울 용산구 이태원로 266 (한남동),37.53816,127.001816,2025-09-05,2025-09-12
5919,문화를 만드는 팬덤 팝업 전시,서울 용산구 이태원로 274,"서울 용산구 이태원로 274 (한남동, 용산공예관)",37.53903,127.002075,2026-03-16,2026-04-15
4749,잭 다니엘스 이벤트 - JACK ON THE ITAEWON,서울 용산구 이태원로27가길 52,서울 용산구 이태원로27가길 52 (이태원동),37.535065,126.99243,2025-11-21,2025-11-22
4436,샬롯킴 팝업,서울 용산구 이태원로2길 10,서울 용산구 용산동3가 1-104,37.53441,126.97509,2025-11-05,2025-11-08
4909,고양이 매력 조각전 - Cats Parts,서울 용산구 이태원로2길 10,서울 용산구 이태원로2길 10 (용산동3가),37.5344,126.97511,2025-12-10,2025-12-14
5050,론론 X 13DE MARZO 팝업,서울 용산구 이태원로42길 66,서울 용산구 이태원로42길 66 (한남동),37.53732,127.00156,2025-12-16,2025-12-28
3813,COC 팝업,서울 용산구 이태원로45길 16,서울 용산구 이태원로45길 16 (한남동),37.536423,126.99874,2025-09-04,2025-09-07
4405,김아홉 X 널독 팝업,서울 용산구 이태원로45길 16,서울 용산구 이태원로45길 16 (한남동),37.536423,126.99864,2025-10-31,2025-11-02
4249,체메씨 팝업,서울 용산구 이태원로45길 16,서울 용산구 한남동 745-13,37.53641,126.998695,2025-10-10,2025-10-12
4600,러브액츄얼리 팝업,서울 용산구 이태원로45길 16,서울 용산구 한남동 745-13,37.53641,126.99874,2025-11-28,2025-11-29
4011,YOSUK 팝업 ,서울 용산구 이태원로45길 16,서울 용산구 한남동 745-13,37.53642,126.99873,2025-09-19,2025-09-21
1251,오센트 X 헬로키티 팝업 ,서울 용산구 이태원로49길 20,서울 용산구 한남동 743-43,37.53712,126.999344,2024-11-30,2024-12-31
3858,나이키 팝업 - RECORDED FUTURE,서울 용산구 이태원로49길 37,서울 용산구 이태원로49길 37 (한남동),37.53721,126.99829,2025-09-05,2025-09-07
1912,마담티라미수 팝업 - 용산,서울 용산구 이태원로49길 37,서울 용산구 한남동 744-19,37.53721,126.99837,2025-02-15,2025-02-27
4655,웨스켄 팝업,서울 용산구 이태원로54길 16-1,서울 용산구 이태원로54길 16-1 (한남동),37.53754,127.0023,2025-11-14,2025-11-16
884,HONGWOOSUNG 팝업,서울 용산구 이태원로54길 16-1,서울 용산구 한남동 682-19,37.53754,127.00231,2024-10-28,2024-11-03
2720,시메트릭 퍼센트 팝업 - 한남,서울 용산구 이태원로54길 16-1,서울 용산구 한남동 682-19,37.53752,127.00233,2025-05-08,2025-05-14
4360,포크라노스 10주년 팝업 - play poclanos,서울 용산구 이태원로54길 5,서울 용산구 이태원로54길 5 (한남동),37.538063,127.00187,2025-10-29,2025-11-02
1695,마르디 메크르디 X 권철화 특별 전시,서울 용산구 이태원로54길 5,서울 용산구 한남동 682-5,37.53805,127.00195,2025-01-18,2025-01-26
206,"안유진 X 마르디 메크르디 데님 캠페인 팝업
",서울 용산구 이태원로54길 5,서울 용산구 한남동 682-5,37.53805,127.00194,2024-07-19,2024-08-04
5936,마그넷 아카이브 클리어런스 세일 팝업,서울 용산구 이태원로54길 52,서울 용산구 한남동 683-49,37.53622,127.0012,2026-03-27,2026-03-29
160,FILA 언더웨어 X LUVISTRUE 팝업,서울 용산구 이태원로54길 58-34,서울 용산구 한남동 683-93,37.535587,127.00032,2024-07-26,2024-08-08
3840,뉴얼린 팝업 ,서울 용산구 이태원로54길 62,서울 용산구 이태원로54길 62 (한남동),37.535664,127.00092,2025-09-12,2025-09-16
3076,어퓨커멘츠 팝업,서울 용산구 이태원로54길 62,서울 용산구 이태원로54길 62 (한남동),37.535683,127.00098,2025-06-20,2025-06-22
1343,베티붑 팝업,서울 용산구 이태원로54길 68-6,서울 용산구 한남동 684-14,37.535393,127.00079,2024-12-13,2025-01-26
5930,아웃도어 보이스 팝업,서울 용산구 이태원로55가길 26-4,서울 용산구 이태원로55가길 26-4 (한남동),37.537357,126.999985,2026-03-21,2026-03-29
2793, 데이지신드롬 X 마리떼 팝업,서울 용산구 이태원로55가길 26-4,서울 용산구 이태원로55가길 26-4 (한남동),37.537357,126.999985,2025-05-17,2025-05-23
1366,하우스포그 팝업,서울 용산구 이태원로55가길 26-4,서울 용산구 한남동 741-19,37.537357,126.999954,2024-12-13,2024-12-22
2765,초록믿음강진 팝업,서울 용산구 이태원로55가길 35,서울 용산구 이태원로55가길 35 (한남동),37.536755,126.99971,2025-05-22,2025-05-25
290,퍼햅스투데이 x 에이코의 달밤식당 팝업,서울 용산구 이태원로55가길 35,서울 용산구 한남동 738-7,37.536777,126.9997,2024-08-07,2024-08-14
4984,뮤제드 크리스마스 마켓,서울 용산구 이태원로55가길 9,서울 용산구 이태원로55가길 9 (한남동),37.537838,127.00065,2025-12-13,2025-12-13
3428,후지필름 X half 팝업 ,서울 용산구 청파로 74,"서울 용산구 청파로 74 (한강로3가, 전자랜드)",37.53271,126.95876,2025-07-29,2025-09-27
3800,슬로우슬로우 플리마켓 ,서울 용산구 청파로49길 17,서울 용산구 청파로49길 17 (청파동2가),37.545235,126.969315,2025-09-06,2025-09-06
3999,하이도나 팝업 ,서울 용산구 한강대로 100,"서울 용산구 한강대로 100 (한강로2가, 아모레퍼시픽)",37.528755,126.96884,2025-09-22,2025-10-02
3536,현대미술 전시 - Mark Bradford: Keep Walking,서울 용산구 한강대로 100,"서울 용산구 한강대로 100 (한강로2가, 아모레퍼시픽)",37.52879,126.96916,2025-08-01,2026-01-25
3665,숲의 기억 팝업 - Memories of the Forest,서울 용산구 한강대로 100,"서울 용산구 한강대로 100 (한강로2가, 아모레퍼시픽)",37.528725,126.96883,2025-08-18,2025-08-29
2844,그릭데이 팝업,서울 용산구 한강대로 100,"서울 용산구 한강대로 100 (한강로2가, 아모레퍼시픽)",37.528687,126.96823,2025-05-26,2025-06-05
222,하이루프 팝업,서울 용산구 한강대로 100,서울 용산구 한강로2가 424,37.528584,126.96844,2024-07-29,2024-08-23
223,지구랜드 유닛팝업 '지구스테이션' 팝업,서울 용산구 한강대로 100,서울 용산구 한강로2가 424,37.528584,126.96844,2024-07-29,2024-08-23
221,타틀르 [튀르키예에서 온 달콤함] 팝업,서울 용산구 한강대로 100,서울 용산구 한강로2가 424,37.528584,126.96844,2024-07-29,2024-08-10
1292,포지티브 팝업,서울 용산구 한강대로 202-1,서울 용산구 한강로1가 14-26,37.53647,126.9746,2024-12-06,2024-12-08
2804,롯데리아 위떼한 팝업 - 숙대입구,서울 용산구 한강대로 283,"서울 용산구 한강대로 283 (갈월동, 시티파크타워)",37.543438,126.971954,2025-05-16,2025-05-29
1066,유어굿즈 크리스마스 마켓 팝업,서울 용산구 한강대로 405,서울 용산구 동자동 43-205,37.55497,126.97136,2024-12-12,2024-12-25
4221,부창제과 팝업,서울 용산구 한강대로 405,"서울 용산구 한강대로 405 (동자동, 서울역(철도역))",37.554752,126.97166,2025-10-02,2025-10-12
5830,BTS 팝업 - ARIRANG @HYBE YONGSAN,서울 용산구 한강대로 42,"서울 용산구 한강대로 42 (한강로3가, HYBE)",37.524544,126.964195,2026-03-20,2026-04-12
1372,바이너리샵 크리스마스 집들이 팝업,서울 용산구 한강대로11길 21,서울 용산구 한강로3가 40-8,37.52531,126.96245,2024-12-10,2024-12-29
5440,김아홉 팝업,서울 용산구 한강대로21나길 7,"서울 용산구 한강대로21나길 7 (한강로3가, 철도회관)",37.528904,126.96409,2026-02-06,2026-02-19
4534,미미달 팝업,서울 용산구 한강대로21나길 7,"서울 용산구 한강대로21나길 7 (한강로3가, 철도회관)",37.52801,126.96317,2025-11-06,2025-11-19
5468,스미코구라시 팝업,서울 용산구 한강대로21나길 7,"서울 용산구 한강대로21나길 7 (한강로3가, 철도회관)",37.528984,126.96413,2026-01-30,2026-04-30
5470,라이프클루 팝업 - 라이프클루 명랑 운동회,서울 용산구 한강대로21나길 7,"서울 용산구 한강대로21나길 7 (한강로3가, 철도회관)",37.528915,126.96408,2026-02-03,2026-02-10
5626,참치학교 팝업,서울 용산구 한강대로21나길 7,"서울 용산구 한강대로21나길 7 (한강로3가, 철도회관)",37.528835,126.96457,2026-02-06,2026-02-19
5599,치이카와샵 용산점 오픈 이벤트,서울 용산구 한강대로21나길 7,"서울 용산구 한강대로21나길 7 (한강로3가, 철도회관)",37.528957,126.9641,2026-02-27,2026-03-12
4808,보이넥스트도어 X 쁘넥도 팝업,서울 용산구 한강대로21나길 7,"서울 용산구 한강대로21나길 7 (한강로3가, 철도회관)",37.528027,126.963196,2025-11-28,2025-12-10
5461,프랑스루브르바게트 팝업,서울 용산구 한강대로21나길 7,"서울 용산구 한강대로21나길 7 (한강로3가, 철도회관)",37.52892,126.96413,2026-01-28,2026-02-19
5263,캇제 팝업,서울 용산구 한강대로21나길 7,"서울 용산구 한강대로21나길 7 (한강로3가, 철도회관)",37.52904,126.96452,2026-01-15,2026-01-21
4696,태풍상사 팝업,서울 용산구 한강대로21나길 7,"서울 용산구 한강대로21나길 7 (한강로3가, 철도회관)",37.52799,126.96316,2025-11-27,2025-12-05
4895,쥬라기 공원 TCG 팝업,서울 용산구 한강대로21나길 7,"서울 용산구 한강대로21나길 7 (한강로3가, 철도회관)",37.528057,126.963264,2025-12-05,2025-12-18
5386,이터널 리턴 시즌9 마츠리 팝업 ,서울 용산구 한강대로21나길 7,"서울 용산구 한강대로21나길 7 (한강로3가, 철도회관)",37.529003,126.96456,2026-01-23,2026-02-05
392,슈가슈가룬 콜라보 카페 팝업,서울 용산구 한강대로23길 55,"09.07(토)-12.15(일) 
",37.528934,126.96393,2024-09-07,2024-12-15
4903,팝가스토어 용산점,서울 용산구 한강대로23길 55,"서울 용산구 한강대로23길 55 (한강로3가, 용산역)",37.528862,126.964615,2025-12-01,2025-12-31
5322,봄날엔 팝업,서울 용산구 한강대로23길 55,"서울 용산구 한강대로23길 55 (한강로3가, 용산역)",37.529762,126.96411,2026-01-15,2026-01-22
3297,굴뚝강아지 팝업,서울 용산구 한강대로23길 55,"서울 용산구 한강대로23길 55 (한강로3가, 용산역)",37.52879,126.96422,2025-07-18,2025-07-24
3652,ASL 팝업 - 메카소울,서울 용산구 한강대로23길 55,"서울 용산구 한강대로23길 55 (한강로3가, 용산역)",37.529835,126.96444,2025-08-27,2025-08-31
4070,테디테일즈 팝업 - 용산,서울 용산구 한강대로23길 55,"서울 용산구 한강대로23길 55 (한강로3가, 용산역)",37.52966,126.9652,2025-09-26,2025-10-16
5291,팝가스토어 용산점,서울 용산구 한강대로23길 55,"서울 용산구 한강대로23길 55 (한강로3가, 용산역)",37.528862,126.964615,2026-01-01,2026-01-30
5568,타이니빌 팝업,서울 용산구 한강대로23길 55,"서울 용산구 한강대로23길 55 (한강로3가, 용산역)",37.528954,126.964134,2026-02-19,2026-03-05
5761,프레젠띵 팝업,서울 용산구 한강대로23길 55,"서울 용산구 한강대로23길 55 (한강로3가, 용산역)",37.528786,126.964516,2026-03-06,2026-03-19
4985,연도문구 팝업,서울 용산구 한강대로23길 55,"서울 용산구 한강대로23길 55 (한강로3가, 용산역)",37.529408,126.9647,2025-12-01,2026-01-31
5888,몽슈슈 팝업,서울 용산구 한강대로23길 55,"서울 용산구 한강대로23길 55 (한강로3가, 용산역)",37.52894,126.96412,2026-03-13,2026-04-09
3198,<미지의 서울> 팝업,서울 용산구 한강대로23길 55,"서울 용산구 한강대로23길 55 (한강로3가, 용산역)",37.528896,126.96407,2025-07-04,2025-07-10
5320,연백 1227 팝업_사본,서울 용산구 한강대로23길 55,"서울 용산구 한강대로23길 55 (한강로3가, 용산역)",37.529762,126.96411,2026-01-16,2026-03-12
5319,연백 1227 팝업,서울 용산구 한강대로23길 55,"서울 용산구 한강대로23길 55 (한강로3가, 용산역)",37.529762,126.96411,2026-01-16,2026-03-12
5366,강릉 사임당인절미 팝업,서울 용산구 한강대로23길 55,"서울 용산구 한강대로23길 55 (한강로3가, 용산역)",37.528843,126.96456,2026-01-23,2026-02-19
5926,한글과자 팝업 - 용산,서울 용산구 한강대로23길 55,"서울 용산구 한강대로23길 55 (한강로3가, 용산역)",37.528824,126.96453,2026-03-20,2026-03-26
3581,바이칸 팝업 ,서울 용산구 한강대로23길 55,"서울 용산구 한강대로23길 55 (한강로3가, 용산역)",37.52941,126.96472,2025-08-07,2025-08-20
4412,818 BLOOM by 지드래곤 팝업,서울 용산구 한강대로23길 55,"서울 용산구 한강대로23길 55 (한강로3가, 용산역)",37.52923,126.96444,2025-10-24,2025-10-31
5671,트리드 팝업 - 용산,서울 용산구 한강대로23길 55,"서울 용산구 한강대로23길 55 (한강로3가, 용산역)",37.528854,126.96452,2026-02-19,2026-03-04
5887,메이커스 초콜릿 팝업,서울 용산구 한강대로23길 55,"서울 용산구 한강대로23길 55 (한강로3가, 용산역)",37.52882,126.96458,2026-03-13,2026-03-26
4935,리락쿠마 팝업,서울 용산구 한강대로23길 55,"서울 용산구 한강대로23길 55 (한강로3가, 용산역)",37.529503,126.964874,2025-12-19,2026-01-08
5141,무용지용 팝업,서울 용산구 한강대로23길 55,"서울 용산구 한강대로23길 55 (한강로3가, 용산역)",37.52952,126.96527,2025-12-30,2026-01-21
5298,도쿄유즈드 팝업,서울 용산구 한강대로23길 55,"서울 용산구 한강대로23길 55 (한강로3가, 용산역)",37.52907,126.96411,2026-01-09,2026-01-15
5867,붉은사막 팝업,서울 용산구 한강대로23길 55,"서울 용산구 한강대로23길 55 (한강로3가, 용산역)",37.528946,126.96414,2026-03-20,2026-03-22
5459,노배드바이브스 팝업,서울 용산구 한강대로23길 55,"서울 용산구 한강대로23길 55 (한강로3가, 용산역)",37.530083,126.964485,2026-01-30,2026-02-12
5803,<오늘부터 신령님> 팝업,서울 용산구 한강대로23길 55,"서울 용산구 한강대로23길 55 (한강로3가, 용산역)",37.528927,126.96412,2026-03-10,2026-03-31
3146,스웨그키 팝업,서울 용산구 한강대로23길 55,"서울 용산구 한강대로23길 55 (한강로3가, 용산역)",37.52911,126.96411,2025-06-26,2025-09-25
3776,솔솔푸른솔 팝업 ,서울 용산구 한강대로23길 55,"서울 용산구 한강대로23길 55 (한강로3가, 용산역)",37.52993,126.96506,2025-08-21,2025-09-03
5894,<약사의 혼잣말> 원작 전시,서울 용산구 한강대로23길 55,"서울 용산구 한강대로23길 55 (한강로3가, 용산역)",37.52977,126.964745,2026-04-04,2026-05-10
5295,아르넛 팝업,서울 용산구 한강대로23길 55,"서울 용산구 한강대로23길 55 (한강로3가, 용산역)",37.528946,126.96409,2026-01-09,2026-01-22
3174,팝가스토어 용산점,서울 용산구 한강대로23길 55,"서울 용산구 한강대로23길 55 (한강로3가, 용산역)",37.528973,126.96445,2025-07-01,2025-07-31
5321,불범 팝업,서울 용산구 한강대로23길 55,"서울 용산구 한강대로23길 55 (한강로3가, 용산역)",37.529716,126.964195,2026-01-15,2026-01-22
5359,토미카 팝업,서울 용산구 한강대로23길 55,"서울 용산구 한강대로23길 55 (한강로3가, 용산역)",37.529636,126.96422,2026-01-23,2026-02-12
4942,연말 뜨개 팝업,서울 용산구 한강대로23길 55,"서울 용산구 한강대로23길 55 (한강로3가, 용산역)",37.52924,126.96509,2025-12-12,2025-12-18
5821,노빅딜 팝업,서울 용산구 한강대로23길 55,"서울 용산구 한강대로23길 55 (한강로3가, 용산역)",37.528805,126.96451,2026-03-06,2026-03-19
3853,몽키우드 팝업 ,서울 용산구 한강대로23길 55,"서울 용산구 한강대로23길 55 (한강로3가, 용산역)",37.52958,126.965195,2025-08-29,2025-12-21
3051,위드썸 팝업,서울 용산구 한강대로23길 55,"서울 용산구 한강대로23길 55 (한강로3가, 용산역)",37.528893,126.96447,2025-06-13,2025-07-03
3703,별의 커비 팝업 - 두근두근 크레인 피버 in 한국 ,서울 용산구 한강대로23길 55,"서울 용산구 한강대로23길 55 (한강로3가, 용산역)",37.52966,126.96492,2025-08-26,2025-09-17
3445,댄스냅 팝업,서울 용산구 한강대로23길 55,"서울 용산구 한강대로23길 55 (한강로3가, 용산역)",37.528862,126.96402,2025-08-01,2025-12-31
5334,모퉁이 우표점 팝업,서울 용산구 한강대로23길 55,"서울 용산구 한강대로23길 55 (한강로3가, 용산역)",37.52891,126.96413,2026-01-15,2026-01-21
5335,해피퍼즐 팝업,서울 용산구 한강대로23길 55,"서울 용산구 한강대로23길 55 (한강로3가, 용산역)",37.52888,126.96411,2026-01-15,2026-01-21
5365,최선의한과 팝업,서울 용산구 한강대로23길 55,"서울 용산구 한강대로23길 55 (한강로3가, 용산역)",37.528885,126.964516,2026-01-23,2026-02-19
5318,에키노마에 팝업,서울 용산구 한강대로23길 55,"서울 용산구 한강대로23길 55 (한강로3가, 용산역)",37.52963,126.96424,2026-01-16,2026-02-05
5364,히히네키친 팝업,서울 용산구 한강대로23길 55,"서울 용산구 한강대로23길 55 (한강로3가, 용산역)",37.528885,126.964516,2026-01-23,2026-02-05
5872,베티붑 팝업,서울 용산구 한강대로23길 55,"서울 용산구 한강대로23길 55 (한강로3가, 용산역)",37.528748,126.96434,2026-03-13,2026-03-26
5081,벨지 팝업,서울 용산구 한강대로23길 55,"서울 용산구 한강대로23길 55 (한강로3가, 용산역)",37.529575,126.96554,2025-12-19,2025-12-25
3135,가나디 팝업,서울 용산구 한강대로23길 55,"서울 용산구 한강대로23길 55 (한강로3가, 용산역)",37.528904,126.96432,2025-07-01,2025-07-31
3292,하이브 씨네 페스트 이벤트,서울 용산구 한강대로23길 55,"서울 용산구 한강대로23길 55 (한강로3가, 용산역)",37.52918,126.96493,2025-07-10,2025-07-13
5557,봄날엔 팝업,서울 용산구 한강대로23길 55,"서울 용산구 한강대로23길 55 (한강로3가, 용산역)",37.52882,126.96454,2026-02-06,2026-02-19
5711,그린칙 팝업,서울 용산구 한강대로23길 55,"서울 용산구 한강대로23길 55 (한강로3가, 용산역)",37.52882,126.964516,2026-02-20,2026-03-05
3296,문학과지성사 팝업,서울 용산구 한강대로23길 55,"서울 용산구 한강대로23길 55 (한강로3가, 용산역)",37.528942,126.96398,2025-07-11,2025-07-23
4236,히히클럽 팝업,서울 용산구 한강대로23길 55,"서울 용산구 한강대로23길 55 (한강로3가, 용산역)",37.52939,126.965004,2025-10-02,2025-10-31
4772,호이 공예&리빙 팝업,서울 용산구 한강대로23길 55,"서울 용산구 한강대로23길 55 (한강로3가, 용산역)",37.52963,126.96507,2025-12-05,2026-01-08
5659,무직타이거 X 팝퍼블 콜라보 카페,서울 용산구 한강대로23길 55,"서울 용산구 한강대로23길 55 (한강로3가, 용산역)",37.52882,126.96452,2026-02-27,2026-04-26
5673,트리드 팝업 - 용산_사본,서울 용산구 한강대로23길 55,"서울 용산구 한강대로23길 55 (한강로3가, 용산역)",37.528854,126.96452,2026-02-19,2026-03-04
3929,트리드 팝업 - 용산 ,서울 용산구 한강대로23길 55,"서울 용산구 한강대로23길 55 (한강로3가, 용산역)",37.5295,126.96445,2025-09-25,2025-10-08
5520,팝가스토어 용산점,서울 용산구 한강대로23길 55,"서울 용산구 한강대로23길 55 (한강로3가, 용산역)",37.528862,126.964615,2026-02-01,2026-02-27
5559,케로로 팝업,서울 용산구 한강대로23길 55,"서울 용산구 한강대로23길 55 (한강로3가, 용산역)",37.528934,126.964134,2026-02-11,2026-03-09
3734,더 테라스 캠프 팝업,서울 용산구 한강대로23길 55,"서울 용산구 한강대로23길 55 (한강로3가, 용산역)",37.529606,126.96501,2025-09-05,2025-09-07
5243,위드썸 팝업,서울 용산구 한강대로23길 55,"서울 용산구 한강대로23길 55 (한강로3가, 용산역)",37.529495,126.96499,2026-01-09,2026-01-21
5282,올림포스 가디언 X 모애쿠 콜라보 카페,서울 용산구 한강대로23길 55,"서울 용산구 한강대로23길 55 (한강로3가, 용산역)",37.52892,126.964134,2026-01-19,2026-02-03
5033,블로키 팝업,서울 용산구 한강대로23길 55,"서울 용산구 한강대로23길 55 (한강로3가, 용산역)",37.529335,126.96503,2025-12-19,2025-12-26
5336,컨트롤알트해피 팝업,서울 용산구 한강대로23길 55,"서울 용산구 한강대로23길 55 (한강로3가, 용산역)",37.52892,126.96416,2026-01-15,2026-01-21
5877,택플로우 팝업,서울 용산구 한강대로23길 55,"서울 용산구 한강대로23길 55 (한강로3가, 용산역)",37.52884,126.96451,2026-03-12,2026-03-25
4991,플린 팝업,서울 용산구 한강대로23길 55,"서울 용산구 한강대로23길 55 (한강로3가, 용산역)",37.529316,126.964134,2025-12-12,2025-12-25
5317,론다베이크샵 팝업,서울 용산구 한강대로23길 55,"서울 용산구 한강대로23길 55 (한강로3가, 용산역)",37.529633,126.96421,2026-01-16,2026-01-22
5333,야닝야닝크로셰클럽 팝업,서울 용산구 한강대로23길 55,"서울 용산구 한강대로23길 55 (한강로3가, 용산역)",37.528946,126.96416,2026-01-15,2026-01-21
3071,해리포터 마호도코로 팝업,서울 용산구 한강대로23길 55,"서울 용산구 한강대로23길 55 (한강로3가, 용산역)",37.528744,126.96432,2025-06-26,2025-08-24
5884,브레더스 팝업 - 용산,서울 용산구 한강대로23길 55,"서울 용산구 한강대로23길 55 (한강로3가, 용산역)",37.52894,126.96412,2026-03-13,2026-03-26
5525,한국후지필름 팝업,서울 용산구 한강대로23길 55,"서울 용산구 한강대로23길 55 (한강로3가, 용산역)",37.528946,126.964096,2026-02-03,2026-02-10
5886,자이소 팝업_사본,서울 용산구 한강대로23길 55,"서울 용산구 한강대로23길 55 (한강로3가, 용산역)",37.52894,126.96412,2026-03-13,2026-04-09
4413,818 BLOOM by 지드래곤 팝업,서울 용산구 한강대로23길 55,"서울 용산구 한강대로23길 55 (한강로3가, 용산역)",37.529343,126.96499,2025-10-24,2025-10-31
3822,팝가스토어 용산점,서울 용산구 한강대로23길 55,"서울 용산구 한강대로23길 55 (한강로3가, 용산역)",37.528862,126.964615,2025-09-01,2025-09-30
3897,고창 꿀고구마 팝업 - 용산,서울 용산구 한강대로23길 55,"서울 용산구 한강대로23길 55 (한강로3가, 용산역)",37.529564,126.96457,2025-09-05,2025-09-07
5227,FIFA 월드컵 트로피 투어,서울 용산구 한강대로23길 55,"서울 용산구 한강대로23길 55 (한강로3가, 용산역)",37.529663,126.96422,2026-01-17,2026-01-17
4252,트와이스 팝업 - 10VE UNIVERSE,서울 용산구 한강대로23길 55,"서울 용산구 한강대로23길 55 (한강로3가, 용산역)",37.529484,126.96402,2025-10-17,2025-10-26
3218,코끼리밥 캡슐토이 팝업,서울 용산구 한강대로23길 55,"서울 용산구 한강대로23길 55 (한강로3가, 용산역)",37.52896,126.96431,2025-07-04,2025-07-10
3319,솜솜뜨개 팝업,서울 용산구 한강대로23길 55,"서울 용산구 한강대로23길 55 (한강로3가, 용산역)",37.529083,126.96404,2025-07-11,2025-07-23
5460,노배드바이브스 팝업_사본,서울 용산구 한강대로23길 55,"서울 용산구 한강대로23길 55 (한강로3가, 용산역)",37.530083,126.964485,2026-01-30,2026-02-12
5583,코코모빵 팝업,서울 용산구 한강대로23길 55,"서울 용산구 한강대로23길 55 (한강로3가, 용산역)",37.528797,126.9645,2026-02-13,2026-02-26
3181,명탐정 코난 X 야이바 팝업,서울 용산구 한강대로23길 55,"서울 용산구 한강대로23길 55 (한강로3가, 용산역)",37.52977,126.964745,2025-07-16,2025-07-27
5296,타이키치도 팝업,서울 용산구 한강대로23길 55,"서울 용산구 한강대로23길 55 (한강로3가, 용산역)",37.52907,126.96426,2026-01-09,2026-02-05
5866,위드썸 팝업,서울 용산구 한강대로23길 55,"서울 용산구 한강대로23길 55 (한강로3가, 용산역)",37.528854,126.96447,2026-03-06,2026-03-19
4981,아코크 팝업,서울 용산구 한강대로23길 55,"서울 용산구 한강대로23길 55 (한강로3가, 용산역)",37.52938,126.96509,2025-12-12,2025-12-25
5443,코닥 팝업,서울 용산구 한강대로23길 55,"서울 용산구 한강대로23길 55 (한강로3가, 용산역)",37.52994,126.964355,2026-02-03,2026-02-10
2920,팝가스토어 용산점,서울 용산구 한강대로23길 55,"서울 용산구 한강대로23길 55 (한강로3가, 용산역)",37.528973,126.96445,2025-06-01,2025-06-30
4963,버터베어 팝업,서울 용산구 한강대로23길 55,"서울 용산구 한강대로23길 55 (한강로3가, 용산역)",37.52934,126.96491,2025-12-19,2025-12-30
5056,아니메쥬와 지브리전 X 팝퍼블 콜라보 카페,서울 용산구 한강대로23길 55,"서울 용산구 한강대로23길 55 (한강로3가, 용산역)",37.52928,126.963806,2025-12-19,2026-02-22
5883,자이소 팝업,서울 용산구 한강대로23길 55,"서울 용산구 한강대로23길 55 (한강로3가, 용산역)",37.52894,126.96412,2026-03-13,2026-04-09
5109,점프샵 팝업,서울 용산구 한강대로23길 55,"서울 용산구 한강대로23길 55 (한강로3가, 용산역)",37.52943,126.96471,2026-01-23,2026-02-05
4137,스마일체리 팝업,서울 용산구 한강대로23길 55,"서울 용산구 한강대로23길 55 (한강로3가, 용산역)",37.529358,126.96492,2025-09-26,2025-10-08
5483,블로키 팝업,서울 용산구 한강대로23길 55,"서울 용산구 한강대로23길 55 (한강로3가, 용산역)",37.528942,126.96411,2026-01-30,2026-02-19
3129,짱구 <부리부리 바캉스>,서울 용산구 한강대로23길 55,"서울 용산구 한강대로23길 55 (한강로3가, 용산역)",37.52913,126.96469,2025-07-04,2025-07-31
5154,해탈컴퍼니 X 아미울 팝업 - '말'하는대로 이루어지다,서울 용산구 한강대로23길 55,"서울 용산구 한강대로23길 55 (한강로3가, 용산역)",37.5292,126.96498,2025-12-31,2026-01-07
5913,앵브록스 팝업,서울 용산구 한강대로23길 55,"서울 용산구 한강대로23길 55 (한강로3가, 용산역)",37.528816,126.96456,2026-03-13,2026-03-26
3529,팝가스토어 용산점,서울 용산구 한강대로23길 55,"서울 용산구 한강대로23길 55 (한강로3가, 용산역)",37.528973,126.96445,2025-08-01,2025-08-31
4546,모일페 다꾸농장 팝업,서울 용산구 한강대로23길 55,"서울 용산구 한강대로23길 55 (한강로3가, 용산역)",37.52947,126.96533,2025-10-28,2025-11-12
5332,패치파이 팝업,서울 용산구 한강대로23길 55,"서울 용산구 한강대로23길 55 (한강로3가, 용산역)",37.528934,126.964096,2026-01-15,2026-01-21
5049,오프아워 팝업,서울 용산구 한강대로23길 55,"서울 용산구 한강대로23길 55 (한강로3가, 용산역)",37.529266,126.96502,2025-12-12,2025-12-25
5294,룩트 팝업,서울 용산구 한강대로23길 55,"서울 용산구 한강대로23길 55 (한강로3가, 용산역)",37.52894,126.964165,2026-01-09,2026-02-05
5574,별정직 공무원 팝업,서울 용산구 한강대로23길 55,"서울 용산구 한강대로23길 55 (한강로3가, 용산역)",37.528923,126.96409,2026-02-13,2026-03-15
3793,오프사이드 팝업,서울 용산구 한강대로23길 55,"서울 용산구 한강대로23길 55 (한강로3가, 용산역)",37.529667,126.96515,2025-09-19,2025-09-24
4632,소머드 팝업,서울 용산구 한강대로23길 55,"서울 용산구 한강대로23길 55 (한강로3가, 용산역)",37.529457,126.96483,2025-11-13,2025-11-26
5367,푸니푸니 팝업,서울 용산구 한강대로23길 55,"서울 용산구 한강대로23길 55 (한강로3가, 용산역)",37.528854,126.96452,2026-01-23,2026-02-05
5331,머쉬룸페이퍼팜 팝업,서울 용산구 한강대로23길 55,"서울 용산구 한강대로23길 55 (한강로3가, 용산역)",37.528904,126.96415,2026-01-15,2026-01-21
3118,해탈컴퍼니 팝업,서울 용산구 한강대로23길 55,"서울 용산구 한강대로23길 55 (한강로3가, 용산역)",37.529114,126.96472,2025-06-26,2025-07-03
5338,하감자 수퍼마켙 팝업,서울 용산구 한강대로23길 55,"서울 용산구 한강대로23길 55 (한강로3가, 용산역)",37.528942,126.96409,2026-01-06,2026-02-01
4910,그린버터 팝업,서울 용산구 한강대로23길 55,"서울 용산구 한강대로23길 55 (한강로3가, 용산역)",37.52965,126.9652,2025-12-15,2026-01-01
4125,EA SPORTS FC 26 팝업,서울 용산구 한강대로23길 55,"서울 용산구 한강대로23길 55 (한강로3가, 용산역)",37.52958,126.96376,2025-09-26,2025-09-28
4861,무용지용 팝업,서울 용산구 한강대로23길 55,"서울 용산구 한강대로23길 55 (한강로3가, 용산역)",37.529804,126.9644,2025-12-04,2025-12-17
5087,마블컬렉션 용산점 홀리데이 시즌 이벤트,서울 용산구 한강대로23길 55,"서울 용산구 한강대로23길 55 (한강로3가, 용산역)",37.529633,126.96517,2025-12-19,2026-01-04
5246,몰댄룩 팝업 - 굿뉴스 아카이브,서울 용산구 한강대로23길 55,"서울 용산구 한강대로23길 55 (한강로3가, 용산역)",37.529877,126.964516,2026-01-16,2026-01-19
5550,휴그 팝업,서울 용산구 한강대로23길 55,"서울 용산구 한강대로23길 55 (한강로3가, 용산역)",37.528954,126.964066,2026-02-03,2026-02-10
5297,토니모리 팝업,서울 용산구 한강대로23길 55,"서울 용산구 한강대로23길 55 (한강로3가, 용산역)",37.52906,126.96419,2026-01-09,2026-01-22
5458,과자아빠 팝업,서울 용산구 한강대로23길 55,"서울 용산구 한강대로23길 55 (한강로3가, 용산역)",37.528942,126.96409,2026-01-30,2026-02-12
3597,미트스팟 팝업 ,서울 용산구 한강대로23길 55,"서울 용산구 한강대로23길 55 (한강로3가, 용산역)",37.52968,126.96509,2025-08-01,2025-08-31
4578,팝가스토어 용산점,서울 용산구 한강대로23길 55,"서울 용산구 한강대로23길 55 (한강로3가, 용산역)",37.528862,126.964615,2025-11-01,2025-11-30
5329,유니 팝업,서울 용산구 한강대로23길 55,"서울 용산구 한강대로23길 55 (한강로3가, 용산역)",37.528957,126.96408,2026-01-15,2026-01-21
4194,위드썸 팝업,서울 용산구 한강대로23길 55,"서울 용산구 한강대로23길 55 (한강로3가, 용산역)",37.529438,126.96499,2025-10-01,2025-10-30
4411,스티치 팝업,서울 용산구 한강대로23길 55,"서울 용산구 한강대로23길 55 (한강로3가, 용산역)",37.529526,126.96476,2025-10-17,2025-11-20
5195,닉앤니콜 팝업,서울 용산구 한강대로23길 55,"서울 용산구 한강대로23길 55 (한강로3가, 용산역)",37.52966,126.964195,2026-01-02,2026-01-08
4647,청년마을 용산역 팝업,서울 용산구 한강대로23길 55,"서울 용산구 한강대로23길 55 (한강로3가, 용산역)",37.529568,126.964836,2025-11-08,2025-11-30
4847,바늘이야기 팝업,서울 용산구 한강대로23길 55,"서울 용산구 한강대로23길 55 (한강로3가, 용산역)",37.529766,126.96409,2025-12-12,2025-12-18
5570,비피블랑쉬 팝업,서울 용산구 한강대로23길 55,"서울 용산구 한강대로23길 55 (한강로3가, 용산역)",37.528835,126.96453,2026-02-06,2026-02-19
5889,이모나리 팝업,서울 용산구 한강대로23길 55,"서울 용산구 한강대로23길 55 (한강로3가, 용산역)",37.528824,126.96451,2026-03-06,2026-03-26
5330,낼나 팝업,서울 용산구 한강대로23길 55,"서울 용산구 한강대로23길 55 (한강로3가, 용산역)",37.528908,126.96412,2026-01-15,2026-01-21
5650,플레이인더박스 X 네이버웹툰 팝업 - 용산,서울 용산구 한강대로23길 55,"서울 용산구 한강대로23길 55 (한강로3가, 용산역)",37.530087,126.964836,2026-02-06,2026-03-15
5337,누트세라믹 팝업,서울 용산구 한강대로23길 55,"서울 용산구 한강대로23길 55 (한강로3가, 용산역)",37.528896,126.964134,2026-01-15,2026-01-21
4195,팝가스토어 용산점,서울 용산구 한강대로23길 55,"서울 용산구 한강대로23길 55 (한강로3가, 용산역)",37.528862,126.964615,2025-10-01,2025-10-31
2939,2025 짱구 팝업 - 서울,서울 용산구 한강대로23길 55,"서울 용산구 한강대로23길 55 (한강로3가, 용산역)",37.528667,126.96426,2025-08-06,2025-08-20
4543,블리소이의 작은 집 팝업 - 누구나 즐길 수 있는 향기,서울 용산구 한강대로23길 55,"서울 용산구 한강대로23길 55 (한강로3가, 용산역)",37.52949,126.96492,2025-11-07,2025-11-13
5202,AMD x LG gram POP-UP STORE,서울 용산구 한강대로23길 55,"서울 용산구 한강대로23길 55 (한강로3가, 용산역)",37.52961,126.96419,2026-01-08,2026-01-14
5529,파이롯트 팝업,서울 용산구 한강대로23길 55,"서울 용산구 한강대로23길 55 (한강로3가, 용산역)",37.52892,126.96404,2026-02-03,2026-02-10
304,나가노 마켓 팝업,서울 용산구 한강대로23길 55,서울 용산구 한강로3가 40-999,37.529827,126.964874,2024-09-06,2024-09-20
726,누누씨 포코리 팝업,서울 용산구 한강대로23길 55,서울 용산구 한강로3가 40-999,37.52971,126.9638,2024-10-03,2024-10-31
886,2024년 국립공원 팝업,서울 용산구 한강대로23길 55,서울 용산구 한강로3가 40-999,37.52876,126.96459,2024-10-25,2024-10-31
1408,베리 크리스마스 팝업,서울 용산구 한강대로23길 55,서울 용산구 한강로3가 40-999,37.529617,126.963974,2024-12-20,2024-12-26
1653,2025 아이파크몰 키보드 페스티벌 팝업,서울 용산구 한강대로23길 55,서울 용산구 한강로3가 40-999,37.528904,126.964096,2025-02-06,2025-02-09
1020,주술회전 0 전시,서울 용산구 한강대로23길 55,서울 용산구 한강로3가 40-999,37.52951,126.96404,2024-11-23,2025-05-11
1710,픽사 팝업,서울 용산구 한강대로23길 55,서울 용산구 한강로3가 40-999,37.528923,126.96461,2025-01-15,2025-05-31
229,청소광 브라이언 팝업,서울 용산구 한강대로23길 55,서울 용산구 한강로3가 40-999,37.52975,126.96395,2024-08-09,2024-08-18
462,히밥마켓 팝업,서울 용산구 한강대로23길 55,서울 용산구 한강로3가 40-999,37.52975,126.96395,2024-08-30,2024-09-05
1253,땡땡의 모험 팝업,서울 용산구 한강대로23길 55,서울 용산구 한강로3가 40-999,37.529953,126.96505,2024-12-01,2024-12-31
526,해피냠냠 라면가게 팝업,서울 용산구 한강대로23길 55,서울 용산구 한강로3가 40-999,37.52975,126.96395,2024-06-26,2024-09-22
633,괴근식물 팝업,서울 용산구 한강대로23길 55,서울 용산구 한강로3가 40-999,37.52975,126.96395,2024-09-20,2024-09-26
1348,캐릭캐릭 체인지 X 팝퍼블 콜라보 팝업,서울 용산구 한강대로23길 55,서울 용산구 한강로3가 40-999,37.52898,126.9644,2024-12-20,2025-03-16
2263,장인한과 팝업,서울 용산구 한강대로23길 55,서울 용산구 한강로3가 40-999,37.52977,126.964745,2025-03-21,2025-03-27
734,누누씨 포코리 팝업스토어,서울 용산구 한강대로23길 55,서울 용산구 한강로3가 40-999,37.52975,126.96395,2024-10-03,2024-10-31
1931,킨제네라 팝업 - 용산_사본,서울 용산구 한강대로23길 55,서울 용산구 한강로3가 40-999,37.529198,126.96409,2025-02-14,2025-02-23
2715,아니메쥬와 지브리전,서울 용산구 한강대로23길 55,서울 용산구 한강로3가 40-999,37.528725,126.96428,2025-06-06,2026-02-22
320,청소광 브라이언,서울 용산구 한강대로23길 55,서울 용산구 한강로3가 40-999,37.529682,126.96579,2024-08-09,2024-08-18
2106,하시에 팝업,서울 용산구 한강대로23길 55,서울 용산구 한강로3가 40-999,37.528816,126.96433,2025-02-28,2025-04-07
375,해피냠냠 라면가게,서울 용산구 한강대로23길 55,서울 용산구 한강로3가 40-999,37.52975,126.96395,2024-06-26,2024-09-22
1245,슈가슈가룬 X 팝퍼블 콜라보 팝업,서울 용산구 한강대로23길 55,서울 용산구 한강로3가 40-999,37.529922,126.96503,2024-09-07,2024-12-15
2018,포컬포인트 팝업,서울 용산구 한강대로23길 55,서울 용산구 한강로3가 40-999,37.529232,126.96464,2025-02-28,2025-03-13
630,카타리나 팝업,서울 용산구 한강대로23길 55,서울 용산구 한강로3가 40-999,37.530407,126.9645,2024-09-20,2024-10-03
982,명탐정 코난 팝업,서울 용산구 한강대로23길 55,서울 용산구 한강로3가 40-999,37.529682,126.96579,2024-11-01,2024-11-30
2478,윈브레 X 팝퍼블 콜라보 카페 - 용산,서울 용산구 한강대로23길 55,서울 용산구 한강로3가 40-999,37.528816,126.96439,2025-04-18,2025-06-29
1903,실바니안 패밀리 40주년 팝업,서울 용산구 한강대로23길 55,서울 용산구 한강로3가 40-999,37.529633,126.96457,2025-02-21,2025-03-06
519,아톰 70주년 팝업,서울 용산구 한강대로23길 55,서울 용산구 한강로3가 40-999,37.529682,126.96451,2024-09-05,2024-09-29
2618,와인킹 팝업,서울 용산구 한강대로23길 55,서울 용산구 한강로3가 40-999,37.529934,126.96446,2025-04-25,2025-05-11
724,💝용산 팝가스토어💝,서울 용산구 한강대로23길 55,서울 용산구 한강로3가 40-999,37.52975,126.96395,2024-10-07,2024-10-07
1308,눈사람 눙눙이 팝업 - 용산,서울 용산구 한강대로23길 55,서울 용산구 한강로3가 40-999,37.52897,126.96446,2024-12-06,2024-12-12
1929,킨제네라 팝업 - 용산,서울 용산구 한강대로23길 55,서울 용산구 한강로3가 40-999,37.529198,126.96409,2025-02-14,2025-02-23
1243,먼작귀 페스타 팝업,서울 용산구 한강대로23길 55,서울 용산구 한강로3가 40-999,37.529663,126.96486,2024-12-20,2024-12-29
2299,세이프라이프 팝업,서울 용산구 한강대로23길 55,서울 용산구 한강로3가 40-999,37.528736,126.96424,2025-03-20,2025-04-04
2360,테토 팝업,서울 용산구 한강대로23길 55,서울 용산구 한강로3가 40-999,37.5289,126.9646,2025-03-21,2025-04-17
2436,영화 <아마추어> 팝업,서울 용산구 한강대로23길 55,서울 용산구 한강로3가 40-999,37.528893,126.96466,2025-03-28,2025-04-13
1284,블루이 크리스마스 스페셜 팝업,서울 용산구 한강대로23길 55,서울 용산구 한강로3가 40-999,37.5299,126.96505,2024-12-13,2024-12-19
1862,명탐정 코난 팝업,서울 용산구 한강대로23길 55,서울 용산구 한강로3가 40-999,37.528797,126.964325,2025-02-14,2025-04-30
444,구슬스 X 지존 아이스크림 파티 팝업,서울 용산구 한강대로23길 55,서울 용산구 한강로3가 40-999,37.529343,126.96525,2024-08-26,2024-09-12
270,태극당 팝업,서울 용산구 한강대로23길 55,서울 용산구 한강로3가 40-999,37.52975,126.96395,2024-08-02,2024-08-15
1141,주술회전 0 전시,서울 용산구 한강대로23길 55,서울 용산구 한강로3가 40-999,37.528816,126.96451,2024-11-23,2025-03-30
1410,치플레 용산 팝업,서울 용산구 한강대로23길 55,서울 용산구 한강로3가 40-999,37.52893,126.96466,2024-12-06,2025-01-05
922,우알롱 팝업,서울 용산구 한강대로23길 55,서울 용산구 한강로3가 40-999,37.529682,126.96579,2024-11-01,2024-11-14
981,명탐정 코난 용산 팝업,서울 용산구 한강대로23길 55,서울 용산구 한강로3가 40-999,37.528767,126.96428,2024-11-01,2024-11-30
1634,스모클리 팝업,서울 용산구 한강대로23길 55,서울 용산구 한강로3가 40-999,37.528996,126.96447,2025-01-18,2025-01-18
1301,와인킹 팝업,서울 용산구 한강대로23길 55,서울 용산구 한강로3가 40-999,37.529934,126.96446,2024-12-06,2025-02-02
1409,연리희재 용산 팝업,서울 용산구 한강대로23길 55,서울 용산구 한강로3가 40-999,37.52896,126.96412,2024-12-13,2024-12-26
1312,CYC 빈티지 마켓 팝업,서울 용산구 한강대로23길 55,서울 용산구 한강로3가 40-999,37.529194,126.96446,2024-12-02,2024-12-12
386,슈가슈가룬 X 팝퍼블 콜라보 팝업 카페,서울 용산구 한강대로23길 55,서울 용산구 한강로3가 40-999,37.529682,126.96579,2024-09-07,2024-12-15
1169,김퇴사의 퇴사 맛있게 잘하는 집 팝업,서울 용산구 한강대로23길 55,서울 용산구 한강로3가 40-999,37.5299,126.964676,2024-11-29,2024-12-05
1304,이케아 팝업,서울 용산구 한강대로23길 55,서울 용산구 한강로3가 40-999,37.529747,126.96514,2024-11-29,2025-02-02
2264,COUCH POTATO 팝업,서울 용산구 한강대로23길 55,서울 용산구 한강로3가 40-999,37.529083,126.96469,2025-03-14,2025-03-20
3107,나의 히어로 아카데미아 X 팝퍼블 콜라보 카페 - 용산,서울 용산구 한강대로23길 55,서울 용산구 한강로3가 40-999,37.52884,126.96428,2025-07-04,2025-09-07
1364,키키쿼카 크리스마스 팝업,서울 용산구 한강대로23길 55,서울 용산구 한강로3가 40-999,37.529053,126.9647,2024-12-12,2024-12-26
1569,캡틴 아메리카: 브레이브 뉴 월드 팝업 - 용산,서울 용산구 한강대로23길 55,서울 용산구 한강로3가 40-999,37.529015,126.96471,2025-01-31,2025-02-27
741,지토의 숲 팝업,서울 용산구 한강대로23길 55,서울 용산구 한강로3가 40-999,37.528854,126.964516,2024-11-01,2024-11-07
2656,팝가스토어 용산점 어린이날 이벤트,서울 용산구 한강대로23길 55,서울 용산구 한강로3가 40-999,37.52884,126.96422,2025-05-01,2025-05-06
710,💝팝가스토어💝 COMING SOON,서울 용산구 한강대로23길 55,서울 용산구 한강로3가 40-999,37.52975,126.96395,2024-10-02,2024-10-02
2739,아이유 생일 카페 - 용산,서울 용산구 한강대로38길 23,서울 용산구 한강대로38길 23 (용산동5가),37.529293,126.96979,2025-05-15,2025-05-18
4487,"여름과 겨울 사이, 밤하늘 팝업 전시",서울 용산구 한강대로40길 33,"서울 용산구 한강대로40길 33 (한강로2가, 성산빌딩)",37.53025,126.97123,2025-10-29,2025-11-09
1173,허니울 스튜디오 팝업,서울 용산구 한강대로62길 55-10,서울 용산구 용산동3가 5-4,37.532055,126.97391,2024-11-28,2024-12-03
3829,상쾌환 X artdrunk 이벤트 - artdrunk Block Party ,서울 용산구 한강대로7길 22,서울 용산구 한강대로7길 22 (한강로3가),37.52471,126.961815,2025-09-01,2025-09-01
3524,토담 작가 전시 - ? By Todam,서울 용산구 한남대로 162,서울 용산구 한남대로 162 (한남동),37.542473,127.00249,2025-08-01,2025-08-30
2950,푸글렌 X 워킹위드프렌드 팝업,서울 용산구 한남대로 162,서울 용산구 한남대로 162 (한남동),37.542435,127.00253,2025-06-07,2025-07-06
3612,챕터원 팝업 ,서울 용산구 한남대로 91,"서울 용산구 한남대로 91 (한남동, 나인원 한남)",37.536533,127.00203,2025-08-04,2025-08-28
4813,톤세 팝업,서울 용산구 한남대로10길 60,"서울 용산구 한남대로10길 60 (한남동, 한남세븐트리빌딩)",37.53319,127.00834,2025-12-04,2025-12-06
3882,유라고 이벤트 ,서울 용산구 한남대로10길 60,"서울 용산구 한남대로10길 60 (한남동, 한남세븐트리빌딩)",37.533173,127.00834,2025-09-13,2025-09-14
3759,BOWEN 팝업 - The Black House ,서울 용산구 한남대로20길 33-5,서울 용산구 한남대로20길 33-5 (한남동),37.535194,127.008965,2025-08-29,2025-08-31
2627,LCDC 써머 팝업,서울 용산구 한남대로20길 47-18,서울 용산구 한남동 32-23,37.53518,127.0102,2025-04-24,2025-05-05
5416,LCDC 써머 팝업_사본,서울 용산구 한남대로20길 47-18,서울 용산구 한남동 32-23,37.53518,127.0102,2025-04-24,2025-05-05
2927,어반 소피스티케이션 팝업,서울 용산구 한남대로27가길 10,서울 용산구 한남동 729-18,37.537605,127.00316,2025-06-03,2025-06-29
3042,솔티페블 팝업,서울 용산구 한남대로27길 19,서울 용산구 한남동 696-3,37.537693,127.00345,2025-06-19,2025-06-23
3159,리사 플리마켓,서울 용산구 한남대로27길 25,서울 용산구 한남대로27길 25 (한남동),37.537853,127.00325,2025-06-29,2025-06-29
4081,모든 것은 사막으로 돌아간다 전시,서울 용산구 한남대로42길 30,서울 용산구 한남대로42길 30 (한남동),37.54347,127.003136,2025-09-17,2025-10-25
1859,멍모이 팝업,서울 용산구 회나무로13가길 20,서울 용산구 이태원동 251-65,37.54084,126.99069,2025-02-10,2025-02-15
1836,한손커피 호두과자 팝업,서울 용산구 회나무로13가길 20,서울 용산구 이태원동 251-65,37.54084,126.99069,2025-02-10,2025-02-16
4285,미야오 X 김씨네 과일 팝업,서울 용산구 회나무로21길 21-20,서울 용산구 회나무로21길 21-20 (이태원동),37.540874,126.99138,2025-10-14,2025-10-14
3666,"여름의 향, 세계의 차 전시",서울 용산구 회나무로25길 1,서울 용산구 회나무로25길 1 (이태원동),37.53996,126.9914,2025-08-21,2025-08-24
3885,펄룩 X 리리엣 팝업 - TIGAA,서울 용산구 회나무로28길 1,"서울 용산구 회나무로28길 1 (이태원동, 홍익미술)",37.539547,126.9919,2025-09-03,2025-09-07
2966,당근 X 파자마델리 플리마켓 팝업,서울 용산구 효창원로 177-18,"서울 용산구 효창원로 177-18 (효창동, 효창공원)",37.544956,126.96229,2025-06-14,2025-06-14
5376,노브포에티 팝업,서울 용산구 후암로13가길 32,서울 용산구 후암로13가길 32 (후암동),37.548584,126.97634,2026-01-22,2026-01-24
13,프레딧 뷰티 팝업,서울 용산구 후암로28나길 3,서울 용산구 후암동 55-50,37.549885,126.97849,2024-07-19,2024-07-21
1860,유어굿즈 다꾸프렌즈 팝업,서울 은평구 통일로 1050,서울 은평구 진관동 63,37.637543,126.917786,2025-02-07,2025-02-20
552,지구랜드 헤리티지 라운지 팝업,서울 종로구 계동길 103-7,서울 종로구 계동 15-6,37.581905,126.986305,2024-09-20,2024-09-22
2806,풍림 팝업,서울 종로구 계동길 15,서울 종로구 계동길 15 (계동),37.57797,126.986595,2025-05-16,2025-06-30
1165,인아워맨션 크리스마스 마켓 팝업,서울 종로구 계동길 23,서울 종로구 계동 142-1,37.578384,126.98653,2024-11-20,2025-01-05
4551,취 쌀향 팝업,서울 종로구 계동길 5,서울 종로구 계동길 5 (계동),37.577374,126.9864,2025-10-30,2025-11-09
887,아닐로 샤워하우스 팝업,서울 종로구 계동길 77,서울 종로구 계동 77-1,37.580772,126.986626,2024-10-28,2024-11-18
2564,방유당 팝업,서울 종로구 계동길 77,서울 종로구 계동 77-1,37.580772,126.986626,2025-04-21,2025-04-27
4866,허먼밀러 팝업 - Timeless Modernism : The HermanMiller,서울 종로구 계동길 77,서울 종로구 계동길 77 (계동),37.580753,126.98663,2025-12-06,2025-12-27
582,쉼표주유소 팝업,서울 종로구 계동길 99,서울 종로구 계동 65-1,37.5817,126.986626,2024-09-23,2024-09-29
1406,미니소 해리포터 팝업,서울 종로구 대학로10길 12,서울 종로구 동숭동 1-113,37.581615,127.00281,2024-12-14,2025-01-15
5880,우주먼지 마법학교 팝업,서울 종로구 대학로8가길 105,"서울 종로구 대학로8가길 105 (동숭동, FEEL THE SPACE)",37.581375,127.003525,2026-02-27,2026-04-05
3925,윌리엄과 윌리엄의 윌리엄들 팝업,서울 종로구 동숭길 148,서울 종로구 동숭길 148 (혜화동),37.583496,127.00214,2025-09-02,2025-09-14
3777,"이솝 팝업 -  Above Us, Steorra",서울 종로구 백석동길 11-17,서울 종로구 백석동길 11-17 (부암동),37.593456,126.96491,2025-08-29,2025-09-07
5864,코스모폴리탄X아이더 플렉션 하이브리드 트레일러 팝업 - 종로,서울 종로구 북촌로 46-1,서울 종로구 북촌로 46-1 (가회동),37.580887,126.98525,2026-03-28,2026-03-29
1232,스트레이키즈 合(HOP) 팝업,서울 종로구 북촌로 46-3,서울 종로구 가회동 178,37.58096,126.98581,2024-12-14,2024-12-22
1320,JAJU 앳 홈 전시,서울 종로구 북촌로 53,서울 종로구 가회동 30-2,37.58178,126.9846,2024-12-12,2024-12-14
2364,YLESS 팝업,서울 종로구 북촌로 58,서울 종로구 가회동 26-5,37.581955,126.985306,2025-03-29,2025-03-30
209,홈브루하우스 X 주우재 팝업,서울 종로구 북촌로5가길 24,서울 종로구 화동 87-1,37.58059,126.98198,2024-07-19,2024-08-21
5902,브랜든 X 북촌 오늘의집 팝업,서울 종로구 북촌로5길 11,"서울 종로구 북촌로5길 11 (재동, 3210)",37.57925,126.98427,2026-03-13,2026-03-29
3780,카누 캡슐 플래그십스토어 ,서울 종로구 북촌로5길 14,서울 종로구 북촌로5길 14 (재동),37.579502,126.98407,2025-09-04,2025-11-02
4699,니콘 팝업 - 니콘 스테이,서울 종로구 북촌로5길 14,서울 종로구 북촌로5길 14 (재동),37.579483,126.98424,2025-11-20,2025-11-24
2768,주부생활 창간 60주년 기념 전시,서울 종로구 북촌로5길 14,서울 종로구 북촌로5길 14 (재동),37.579514,126.98406,2025-05-28,2025-06-01
4033,아키텍티 팝업 ,서울 종로구 북촌로5길 18,서울 종로구 북촌로5길 18 (재동),37.579468,126.98397,2025-09-22,2025-09-28
966,삭스어필 X 모구타카하시 삼청 팝업,서울 종로구 북촌로5길 6,서울 종로구 재동 9,37.579536,126.98458,2024-10-21,2024-11-20
3660,2025 경복궁 생과방 이벤트,서울 종로구 사직로 161,"서울 종로구 사직로 161 (세종로, 경복궁)",37.579407,126.978386,2025-09-03,2025-11-03
455,신묘한 저잣거리 팝업,서울 종로구 사직로 8,서울 종로구 교북동 126-2,37.57212,126.9611,2024-09-06,2024-09-08
2776,오버더월 팝업,서울 종로구 삼일대로28길 28,서울 종로구 삼일대로28길 28 (익선동),37.57395,126.98928,2025-05-16,2025-05-19
3834,World 오브헌트 서울 팝업,서울 종로구 삼일대로28길 28,서울 종로구 삼일대로28길 28 (익선동),37.573895,126.98927,2025-08-30,2025-09-12
1443,바나나맛우유 팝업,서울 종로구 삼일대로28길 28,서울 종로구 익선동 137-6,37.57395,126.98928,2024-12-21,2024-12-28
781,제주삼다수 WAVE 팝업스토어,서울 종로구 삼일대로28길 28,서울 종로구 익선동 137-6,37.57395,126.98928,2024-10-11,2024-10-24
738,제주 삼다수 WAVE 팝업,서울 종로구 삼일대로28길 28,서울 종로구 익선동 137-6,37.57395,126.98928,2024-10-11,2024-10-24
2531,스키피 팝업,서울 종로구 삼일대로28길 28,서울 종로구 익선동 137-6,37.57395,126.98928,2025-04-26,2025-05-11
968,백세주막 팝업,서울 종로구 삼일대로28길 28,서울 종로구 익선동 137-6,37.57395,126.98928,2024-11-09,2024-11-10
5472,<소멸의 시학: 삭는 미술에 대하여> 전시,서울 종로구 삼청로 30,서울 종로구 삼청로 30 (소격동),37.578632,126.98004,2026-01-30,2026-05-03
4883,세컨드모닝 팝업,서울 종로구 삼청로 68,"서울 종로구 삼청로 68 (화동, 안송빌딩)",37.58155,126.9813,2025-12-06,2025-12-14
1417,에테르아 팝업,서울 종로구 서순라길 55,서울 종로구 봉익동 12-4,37.572964,126.99301,2024-12-25,2024-12-29
456,입안 가득한 숲결 간만의 숲 팝업,서울 종로구 서순라길 55,서울 종로구 봉익동 12-4,37.57294,126.99303,2024-09-05,2024-09-10
3848,먼슬리실버 팝업 ,서울 종로구 서순라길 55,서울 종로구 서순라길 55 (봉익동),37.572937,126.99302,2025-09-24,2025-09-30
5107,딜레탕티즘 팝업,서울 종로구 서순라길 55,서울 종로구 서순라길 55 (봉익동),37.572937,126.99302,2025-12-24,2025-12-28
3752,셀렉티도 팝업 - 어스본 : 자연의 근원,서울 종로구 서순라길 83,"서울 종로구 서순라길 83 (권농동, 서울주얼리센터 제2관)",37.57404,126.99216,2025-08-27,2025-08-30
4695,부쏠해 팝업 - 영원을 향한 항로,서울 종로구 서순라길 83,"서울 종로구 서순라길 83 (권농동, 서울주얼리센터 제2관)",37.57398,126.99218,2025-11-19,2025-11-25
4797,"2025 KNOT 팝업 - 동서양의 전통, 설화, 신비를 엮어내다",서울 종로구 서순라길 83,"서울 종로구 서순라길 83 (권농동, 서울주얼리센터 제2관)",37.573994,126.99217,2025-11-26,2025-12-02
4024,벨오프 팝업 ,서울 종로구 서순라길 83,"서울 종로구 서순라길 83 (권농동, 서울주얼리센터 제2관)",37.573986,126.99217,2025-09-17,2025-09-23
3876,이제이 바이올렛 팝업 ,서울 종로구 서순라길 83,"서울 종로구 서순라길 83 (권농동, 서울주얼리센터 제2관)",37.570614,126.99253,2025-09-03,2025-09-09
3957,요아케키리 팝업 ,서울 종로구 서순라길 83,"서울 종로구 서순라길 83 (권농동, 서울주얼리센터 제2관)",37.573963,126.99217,2025-09-10,2025-09-16
4535,"실버리버47, 로쏘마레, 놀이터 팝업 - 결, 그 시작의 공간",서울 종로구 서순라길 83,"서울 종로구 서순라길 83 (권농동, 서울주얼리센터 제2관)",37.57398,126.992195,2025-11-05,2025-11-11
4368,"알록, 올리아, 루울 팝업 - My Special Edition",서울 종로구 서순라길 83,"서울 종로구 서순라길 83 (권농동, 서울주얼리센터 제2관)",37.57403,126.99225,2025-10-22,2025-11-04
4123,K-Jewelry Joint 팝업 - 수출 중심 주얼리 브랜드 합동 팝업,서울 종로구 서순라길 83,"서울 종로구 서순라길 83 (권농동, 서울주얼리센터 제2관)",37.573994,126.992195,2025-09-24,2025-10-14
4238, 2025 반지위크 인 서울 페스티벌,서울 종로구 서순라길 83,"서울 종로구 서순라길 83 (권농동, 서울주얼리센터 제2관)",37.573997,126.99219,2025-10-15,2025-10-19
4649,"림스, 루매드, 예화공방 팝업",서울 종로구 서순라길 83,"서울 종로구 서순라길 83 (권농동, 서울주얼리센터 제2관)",37.57398,126.99219,2025-11-12,2025-11-18
4871,"피라주얼리, 취 팝업 - 고유의 향, 고유의 반짝임",서울 종로구 서순라길 83,"서울 종로구 서순라길 83 (권농동, 서울주얼리센터 제2관)",37.573994,126.992195,2025-12-03,2025-12-16
3963,컬렉터의 수집 공간 팝업 ,서울 종로구 서순라길 83,"서울 종로구 서순라길 83 (권농동, 서울주얼리센터 제2관)",37.573994,126.99226,2025-09-10,2025-09-16
2226,폰즈 리무버카 팝업 - 성균관대,서울 종로구 성균관로 25-2,서울 종로구 명륜3가 53-21,37.587704,126.99376,2025-03-19,2025-03-19
2943,미국대두협회 캠페인 하우스 팝업,서울 종로구 세종대로 169,"서울 종로구 세종대로 169 (세종로, 삼보빌딩)",37.571503,126.97632,2025-06-06,2025-06-19
4680,마인드SOS 팝업 - 마음 ON STREET,서울 종로구 세종대로 169,"서울 종로구 세종대로 169 (세종로, 삼보빌딩)",37.571476,126.976326,2025-11-22,2025-11-23
3970,2025 서울아트굿즈페스티벌,서울 종로구 세종대로 175,서울 종로구 세종대로 175 (세종로),37.571846,126.976166,2025-09-13,2025-09-14
3289,내외디스틸러리 팝업,서울 종로구 세종대로 175,서울 종로구 세종대로 175 (세종로),37.571846,126.976166,2025-07-11,2025-09-06
4057,샌디에이고 미술관 특별전시 - 르네상스에서 인상주의까지,서울 종로구 세종대로 175,"서울 종로구 세종대로 175 (세종로, 세종문화회관)",37.571846,126.97604,2025-11-05,2026-02-22
342,유니세프 한국위원회 30주년 사진전,서울 종로구 세종대로 175,서울 종로구 세종로 81-3,37.572594,126.97578,2024-08-16,2024-08-25
5445,레미레미 팝업 -서울,서울 종로구 수표로28길 33-3,서울 종로구 익선동 166-31,37.573296,126.99011,2026-01-31,2026-02-13
5144,오이뮤 X 카카오페이 팝업 - 오늘의 금융,서울 종로구 윤보선길 65,서울 종로구 윤보선길 65 (안국동),37.578842,126.98312,2025-12-27,2026-01-11
5716,알파인더스트리 팝업,서울 종로구 윤보선길 71,서울 종로구 윤보선길 71 (화동),37.57918,126.98329,2026-02-25,2026-03-18
4423,알파 인더스트리 팝업,서울 종로구 윤보선길 71,서울 종로구 윤보선길 71 (화동),37.57915,126.98327,2025-10-18,2026-03-31
2432,알파 인더스트리 X 썬번 팝업,서울 종로구 윤보선길 71,서울 종로구 화동 126,37.57918,126.98329,2025-03-28,2025-04-10
1473,아라리오샵 팝업,서울 종로구 율곡로 85,서울 종로구 원서동 228,37.57788,126.98852,2024-12-26,2025-02-16
3967,아침 궁을 깨우다 이벤트 ,서울 종로구 율곡로 99,"서울 종로구 율곡로 99 (와룡동, 창덕궁)",37.578693,126.9896,2025-10-08,2025-10-12
3968,2025 궁중문화축전 ,서울 종로구 율곡로 99,"서울 종로구 율곡로 99 (와룡동, 창덕궁)",37.578636,126.989746,2025-10-08,2025-10-12
4377,삼청정독길 저잣거리 페스티벌,서울 종로구 율곡로 지하 62,"서울 종로구 율곡로 지하 62 (안국동, 3호선 안국역)",37.57672,126.985825,2025-10-24,2025-10-26
5234,"금기숙 기증 특별전 - Dancing, Dreaming, Enlightening",서울 종로구 율곡로3길 4,"서울 종로구 율곡로3길 4 (안국동, 서울공예박물관)",37.576637,126.983315,2025-12-23,2026-03-15
5506,아트북페어 림 - 종이숲 산책클럽,서울 종로구 율곡로3길 77,서울 종로구 율곡로3길 77 (소격동),37.57909,126.98203,2026-02-07,2026-02-08
5792,슈퍼보리 팝업,서울 종로구 율곡로3길 87,"서울 종로구 율곡로3길 87 (소격동, 아트선재센타)",37.579464,126.98184,2026-03-04,2026-03-15
4748,제철 맞은 김밥 팝업,서울 종로구 율곡로5길 12,서울 종로구 율곡로5길 12 (안국동),37.577095,126.98512,2025-11-26,2025-12-07
925,하이케이 전시,서울 종로구 인사동1길 7,서울 종로구 인사동 130-2,37.571568,126.98691,2024-10-30,2024-11-04
5268,쿠키런: 킹덤 아트 콜라보 프로젝트 특별전 - 위대한 왕국의 유산,서울 종로구 인사동9길 26,"서울 종로구 인사동9길 26 (견지동, 아라아트센터)",37.573456,126.98364,2026-01-23,2026-04-12
1609,한번 더 콘덴싱 : 가치의 재발견 전시,서울 종로구 인사동길 45-1,서울 종로구 관훈동 170,37.574238,126.984314,2025-01-10,2025-01-19
563,미피 70주년 생일 기념전,서울 종로구 인사동길 49,서울 종로구 관훈동 155-2,37.574467,126.98355,2024-11-21,2025-08-17
3987,Ado 팝업 ,서울 종로구 인사동길 49,서울 종로구 인사동길 49 (관훈동),37.574394,126.98347,2025-09-20,2025-09-26
3188,SME 비디오샵 컨셉 프로모션 - 서울/뮤직컴플렉스,서울 종로구 인사동길 49,서울 종로구 인사동길 49 (관훈동),37.574467,126.98355,2025-07-03,2025-07-06
5848,서라운드 미쯔 팝업,서울 종로구 자하문로 31,서울 종로구 자하문로 31 (통인동),37.57886,126.97132,2026-03-18,2026-04-01
4087,SYMM 팝업,서울 종로구 자하문로10길 13,서울 종로구 자하문로10길 13 (창성동),37.579533,126.972244,2025-09-26,2025-09-28
2666,럽오브더부쉬 팝업,서울 종로구 자하문로10길 17,서울 종로구 창성동 122-2,37.57951,126.97252,2025-05-03,2025-05-04
3078,카누 팝업,서울 종로구 자하문로13길 4,서울 종로구 자하문로13길 4 (통인동),37.580162,126.97088,2025-06-21,2025-07-03
4345,동아식당 팝업,서울 종로구 자하문로17길 12,서울 종로구 자하문로17길 12 (옥인동),37.58146,126.97001,2025-10-23,2025-10-26
5279,찾아가는미니북전 2026 - 취향의 섬,서울 종로구 자하문로24길 24,서울 종로구 자하문로24길 24 (효자동),37.582848,126.97114,2026-01-07,2026-02-22
1268,2025 캘린더 전 팝업,서울 종로구 자하문로24길 24,서울 종로구 효자동 62,37.582855,126.97112,2024-11-06,2025-02-23
1792,케이이치 타나아미 : I’M THE ORIGIN 전시,서울 종로구 자하문로4길 21,서울 종로구 통의동 35-1,37.577503,126.973366,2024-12-14,2025-06-29
4386,이오이오 스튜디오 아트 팝업 - Playground,서울 종로구 자하문로5길 28,서울 종로구 자하문로5길 28 (체부동),37.577785,126.970314,2025-10-22,2025-11-02
5232,워너 브롱크호스트: 온 세상이 캔버스 전시,서울 종로구 자하문로6길 18-8,서울 종로구 자하문로6길 18-8 (통의동),37.57784,126.972916,2025-03-21,2026-02-28
2333,모노룸 팝업,서울 종로구 자하문로6길 9,서울 종로구 통의동 25-3,37.578197,126.972626,2025-03-24,2025-04-06
4934,봉주르마치 팝업,서울 종로구 자하문로9길 24,서울 종로구 자하문로9길 24 (통인동),37.57955,126.96974,2025-12-08,2025-12-14
4533,플랑 드 미라벨 팝업 - DOL & Mirer,서울 종로구 자하문로9길 24,서울 종로구 자하문로9길 24 (통인동),37.57956,126.969734,2025-11-03,2025-11-09
4010,YONS X OROEE 팝업,서울 종로구 자하문로9길 24,서울 종로구 자하문로9길 24 (통인동),37.579533,126.96983,2025-09-18,2025-09-24
1299,브이브이에스 팝업,서울 종로구 자하문로9길 24,서울 종로구 통인동 74,37.579563,126.969795,2024-12-09,2024-12-15
2761,장인한과 팝업,서울 종로구 종로 1,"서울 종로구 종로 1 (종로1가, 교보생명빌딩)",37.57077,126.97778,2025-05-16,2025-05-22
3766,무아스 팝업 ,서울 종로구 종로 1,"서울 종로구 종로 1 (종로1가, 교보생명빌딩)",37.571102,126.977776,2025-08-25,2025-09-15
4211,해리포터 위자드몰 팝업 - 종로,서울 종로구 종로 1,"서울 종로구 종로 1 (종로1가, 교보생명빌딩)",37.570724,126.978,2025-10-01,2025-10-31
2732,무용지용 키보드키링 팝업 - 종로,서울 종로구 종로 1,"서울 종로구 종로 1 (종로1가, 교보생명빌딩)",37.570736,126.97786,2025-05-01,2025-05-15
2856,G7 커피 팝업,서울 종로구 종로 1,"서울 종로구 종로 1 (종로1가, 교보생명빌딩)",37.57074,126.97782,2025-05-01,2025-05-31
3397,스미스키 팝업,서울 종로구 종로 1,"서울 종로구 종로 1 (종로1가, 교보생명빌딩)",37.570843,126.9778,2025-07-31,2025-08-29
3368,대원미디어 X 교보문고 팝업,서울 종로구 종로 1,"서울 종로구 종로 1 (종로1가, 교보생명빌딩)",37.57114,126.97789,2025-07-23,2025-08-24
4094,연세유업 X 교보문고 팝업 - Welcome to 빵먹단,서울 종로구 종로 1,"서울 종로구 종로 1 (종로1가, 교보생명빌딩)",37.57079,126.9778,2025-09-27,2025-09-27
228,찾아가는 팩폭 서비스.zip 티처스 팝업,서울 종로구 종로 1,서울 종로구 종로1가 1,37.570797,126.977905,2024-08-01,2024-08-16
1467,톰과 제리 팝업,서울 종로구 종로 1,서울 종로구 종로1가 1,37.57096,126.97795,2024-12-26,2025-01-09
4020,워터마크 II: 마우스포테이토 크로니클 팝업 - Virtuo Cybernetics,서울 종로구 종로 66,"서울 종로구 종로 66 (종로2가, 대한성서공회 종로회관)",37.569836,126.98473,2025-09-19,2025-10-03
4361,똥깡아지 메주 팝업 - 메주네 집 앞 농장,서울 종로구 종로32길 21,서울 종로구 종로32길 21 (종로5가),37.570084,127.00128,2025-10-23,2025-11-09
4843,광장시장 굴아저씨 팝업,서울 종로구 종로32길 21,서울 종로구 종로32길 21 (종로5가),37.57009,127.00131,2025-11-26,2025-12-21
5950,김밥대장 광장시장 팝업,서울 종로구 종로32길 21,서울 종로구 종로32길 21 (종로5가),37.57009,127.00131,2026-03-18,2026-03-29
373, 알맹이네 과일가게 팝업,서울 종로구 종로32길 21,서울 종로구 종로5가 395-8,37.57004,127.00123,2024-08-23,2024-09-06
2373,김밥대장의 김밥 팝업,서울 종로구 종로32길 21,서울 종로구 종로5가 395-8,37.57009,127.00131,2025-03-27,2025-04-06
2689,탐스싱싱마켓 팝업,서울 종로구 종로32길 21,서울 종로구 종로5가 395-8,37.570065,127.0013,2025-05-16,2025-06-01
11,로우로우 스트링 시리즈 5주년 팝업,서울 종로구 창경궁로 88,서울 종로구 예지동 2-1,37.570034,126.99894,2024-07-16,2024-07-31
1740,알맹이네 과일가게 팝업,서울 종로구 창경궁로 88,서울 종로구 예지동 2-1,37.570423,127.00061,2025-01-24,2025-02-20
5477,오이오이오이 X 타바스코 팝업,서울 종로구 창경궁로 88,서울 종로구 창경궁로 88 (예지동),37.570118,126.9998,2026-01-23,2026-03-02
3891,톤세 팝업 ,서울 종로구 창덕궁1길 37,서울 종로구 창덕궁1길 37 (계동),37.57928,126.98708,2025-09-12,2025-09-13
768,오월의 방울 팝업,서울 종로구 창덕궁길 35,서울 종로구 원서동 152,37.579098,126.98912,2024-10-17,2024-10-21
2300,오월의 방울 팝업,서울 종로구 창덕궁길 35,서울 종로구 원서동 152,37.579098,126.98912,2025-03-26,2025-03-31
1283,졸리레이드 팝업,서울 종로구 창덕궁길 83-1,서울 종로구 원서동 102,37.58117,126.98915,2024-12-13,2024-12-15
956,Hye visits Pollygarden 팝업,서울 종로구 창의문로3길 1,서울 종로구 부암동 251-2,37.59231,126.96588,2024-11-01,2024-11-10
4474,프리미어 메이: 도쿄 브런치 팝업,서울 종로구 청계천로 199,"서울 종로구 청계천로 199 (예지동, 세마빌딩)",37.569656,126.999695,2025-11-06,2025-11-09
1925,곰돌찡이랑 토끼찡 팝업,서울 종로구 청계천로 41,서울 종로구 서린동 33,37.56964,126.98217,2025-02-14,2025-03-24
2639,진로 X 경기떡집 X 일타강사 백사부 팝업,서울 종로구 청계천로 41,서울 종로구 서린동 33,37.56971,126.98229,2025-04-24,2025-05-21
2388,베리베리뱁 팝업,서울 종로구 청계천로 41,서울 종로구 서린동 33,37.569668,126.98218,2025-03-25,2025-04-23
2524,모푸샌드 팝업 ,서울 종로구 청계천로 41,서울 종로구 서린동 33,37.569607,126.98205,2025-03-25,2025-04-23
3485,민트라온 팝업,서울 종로구 청계천로 41,"서울 종로구 청계천로 41 (서린동, 영풍빌딩)",37.569675,126.98204,2025-07-25,2025-08-20
3997,아뜰리에 수진 미니 전시 ,서울 종로구 청계천로 41,"서울 종로구 청계천로 41 (서린동, 영풍빌딩)",37.569668,126.98218,2025-09-15,2025-10-12
4319,조선요괴전 팝업,서울 종로구 청계천로 41,"서울 종로구 청계천로 41 (서린동, 영풍빌딩)",37.569664,126.98206,2025-10-03,2025-11-14
2860,우주박스 팝업,서울 종로구 청계천로 41,"서울 종로구 청계천로 41 (서린동, 영풍빌딩)",37.569668,126.98218,2025-05-22,2025-06-25
3215,롤링스톤 코리아 팝업,서울 종로구 청계천로 41,"서울 종로구 청계천로 41 (서린동, 영풍빌딩)",37.569588,126.98223,2025-07-03,2025-07-23
4021,모모이 & 누이 팝업 ,서울 종로구 청계천로 41,"서울 종로구 청계천로 41 (서린동, 영풍빌딩)",37.56968,126.98205,2025-09-15,2025-09-30
4777,"보이지 않아도 여기 있다 전시 - Here, Unseen",서울 종로구 청계천로 41,"서울 종로구 청계천로 41 (서린동, 영풍빌딩)",37.56967,126.982056,2025-11-15,2025-11-30
2400,알비마켓 팝업,서울 종로구 팔판길 12,서울 종로구 팔판동 88,37.582386,126.98096,2025-04-05,2025-04-06
4894,플레이31 X 플라스틱 방앗간 팝업 - 지속 가능한 놀이로 연결되는 우리,서울 종로구 필운대로 23,"서울 종로구 필운대로 23 (누하동, 환경운동연합)",37.57799,126.96907,2025-12-08,2026-02-27
4016,혜윰 스테이 팝업 ,서울 종로구 필운대로 25-4,서울 종로구 필운대로 25-4 (누하동),37.578312,126.96901,2025-09-06,2025-10-12
929,웰컴 투 두만월드 팝업,서울 종로구 필운대로 6-1,서울 종로구 필운동 146-1,37.57665,126.969376,2024-10-25,2024-11-11
433,Mushroom Fairy Village 팝업,서울 종로구 필운대로 6-1,서울 종로구 필운동 146-1,37.57665,126.969376,2024-08-16,2024-09-02
1604,마테스 팝업,서울 종로구 필운대로 8,서울 종로구 필운동 152-3,37.57678,126.969376,2025-01-10,2025-01-17
3994,지함 이벤트 - 한지의 질감 ,서울 종로구 필운대로1길 14-4,서울 종로구 필운대로1길 14-4 (필운동),37.577877,126.96889,2025-09-19,2025-09-19
4923,레터프롬문 팝업,서울 종로구 필운대로3길 5-1,서울 종로구 누하동 265,37.578587,126.968704,2025-12-11,2025-12-14
5326,제니 전시,서울 종로구 효자로 25,서울 종로구 효자로 25 (통의동),37.578335,126.97368,2026-01-16,2026-01-29
4912,GS25 데이지에일 팝업 - 종로,서울 종로구 효자로 45,서울 종로구 효자로 45 (창성동),37.58008,126.97358,2025-12-04,2025-12-09
3163,청와대 사랑채 로컬 여행 팝업 전시,서울 종로구 효자로13길 45,"서울 종로구 효자로13길 45 (효자동, 청와대사랑채)",37.582546,126.97306,2025-06-25,2025-09-01
1425,2024 서울빛초롱축제 서울마이소울샵 팝업,서울 중구 남대문로 120,서울 중구 남대문로1가 18,37.56793,126.98312,2024-12-13,2025-01-12
1999,레모나 팝업,서울 중구 남대문로 52-20,서울 중구 충무로1가 21-17,37.561993,126.98263,2025-02-07,2025-02-28
3592,베티붑 팝업,서울 중구 남대문로 67,"서울 중구 남대문로 67 (남대문로2가, 롯데영플라자)",37.5634,126.98137,2025-08-08,2025-08-21
384,브레드이발소 X 쉬즈베이글 베이커리카페 팝업,서울 중구 남대문로 67,서울 중구 남대문로2가 123,37.56348,126.981544,2024-07-12,2024-09-30
1428,무유무유 팝업 - 명동,서울 중구 남대문로 67,서울 중구 남대문로2가 123,37.563435,126.9814,2024-12-20,2025-02-28
782,베티붑 팝업,서울 중구 남대문로 67,서울 중구 남대문로2가 123,37.563488,126.98153,2024-10-15,2024-11-03
2048,소프스튜디오 팝업 - 명동,서울 중구 남대문로 67,서울 중구 남대문로2가 123,37.563488,126.98153,2025-03-01,2025-03-31
1145,서울마이소울 팝업,서울 중구 남대문로 67,서울 중구 남대문로2가 123,37.563454,126.981415,2024-11-18,2024-12-05
898,,서울 중구 남대문로 67,서울 중구 남대문로2가 123,37.563515,126.98172,2024-10-15,2024-11-03
1753,"시시호시 Love, Dear 팝업",서울 중구 남대문로 73,서울 중구 남대문로2가 130,37.56425,126.9817,2025-02-05,2025-02-27
5609,알파인더스트리 팝업,서울 중구 남대문로 81,"서울 중구 남대문로 81 (소공동, 롯데백화점 본점)",37.56493,126.981735,2026-02-13,2026-02-26
5645,EBS 캐릭터 팝업,서울 중구 남대문로 81,"서울 중구 남대문로 81 (소공동, 롯데백화점 본점)",37.564945,126.981766,2026-02-26,2026-03-12
4253,키르시 팝업,서울 중구 남대문로 81,"서울 중구 남대문로 81 (소공동, 롯데백화점 본점)",37.564705,126.98185,2025-10-10,2025-10-23
5447,내셔널지오그래픽 팝업,서울 중구 남대문로 81,"서울 중구 남대문로 81 (소공동, 롯데백화점 본점)",37.56473,126.98173,2026-01-26,2026-02-08
5590,주토피아 X SKZOO 팝업,서울 중구 남대문로 81,"서울 중구 남대문로 81 (소공동, 롯데백화점 본점)",37.56495,126.98181,2026-02-06,2026-02-25
5450,듀얼소닉 팝업,서울 중구 남대문로 81,"서울 중구 남대문로 81 (소공동, 롯데백화점 본점)",37.56473,126.98173,2026-01-26,2026-02-19
3769,조구만 팝업 ,서울 중구 남대문로 81,"서울 중구 남대문로 81 (소공동, 롯데백화점 본점)",37.56469,126.98184,2025-08-22,2025-09-04
5259,오프아워 팝업,서울 중구 남대문로 81,"서울 중구 남대문로 81 (소공동, 롯데백화점 본점)",37.564915,126.981766,2026-01-09,2026-01-22
3768,구찌 팝업 ,서울 중구 남대문로 81,"서울 중구 남대문로 81 (소공동, 롯데백화점 본점)",37.564823,126.981636,2025-08-25,2025-08-31
5237,춘천감자밭 감자빵 팝업,서울 중구 남대문로 81,"서울 중구 남대문로 81 (소공동, 롯데백화점 본점)",37.564816,126.98182,2026-01-09,2026-01-25
3627,롯데 호텔 X 고야마 스스무 팝업 ,서울 중구 남대문로 81,"서울 중구 남대문로 81 (소공동, 롯데백화점 본점)",37.564735,126.98189,2025-08-16,2025-08-28
5448,내셔널지오그래픽 팝업_사본,서울 중구 남대문로 81,"서울 중구 남대문로 81 (소공동, 롯데백화점 본점)",37.56473,126.98173,2026-01-26,2026-02-08
3626,갤럭시 스튜디오 팝업 ,서울 중구 남대문로 81,"서울 중구 남대문로 81 (소공동, 롯데백화점 본점)",37.564827,126.98182,2025-08-11,2025-08-27
5117,유니클로 히트텍 팝업,서울 중구 남대문로 81,"서울 중구 남대문로 81 (소공동, 롯데백화점 본점)",37.564816,126.98187,2025-12-22,2026-01-06
5180,써저리 팝업,서울 중구 남대문로 81,"서울 중구 남대문로 81 (소공동, 롯데백화점 본점)",37.564835,126.9819,2025-12-26,2026-01-08
3945,유지 팝업 ,서울 중구 남대문로 81,"서울 중구 남대문로 81 (소공동, 롯데백화점 본점)",37.564846,126.98191,2025-09-12,2025-09-30
5794,팀밸 팝업,서울 중구 남대문로 81,"서울 중구 남대문로 81 (소공동, 롯데백화점 본점)",37.56492,126.98177,2026-03-08,2026-03-15
4231,감자밭 춘천 감자칩 팝업,서울 중구 남대문로 81,"서울 중구 남대문로 81 (소공동, 롯데백화점 본점)",37.564842,126.981865,2025-10-04,2025-10-16
3149,비비안 웨스트우드 팝업,서울 중구 남대문로 81,"서울 중구 남대문로 81 (소공동, 롯데백화점 본점)",37.56473,126.98173,2025-06-16,2025-06-29
4693,오호스 롯데백화점 본점 이벤트,서울 중구 남대문로 81,"서울 중구 남대문로 81 (소공동, 롯데백화점 본점)",37.564865,126.98165,2025-11-21,2025-11-21
5614,무모한 상점 몬치치 팝업 - 명동_사본,서울 중구 남대문로 81,"서울 중구 남대문로 81 (소공동, 롯데백화점 본점)",37.56471,126.98187,2025-11-21,2025-12-04
3355,스톤헨지 팝업,서울 중구 남대문로 81,"서울 중구 남대문로 81 (소공동, 롯데백화점 본점)",37.564816,126.981926,2025-07-15,2025-08-27
4149,해이원 팝업,서울 중구 남대문로 81,"서울 중구 남대문로 81 (소공동, 롯데백화점 본점)",37.564724,126.98184,2025-09-26,2025-10-09
4071,테디테일즈 팝업 - 명동,서울 중구 남대문로 81,"서울 중구 남대문로 81 (소공동, 롯데백화점 본점)",37.56472,126.98177,2025-09-26,2025-10-09
3377,마티에 프리미에르 팝업,서울 중구 남대문로 81,"서울 중구 남대문로 81 (소공동, 롯데백화점 본점)",37.56475,126.98197,2025-07-17,2025-09-07
3640,지베누어 팝업 ,서울 중구 남대문로 81,"서울 중구 남대문로 81 (소공동, 롯데백화점 본점)",37.56487,126.981865,2025-08-15,2025-08-26
5839,로라로라 팝업,서울 중구 남대문로 81,"서울 중구 남대문로 81 (소공동, 롯데백화점 본점)",37.564922,126.9818,2026-03-06,2026-03-26
5838,로라로라 팝업,서울 중구 남대문로 81,"서울 중구 남대문로 81 (소공동, 롯데백화점 본점)",37.564922,126.9818,2026-03-06,2026-03-26
5502,디즈니 K-Heritage 팝업,서울 중구 남대문로 81,"서울 중구 남대문로 81 (소공동, 롯데백화점 본점)",37.564957,126.98177,2026-02-06,2026-02-25
4992,조셉앤스테이시 X 산리오캐릭터즈 팝업,서울 중구 남대문로 81,"서울 중구 남대문로 81 (소공동, 롯데백화점 본점)",37.564816,126.9819,2025-12-12,2025-12-25
3718,케이스티파이 X 짱구는 못말려 팝업 ,서울 중구 남대문로 81,"서울 중구 남대문로 81 (소공동, 롯데백화점 본점)",37.56473,126.981834,2025-08-20,2025-08-27
4747,무모한 상점 몬치치 팝업 - 명동,서울 중구 남대문로 81,"서울 중구 남대문로 81 (소공동, 롯데백화점 본점)",37.56471,126.98187,2025-11-21,2025-12-04
2876,티켓투더문 팝업 - 명동,서울 중구 남대문로 81,"서울 중구 남대문로 81 (소공동, 롯데백화점 본점)",37.56473,126.98173,2025-05-30,2025-08-31
5123,리드볼트 롯데백화점 명동 본점 오픈 이벤트,서울 중구 남대문로 81,"서울 중구 남대문로 81 (소공동, 롯데백화점 본점)",37.564987,126.98175,2025-12-18,2026-01-18
3325,춘천감자밭 팝업 - 감자밭마트,서울 중구 남대문로 81,"서울 중구 남대문로 81 (소공동, 롯데백화점 본점)",37.564816,126.98192,2025-07-11,2025-07-24
4700,오늘 쌀소주 팝업,서울 중구 남대문로 81,"서울 중구 남대문로 81 (소공동, 롯데백화점 본점)",37.56471,126.98182,2025-12-05,2025-12-11
3728,파나소닉 팝업 ,서울 중구 남대문로 81,"서울 중구 남대문로 81 (소공동, 롯데백화점 본점)",37.56492,126.98167,2025-08-22,2025-09-04
4679,강승윤 팝업,서울 중구 남대문로 81,"서울 중구 남대문로 81 (소공동, 롯데백화점 본점)",37.564865,126.981636,2025-11-14,2025-11-20
5793,팀밸 팝업 - 명동,서울 중구 남대문로 81,"서울 중구 남대문로 81 (소공동, 롯데백화점 본점)",37.56492,126.98177,2026-03-08,2026-03-15
1709,시세이도 프로페셔널 서브리믹 팝업,서울 중구 남대문로 81,서울 중구 소공동 1,37.564533,126.98184,2025-01-22,2025-01-31
5452,스쿠 팝업,서울 중구 남대문로 81,서울 중구 소공동 1,37.5661,126.98228,2026-01-23,2026-01-31
1594,시슬리 헤어 리추얼 팝업,서울 중구 남대문로 81,서울 중구 소공동 1,37.56481,126.981674,2025-01-17,2025-01-19
2312,히다 팝업,서울 중구 남대문로 81,서울 중구 소공동 1,37.56476,126.98183,2025-03-14,2025-03-27
1950,플로이드 팝업,서울 중구 남대문로 81,서울 중구 소공동 1,37.5649,126.98176,2025-02-10,2025-02-27
1458,케이스티파이 X 치이카와 팝업,서울 중구 남대문로 81,서울 중구 소공동 1,37.564682,126.98185,2024-12-20,2025-01-08
1595,다이슨 WashG1 팝업,서울 중구 남대문로 81,서울 중구 소공동 1,37.56489,126.981606,2025-01-10,2025-01-22
1779,스티키베이비 팝업 - 명동,서울 중구 남대문로 81,서울 중구 소공동 1,37.564907,126.981514,2025-02-07,2025-02-14
622,베이글리스트 X 라크루뜨서울 잠실 팝업,서울 중구 남대문로 81,서울 중구 소공동 1,37.564907,126.98175,2024-09-18,2024-10-13
987,퐁당패밀리 명동 팝업,서울 중구 남대문로 81,서울 중구 소공동 1,37.564907,126.981766,2024-11-03,2024-11-17
5449,시슬리 헤어 리추얼 팝업,서울 중구 남대문로 81,서울 중구 소공동 1,37.56481,126.981674,2026-01-30,2026-02-03
808,아임반 팝업,서울 중구 남대문로 81,서울 중구 소공동 1,37.564926,126.98186,2024-10-18,2024-10-27
1382,피넛버터바나나 명동 팝업,서울 중구 남대문로 81,서울 중구 소공동 1,37.56473,126.981766,2024-12-13,2024-12-26
1949,오일프라이드집 팝업,서울 중구 남대문로 81,서울 중구 소공동 1,37.564854,126.981674,2025-02-15,2025-02-27
1596,무민 아라비아 팝업,서울 중구 남대문로 81,서울 중구 소공동 1,37.564835,126.98186,2025-01-13,2025-01-21
2111,스티키베이비 팝업,서울 중구 남대문로 81,서울 중구 소공동 1,37.564835,126.98161,2025-03-07,2025-03-14
208,투타임즈유 팝업,서울 중구 남대문로 81,서울 중구 소공동 1,37.564907,126.98175,2024-07-18,2024-09-05
928,그라미치 팝업,서울 중구 남대문로 81,서울 중구 소공동 1,37.564903,126.98176,2024-10-25,2024-11-15
3544,볼앤체인 팝업,서울 중구 남대문로 81,서울 중구 소공동 1,37.564762,126.98184,2025-08-01,2025-09-30
1948,피넛버터바나나 팝업 - 명동,서울 중구 남대문로 81,서울 중구 소공동 1,37.56485,126.98183,2025-02-15,2025-02-27
4511,블랙핑크 팝업 - 명동,서울 중구 남대문로 90,"서울 중구 남대문로 90 (남대문로2가, 세미콜론명동)",37.56512,126.98281,2025-11-01,2025-11-10
4868,오호스X아트모스 핑크X아식스 컬래버 발매,서울 중구 다산로24길 31,서울 중구 다산로24길 31 (신당동),37.557545,127.014404,2025-12-05,2025-12-05
417,최재천의 아마존 <호모심비우스> 팝업,서울 중구 동호로 272,서울 중구 장충동2가 190-10,37.559277,127.003624,2024-08-28,2024-09-01
5409,뷔 사진전 - V TYPE 非 : ON-SITE IN SEOUL,서울 중구 동호로15길 17,서울 중구 동호로15길 17 (신당동),37.556076,127.008766,2026-01-20,2026-02-01
5094,서울영화센터 팝업 전시,서울 중구 마른내로 38,서울 중구 마른내로 38 (초동),37.564137,126.992165,2025-12-16,2026-02-28
4901,티니핑 X 아트박스 팝업 - 명동,서울 중구 명동10길 38,서울 중구 명동10길 38 (명동2가),37.56218,126.985504,2025-11-27,2025-12-14
2603,뉴믹스커피 팝업,서울 중구 명동4길 22,서울 중구 명동2가 55-2,37.562675,126.98369,2025-04-24,2025-06-04
1134,브런치 브라더 하우스 X 에이랜드 팝업,서울 중구 명동8길 40,,37.56188,126.98473,2024-11-28,2025-02-11
3117,아크메드라비 X 에이랜드 팝업,서울 중구 명동8길 40,서울 중구 명동8길 40 (충무로1가),37.561844,126.98467,2025-06-13,2025-08-12
2778,Mmlg 팝업,서울 중구 명동8길 40,서울 중구 명동8길 40 (충무로1가),37.56188,126.98473,2025-05-14,2025-06-12
2242,와이케이 팝업,서울 중구 명동8길 40,서울 중구 충무로1가 23-5,37.56187,126.98471,2025-03-12,2025-04-10
1878,마크곤잘레스 팝업,서울 중구 명동8길 40,서울 중구 충무로1가 23-5,37.56188,126.98473,2025-02-12,2025-03-11
4921,후아유 팝업,서울 중구 명동8길 40,서울 중구 충무로1가 23-5,37.561886,126.98466,2025-12-03,2026-06-02
1054,브런치 브라더 하우스 X 에이랜드 팝업,서울 중구 명동8길 40,서울 중구 충무로1가 23-5,37.56188,126.98473,2024-11-28,2025-02-11
3790,크러쉬 X 러쉬 팝업 : Crush with Lush - 명동 ,서울 중구 명동8길 6,서울 중구 명동8길 6 (명동2가),37.563454,126.98436,2025-08-28,2025-09-07
5628,오프뷰티 이벤트 - 명동,서울 중구 명동8나길 14,서울 중구 명동8나길 14 (충무로1가),37.56155,126.984184,2026-02-21,2026-02-21
5709,블랙핑크 팝업 - 명동,서울 중구 명동길 13,서울 중구 명동길 13 (명동1가),37.56383,126.983025,2026-02-28,2026-03-09
5441,무신사 스토어 명동 오픈 이벤트,서울 중구 명동길 13,서울 중구 명동길 13 (명동1가),37.56381,126.98303,2026-01-30,2026-02-01
5469,배드블러드 팝업,서울 중구 명동길 13,서울 중구 명동길 13 (명동1가),37.56381,126.98303,2026-01-30,2026-02-12
98,나우인명동 X 스누피 팝업 by 보프렌드,서울 중구 명동길 15,서울 중구 명동1가 64-2,37.563778,126.983154,2024-06-07,2024-08-14
407,처음처럼 X KRUSH 소맥포차 팝업,서울 중구 명동길 15,서울 중구 명동1가 64-2,37.563778,126.983154,2024-08-23,2024-09-18
649,쿼카 앤 보보 인더 우드 팝업,서울 중구 명동길 43,서울 중구 명동1가 53-1,37.563877,126.984634,2024-09-27,2024-10-14
301,중구 명동길 43 라인프렌즈 스퀘어 명동 2F,서울 중구 명동길 43,서울 중구 명동1가 53-1,37.564,126.98473,2024-08-08,2024-08-21
2477,라인프렌즈 스퀘어 명동점 1주년 이벤트,서울 중구 명동길 43,서울 중구 명동1가 53-1,37.563946,126.9847,2025-04-11,2025-04-13
1390,피스마이너스원 X 모남희 팝업,서울 중구 명동길 43,서울 중구 명동1가 53-1,37.564,126.98473,2024-12-20,2025-01-06
711,다이노탱 쿼카  보보 인 더 우드 팝업,서울 중구 명동길 43,서울 중구 명동1가 53-1,37.564,126.98473,2024-09-27,2024-10-14
293,2024 브라운데이 팝업,서울 중구 명동길 43,서울 중구 명동1가 53-1,37.564,126.98473,2024-08-08,2024-08-21
2944,BT21 THE JOURNEY 팝업,서울 중구 명동길 43,"서울 중구 명동길 43 (명동1가, 신한은행)",37.563976,126.984665,2025-06-05,2025-06-29
4184,트레저 팝업 - PULSE ON,서울 중구 명동길 43,"서울 중구 명동길 43 (명동1가, 신한은행)",37.563984,126.98466,2025-10-02,2025-10-13
4489,포카아이 팝업 - 명동,서울 중구 명동길 43,"서울 중구 명동길 43 (명동1가, 신한은행)",37.563972,126.98468,2025-09-18,2026-09-18
3667,와글와글베이크샵 팝업 ,서울 중구 명동길 43,"서울 중구 명동길 43 (명동1가, 신한은행)",37.564014,126.98487,2025-07-31,2025-10-30
5796,조앤프렌즈 팝업 - 명동,서울 중구 명동길 43,"서울 중구 명동길 43 (명동1가, 신한은행)",37.564,126.98473,2026-03-12,2026-03-19
4358,조구만 브라키오 X 우디 히어로 팝업 - YOUR STUBBY NEIGHBORHOOD,서울 중구 명동길 43,"서울 중구 명동길 43 (명동1가, 신한은행)",37.564037,126.984886,2025-10-24,2025-11-09
4849,라인프렌즈 브라운 15주년 팝업 - HUG BROWN HOUSE,서울 중구 명동길 43-1,서울 중구 명동길 43-1 (명동1가),37.56391,126.98486,2025-11-27,2026-01-30
1316,열혈사제2 골목 팝업,서울 중구 서소문로6길 33,서울 중구 중림동 441-1,37.559727,126.96726,2024-12-02,2025-01-05
2535,퓨어스펙 오렌지 & 큐티 만다린 트럭 팝업 - 광화문,서울 중구 세종대로 124,서울 중구 태평로1가 25,37.56744,126.977554,2025-04-18,2025-04-18
5233,요시고 사진전: 끝나지 않은 여행 전시,서울 중구 세종대로 14,"서울 중구 세종대로 14 (남대문로5가, 그랜드센트럴(GRAND CENTRAL))",37.55784,126.97442,2025-06-06,2026-03-02
4973,쿠키런 팝업 - 사라진 국가유산을 찾아서,서울 중구 세종대로 99,"서울 중구 세종대로 99 (정동, 덕수궁)",37.566036,126.97374,2025-12-09,2026-03-01
1683,모던라이트 : 대한제국 황실 조명 전시,서울 중구 세종대로 99,서울 중구 정동 5-1,37.566067,126.97378,2024-11-27,2025-03-03
653,"미키 in 덕수궁 <아트, 경계를 넘어서> 팝업",서울 중구 세종대로 99,서울 중구 정동 5-1,37.567207,126.97361,2024-09-28,2024-10-20
5829,BTS 팝업 - ARIRANG @SHINSEGAE THE MAIN,서울 중구 소공로 63,"서울 중구 소공로 63 (충무로1가, 신세계백화점건물)",37.56099,126.98054,2026-03-20,2026-04-12
1855,팀밸 팝업 - 명동,서울 중구 소공로 63,서울 중구 충무로1가 52-5,37.561016,126.98112,2025-02-12,2025-02-14
269,니커버커 베이글 신세계백화점 본점 팝업,서울 중구 소공로 63,서울 중구 충무로1가 52-5,37.560947,126.98109,2024-07-01,2024-09-18
1108,BYTP X 신세계 팝업,서울 중구 소공로 63,서울 중구 충무로1가 52-5,37.560955,126.98109,2024-11-01,2024-12-31
1416,코자아 팝업,서울 중구 소공로 63,서울 중구 충무로1가 52-5,37.56089,126.981064,2024-12-20,2024-12-26
743,한글과자 명동 팝업,서울 중구 소공로 63,서울 중구 충무로1가 52-5,37.560955,126.981094,2024-10-04,2024-10-10
2390,뉴제스트 팝업 ,서울 중구 소공로 63,서울 중구 충무로1가 52-5,37.560875,126.98106,2025-03-28,2025-04-03
3911,Archive fair 팝업 ,서울 중구 을지로 122,서울 중구 을지로 122 (을지로3가),37.56607,126.991486,2025-09-14,2025-09-14
4242,Oasis Live '25 Official fan store seoul,서울 중구 을지로 127,서울 중구 을지로 127 (을지로3가),37.566536,126.99207,2025-10-16,2025-10-26
1167,OOTD of 침착맨 카드 교환소 팝업,서울 중구 을지로 127,서울 중구 을지로3가 118-6,37.566586,126.992065,2024-12-09,2024-12-22
3926,리버풀 FC 팝업,서울 중구 을지로 252-1,서울 중구 을지로 252-1 (을지로6가),37.566063,127.006035,2025-09-13,2025-09-21
4124,던던 동대문점 1주년 이벤트,서울 중구 을지로 264,"서울 중구 을지로 264 (을지로6가, 동대문패션TV)",37.56576,127.00708,2025-09-26,2025-10-05
3664,어른이보호구역 팝업,서울 중구 을지로 281,서울 중구 을지로 281 (을지로7가),37.568077,127.01081,2025-07-28,2025-08-30
5648,마르쉐 아침시장 팝업,서울 중구 을지로 281,서울 중구 을지로 281 (을지로7가),37.567135,127.00992,2026-02-25,2026-02-25
2887,발로란트 5주년 팝업,서울 중구 을지로 281,서울 중구 을지로 281 (을지로7가),37.566086,127.0093,2025-06-02,2025-06-22
3512,파파고파파 팝업,서울 중구 을지로 281,서울 중구 을지로 281 (을지로7가),37.566902,127.00983,2025-07-28,2025-08-30
5511,울트라 백화점 전시,서울 중구 을지로 281,서울 중구 을지로 281 (을지로7가),37.56711,127.009766,2026-02-06,2026-03-27
3356,오이뮤 팝업,서울 중구 을지로 281,서울 중구 을지로 281 (을지로7가),37.567677,127.00996,2025-07-18,2025-08-07
5789,비더비 뷰티 기획전 - Beauty For All,서울 중구 을지로 281,서울 중구 을지로 281 (을지로7가),37.566597,127.00936,2026-02-28,2026-06-07
4419,무신사 뷰티 X 비더비 팝업,서울 중구 을지로 281,서울 중구 을지로 281 (을지로7가),37.56806,127.01082,2025-10-24,2025-10-26
3363,DDP 여름축제 : 디자인 홀리데이,서울 중구 을지로 281,서울 중구 을지로 281 (을지로7가),37.56715,127.0104,2025-07-31,2025-08-03
3833,서울주얼리 픽스 팝업 ,서울 중구 을지로 281,서울 중구 을지로 281 (을지로7가),37.56765,127.00993,2025-09-04,2025-09-07
4873,영디자이너 굿즈 스테이지 팝업,서울 중구 을지로 281,서울 중구 을지로 281 (을지로7가),37.568066,127.01082,2025-12-01,2025-12-25
4814,울트라 백화점 전시 - 하이퍼 알고리즘,서울 중구 을지로 281,서울 중구 을지로 281 (을지로7가),37.568047,127.010826,2025-10-30,2026-01-11
3824,창작의 정원 전시 ,서울 중구 을지로 281,서울 중구 을지로 281 (을지로7가),37.56746,127.0105,2025-09-01,2025-10-31
3775,2025 서울뷰티위크 이벤트,서울 중구 을지로 281,서울 중구 을지로 281 (을지로7가),37.568073,127.01082,2025-08-28,2025-08-30
4037,컬리 뷰티 페스타 2025 ,서울 중구 을지로 281,서울 중구 을지로 281 (을지로7가),37.567993,127.01088,2025-10-30,2025-11-02
2,슈퍼배드 4 팝업,서울 중구 을지로 281,서울 중구 을지로7가 143,37.567127,127.00992,2024-07-17,2024-08-03
5490,네이버 X 서울패션위크 팝업,서울 중구 을지로 281,서울 중구 을지로7가 143,37.568012,127.010895,2026-02-03,2026-02-08
432,유아른 팝업,서울 중구 을지로 281,서울 중구 을지로7가 143,37.567184,127.00991,2024-08-23,2024-09-17
377,큐어랜드 팝업,서울 중구 을지로 281,서울 중구 을지로7가 143,37.56661,127.00934,2024-07-23,2024-09-01
1900,쿠키런: 킹덤 4주년 <진리와 거짓의 게임> 전시,서울 중구 을지로 281,서울 중구 을지로7가 143,37.5677,127.01008,2025-02-14,2025-03-16
1927,라운드랩 X 아무로키 팝업,서울 중구 을지로 281,서울 중구 을지로7가 143,37.56729,127.010124,2024-12-24,2025-02-23
2186,닥터디퍼런트 팝업,서울 중구 을지로 281,서울 중구 을지로7가 143,37.567493,127.00999,2025-03-07,2025-03-16
2588,아기상어 팝업,서울 중구 을지로 281,서울 중구 을지로7가 143,37.56741,127.00992,2025-04-25,2025-05-25
1974,닥터디퍼런트 팝업,서울 중구 을지로 281,서울 중구 을지로7가 143,37.567577,127.00969,2025-02-18,2025-02-23
1628,공산품미학 전시,서울 중구 을지로 281,서울 중구 을지로7가 143,37.567917,127.01093,2024-10-15,2025-03-03
1210,서울광장 스케이트장,서울 중구 을지로 지하 12,서울 중구 을지로1가 50-1,37.565567,126.97833,2024-12-20,2025-02-09
302,BEE PLACE <꿀벌의 비행> 팝업,서울 중구 을지로 지하 12,서울 중구 을지로1가 50-1,37.565662,126.977974,2024-08-19,2024-08-20
3577,슈슈체리 아뜰리에 팝업 ,서울 중구 을지로20길 10-4,서울 중구 을지로20길 10-4 (을지로4가),37.56607,126.99517,2025-08-15,2025-08-17
5432,망곰이의 베어스 탐방기 팝업_사본,서울 중구 장충단로 275,"09.09(월)-09.15(일)
",37.56907,127.008675,2024-09-09,2024-09-15
475,망곰이의 베어스 탐방기 팝업,서울 중구 장충단로 275,"09.09(월)-09.15(일)
",37.56907,127.008675,2024-09-09,2024-09-15
1524,홀리넘버세븐 팝업,서울 중구 장충단로 275,서울 중구 을지로6가 18-12,37.56897,127.008835,2024-12-14,2025-01-31
97,TENGA SHOP 팝업,서울 중구 장충단로 275,서울 중구 을지로6가 18-12,37.568962,127.008804,2024-03-16,2024-09-16
3230,망그러진 곰 X 두산베어스 팝업,서울 중구 장충단로 275,"서울 중구 장충단로 275 (을지로6가, 두산타워빌딩)",37.569023,127.008606,2025-07-11,2025-07-17
1370,플러드셀 팝업,서울 중구 장충단로 60,서울 중구 장충동2가 201,37.550076,127.00056,2024-12-01,2024-12-31
760,뮤지엄인핸드 팝업,서울 중구 장충단로13길 20,서울 중구 을지로6가 17-2,37.568733,127.00767,2024-10-07,2024-10-24
1147,빨강머리 앤 팝업,서울 중구 장충단로13길 20,서울 중구 을지로6가 17-2,37.568775,127.007576,2024-11-22,2024-12-12
610,퐁당패밀리 동대문 팝업,서울 중구 장충단로13길 20,서울 중구 을지로6가 17-2,37.568733,127.00767,2024-09-13,2024-10-06
593,고스트나인 데뷔 4주년 기념 팝업,서울 중구 장충단로13길 20,서울 중구 을지로6가 17-2,37.568783,127.0077,2024-09-20,2024-09-30
1793,왼그기그 팝업,서울 중구 장충단로13길 20,서울 중구 을지로6가 17-2,37.568676,127.00781,2025-02-08,2025-03-06
2657,팝가스토어 동대문점 어린이날 이벤트,서울 중구 장충단로13길 20,서울 중구 을지로6가 17-2,37.568626,127.00752,2025-05-01,2025-05-06
5825,히어로즈 오브 코리아 팝업,서울 중구 장충단로13길 20,"서울 중구 장충단로13길 20 (을지로6가, 현대시티타워)",37.568733,127.00767,2026-03-05,2026-04-02
4579,팝가스토어 동대문점,서울 중구 장충단로13길 20,"서울 중구 장충단로13길 20 (을지로6가, 현대시티타워)",37.56867,127.007706,2025-11-01,2025-11-30
5292,팝가스토어 동대문점,서울 중구 장충단로13길 20,"서울 중구 장충단로13길 20 (을지로6가, 현대시티타워)",37.56867,127.007706,2026-01-01,2026-01-31
3823,팝가스토어 동대문점,서울 중구 장충단로13길 20,"서울 중구 장충단로13길 20 (을지로6가, 현대시티타워)",37.56867,127.007706,2025-09-01,2025-09-30
4905,팝가스토어 동대문점,서울 중구 장충단로13길 20,"서울 중구 장충단로13길 20 (을지로6가, 현대시티타워)",37.56867,127.007706,2025-12-01,2025-12-31
5783,현대아울렛 동대문점 X 서울스티커샵 전시,서울 중구 장충단로13길 20,"서울 중구 장충단로13길 20 (을지로6가, 현대시티타워)",37.568733,127.00767,2026-03-01,2026-05-31
4196,팝가스토어 동대문점,서울 중구 장충단로13길 20,"서울 중구 장충단로13길 20 (을지로6가, 현대시티타워)",37.56867,127.007706,2025-10-01,2025-10-31
5544,포켓몬 GO 팝업,서울 중구 장충단로13길 20,"서울 중구 장충단로13길 20 (을지로6가, 현대시티타워)",37.568768,127.007706,2026-02-28,2026-03-01
5824,히어로즈 오브 코리아 팝업,서울 중구 장충단로13길 20,"서울 중구 장충단로13길 20 (을지로6가, 현대시티타워)",37.568733,127.00767,2026-03-05,2026-04-02
5521,팝가스토어 동대문점,서울 중구 장충단로13길 20,"서울 중구 장충단로13길 20 (을지로6가, 현대시티타워)",37.56867,127.007706,2026-02-01,2026-02-27
3530,팝가스토어 동대문점,서울 중구 장충단로13길 20,"서울 중구 장충단로13길 20 (을지로6가, 현대시티타워)",37.568626,127.007545,2025-08-01,2025-08-31
5108,스피릿 핑거스 팝업,서울 중구 장충단로13길 20,"서울 중구 장충단로13길 20 (을지로6가, 현대시티타워)",37.56857,127.00764,2026-01-17,2026-01-31
2921,팝가스토어 동대문점,서울 중구 장충단로13길 20,"서울 중구 장충단로13길 20 (을지로6가, 현대시티타워)",37.568626,127.007545,2025-06-01,2025-06-30
5927,한글과자 팝업 - 동대문,서울 중구 장충단로13길 20,"서울 중구 장충단로13길 20 (을지로6가, 현대시티타워)",37.568733,127.00767,2026-03-28,2026-03-29
3176,팝가스토어 동대문점,서울 중구 장충단로13길 20,"서울 중구 장충단로13길 20 (을지로6가, 현대시티타워)",37.568626,127.007545,2025-07-01,2025-07-31
5212,스타벅스 X 프렌즈 팝업 - 프렌즈 인 장충,서울 중구 장충단로4길 25,서울 중구 장충단로4길 25 (장충동1가),37.561096,127.00745,2025-12-24,2026-02-28
5851,제이드몽 팝업,서울 중구 장충단로8길 11-18,서울 중구 장충단로8길 11-18 (장충동1가),37.562904,127.0074,2026-03-19,2026-03-22
3104,인스퍼 개러지 팝업,서울 중구 창경궁로1길 8,"서울 중구 창경궁로1길 8 (충무로4가, 예관빌딩)",37.563236,126.997475,2025-06-17,2025-12-31
1313,로컬 히어로즈 팝업,서울 중구 청계천로 40,서울 중구 다동 10,37.568527,126.98163,2024-11-05,2024-12-28
1017,2024 부울경 공동 팝업,서울 중구 청계천로 40,서울 중구 다동 10,37.56857,126.981415,2024-11-05,2024-12-08
3754,2025 게임문화축제 - Take Back Seoul,서울 중구 청계천로 40,"서울 중구 청계천로 40 (다동, 한국관광공사 서울센터)",37.568546,126.98185,2025-09-05,2025-09-14
4450,로컬-이음 마켓 팝업,서울 중구 청계천로 40,"서울 중구 청계천로 40 (다동, 한국관광공사 서울센터)",37.56851,126.98183,2025-10-21,2025-11-02
1645,웰컴레코즈 X 포스티스 팝업,서울 중구 충무로 10-1,서울 중구 충무로3가 38-22,37.562206,126.9933,2025-01-17,2025-01-25
2426,새미네부엌 X 쿠첸 집밥 팝업,서울 중구 충무로 2,서울 중구 필동1가 51-5,37.561577,126.993454,2025-04-25,2025-04-30
3761,서울거리예술축제2025,서울 중구 태평로1가 1,서울 중구 태평로1가 1,37.569126,126.977585,2025-10-06,2025-10-08
1387,2024 비밀의 성탄역 ,서울 중구 통일로 1,서울 중구 봉래동2가 122-28,37.55592,126.971634,2024-12-20,2024-12-22
1638,"공예행: 골골샅샅, 면면촌촌 전시",서울 중구 통일로 1,서울 중구 봉래동2가 122-28,37.55591,126.97166,2025-01-15,2025-02-11
1400,현무전 : ALL OF MOO 전시,서울 중구 통일로 92,서울 중구 순화동 1-170,37.563595,126.96922,2024-12-13,2025-01-04
2435,클로즈유어아이즈 X 올리브영 팝업 - 명동,서울 중구 퇴계로 115,서울 중구 충무로1가 24-1,37.561024,126.98445,2025-04-02,2025-04-15
1671,플레이브 X 올리브영 팝업 - 명동,서울 중구 퇴계로 115,서울 중구 충무로1가 24-1,37.561054,126.98451,2025-02-03,2025-02-16
2847,세븐틴 X 비비고 팝업 - 명동,서울 중구 퇴계로 115,"서울 중구 퇴계로 115 (충무로1가, 밀레오레 명동)",37.56103,126.9844,2025-05-26,2025-06-08
3419,CU X 투모로우바이투게더 팝업 - 명동,서울 중구 퇴계로 127,서울 중구 퇴계로 127 (충무로2가),37.561165,126.9858,2025-07-21,2025-08-22
4138,디어클레어스 팝업 - 바이위시트렌드 딥다이브스토어,서울 중구 퇴계로 130,"서울 중구 퇴계로 130 (남산동2가, 서울프린스호텔)",37.560738,126.98623,2025-09-02,2025-11-30
3435,"여유와 설빈, 전자양, 카디 팝업",서울 중구 퇴계로 298,"서울 중구 퇴계로 298 (쌍림동, (주)모리스)",37.563522,127.0048,2025-08-14,2025-08-17
5242,보노보노 40주년 기념 전시,서울 중구 퇴계로 387,"서울 중구 퇴계로 387 (흥인동, 충무아트센터)",37.56594,127.01479,2025-12-12,2026-03-29
2613,쿼시 팝업,서울 중구 퇴계로 77,서울 중구 충무로1가 54,37.560207,126.98069,2025-04-25,2025-05-01
3694,루나루즈 팝업,서울 중구 퇴계로 77,"서울 중구 퇴계로 77 (충무로1가, 신세계백화점)",37.560333,126.980774,2025-08-29,2025-09-04
2530,세컨드 라이프 제주 팝업,서울 중구 퇴계로18길 77,서울 중구 남산동2가 45-6,37.55768,126.98495,2025-04-12,2025-04-20
766,작고 소소로운 팝업,서울 중구 퇴계로49길 24,서울 중구 충무로5가 36-12,37.56332,126.99959,2024-10-09,2024-10-20
3948,힐튼서울 자서전 ,서울 중구 퇴계로6가길 30,"서울 중구 퇴계로6가길 30 (남창동, 피크닉)",37.557003,126.978035,2025-09-25,2026-01-14
5747,국립세종수목원 X 카카오프렌즈 특별전시 - 세종,세종특별자치시 수목원로 136,"세종특별자치시 수목원로 136 (세종동, 국립세종수목원)",36.498062,127.28572,2025-11-01,2026-05-10
2059,앳킨슨 팝업 - 울산,울산 남구 삼산로 261,울산 남구 삼산동 1521-1,35.53958,129.33592,2025-02-21,2025-03-20
1889,락앤락 팝업 - 울산,울산 남구 삼산로 261,울산 남구 삼산동 1521-1,35.539516,129.3357,2025-02-14,2025-02-20
1887,빅쏘갤러리 팝업 - 울산,울산 남구 삼산로 261,울산 남구 삼산동 1521-1,35.539715,129.33571,2025-02-07,2025-02-27
1888,위글위글 팝업 - 울산,울산 남구 삼산로 261,울산 남구 삼산동 1521-1,35.53954,129.33588,2025-02-14,2025-02-27
2058,월리워 스튜디오 팝업 - 울산,울산 남구 삼산로 261,울산 남구 삼산동 1521-1,35.53949,129.33578,2025-02-28,2025-03-16
4099,언노운 북 페스티벌 - 이상하고 엉뚱한 책의 경험,인천 동구 금곡로 18-10,인천 동구 금곡로 18-10 (금곡동),37.472504,126.637436,2025-11-01,2025-11-02
1240,록시땅 홀리데이 팝업,인천 미추홀구 연남로 35,인천 미추홀구 관교동 15,37.442505,126.701515,2024-11-29,2024-12-05
4313,햄릿버거 팝업,인천 부평구 길주남로 46,인천 부평구 길주남로 46 (부평동),37.50442,126.72676,2025-10-18,2025-10-19
890,부평 지하던전 팝업,인천 부평구 부평대로38번길 28,인천 부평구 부평동 211-163,37.494846,126.72456,2024-11-15,2024-11-24
313,댄꼼마 X 바인드 팝업,인천 연수구 송도과학로16번길 33-2,인천 연수구 송도동 174-3,37.380466,126.66017,2024-08-14,2024-08-27
2931,현아에서 짱구랑 놀자! - 송도,인천 연수구 송도국제대로 123,"인천 연수구 송도국제대로 123 (송도동, 현대프리미엄 아울렛 송도점)",37.38158,126.65789,2025-06-20,2025-06-29
2923,짱구와 친구들 팝업 - 송도,인천 연수구 송도국제대로 123,"인천 연수구 송도국제대로 123 (송도동, 현대프리미엄 아울렛 송도점)",37.38163,126.65792,2025-06-06,2025-06-29
5734,원피스 팝업 - 인천,인천 연수구 송도국제대로 123,"인천 연수구 송도국제대로 123 (송도동, 현대프리미엄 아울렛 송도점)",37.38163,126.65792,2026-03-06,2026-03-15
5845,타이니빌 팝업 - 인천,인천 연수구 송도국제대로 123,"인천 연수구 송도국제대로 123 (송도동, 현대프리미엄 아울렛 송도점)",37.38163,126.65792,2026-03-13,2026-03-26
1696,극지연구소 남극탐험대 팝업 - 인천,인천 연수구 송도국제대로 123,인천 연수구 송도동 168-1,37.38148,126.65795,2025-01-17,2025-02-16
3358,오아드 팝업 - 인천국제공항,인천 중구 공항로 271,"인천 중구 공항로 271 (운서동, 인천국제공항역)",37.44879,126.44864,2025-06-24,2025-10-13
2964,제주항공 X 산리오캐릭터즈 팝업,인천 중구 공항로 271,"인천 중구 공항로 271 (운서동, 인천국제공항역)",37.449314,126.45103,2025-06-01,2025-07-31
4176,인천공항 해치 팝업스토어,인천 중구 공항로 271,"인천 중구 공항로 271 (운서동, 인천국제공항역)",37.448997,126.450966,2025-10-02,2025-11-30
104,김가네슈퍼 팝업,인천 중구 영종해안남로321번길 186,인천 중구 운서동 2874,37.437244,126.45578,2024-07-12,2024-08-04
372,뮤지엄엘 개관 전시,인천 중구 월미로 33,인천 중구 북성동1가 4-11,37.476276,126.61458,2024-07-26,2024-12-15
3863,오! 슬로우 마켓 팝업 - Oh! SLOW ,인천 중구 월미로 33,"인천 중구 월미로 33 (북성동1가, 상상플랫폼)",37.47663,126.61428,2025-09-20,2025-09-21
4882,오슬로우 빈티지 마켓 팝업,인천 중구 월미로 33,"인천 중구 월미로 33 (북성동1가, 상상플랫폼)",37.476776,126.61444,2025-12-27,2026-01-04
3977,2025 제물포 웨이브 마켓 ,인천 중구 월미로 33,"인천 중구 월미로 33 (북성동1가, 상상플랫폼)",37.476658,126.61427,2025-09-20,2025-09-21
940,포석호의 광광파티 팝업,전남 광양시 광양읍 순광로 466,전남 광양시 광양읍 덕례리 1834,34.963154,127.56585,2024-10-25,2024-11-03
655,쿠키런 로컬 어드벤처 전주 팝업,전북특별자치도 전주시 덕진구 기린대로 451,전북특별자치도 전주시 덕진구 덕진동1가 1220-1,35.841034,127.12635,2024-10-03,2024-10-26
175,짱구는 여행중 in 전주,전북특별자치도 전주시 완산구 최명희길 28,전북특별자치도 전주시 완산구 풍남동3가 76-9,35.81609,127.15155,2024-08-02,2024-09-18
214,짱구는 여행중 in 전주,전북특별자치도 전주시 완산구 최명희길 28,전북특별자치도 전주시 완산구 풍남동3가 76-9,35.816082,127.15154,2024-08-02,2024-09-18
297,공유 팝업 어디갈지 정해주는 릴스 등장,전북특별자치도 전주시 완산구 최명희길 28,전북특별자치도 전주시 완산구 풍남동3가 76-9,35.816082,127.15154,2024-08-02,2024-09-18
216,짱구는 여행중 in 전주,전북특별자치도 전주시 완산구 최명희길 28,전북특별자치도 전주시 완산구 풍남동3가 76-9,35.816082,127.15154,2024-08-02,2024-09-18
20,짱구는 여행 중 전주 팝업,전북특별자치도 전주시 완산구 최명희길 28,전북특별자치도 전주시 완산구 풍남동3가 76-9,35.81609,127.15155,2024-08-02,2024-09-18
5156,메이플스토리 팝업 - 제주,제주특별자치도 제주시 공항로 2,"제주특별자치도 제주시 공항로 2 (용담이동, 제주국제공항)",33.506195,126.495804,2025-12-22,2026-03-01
1407,픽사 팝업 - 제주,제주특별자치도 제주시 공항로 2,제주특별자치도 제주시 용담이동 2002,33.506943,126.493675,2024-12-14,2025-02-13
310,로미네 집들이 팝업,제주특별자치도 제주시 조천읍 선교로 106,제주특별자치도 제주시 조천읍 선흘리 626-2,33.48802,126.708,2024-08-24,2024-08-26
4838,리어플라스틱 팝업 - 제주,제주특별자치도 제주시 탑동로 29,제주특별자치도 제주시 탑동로 29 (삼도이동),33.51736,126.52166,2025-11-22,2025-12-07
2556,짱구스토어 팝업 - 제주,제주특별자치도 제주시 한경면 청수서5길 1-13,제주특별자치도 제주시 한경면 청수리 136-4,33.303413,126.25665,2025-05-02,2026-12-31
5052,노더럽 wonderland 팝업 - 천안,충남 천안시 동남구 만남로 43,"충남 천안시 동남구 만남로 43 (신부동, 신세계백화점천안아산점천안종합버스터미널)",36.8194,127.15795,2025-12-19,2025-12-31
5310,정남미명과 팝업 - 천안,충남 천안시 동남구 만남로 43,"충남 천안시 동남구 만남로 43 (신부동, 신세계백화점천안아산점천안종합버스터미널)",36.81949,127.15607,2026-01-23,2026-02-05
1397,핑크퐁과 호기: 새친구 니니모 크리스마스 마켓 천안 팝업,충남 천안시 서북구 공원로 227,충남 천안시 서북구 불당동 1299,36.800484,127.10472,2024-12-13,2024-12-26
2940,2025 짱구 팝업 - 청주,충북 청주시 흥덕구 2순환로 1225,충북 청주시 흥덕구 2순환로 1225 (가경동),36.626965,127.43073,2025-08-29,2025-09-14
3219,패트와 매트 팝업 - 청주,충북 청주시 흥덕구 2순환로 1225,"충북 청주시 흥덕구 2순환로 1225 (가경동, 청주센트럴시티(터미널복합))",36.626904,127.430855,2025-07-04,2025-07-10
5486,원피스 팝업 - 청주,충북 청주시 흥덕구 2순환로 1225,"충북 청주시 흥덕구 2순환로 1225 (가경동, 청주센트럴시티(터미널복합))",36.62691,127.43076,2026-02-06,2026-02-15
5266,오늘의귀여움 팝업 - 청주,충북 청주시 흥덕구 2순환로 1225,"충북 청주시 흥덕구 2순환로 1225 (가경동, 청주센트럴시티(터미널복합))",36.626995,127.43079,2025-12-29,2026-02-01
1870,올드페리도넛 팝업 - 청주,충북 청주시 흥덕구 직지대로 308,충북 청주시 흥덕구 복대동 3380,36.64473,127.42659,2025-02-07,2025-02-20
1946,베리베리뱁 팝업 - 청주,충북 청주시 흥덕구 직지대로 308,충북 청주시 흥덕구 복대동 3380,36.644703,127.426575,2025-02-14,2025-02-23
5372,벤앤제리스 팝업 - 청주,충북 청주시 흥덕구 직지대로 308,"충북 청주시 흥덕구 직지대로 308 (복대동, 현대백화점)",36.644707,127.42663,2026-01-16,2026-02-06
2733,우주먼지 <아기먼지 칭구들> 팝업 - 청주,충북 청주시 흥덕구 직지대로 308,"충북 청주시 흥덕구 직지대로 308 (복대동, 현대백화점)",36.644672,127.42641,2025-05-01,2025-05-25
5374,붕어로94 X 소은호떡 팝업 - 청주,충북 청주시 흥덕구 직지대로 308,"충북 청주시 흥덕구 직지대로 308 (복대동, 현대백화점)",36.644836,127.42658,2026-01-16,2026-01-29
4939,해리포터 위자드몰 팝업 - 청주,충북 청주시 흥덕구 직지대로 308,"충북 청주시 흥덕구 직지대로 308 (복대동, 현대백화점)",36.64478,127.42682,2025-12-12,2025-12-28
5373,라운드어바웃 팝업 - 청주,충북 청주시 흥덕구 직지대로 308,"충북 청주시 흥덕구 직지대로 308 (복대동, 현대백화점)",36.644833,127.42643,2026-01-16,2026-01-22
5420,주스 냥냥냥냥냥 팝업 - 청주,충북 청주시 흥덕구 직지대로 308,"충북 청주시 흥덕구 직지대로 308 (복대동, 현대백화점)",36.644867,127.42656,2026-01-23,2026-02-05
