project_code,account_name,period_start,amt
RROH3400,직원급여_본사,2024-07-01,4.6819998E7
RCOH3100,직원급여_본사,2024-07-01,5.0251666E7
RTOH3300,직원급여_본사,2024-07-01,4.3158333E7
RXOH3200,직원급여_본사,2024-07-01,4.2458333E7
RCSN2404,직원급여_매장,2024-07-01,6677420.0
RCSN2405,직원급여_매장,2024-07-01,6509950.0
RCSN2412,직원급여_매장,2024-07-01,9803000.0
RCSN2402,직원급여_매장,2024-07-01,7543892.0
RCSN2413,직원급여_매장,2024-07-01,1.0307497E7
RCSN2414,직원급여_매장,2024-07-01,1.6704E7
RCSN2401,직원급여_매장,2024-07-01,7346912.0
RCSN2403,직원급여_매장,2024-07-01,6477638.0
RCOH3100,상여금,2024-07-01,1000000.0
RTOH3300,퇴직급여_본사,2024-07-01,3453780.0
RCSN2403,퇴직급여_본사,2024-07-01,2424384.0
RROH3400,퇴직급여_본사,2024-07-01,1.141056E7
RCSN2402,복리후생비_건강보험,2024-07-01,-191387.0
RCSN2403,복리후생비_건강보험,2024-07-01,-143540.0
RCSN2405,복리후생비_건강보험,2024-07-01,-191387.0
RCSN2401,복리후생비_건강보험,2024-07-01,-191387.0
RCSN2404,복리후생비_건강보험,2024-07-01,-191387.0
RTPU2432,복리후생비_식음료대,2024-07-01,21362.0
RCPU2418,복리후생비_식음료대,2024-07-01,656259.0
RTPU2412,복리후생비_식음료대,2024-07-01,168179.0
RCPU2424,복리후생비_식음료대,2024-07-01,27272.0
RCSN2411,복리후생비_식음료대,2024-07-01,33635.0
RCPU2416,복리후생비_식음료대,2024-07-01,20907.0
RCOH3100,복리후생비_식음료대,2024-07-01,201361.0
RCSN2408,복리후생비_식음료대,2024-07-01,74999.0
RCSN2404,복리후생비_식음료대,2024-07-01,56817.0
RCPU2414,복리후생비_식음료대,2024-07-01,55908.0
RTOH3300,복리후생비_식음료대,2024-07-01,1769396.0
RTPU2413,복리후생비_식음료대,2024-07-01,391860.0
RTPU2411,복리후생비_식음료대,2024-07-01,71363.0
RXPU2406,복리후생비_식음료대,2024-07-01,362557.0
RXPI2405,복리후생비_식음료대,2024-07-01,48000.0
RCPU2421,복리후생비_식음료대,2024-07-01,59090.0
RTPU2422,복리후생비_식음료대,2024-07-01,16272.0
RCPU2419,복리후생비_식음료대,2024-07-01,27545.0
RTPU2435,복리후생비_식음료대,2024-07-01,10272.0
RXPU2407,복리후생비_식음료대,2024-07-01,826087.0
RCSN2401,복리후생비_식음료대,2024-07-01,26818.0
RCPU2420,복리후생비_식음료대,2024-07-01,220267.0
RXOH3200,복리후생비_식음료대,2024-07-01,362084.0
RCPU2423,복리후생비_식음료대,2024-07-01,295459.0
RTPU2433,복리후생비_식음료대,2024-07-01,54634.0
RCPU2413,복리후생비_식음료대,2024-07-01,96089.0
RCSN2413,복리후생비_식음료대,2024-07-01,151475.0
RTPU2421,복리후생비_식음료대,2024-07-01,554446.0
RTPU2434,복리후생비_식음료대,2024-07-01,122272.0
RROH3400,복리후생비_식음료대,2024-07-01,1887343.0
RXPU2409,복리후생비_식음료대,2024-07-01,120635.0
RCPU2415,복리후생비_식음료대,2024-07-01,880942.0
RCSN2403,복리후생비_식음료대,2024-07-01,40227.0
RCPU2405,복리후생비_식음료대,2024-07-01,3181.0
RTPU2414,복리후생비_식음료대,2024-07-01,11820.0
RCSN2412,복리후생비_식음료대,2024-07-01,262245.0
RTPU2425,복리후생비_식음료대,2024-07-01,373599.0
RCSN2414,복리후생비_식음료대,2024-07-01,117480.0
RXPU2408,복리후생비_식음료대,2024-07-01,200121.0
RCSN2406,복리후생비_식음료대,2024-07-01,53180.0
RTSO2401,복리후생비_식음료대,2024-07-01,407284.0
RXPU2408,복리후생비_회식대,2024-07-01,21454.0
RROH3400,복리후생비_회식대,2024-07-01,330180.0
RXPU2406,복리후생비_회식대,2024-07-01,202453.0
RTOH3300,복리후생비_회식대,2024-07-01,432179.0
RCOH3100,복리후생비_회식대,2024-07-01,422480.0
RXOH3200,복리후생비_회식대,2024-07-01,535630.0
RCSN2404,복리후생비_기타,2024-07-01,-400000.0
RXOH3200,복리후생비_기타,2024-07-01,15900.0
RROH3400,복리후생비_기타,2024-07-01,559669.0
RCOH3100,복리후생비_기타,2024-07-01,1000000.0
RCSN2401,복리후생비_기타,2024-07-01,-400000.0
RCPU2414,여비교통비_야근,2024-07-01,15900.0
RXOH3200,여비교통비_야근,2024-07-01,71600.0
RCPU2420,여비교통비_야근,2024-07-01,79900.0
RCOH3100,여비교통비_야근,2024-07-01,86720.0
RXPU2406,여비교통비_야근,2024-07-01,220000.0
RCPU2418,여비교통비_야근,2024-07-01,41600.0
RTPU2412,여비교통비_야근,2024-07-01,28700.0
RCSN2408,여비교통비_야근,2024-07-01,12800.0
RTOH3300,여비교통비_야근,2024-07-01,132700.0
RXPU2408,여비교통비_야근,2024-07-01,327100.0
RTPU2425,여비교통비_야근,2024-07-01,25900.0
RCSN2406,여비교통비_야근,2024-07-01,8800.0
RTSO2401,여비교통비_야근,2024-07-01,81700.0
RXPU2409,여비교통비_야근,2024-07-01,47000.0
RCPU2423,여비교통비_야근,2024-07-01,77900.0
RXPU2407,여비교통비_야근,2024-07-01,12900.0
RTPU2421,여비교통비_야근,2024-07-01,92100.0
RCPU2413,여비교통비_야근,2024-07-01,7200.0
RROH3400,여비교통비_야근,2024-07-01,290700.0
RCPU2415,여비교통비_야근,2024-07-01,313500.0
RCSN2406,여비교통비_외근,2024-07-01,10200.0
RCPU2420,여비교통비_외근,2024-07-01,15800.0
RROH3400,여비교통비_외근,2024-07-01,1301600.0
RCSN2413,여비교통비_외근,2024-07-01,24300.0
RTPU2433,여비교통비_외근,2024-07-01,8000.0
RCPU2423,여비교통비_외근,2024-07-01,95700.0
RCSN2402,여비교통비_외근,2024-07-01,35600.0
RCPU2405,여비교통비_외근,2024-07-01,34100.0
RCSN2405,여비교통비_외근,2024-07-01,11400.0
RXPI2405,여비교통비_외근,2024-07-01,10400.0
RTPU2411,여비교통비_외근,2024-07-01,66600.0
RXPU2407,여비교통비_외근,2024-07-01,58400.0
RCOH3100,여비교통비_외근,2024-07-01,98000.0
RXPU2406,여비교통비_외근,2024-07-01,15700.0
RCPU2415,여비교통비_외근,2024-07-01,145400.0
RCPU2418,여비교통비_외근,2024-07-01,135900.0
RTPU2421,여비교통비_외근,2024-07-01,152700.0
RTPU2434,여비교통비_외근,2024-07-01,64900.0
RTPU2412,여비교통비_외근,2024-07-01,217460.0
RTPU2432,여비교통비_외근,2024-07-01,17800.0
RXPU2408,여비교통비_외근,2024-07-01,55900.0
RCPU2421,여비교통비_외근,2024-07-01,23000.0
RTPU2413,여비교통비_외근,2024-07-01,85300.0
RCPU2413,여비교통비_외근,2024-07-01,33800.0
RXOH3200,여비교통비_외근,2024-07-01,147900.0
RTSO2401,여비교통비_외근,2024-07-01,409400.0
RXPU2409,여비교통비_외근,2024-07-01,53600.0
RCPU2414,여비교통비_외근,2024-07-01,36900.0
RTOH3300,여비교통비_외근,2024-07-01,1280230.0
RCSN2412,여비교통비_외근,2024-07-01,34300.0
RCPU2419,여비교통비_외근,2024-07-01,42200.0
RTPU2425,여비교통비_외근,2024-07-01,331360.0
RCSO2415,여비교통비_외근,2024-07-01,115300.0
RROH3400,여비교통비_국내출장,2024-07-01,29900.0
RTPU2412,여비교통비_국내출장,2024-07-01,1486026.0
RCPU2413,여비교통비_국내출장,2024-07-01,279300.0
RCSN2402,여비교통비_국내출장,2024-07-01,231000.0
RTSO2401,여비교통비_국내출장,2024-07-01,2164400.0
RTOH3300,여비교통비_국내출장,2024-07-01,386100.0
RTPU2421,여비교통비_국내출장,2024-07-01,1704829.0
RCOH3100,여비교통비_국내출장,2024-07-01,24000.0
RCPU2421,여비교통비_국내출장,2024-07-01,1040600.0
RCPU2415,여비교통비_국내출장,2024-07-01,195000.0
RCPU2416,여비교통비_국내출장,2024-07-01,36900.0
RCSN2408,여비교통비_국내출장,2024-07-01,454400.0
RCPU2418,여비교통비_국내출장,2024-07-01,2798991.0
RTPU2413,여비교통비_국내출장,2024-07-01,298216.0
RTPU2435,여비교통비_국내출장,2024-07-01,132950.0
RCPU2423,여비교통비_국내출장,2024-07-01,106000.0
RXOH3200,여비교통비_개인차량사용료,2024-07-01,160000.0
RROH3400,여비교통비_개인차량사용료,2024-07-01,833783.0
RTPU2425,여비교통비_개인차량사용료,2024-07-01,140000.0
RTPU2432,여비교통비_개인차량사용료,2024-07-01,170000.0
RTPU2413,여비교통비_개인차량사용료,2024-07-01,69000.0
RTOH3300,여비교통비_개인차량사용료,2024-07-01,270000.0
RCPU2415,여비교통비_기타,2024-07-01,6200.0
RROH3400,접대비,2024-07-01,7832870.0
RXOH3200,접대비,2024-07-01,79000.0
RCPU2419,접대비,2024-07-01,114000.0
RTSO2401,접대비,2024-07-01,157500.0
RTOH3300,접대비,2024-07-01,1052500.0
RXPU2409,접대비,2024-07-01,35000.0
RXPU2407,접대비,2024-07-01,59000.0
RTPU2421,통신비,2024-07-01,41300.0
RXPU2406,통신비,2024-07-01,46460.0
RTPU2412,통신비,2024-07-01,6050.0
RXPI2405,통신비,2024-07-01,30000.0
RCSO2415,통신비,2024-07-01,101000.0
RCPU2419,통신비,2024-07-01,4950.0
RCSN2405,통신비,2024-07-01,34400.0
RTPU2411,통신비,2024-07-01,8800.0
RTPU2434,통신비,2024-07-01,6050.0
RROH3400,통신비,2024-07-01,14760.0
RTOH3300,지급임차료_창고,2024-07-01,1000000.0
RTSO2401,지급임차료_창고,2024-07-01,6273000.0
RCOH3100,지급임차료_창고,2024-07-01,7270000.0
RXOH3200,지급임차료_창고,2024-07-01,2250000.0
RCSN2403,지급임차료_스테이션,2024-07-01,3285587.0
RCSN2402,지급임차료_스테이션,2024-07-01,5316815.0
RCSN2407,지급임차료_스테이션,2024-07-01,3135358.0
RCSN2416,지급임차료_스테이션,2024-07-01,3750966.0
RCSN2406,지급임차료_스테이션,2024-07-01,3110455.0
RCSN2404,지급임차료_스테이션,2024-07-01,4301988.0
RCSN2401,지급임차료_스테이션,2024-07-01,2768014.0
RTPU2413,보험료_프로젝트,2024-07-01,899000.0
RTSO2401,보험료_프로젝트,2024-07-01,3064000.0
RXPU2407,보험료_프로젝트,2024-07-01,322400.0
RXPU2408,보험료_프로젝트,2024-07-01,1134000.0
RCPU2416,보험료_프로젝트,2024-07-01,302000.0
RCPU2423,보험료_프로젝트,2024-07-01,337000.0
RXPU2407,차량유지비_유류대,2024-07-01,50000.0
RCOH3100,차량유지비_유류대,2024-07-01,197000.0
RCSN2405,차량유지비_기타,2024-07-01,3000.0
RCSN2411,차량유지비_기타,2024-07-01,7500.0
RCSN2407,차량유지비_기타,2024-07-01,2000.0
RCPU2415,차량유지비_기타,2024-07-01,55000.0
RXPU2407,운반비_사업본부,2024-07-01,645500.0
RCPU2413,운반비_사업본부,2024-07-01,8300.0
RCSN2403,운반비_사업본부,2024-07-01,25000.0
RCOH3100,운반비_사업본부,2024-07-01,8011798.0
RCSN2402,운반비_사업본부,2024-07-01,25000.0
RXPI2405,운반비_사업본부,2024-07-01,325572.0
RCSN2404,운반비_사업본부,2024-07-01,25000.0
RCSN2401,운반비_사업본부,2024-07-01,55000.0
RXPU2406,운반비_사업본부,2024-07-01,130000.0
RCSN2414,운반비_사업본부,2024-07-01,45500.0
RCSO2415,운반비_사업본부,2024-07-01,119800.0
RTPU2425,운반비_사업본부,2024-07-01,35000.0
RCOH3100,교육훈련비,2024-07-01,15000.0
RCOH3100,도서인쇄비_도서구매,2024-07-01,17800.0
RTPU2432,도서인쇄비_행사출력물,2024-07-01,86944.0
RXPI2405,도서인쇄비_행사출력물,2024-07-01,104000.0
RXOH3200,도서인쇄비_행사출력물,2024-07-01,220000.0
RCPU2410,도서인쇄비_행사출력물,2024-07-01,32727.0
RCPU2418,도서인쇄비_행사출력물,2024-07-01,1909.0
RTPU2421,도서인쇄비_행사출력물,2024-07-01,90909.0
RTPU2425,도서인쇄비_행사출력물,2024-07-01,96363.0
RXPI2405,소모품비_현장,2024-07-01,634996.0
RTPU2413,소모품비_현장,2024-07-01,565330.0
RCOH3100,소모품비_현장,2024-07-01,211842.0
RTSO2401,소모품비_현장,2024-07-01,7804717.0
RXPU2407,소모품비_현장,2024-07-01,1230667.0
RCSN2412,소모품비_현장,2024-07-01,43000.0
RXPU2408,소모품비_현장,2024-07-01,896760.0
RCSN2413,소모품비_현장,2024-07-01,159318.0
RTPU2435,소모품비_현장,2024-07-01,456095.0
RCPU2418,소모품비_현장,2024-07-01,1239560.0
RTPU2432,소모품비_현장,2024-07-01,88543.0
RCSN2403,소모품비_현장,2024-07-01,15990.0
RCPU2413,소모품비_현장,2024-07-01,228535.0
RTPU2434,소모품비_현장,2024-07-01,105816.0
RTPU2412,소모품비_현장,2024-07-01,902850.0
RCPU2420,소모품비_현장,2024-07-01,19636.0
RTOH3300,소모품비_현장,2024-07-01,57917.0
RCSN2405,소모품비_현장,2024-07-01,84636.0
RCSN2404,소모품비_현장,2024-07-01,23640.0
RCPU2423,소모품비_현장,2024-07-01,436750.0
RCPU2416,소모품비_현장,2024-07-01,16690.0
RCPU2422,소모품비_현장,2024-07-01,-18091.0
RTPU2425,소모품비_현장,2024-07-01,1284374.0
RCPU2415,소모품비_현장,2024-07-01,1468972.0
RCPU2414,소모품비_현장,2024-07-01,127272.0
RTPU2414,소모품비_현장,2024-07-01,37081.0
RCSN2414,소모품비_현장,2024-07-01,56181.0
RXPU2406,소모품비_현장,2024-07-01,45454.0
RTPU2421,소모품비_현장,2024-07-01,682611.0
RCPU2421,소모품비_현장,2024-07-01,2567816.0
RCSN2401,소모품비_현장,2024-07-01,26721.0
RCSN2413,지급수수료_운영인건비,2024-07-01,5305000.0
RXPU2406,지급수수료_운영인건비,2024-07-01,4.5262618E7
RTOH3300,지급수수료_운영인건비,2024-07-01,2653226.0
RXPU2407,지급수수료_운영인건비,2024-07-01,1.88426E7
RCPU2418,지급수수료_운영인건비,2024-07-01,836500.0
RCPU2415,지급수수료_운영인건비,2024-07-01,1.90636E7
RCSN2404,지급수수료_운영인건비,2024-07-01,19800.0
RCPU2413,지급수수료_운영인건비,2024-07-01,7332100.0
RCPU2423,지급수수료_운영인건비,2024-07-01,4565000.0
RCPU2414,지급수수료_운영인건비,2024-07-01,1680000.0
RTPU2410,지급수수료_운영인건비,2024-07-01,1420000.0
RTPU2417,지급수수료_도급인건비,2024-07-01,1.2E7
RXPU2408,지급수수료_도급인건비,2024-07-01,600000.0
RXPU2406,지급수수료_도급인건비,2024-07-01,2.81745E7
RXPI2405,지급수수료_도급인건비,2024-07-01,6.3729855E7
RTPU2420,지급수수료_도급인건비,2024-07-01,1000000.0
RTPU2421,지급수수료_도급인건비,2024-07-01,3.25E7
RTPU2410,지급수수료_도급인건비,2024-07-01,1152000.0
RXPU2409,지급수수료_디자인,2024-07-01,468540.0
RTPU2410,지급수수료_디자인,2024-07-01,8000000.0
RTPU2420,지급수수료_디자인,2024-07-01,1500000.0
RTOH3300,지급수수료_서비스이용료,2024-07-01,50000.0
RTPU2410,지급수수료_서비스이용료,2024-07-01,500000.0
RCPU2411,지급수수료_서비스이용료,2024-07-01,202529.0
RCPU2410,지급수수료_서비스이용료,2024-07-01,353781.0
RTPU2421,지급수수료_서비스이용료,2024-07-01,500000.0
RCOH3100,지급수수료_서비스이용료,2024-07-01,50000.0
RTPU2432,지급수수료_서비스이용료,2024-07-01,1327273.0
RXOH3200,지급수수료_서비스이용료,2024-07-01,215806.0
RTPU2432,지급수수료_공간수수료,2024-07-01,2873000.0
RTSO2401,지급수수료_공간수수료,2024-07-01,7500000.0
RTPU2433,지급수수료_공간수수료,2024-07-01,2500000.0
RTPU2413,지급수수료_공간수수료,2024-07-01,1.9E7
RTPU2422,지급수수료_공간수수료,2024-07-01,1.725E7
RXPI2405,지급수수료_공간수수료,2024-07-01,4.1738002E7
RTPU2410,지급수수료_시공,2024-07-01,3.0E7
RCPU2410,지급수수료_시공,2024-07-01,1.18181819E8
RCPU2415,지급수수료_시공,2024-07-01,1.2181818E7
RTPU2422,지급수수료_광고비,2024-07-01,2.5227E7
RTPU2421,지급수수료_광고비,2024-07-01,900000.0
RTPU2410,지급수수료_물품대여,2024-07-01,9366000.0
RTPU2421,지급수수료_물품대여,2024-07-01,1.25E7
RTPU2413,지급수수료_물품대여,2024-07-01,8560000.0
RTPU2432,지급수수료_물품대여,2024-07-01,270000.0
RTPU2409,지급수수료_물품대여,2024-07-01,378000.0
RCPU2418,지급수수료_물품대여,2024-07-01,107798.0
RTPU2411,지급수수료_물품대여,2024-07-01,5774000.0
RTPU2425,지급수수료_물품대여,2024-07-01,3157200.0
RXPU2407,지급수수료_물품대여,2024-07-01,54000.0
RTSO2401,지급수수료_물품대여,2024-07-01,2723000.0
RCPU2415,지급수수료_물품대여,2024-07-01,100000.0
RTPU2434,지급수수료_물품대여,2024-07-01,1350000.0
RTPU2410,지급수수료_제작비,2024-07-01,7.6913182E7
RXPU2407,지급수수료_제작비,2024-07-01,1640000.0
RTPU2411,지급수수료_제작비,2024-07-01,3420000.0
RCPU2414,지급수수료_제작비,2024-07-01,6715000.0
RCOH3100,지급수수료_제작비,2024-07-01,800000.0
RTPU2421,지급수수료_제작비,2024-07-01,2200000.0
RTSO2401,지급수수료_제작비,2024-07-01,2000000.0
RCSN2401,지급수수료_제작비,2024-07-01,52000.0
RTPU2432,지급수수료_제작비,2024-07-01,1826499.0
RTPU2434,지급수수료_제작비,2024-07-01,430909.0
RTPU2413,지급수수료_제작비,2024-07-01,1779273.0
RTPU2418,지급수수료_제작비,2024-07-01,2250000.0
RTSO2402,지급수수료_제작비,2024-07-01,8900000.0
RTPU2420,지급수수료_제작비,2024-07-01,2.8E7
RCPU2420,지급수수료_제작비,2024-07-01,4.33E7
RXPU2408,지급수수료_제작비,2024-07-01,1860000.0
RTPU2414,지급수수료_제작비,2024-07-01,2920000.0
RTOH3300,지급수수료_Working Tool,2024-07-01,92559.0
RCSO2402,지급수수료_기타,2024-07-01,27165.0
RTPU2413,지급수수료_기타,2024-07-01,600000.0
RCSN2401,지급수수료_기타,2024-07-01,25000.0
RXPI2405,지급수수료_기타,2024-07-01,230000.0
RCSO2415,지급수수료_기타,2024-07-01,22000.0
RCOH3100,지급수수료_기타,2024-07-01,26364.0
RCSO2415,지급수수료_라이선스,2024-07-01,7635670.0
RXOH3200,직원급여_본사,2024-08-01,3.946707E7
RCOH3100,직원급여_본사,2024-08-01,5.0251666E7
RROH3400,직원급여_본사,2024-08-01,4.5889676E7
RTOH3300,직원급여_본사,2024-08-01,4.9973441E7
RCSN2414,직원급여_매장,2024-08-01,1.8847349E7
RCSN2404,직원급여_매장,2024-08-01,7376743.0
RCSN2401,직원급여_매장,2024-08-01,6481780.0
RCSN2413,직원급여_매장,2024-08-01,8953959.0
RCSN2402,직원급여_매장,2024-08-01,7490581.0
RCSN2412,직원급여_매장,2024-08-01,9635000.0
RCSN2403,직원급여_매장,2024-08-01,4020120.0
RCSN2405,직원급여_매장,2024-08-01,6899805.0
RXOH3200,퇴직급여_본사,2024-08-01,6187232.0
RROH3400,퇴직급여_본사,2024-08-01,3433206.0
RTSO2401,복리후생비_식음료대,2024-08-01,1115950.0
RTOH3300,복리후생비_식음료대,2024-08-01,745500.0
RCSN2408,복리후생비_식음료대,2024-08-01,80500.0
RTPU2433,복리후생비_식음료대,2024-08-01,41800.0
RXOH3200,복리후생비_식음료대,2024-08-01,195000.0
RCSN2402,복리후생비_식음료대,2024-08-01,66900.0
RXPU2411,복리후생비_식음료대,2024-08-01,45300.0
RTPU2435,복리후생비_식음료대,2024-08-01,80400.0
RCSN2414,복리후생비_식음료대,2024-08-01,135000.0
RTPU2425,복리후생비_식음료대,2024-08-01,40200.0
RCPU2418,복리후생비_식음료대,2024-08-01,158760.0
RCSN2401,복리후생비_식음료대,2024-08-01,101100.0
RCPU2421,복리후생비_식음료대,2024-08-01,1339510.0
RROH3400,복리후생비_식음료대,2024-08-01,1707500.0
RXPI2405,복리후생비_식음료대,2024-08-01,543200.0
RTPU2437,복리후생비_식음료대,2024-08-01,67500.0
RXPU2409,복리후생비_식음료대,2024-08-01,1135250.0
RXPU2408,복리후생비_식음료대,2024-08-01,88500.0
RTPU2421,복리후생비_식음료대,2024-08-01,567050.0
RCSN2404,복리후생비_식음료대,2024-08-01,8360.0
RTPU2413,복리후생비_식음료대,2024-08-01,266800.0
RCGD2401,복리후생비_식음료대,2024-08-01,4500.0
RXPU2407,복리후생비_식음료대,2024-08-01,25300.0
RCSN2403,복리후생비_식음료대,2024-08-01,115200.0
RTPU2429,복리후생비_식음료대,2024-08-01,98000.0
RCGD2403,복리후생비_식음료대,2024-08-01,6000.0
RCOH3100,복리후생비_식음료대,2024-08-01,133000.0
RCPU2425,복리후생비_식음료대,2024-08-01,563120.0
RTPU2438,복리후생비_식음료대,2024-08-01,358700.0
RTPU2412,복리후생비_식음료대,2024-08-01,859000.0
RTPU2422,복리후생비_식음료대,2024-08-01,57000.0
RTPU2414,복리후생비_식음료대,2024-08-01,648970.0
RCSN2412,복리후생비_식음료대,2024-08-01,218600.0
RCSN2405,복리후생비_식음료대,2024-08-01,79400.0
RCPU2420,복리후생비_식음료대,2024-08-01,478500.0
RCOH3100,복리후생비_회식대,2024-08-01,694900.0
RXPU2410,복리후생비_회식대,2024-08-01,12700.0
RXPU2411,복리후생비_회식대,2024-08-01,17100.0
RXPU2409,복리후생비_회식대,2024-08-01,806700.0
RROH3400,복리후생비_회식대,2024-08-01,58500.0
RXPU2407,복리후생비_회식대,2024-08-01,59000.0
RXOH3200,복리후생비_회식대,2024-08-01,368200.0
RTOH3300,복리후생비_회식대,2024-08-01,734400.0
RCOH3100,복리후생비_기타,2024-08-01,38209.0
RXPI2405,복리후생비_기타,2024-08-01,195000.0
RCPU2421,복리후생비_기타,2024-08-01,25000.0
RROH3400,복리후생비_기타,2024-08-01,53000.0
RCPU2420,여비교통비_야근,2024-08-01,121000.0
RXPU2409,여비교통비_야근,2024-08-01,295000.0
RCPU2421,여비교통비_야근,2024-08-01,122500.0
RXPU2407,여비교통비_야근,2024-08-01,13800.0
RCPU2419,여비교통비_야근,2024-08-01,27300.0
RTPU2433,여비교통비_야근,2024-08-01,26300.0
RTOH3300,여비교통비_야근,2024-08-01,85500.0
RCOH3100,여비교통비_야근,2024-08-01,108000.0
RXPU2408,여비교통비_야근,2024-08-01,24700.0
RCPU2425,여비교통비_야근,2024-08-01,28100.0
RXOH3200,여비교통비_야근,2024-08-01,37100.0
RTPU2414,여비교통비_야근,2024-08-01,11800.0
RTSO2401,여비교통비_야근,2024-08-01,49000.0
RTPU2440,여비교통비_야근,2024-08-01,46300.0
RTPU2412,여비교통비_야근,2024-08-01,98400.0
RCPU2418,여비교통비_야근,2024-08-01,29100.0
RCSN2414,여비교통비_야근,2024-08-01,43200.0
RTPU2438,여비교통비_야근,2024-08-01,66200.0
RROH3400,여비교통비_야근,2024-08-01,23800.0
RCSN2402,여비교통비_외근,2024-08-01,68000.0
RXPU2411,여비교통비_외근,2024-08-01,77300.0
RCPU2425,여비교통비_외근,2024-08-01,154400.0
RTPU2413,여비교통비_외근,2024-08-01,160600.0
RCGD2401,여비교통비_외근,2024-08-01,15700.0
RTPU2429,여비교통비_외근,2024-08-01,37600.0
RTPU2436,여비교통비_외근,2024-08-01,43100.0
RCPU2418,여비교통비_외근,2024-08-01,68700.0
RCPU2421,여비교통비_외근,2024-08-01,356780.0
RXPU2410,여비교통비_외근,2024-08-01,6900.0
RTPU2442,여비교통비_외근,2024-08-01,75830.0
RROH3400,여비교통비_외근,2024-08-01,1849900.0
RTPU2437,여비교통비_외근,2024-08-01,62600.0
RCPU2419,여비교통비_외근,2024-08-01,40900.0
RXOH3200,여비교통비_외근,2024-08-01,82400.0
RTPU2438,여비교통비_외근,2024-08-01,48300.0
RCSN2408,여비교통비_외근,2024-08-01,43700.0
RXPU2409,여비교통비_외근,2024-08-01,409600.0
RCPU2420,여비교통비_외근,2024-08-01,130300.0
RCPU2429,여비교통비_외근,2024-08-01,28300.0
RTOH3300,여비교통비_외근,2024-08-01,2037500.0
RCOH3100,여비교통비_외근,2024-08-01,151800.0
RXPI2405,여비교통비_외근,2024-08-01,36700.0
RCSN2404,여비교통비_외근,2024-08-01,5000.0
RTPU2425,여비교통비_외근,2024-08-01,40800.0
RCPU2424,여비교통비_외근,2024-08-01,52500.0
RCSN2412,여비교통비_외근,2024-08-01,73000.0
RTPU2435,여비교통비_외근,2024-08-01,739300.0
RCGD2403,여비교통비_외근,2024-08-01,26900.0
RCSN2401,여비교통비_외근,2024-08-01,23700.0
RTPU2412,여비교통비_외근,2024-08-01,359100.0
RXPU2408,여비교통비_외근,2024-08-01,11000.0
RTPU2414,여비교통비_외근,2024-08-01,412460.0
RCSN2405,여비교통비_외근,2024-08-01,16800.0
RTPU2421,여비교통비_외근,2024-08-01,427100.0
RTSO2401,여비교통비_외근,2024-08-01,333800.0
RXPU2407,여비교통비_외근,2024-08-01,20000.0
RCPU2418,여비교통비_국내출장,2024-08-01,164900.0
RCPU2421,여비교통비_국내출장,2024-08-01,1508560.0
RTPU2413,여비교통비_국내출장,2024-08-01,4200000.0
RCPU2425,여비교통비_국내출장,2024-08-01,157500.0
RTSO2401,여비교통비_국내출장,2024-08-01,1835765.0
RROH3400,여비교통비_국내출장,2024-08-01,537310.0
RTPU2412,여비교통비_국내출장,2024-08-01,46700.0
RTPU2421,여비교통비_국내출장,2024-08-01,39200.0
RTOH3300,여비교통비_국내출장,2024-08-01,408200.0
RCSN2413,여비교통비_국내출장,2024-08-01,400.0
RTPU2435,여비교통비_국내출장,2024-08-01,1181800.0
RCSN2402,여비교통비_국내출장,2024-08-01,521600.0
RROH3400,여비교통비_개인차량사용료,2024-08-01,882352.0
RTPU2425,여비교통비_개인차량사용료,2024-08-01,49750.0
RCPU2425,여비교통비_개인차량사용료,2024-08-01,5971.0
RTPU2433,여비교통비_개인차량사용료,2024-08-01,49750.0
RTOH3300,여비교통비_개인차량사용료,2024-08-01,69650.0
RCPU2421,여비교통비_개인차량사용료,2024-08-01,5446.0
RROH3400,여비교통비_기타,2024-08-01,28900.0
RROH3400,접대비,2024-08-01,5518500.0
RXPU2409,접대비,2024-08-01,151000.0
RTPU2435,접대비,2024-08-01,200000.0
RXOH3200,접대비,2024-08-01,51000.0
RCSN2401,접대비,2024-08-01,177000.0
RTOH3300,접대비,2024-08-01,25000.0
RTPU2425,통신비,2024-08-01,3900.0
RCSO2415,통신비,2024-08-01,41500.0
RTPU2421,통신비,2024-08-01,6050.0
RCSN2405,통신비,2024-08-01,35100.0
RROH3400,통신비,2024-08-01,17000.0
RTPU2434,통신비,2024-08-01,6050.0
RTOH3300,통신비,2024-08-01,8350.0
RXPI2405,통신비,2024-08-01,15120.0
RTPU2421,지급임차료_창고,2024-08-01,4000000.0
RTOH3300,지급임차료_창고,2024-08-01,1000000.0
RCOH3100,지급임차료_창고,2024-08-01,7880000.0
RCSN2403,지급임차료_스테이션,2024-08-01,2748707.0
RCSN2416,지급임차료_스테이션,2024-08-01,3745279.0
RCSN2402,지급임차료_스테이션,2024-08-01,4611568.0
RCSN2401,지급임차료_스테이션,2024-08-01,4445391.0
RCSN2406,지급임차료_스테이션,2024-08-01,1.2362636E7
RXPU2411,보험료_프로젝트,2024-08-01,62680.0
RTPU2435,보험료_프로젝트,2024-08-01,291000.0
RTPU2433,보험료_프로젝트,2024-08-01,1209000.0
RXPU2410,보험료_프로젝트,2024-08-01,1184000.0
RTSO2401,보험료_프로젝트,2024-08-01,2086900.0
RXPU2409,보험료_프로젝트,2024-08-01,2748000.0
RROH3400,보험료_기타,2024-08-01,15000.0
RCPU2420,차량유지비_유류대,2024-08-01,30000.0
RXPU2409,차량유지비_유류대,2024-08-01,78079.0
RXOH3200,차량유지비_유류대,2024-08-01,120000.0
RCOH3100,차량유지비_유류대,2024-08-01,179218.0
RCSN2405,차량유지비_기타,2024-08-01,3900.0
RXPU2409,차량유지비_기타,2024-08-01,9600.0
RXPI2405,운반비_사업본부,2024-08-01,80000.0
RTPU2414,운반비_사업본부,2024-08-01,746000.0
RTPU2413,운반비_사업본부,2024-08-01,810000.0
RXPU2410,운반비_사업본부,2024-08-01,17200.0
RCSN2412,운반비_사업본부,2024-08-01,16000.0
RTPU2433,운반비_사업본부,2024-08-01,67000.0
RTPU2440,운반비_사업본부,2024-08-01,14000.0
RXPU2409,운반비_사업본부,2024-08-01,3115880.0
RTPU2401,운반비_사업본부,2024-08-01,190000.0
RROH3400,운반비_사업본부,2024-08-01,67300.0
RCSN2405,운반비_사업본부,2024-08-01,35000.0
RCSO2415,운반비_사업본부,2024-08-01,43300.0
RCSN2414,운반비_사업본부,2024-08-01,23000.0
RTPU2421,운반비_사업본부,2024-08-01,980000.0
RTPU2412,운반비_사업본부,2024-08-01,7323000.0
RXPU2407,운반비_사업본부,2024-08-01,280000.0
RTSO2401,운반비_사업본부,2024-08-01,1010000.0
RXOH3200,교육훈련비,2024-08-01,550000.0
RCPU2415,도서인쇄비_행사출력물,2024-08-01,32727.0
RXPU2408,도서인쇄비_행사출력물,2024-08-01,40544.0
RXPU2409,도서인쇄비_행사출력물,2024-08-01,174636.0
RXPU2410,도서인쇄비_행사출력물,2024-08-01,648400.0
RTOH3300,도서인쇄비_행사출력물,2024-08-01,126363.0
RROH3400,도서인쇄비_행사출력물,2024-08-01,176990.0
RTPU2433,도서인쇄비_행사출력물,2024-08-01,1820300.0
RCPU2421,도서인쇄비_행사출력물,2024-08-01,13684.0
RCSN2404,소모품비_현장,2024-08-01,37615.0
RCPU2429,소모품비_현장,2024-08-01,101454.0
RCSN2401,소모품비_현장,2024-08-01,333035.0
RTPU2435,소모품비_현장,2024-08-01,725633.0
RTSO2401,소모품비_현장,2024-08-01,3611236.0
RTPU2413,소모품비_현장,2024-08-01,56454.0
RCSN2403,소모품비_현장,2024-08-01,1098135.0
RCSN2414,소모품비_현장,2024-08-01,138665.0
RXPU2410,소모품비_현장,2024-08-01,6399061.0
RCPU2425,소모품비_현장,2024-08-01,109999.0
RCSN2405,소모품비_현장,2024-08-01,112463.0
RCSN2412,소모품비_현장,2024-08-01,88454.0
RTPU2414,소모품비_현장,2024-08-01,3579785.0
RXPI2405,소모품비_현장,2024-08-01,525280.0
RCSN2402,소모품비_현장,2024-08-01,71790.0
RROH3400,소모품비_현장,2024-08-01,39100.0
RCPU2418,소모품비_현장,2024-08-01,314263.0
RXPU2409,소모품비_현장,2024-08-01,2280648.0
RCSN2413,소모품비_현장,2024-08-01,151690.0
RTPU2440,소모품비_현장,2024-08-01,1199454.0
RTPU2433,소모품비_현장,2024-08-01,1506152.0
RTPU2421,소모품비_현장,2024-08-01,151162.0
RTPU2412,소모품비_현장,2024-08-01,213034.0
RCOH3100,소모품비_현장,2024-08-01,75572.0
RTPU2438,소모품비_현장,2024-08-01,602607.0
RCPU2420,소모품비_현장,2024-08-01,3131747.0
RTPU2429,소모품비_현장,2024-08-01,3140178.0
RXPU2408,소모품비_현장,2024-08-01,17036.0
RCPU2421,소모품비_현장,2024-08-01,7029019.0
RTPU2425,소모품비_현장,2024-08-01,4545.0
RCSO2415,소모품비_현장,2024-08-01,161926.0
RTPU2434,지급수수료_운영인건비,2024-08-01,990000.0
RCPU2421,지급수수료_운영인건비,2024-08-01,3212500.0
RTSO2401,지급수수료_운영인건비,2024-08-01,810000.0
RTPU2425,지급수수료_운영인건비,2024-08-01,2.1E7
RXOH3200,지급수수료_운영인건비,2024-08-01,400000.0
RXPU2407,지급수수료_운영인건비,2024-08-01,7.8599425E7
RXPU2410,지급수수료_운영인건비,2024-08-01,200000.0
RCSN2413,지급수수료_운영인건비,2024-08-01,4512000.0
RCSN2401,지급수수료_운영인건비,2024-08-01,2455200.0
RXPI2405,지급수수료_운영인건비,2024-08-01,1060000.0
RXPU2408,지급수수료_운영인건비,2024-08-01,1.021E7
RCPU2419,지급수수료_운영인건비,2024-08-01,890300.0
RCPU2416,지급수수료_운영인건비,2024-08-01,3230400.0
RCSN2403,지급수수료_운영인건비,2024-08-01,1131935.0
RCPU2424,지급수수료_운영인건비,2024-08-01,1150000.0
RXPU2409,지급수수료_운영인건비,2024-08-01,5786000.0
RTPU2411,지급수수료_운영인건비,2024-08-01,2347000.0
RTPU2432,지급수수료_운영인건비,2024-08-01,760000.0
RCPU2418,지급수수료_운영인건비,2024-08-01,1.69356E7
RTPU2412,지급수수료_도급인건비,2024-08-01,3.25E7
RTPU2432,지급수수료_도급인건비,2024-08-01,5900000.0
RXPU2409,지급수수료_도급인건비,2024-08-01,2546800.0
RTPU2410,지급수수료_도급인건비,2024-08-01,1.099E8
RXPI2405,지급수수료_도급인건비,2024-08-01,2.3852573E7
RTPU2435,지급수수료_도급인건비,2024-08-01,4250000.0
RTPU2439,지급수수료_도급인건비,2024-08-01,2.6064217E7
RXPU2409,지급수수료_디자인,2024-08-01,425946.0
RXPU2411,지급수수료_디자인,2024-08-01,240840.0
RTPU2434,지급수수료_디자인,2024-08-01,1000000.0
RTPU2412,지급수수료_디자인,2024-08-01,4000000.0
RTPU2432,지급수수료_디자인,2024-08-01,1000000.0
RTOH3300,지급수수료_디자인,2024-08-01,1000000.0
RTPU2435,지급수수료_디자인,2024-08-01,1200000.0
RTPU2411,지급수수료_디자인,2024-08-01,1500000.0
RTPU2421,지급수수료_디자인,2024-08-01,3000000.0
RTPU2414,지급수수료_서비스이용료,2024-08-01,858950.0
RXOH3200,지급수수료_서비스이용료,2024-08-01,109328.0
RCOH3100,지급수수료_서비스이용료,2024-08-01,50000.0
RCPU2423,지급수수료_서비스이용료,2024-08-01,216467.0
RXPU2407,지급수수료_서비스이용료,2024-08-01,300909.0
RXPU2410,지급수수료_서비스이용료,2024-08-01,50050.0
RTPU2421,지급수수료_서비스이용료,2024-08-01,500000.0
RTSO2401,지급수수료_서비스이용료,2024-08-01,500000.0
RTPU2425,지급수수료_서비스이용료,2024-08-01,357683.0
RCPU2415,지급수수료_서비스이용료,2024-08-01,299466.0
RTOH3300,지급수수료_서비스이용료,2024-08-01,1079824.0
RTPU2429,지급수수료_공간수수료,2024-08-01,1500000.0
RTSO2401,지급수수료_공간수수료,2024-08-01,3750000.0
RTPU2414,지급수수료_공간수수료,2024-08-01,1.4E7
RXPI2405,지급수수료_공간수수료,2024-08-01,1.568726E7
RCPU2420,지급수수료_시공,2024-08-01,1500000.0
RXPU2408,지급수수료_시공,2024-08-01,6.7666E7
RTPU2421,지급수수료_시공,2024-08-01,4.4915E7
RXPU2407,지급수수료_시공,2024-08-01,1100000.0
RCPU2418,지급수수료_시공,2024-08-01,1.63E7
RTPU2432,지급수수료_시공,2024-08-01,3000000.0
RXPU2409,지급수수료_시공,2024-08-01,2.98E8
RTPU2425,지급수수료_시공,2024-08-01,6.0E7
RTPU2435,지급수수료_시공,2024-08-01,3450000.0
RXPU2410,지급수수료_광고비,2024-08-01,2400000.0
RTPU2412,지급수수료_물품대여,2024-08-01,684200.0
RTPU2440,지급수수료_물품대여,2024-08-01,1120000.0
RTSO2401,지급수수료_물품대여,2024-08-01,4019600.0
RCPU2425,지급수수료_물품대여,2024-08-01,500000.0
RCPU2421,지급수수료_물품대여,2024-08-01,618182.0
RCPU2418,지급수수료_물품대여,2024-08-01,3650000.0
RTPU2438,지급수수료_물품대여,2024-08-01,1500000.0
RTPU2435,지급수수료_물품대여,2024-08-01,1700000.0
RXPU2410,지급수수료_물품대여,2024-08-01,1250000.0
RXPU2409,지급수수료_물품대여,2024-08-01,5.1589E7
RTPU2413,지급수수료_물품대여,2024-08-01,6950000.0
RCPU2415,지급수수료_물품대여,2024-08-01,9350000.0
RXPU2408,지급수수료_물품대여,2024-08-01,1300000.0
RXPU2407,지급수수료_물품대여,2024-08-01,610000.0
RTPU2432,지급수수료_물품대여,2024-08-01,1150000.0
RTPU2433,지급수수료_물품대여,2024-08-01,550000.0
RCOH3100,지급수수료_물품대여,2024-08-01,138000.0
RXPI2405,지급수수료_제작비,2024-08-01,488000.0
RTSO2401,지급수수료_제작비,2024-08-01,1760000.0
RTPU2425,지급수수료_제작비,2024-08-01,6800000.0
RTPU2404,지급수수료_제작비,2024-08-01,800000.0
RTPU2411,지급수수료_제작비,2024-08-01,2000000.0
RTPU2438,지급수수료_제작비,2024-08-01,878240.0
RTPU2435,지급수수료_제작비,2024-08-01,30000.0
RCPU2421,지급수수료_제작비,2024-08-01,2490000.0
RTPU2413,지급수수료_제작비,2024-08-01,1.8E7
RTPU2412,지급수수료_제작비,2024-08-01,2.84E7
RXPU2409,지급수수료_제작비,2024-08-01,3650000.0
RXPU2410,지급수수료_제작비,2024-08-01,1.7581E7
RCPU2420,지급수수료_제작비,2024-08-01,2236000.0
RTPU2434,지급수수료_제작비,2024-08-01,2200000.0
RTPU2419,지급수수료_제작비,2024-08-01,5250000.0
RXPU2408,지급수수료_제작비,2024-08-01,8570000.0
RTOH3300,지급수수료_Working Tool,2024-08-01,61600.0
RXOH3200,지급수수료_Working Tool,2024-08-01,28015.0
RXPU2407,지급수수료_기타,2024-08-01,5207000.0
RCPU2427,지급수수료_기타,2024-08-01,13500.0
RCSO2402,지급수수료_기타,2024-08-01,10747.0
RTPU2414,지급수수료_기타,2024-08-01,500000.0
RXPI2405,지급수수료_기타,2024-08-01,92522.0
RXOH3200,지급수수료_기타,2024-08-01,400000.0
RROH3400,직원급여_본사,2024-09-01,5.1019665E7
RXOH3200,직원급여_본사,2024-09-01,2.5188555E7
RCOH3100,직원급여_본사,2024-09-01,5.0890709E7
RTOH3300,직원급여_본사,2024-09-01,4.9052223E7
RCSN2405,직원급여_매장,2024-09-01,6567165.0
RCSN2404,직원급여_매장,2024-09-01,9164048.0
RCSN2403,직원급여_매장,2024-09-01,6242626.0
RCSN2414,직원급여_매장,2024-09-01,1.8871349E7
RCSN2413,직원급여_매장,2024-09-01,1.0777784E7
RCSN2412,직원급여_매장,2024-09-01,1.0139E7
RCSN2401,직원급여_매장,2024-09-01,7166257.0
RCSN2402,직원급여_매장,2024-09-01,7402807.0
RTOH3300,퇴직급여_본사,2024-09-01,4748545.0
RTPU2414,복리후생비_식음료대,2024-09-01,239100.0
RROH3400,복리후생비_식음료대,2024-09-01,2909600.0
RCPU2428,복리후생비_식음료대,2024-09-01,50300.0
RCSN2413,복리후생비_식음료대,2024-09-01,222220.0
RCSN2412,복리후생비_식음료대,2024-09-01,576160.0
RCSN2401,복리후생비_식음료대,2024-09-01,100300.0
RCPU2419,복리후생비_식음료대,2024-09-01,972110.0
RTOH3300,복리후생비_식음료대,2024-09-01,429300.0
RCPU2425,복리후생비_식음료대,2024-09-01,77530.0
RTSO2402,복리후생비_식음료대,2024-09-01,46000.0
RCSN2417,복리후생비_식음료대,2024-09-01,46800.0
RCOH3100,복리후생비_식음료대,2024-09-01,609600.0
RCSN2402,복리후생비_식음료대,2024-09-01,102500.0
RTPU2422,복리후생비_식음료대,2024-09-01,491200.0
RTPU2433,복리후생비_식음료대,2024-09-01,276300.0
RTPU2444,복리후생비_식음료대,2024-09-01,47000.0
RXPU2411,복리후생비_식음료대,2024-09-01,196400.0
RTPU2440,복리후생비_식음료대,2024-09-01,720619.0
RCPU2420,복리후생비_식음료대,2024-09-01,2360390.0
RTPU2437,복리후생비_식음료대,2024-09-01,213700.0
RCSN2408,복리후생비_식음료대,2024-09-01,18000.0
RCPU2433,복리후생비_식음료대,2024-09-01,116900.0
RTPU2410,복리후생비_식음료대,2024-09-01,38000.0
RCPU2424,복리후생비_식음료대,2024-09-01,167100.0
RCGD2403,복리후생비_식음료대,2024-09-01,172600.0
RCPU2423,복리후생비_식음료대,2024-09-01,25000.0
RCSN2414,복리후생비_식음료대,2024-09-01,135010.0
RTPU2442,복리후생비_식음료대,2024-09-01,40700.0
RTSO2401,복리후생비_식음료대,2024-09-01,1355290.0
RXPU2410,복리후생비_식음료대,2024-09-01,428650.0
RXOH3200,복리후생비_식음료대,2024-09-01,321630.0
RCSN2412,복리후생비_회식대,2024-09-01,45000.0
RROH3400,복리후생비_회식대,2024-09-01,771500.0
RTPU2422,복리후생비_회식대,2024-09-01,38100.0
RXOH3200,복리후생비_회식대,2024-09-01,257300.0
RCPU2428,복리후생비_회식대,2024-09-01,14000.0
RTOH3300,복리후생비_회식대,2024-09-01,893100.0
RXPU2411,복리후생비_회식대,2024-09-01,7500.0
RCOH3100,복리후생비_회식대,2024-09-01,162500.0
RXOH3200,복리후생비_기타,2024-09-01,229274.0
RROH3400,복리후생비_기타,2024-09-01,1016111.0
RCOH3100,복리후생비_기타,2024-09-01,100000.0
RCPU2432,여비교통비_야근,2024-09-01,30100.0
RCPU2420,여비교통비_야근,2024-09-01,200400.0
RXPU2410,여비교통비_야근,2024-09-01,23200.0
RCSN2412,여비교통비_야근,2024-09-01,126700.0
RCOH3100,여비교통비_야근,2024-09-01,9900.0
RCPU2433,여비교통비_야근,2024-09-01,25500.0
RROH3400,여비교통비_야근,2024-09-01,163300.0
RCPU2419,여비교통비_야근,2024-09-01,259600.0
RTPU2422,여비교통비_야근,2024-09-01,397320.0
RCSN2413,여비교통비_야근,2024-09-01,69200.0
RTOH3300,여비교통비_야근,2024-09-01,77600.0
RXOH3200,여비교통비_야근,2024-09-01,54300.0
RCPU2427,여비교통비_야근,2024-09-01,46000.0
RTSO2401,여비교통비_야근,2024-09-01,150000.0
RTPU2440,여비교통비_야근,2024-09-01,85500.0
RCPU2424,여비교통비_야근,2024-09-01,17500.0
RXPU2411,여비교통비_야근,2024-09-01,86400.0
RTPU2414,여비교통비_외근,2024-09-01,100400.0
RXPU2411,여비교통비_외근,2024-09-01,82200.0
RCSN2417,여비교통비_외근,2024-09-01,14200.0
RTPU2422,여비교통비_외근,2024-09-01,70700.0
RROH3400,여비교통비_외근,2024-09-01,1665500.0
RXPU2410,여비교통비_외근,2024-09-01,184150.0
RTOH3300,여비교통비_외근,2024-09-01,1012450.0
RCOH3100,여비교통비_외근,2024-09-01,316500.0
RTPU2433,여비교통비_외근,2024-09-01,65000.0
RTPU2437,여비교통비_외근,2024-09-01,131500.0
RCPU2425,여비교통비_외근,2024-09-01,48100.0
RTPU2410,여비교통비_외근,2024-09-01,20600.0
RTSO2401,여비교통비_외근,2024-09-01,310800.0
RCPU2419,여비교통비_외근,2024-09-01,366000.0
RXOH3200,여비교통비_외근,2024-09-01,166600.0
RCSN2402,여비교통비_외근,2024-09-01,43400.0
RTPU2442,여비교통비_외근,2024-09-01,18000.0
RCPU2424,여비교통비_외근,2024-09-01,13800.0
RTPU2440,여비교통비_외근,2024-09-01,324100.0
RCPU2423,여비교통비_외근,2024-09-01,17700.0
RCPU2420,여비교통비_외근,2024-09-01,681140.0
RCPU2433,여비교통비_외근,2024-09-01,146600.0
RCPU2428,여비교통비_외근,2024-09-01,89500.0
RCSN2405,여비교통비_외근,2024-09-01,2000.0
RCSN2412,여비교통비_외근,2024-09-01,47300.0
RCSN2408,여비교통비_외근,2024-09-01,41200.0
RTSO2402,여비교통비_외근,2024-09-01,13800.0
RXOH3200,여비교통비_국내출장,2024-09-01,26400.0
RTOH3300,여비교통비_국내출장,2024-09-01,1585183.0
RCPU2419,여비교통비_국내출장,2024-09-01,488330.0
RCPU2420,여비교통비_국내출장,2024-09-01,1066000.0
RCPU2424,여비교통비_국내출장,2024-09-01,80000.0
RROH3400,여비교통비_국내출장,2024-09-01,451030.0
RTSO2401,여비교통비_국내출장,2024-09-01,2321100.0
RTPU2441,여비교통비_국내출장,2024-09-01,750000.0
RTPU2410,여비교통비_국내출장,2024-09-01,23900.0
RCPU2420,여비교통비_개인차량사용료,2024-09-01,50000.0
RTPU2433,여비교통비_개인차량사용료,2024-09-01,69650.0
RXOH3200,여비교통비_개인차량사용료,2024-09-01,97808.0
RTPU2437,여비교통비_개인차량사용료,2024-09-01,174125.0
RROH3400,여비교통비_개인차량사용료,2024-09-01,851750.0
RTOH3300,여비교통비_개인차량사용료,2024-09-01,99750.0
RROH3400,여비교통비_기타,2024-09-01,22500.0
RTOH3300,접대비,2024-09-01,275400.0
RXPU2410,접대비,2024-09-01,31000.0
RCOH3100,접대비,2024-09-01,401720.0
RROH3400,접대비,2024-09-01,7478210.0
RXOH3200,접대비,2024-09-01,984400.0
RXPU2411,통신비,2024-09-01,3740.0
RCSN2405,통신비,2024-09-01,35900.0
RROH3400,통신비,2024-09-01,12420.0
RCPU2423,통신비,2024-09-01,4500.0
RCSN2412,통신비,2024-09-01,1818.0
RXOH3200,지급임차료_창고,2024-09-01,4500000.0
RTOH3300,지급임차료_창고,2024-09-01,5000000.0
RCOH3100,지급임차료_창고,2024-09-01,1.4248524E7
RCSN2401,지급임차료_스테이션,2024-09-01,2326549.0
RCSN2402,지급임차료_스테이션,2024-09-01,4719091.0
RCSN2404,지급임차료_스테이션,2024-09-01,6501408.0
RCSN2406,지급임차료_스테이션,2024-09-01,6553149.0
RCSN2416,지급임차료_스테이션,2024-09-01,2537116.0
RCSN2403,지급임차료_스테이션,2024-09-01,2534792.0
RCSN2407,지급임차료_스테이션,2024-09-01,3029207.0
RCPU2428,보험료_프로젝트,2024-09-01,631000.0
RTPU2422,보험료_프로젝트,2024-09-01,4841100.0
RCPU2420,보험료_프로젝트,2024-09-01,2954000.0
RCPU2419,보험료_프로젝트,2024-09-01,1463000.0
RXPU2413,보험료_프로젝트,2024-09-01,457000.0
RROH3400,보험료_기타,2024-09-01,16060.0
RXOH3200,보험료_기타,2024-09-01,15000.0
RCPU2420,차량유지비_유류대,2024-09-01,50000.0
RCPU2425,차량유지비_유류대,2024-09-01,80000.0
RCPU2420,차량유지비_통행료,2024-09-01,35000.0
RCPU2420,차량유지비_기타,2024-09-01,13400.0
RCOH3100,운반비_사업본부,2024-09-01,3260000.0
RTPU2432,운반비_사업본부,2024-09-01,251000.0
RTPU2437,운반비_사업본부,2024-09-01,280000.0
RCSN2414,운반비_사업본부,2024-09-01,6000.0
RTPU2433,운반비_사업본부,2024-09-01,110100.0
RROH3400,운반비_사업본부,2024-09-01,100700.0
RXPU2410,운반비_사업본부,2024-09-01,147337.0
RTPU2422,운반비_사업본부,2024-09-01,134000.0
RCSN2413,운반비_사업본부,2024-09-01,21670.0
RTPU2436,운반비_사업본부,2024-09-01,93000.0
RTPU2434,운반비_사업본부,2024-09-01,468000.0
RTPU2421,운반비_사업본부,2024-09-01,3953000.0
RTSO2402,운반비_사업본부,2024-09-01,1061200.0
RCSN2412,운반비_사업본부,2024-09-01,451500.0
RTPU2413,운반비_사업본부,2024-09-01,1145000.0
RTPU2420,운반비_사업본부,2024-09-01,900000.0
RTPU2412,운반비_사업본부,2024-09-01,984000.0
RTSO2401,운반비_사업본부,2024-09-01,6250000.0
RCPU2420,운반비_사업본부,2024-09-01,286182.0
RTPU2409,운반비_사업본부,2024-09-01,220000.0
RTPU2441,운반비_사업본부,2024-09-01,21000.0
RTPU2418,운반비_사업본부,2024-09-01,400000.0
RTPU2411,운반비_사업본부,2024-09-01,736000.0
RTPU2423,운반비_사업본부,2024-09-01,35000.0
RTPU2414,운반비_사업본부,2024-09-01,561000.0
RTPU2416,운반비_사업본부,2024-09-01,30000.0
RCPU2433,운반비_사업본부,2024-09-01,111000.0
RTPU2440,운반비_사업본부,2024-09-01,1670000.0
RTPU2419,운반비_사업본부,2024-09-01,282000.0
RTPU2410,운반비_사업본부,2024-09-01,7812000.0
RXOH3200,도서인쇄비_도서구매,2024-09-01,137020.0
RROH3400,도서인쇄비_도서구매,2024-09-01,34000.0
RTPU2422,도서인쇄비_행사출력물,2024-09-01,294000.0
RXOH3200,도서인쇄비_행사출력물,2024-09-01,5454.0
RCPU2420,도서인쇄비_행사출력물,2024-09-01,4594143.0
RTPU2436,도서인쇄비_행사출력물,2024-09-01,3365364.0
RXPU2410,도서인쇄비_행사출력물,2024-09-01,1918908.0
RCPU2428,도서인쇄비_행사출력물,2024-09-01,20000.0
RTPU2412,도서인쇄비_행사출력물,2024-09-01,730000.0
RTPU2429,도서인쇄비_행사출력물,2024-09-01,540000.0
RCSN2401,도서인쇄비_행사출력물,2024-09-01,55454.0
RTPU2433,도서인쇄비_행사출력물,2024-09-01,74000.0
RROH3400,도서인쇄비_행사출력물,2024-09-01,94240.0
RCSN2412,도서인쇄비_행사출력물,2024-09-01,1947689.0
RCOH3100,소모품비_본사,2024-09-01,338408.0
RCPU2420,소모품비_본사,2024-09-01,9090.0
RXOH3200,소모품비_본사,2024-09-01,42123.0
RCPU2431,소모품비_현장,2024-09-01,107999.0
RCPU2419,소모품비_현장,2024-09-01,3949995.0
RCSN2412,소모품비_현장,2024-09-01,1432867.0
RCSN2401,소모품비_현장,2024-09-01,188125.0
RTPU2436,소모품비_현장,2024-09-01,1204506.0
RTPU2437,소모품비_현장,2024-09-01,1136588.0
RCSN2417,소모품비_현장,2024-09-01,3153271.0
RCSN2404,소모품비_현장,2024-09-01,5700.0
RCPU2433,소모품비_현장,2024-09-01,633603.0
RXPU2413,소모품비_현장,2024-09-01,2280211.0
RCSN2405,소모품비_현장,2024-09-01,33316.0
RTPU2422,소모품비_현장,2024-09-01,1.2167662E7
RXPU2410,소모품비_현장,2024-09-01,3056835.0
RCSN2413,소모품비_현장,2024-09-01,235780.0
RTPU2442,소모품비_현장,2024-09-01,146618.0
RTPU2440,소모품비_현장,2024-09-01,2083618.0
RTPU2433,소모품비_현장,2024-09-01,59089.0
RCSN2414,소모품비_현장,2024-09-01,17390.0
RCPU2420,소모품비_현장,2024-09-01,5586705.0
RCOH3100,소모품비_현장,2024-09-01,31500.0
RTSO2401,소모품비_현장,2024-09-01,1221704.0
RXPU2408,소모품비_현장,2024-09-01,8818.0
RXPU2411,소모품비_현장,2024-09-01,27218.0
RCSN2402,소모품비_현장,2024-09-01,129636.0
RTPU2444,소모품비_현장,2024-09-01,16354.0
RTPU2441,소모품비_현장,2024-09-01,412634.0
RTOH3300,소모품비_현장,2024-09-01,83607.0
RCPU2425,소모품비_현장,2024-09-01,30618.0
RCSN2403,지급수수료_운영인건비,2024-09-01,1482000.0
RCPU2433,지급수수료_운영인건비,2024-09-01,6727700.0
RCPU2419,지급수수료_운영인건비,2024-09-01,2.23198E7
RTPU2411,지급수수료_운영인건비,2024-09-01,3900000.0
RXOH3200,지급수수료_운영인건비,2024-09-01,1500000.0
RCSN2413,지급수수료_운영인건비,2024-09-01,5404000.0
RTPU2433,지급수수료_운영인건비,2024-09-01,5430000.0
RTSO2402,지급수수료_운영인건비,2024-09-01,1000000.0
RCPU2421,지급수수료_운영인건비,2024-09-01,1.64216E7
RTSO2401,지급수수료_운영인건비,2024-09-01,2.33E8
RCPU2420,지급수수료_운영인건비,2024-09-01,6.124316E7
RXPU2410,지급수수료_운영인건비,2024-09-01,4642000.0
RCPU2424,지급수수료_운영인건비,2024-09-01,1.49925E7
RTPU2422,지급수수료_운영인건비,2024-09-01,1010000.0
RTPU2429,지급수수료_도급인건비,2024-09-01,700000.0
RTPU2421,지급수수료_도급인건비,2024-09-01,9190000.0
RCPU2420,지급수수료_도급인건비,2024-09-01,227273.0
RCPU2419,지급수수료_도급인건비,2024-09-01,2520000.0
RTPU2422,지급수수료_도급인건비,2024-09-01,3000000.0
RTPU2410,지급수수료_도급인건비,2024-09-01,3540000.0
RTPU2435,지급수수료_도급인건비,2024-09-01,4250000.0
RXOH3200,지급수수료_디자인,2024-09-01,318964.0
RTPU2429,지급수수료_디자인,2024-09-01,1500000.0
RTPU2412,지급수수료_디자인,2024-09-01,3500000.0
RXPU2411,지급수수료_디자인,2024-09-01,218946.0
RTSO2401,지급수수료_서비스이용료,2024-09-01,1637353.0
RTOH3300,지급수수료_서비스이용료,2024-09-01,75404.0
RXOH3200,지급수수료_서비스이용료,2024-09-01,45455.0
RTPU2422,지급수수료_서비스이용료,2024-09-01,300000.0
RTPU2421,지급수수료_서비스이용료,2024-09-01,2500000.0
RCPU2433,지급수수료_서비스이용료,2024-09-01,117000.0
RCPU2421,지급수수료_서비스이용료,2024-09-01,129910.0
RXPU2410,지급수수료_서비스이용료,2024-09-01,30000.0
RCPU2418,지급수수료_서비스이용료,2024-09-01,248378.0
RXPU2409,지급수수료_서비스이용료,2024-09-01,709226.0
RTPU2422,지급수수료_공간수수료,2024-09-01,2.1239E8
RXPU2411,지급수수료_공간수수료,2024-09-01,4.5454545E7
RTSO2401,지급수수료_공간수수료,2024-09-01,6045857.0
RCPU2424,지급수수료_시공,2024-09-01,1.85E7
RCPU2421,지급수수료_시공,2024-09-01,1.69E7
RXPU2410,지급수수료_시공,2024-09-01,454000.0
RCPU2419,지급수수료_시공,2024-09-01,1.489E8
RTPU2414,지급수수료_시공,2024-09-01,630000.0
RTPU2422,지급수수료_물품대여,2024-09-01,1.0594E7
RCPU2433,지급수수료_물품대여,2024-09-01,440000.0
RTPU2437,지급수수료_물품대여,2024-09-01,1200000.0
RTPU2429,지급수수료_물품대여,2024-09-01,1500000.0
RTPU2436,지급수수료_물품대여,2024-09-01,9940000.0
RTPU2442,지급수수료_물품대여,2024-09-01,6605000.0
RCPU2420,지급수수료_물품대여,2024-09-01,1.65345E7
RCOH3100,지급수수료_물품대여,2024-09-01,4000000.0
RTPU2441,지급수수료_물품대여,2024-09-01,1340000.0
RXOH3200,지급수수료_물품대여,2024-09-01,850000.0
RCPU2425,지급수수료_물품대여,2024-09-01,3350000.0
RTPU2433,지급수수료_물품대여,2024-09-01,3205000.0
RCPU2419,지급수수료_물품대여,2024-09-01,5368000.0
RCPU2431,지급수수료_제작비,2024-09-01,1169507.0
RTPU2433,지급수수료_제작비,2024-09-01,3.0E7
RCPU2432,지급수수료_제작비,2024-09-01,2995000.0
RCSN2417,지급수수료_제작비,2024-09-01,5741364.0
RTPU2438,지급수수료_제작비,2024-09-01,1000000.0
RTSO2401,지급수수료_제작비,2024-09-01,2.0E7
RTPU2436,지급수수료_제작비,2024-09-01,1.3338E7
RCPU2420,지급수수료_제작비,2024-09-01,1.2182E8
RTPU2421,지급수수료_제작비,2024-09-01,1.25E7
RTPU2422,지급수수료_제작비,2024-09-01,1.20459166E8
RTPU2412,지급수수료_제작비,2024-09-01,7700000.0
RXPU2413,지급수수료_제작비,2024-09-01,995900.0
RTPU2443,지급수수료_제작비,2024-09-01,1.0E7
RCPU2423,지급수수료_제작비,2024-09-01,1300000.0
RXOH3200,지급수수료_Working Tool,2024-09-01,27213.0
RTPU2422,지급수수료_자문료,2024-09-01,4000000.0
RCSO2401,지급수수료_기타,2024-09-01,4295578.0
RCSN2412,지급수수료_기타,2024-09-01,1436380.0
RCSO2402,지급수수료_기타,2024-09-01,-18030.0
RTOH3300,지급수수료_기타,2024-09-01,380000.0
RTPU2413,지급수수료_기타,2024-09-01,600000.0
RCSO2401,지급수수료_라이선스,2024-09-01,256440.0
RTOH3300,직원급여_본사,2024-10-01,4.9263334E7
RXOH3200,직원급여_본사,2024-10-01,2.6452796E7
RCOH3100,직원급여_본사,2024-10-01,4.7866666E7
RROH3400,직원급여_본사,2024-10-01,4.4416665E7
RIOH6100,직원급여_본사,2024-10-01,1.389068E7
RCSN2403,직원급여_매장,2024-10-01,7382010.0
RCSN2417,직원급여_매장,2024-10-01,1.280505E7
RCSN2413,직원급여_매장,2024-10-01,1.0206751E7
RCSN2401,직원급여_매장,2024-10-01,6747754.0
RCSN2414,직원급여_매장,2024-10-01,1.6336E7
RCSN2402,직원급여_매장,2024-10-01,8076661.0
RCSN2405,직원급여_매장,2024-10-01,6818830.0
RCSN2404,직원급여_매장,2024-10-01,8772967.0
RCOH3100,퇴직급여_본사,2024-10-01,5756867.0
RCSN2401,복리후생비_건강보험,2024-10-01,2041540.0
RIOH6100,복리후생비_건강보험,2024-10-01,5254074.0
RROH3400,복리후생비_건강보험,2024-10-01,1.6863658E7
RXOH3200,복리후생비_건강보험,2024-10-01,8966874.0
RCSN2414,복리후생비_건강보험,2024-10-01,4689515.0
RCSN2403,복리후생비_건강보험,2024-10-01,2318664.0
RCSN2404,복리후생비_건강보험,2024-10-01,2708984.0
RTOH3300,복리후생비_건강보험,2024-10-01,1.4845322E7
RCSN2417,복리후생비_건강보험,2024-10-01,2735598.0
RCSN2402,복리후생비_건강보험,2024-10-01,2260861.0
RCSN2405,복리후생비_건강보험,2024-10-01,1753025.0
RCOH3100,복리후생비_건강보험,2024-10-01,1.5944044E7
RCSN2413,복리후생비_건강보험,2024-10-01,2521734.0
RCPU2424,복리후생비_식음료대,2024-10-01,12500.0
RTPU2448,복리후생비_식음료대,2024-10-01,28200.0
RTOH3300,복리후생비_식음료대,2024-10-01,903470.0
RROH3400,복리후생비_식음료대,2024-10-01,3100600.0
RXPU2413,복리후생비_식음료대,2024-10-01,219800.0
RCPU2423,복리후생비_식음료대,2024-10-01,765530.0
RTPU2442,복리후생비_식음료대,2024-10-01,977300.0
RTPU2441,복리후생비_식음료대,2024-10-01,178850.0
RCPU2421,복리후생비_식음료대,2024-10-01,94140.0
RCOH3100,복리후생비_식음료대,2024-10-01,692700.0
RCSN2413,복리후생비_식음료대,2024-10-01,74990.0
RXPU2412,복리후생비_식음료대,2024-10-01,36200.0
RCPU2434,복리후생비_식음료대,2024-10-01,40800.0
RCPU2420,복리후생비_식음료대,2024-10-01,190400.0
RTPU2440,복리후생비_식음료대,2024-10-01,16500.0
RCPU2432,복리후생비_식음료대,2024-10-01,114040.0
RTPU2436,복리후생비_식음료대,2024-10-01,101900.0
RCPU2435,복리후생비_식음료대,2024-10-01,15000.0
RCSN2414,복리후생비_식음료대,2024-10-01,135120.0
RCSN2417,복리후생비_식음료대,2024-10-01,626440.0
RXPU2416,복리후생비_식음료대,2024-10-01,46000.0
RTPU2444,복리후생비_식음료대,2024-10-01,78600.0
RTSO2401,복리후생비_식음료대,2024-10-01,753000.0
RXPU2411,복리후생비_식음료대,2024-10-01,455440.0
RXOH3200,복리후생비_식음료대,2024-10-01,332030.0
RIOH6100,복리후생비_식음료대,2024-10-01,71300.0
RCPU2428,복리후생비_식음료대,2024-10-01,491810.0
RCPU2427,복리후생비_식음료대,2024-10-01,29600.0
RTPU2422,복리후생비_식음료대,2024-10-01,1083250.0
RTPU2445,복리후생비_식음료대,2024-10-01,39600.0
RCSN2418,복리후생비_식음료대,2024-10-01,12600.0
RXPU2414,복리후생비_식음료대,2024-10-01,22000.0
RXPU2412,복리후생비_회식대,2024-10-01,30800.0
RROH3400,복리후생비_회식대,2024-10-01,264100.0
RXOH3200,복리후생비_회식대,2024-10-01,363700.0
RTPU2422,복리후생비_회식대,2024-10-01,1427900.0
RTSO2401,복리후생비_회식대,2024-10-01,127000.0
RXPU2414,복리후생비_회식대,2024-10-01,25000.0
RCOH3100,복리후생비_회식대,2024-10-01,3040100.0
RTOH3300,복리후생비_회식대,2024-10-01,735200.0
RROH3400,복리후생비_기타,2024-10-01,476910.0
RCOH3100,복리후생비_기타,2024-10-01,150000.0
RXOH3200,복리후생비_기타,2024-10-01,114700.0
RCSN2417,여비교통비_야근,2024-10-01,138800.0
RTPU2410,여비교통비_야근,2024-10-01,43200.0
RCPU2429,여비교통비_야근,2024-10-01,19300.0
RCOH3100,여비교통비_야근,2024-10-01,123100.0
RXPU2414,여비교통비_야근,2024-10-01,12000.0
RROH3400,여비교통비_야근,2024-10-01,216000.0
RTPU2422,여비교통비_야근,2024-10-01,1175540.0
RTOH3300,여비교통비_야근,2024-10-01,140900.0
RCSN2414,여비교통비_야근,2024-10-01,42600.0
RCPU2428,여비교통비_야근,2024-10-01,79600.0
RCPU2423,여비교통비_야근,2024-10-01,143900.0
RXPU2411,여비교통비_야근,2024-10-01,43000.0
RCPU2432,여비교통비_야근,2024-10-01,29700.0
RCSN2412,여비교통비_야근,2024-10-01,25300.0
RTPU2444,여비교통비_야근,2024-10-01,61400.0
RXOH3200,여비교통비_야근,2024-10-01,37600.0
RTPU2441,여비교통비_야근,2024-10-01,50800.0
RTPU2446,여비교통비_야근,2024-10-01,53300.0
RTSO2401,여비교통비_야근,2024-10-01,28400.0
RTOH3300,여비교통비_외근,2024-10-01,1345200.0
RTPU2436,여비교통비_외근,2024-10-01,15180.0
RTPU2422,여비교통비_외근,2024-10-01,1191830.0
RCOH3100,여비교통비_외근,2024-10-01,274400.0
RXPU2415,여비교통비_외근,2024-10-01,11900.0
RTPU2441,여비교통비_외근,2024-10-01,54600.0
RCPU2429,여비교통비_외근,2024-10-01,20600.0
RXOH3200,여비교통비_외근,2024-10-01,249800.0
RCSN2419,여비교통비_외근,2024-10-01,14600.0
RCSN2417,여비교통비_외근,2024-10-01,543400.0
RIPU2402,여비교통비_외근,2024-10-01,26700.0
RTPU2445,여비교통비_외근,2024-10-01,9800.0
RROH3400,여비교통비_외근,2024-10-01,2123950.0
RXPU2414,여비교통비_외근,2024-10-01,25300.0
RCPU2434,여비교통비_외근,2024-10-01,2800.0
RXPU2413,여비교통비_외근,2024-10-01,289000.0
RTPU2410,여비교통비_외근,2024-10-01,55200.0
RTPU2444,여비교통비_외근,2024-10-01,102400.0
RTSO2401,여비교통비_외근,2024-10-01,165400.0
RIOH6100,여비교통비_외근,2024-10-01,139700.0
RCPU2423,여비교통비_외근,2024-10-01,273000.0
RCSN2412,여비교통비_외근,2024-10-01,14200.0
RTPU2442,여비교통비_외근,2024-10-01,178200.0
RCPU2432,여비교통비_외근,2024-10-01,84700.0
RXPU2412,여비교통비_외근,2024-10-01,101900.0
RCPU2427,여비교통비_외근,2024-10-01,29800.0
RCPU2428,여비교통비_외근,2024-10-01,244600.0
RTPU2448,여비교통비_외근,2024-10-01,35300.0
RCPU2435,여비교통비_외근,2024-10-01,271900.0
RTPU2410,여비교통비_국내출장,2024-10-01,2710900.0
RROH3400,여비교통비_국내출장,2024-10-01,260000.0
RTPU2448,여비교통비_국내출장,2024-10-01,94900.0
RCPU2421,여비교통비_국내출장,2024-10-01,45400.0
RTSO2401,여비교통비_국내출장,2024-10-01,454200.0
RXPU2412,여비교통비_국내출장,2024-10-01,93600.0
RCPU2435,여비교통비_국내출장,2024-10-01,122600.0
RROH3400,여비교통비_개인차량사용료,2024-10-01,729486.0
RCPU2428,여비교통비_개인차량사용료,2024-10-01,5373.0
RXOH3200,여비교통비_개인차량사용료,2024-10-01,50000.0
RTPU2436,여비교통비_개인차량사용료,2024-10-01,49750.0
RTPU2442,여비교통비_개인차량사용료,2024-10-01,169150.0
RCOH3100,여비교통비_기타,2024-10-01,4400.0
RTOH3300,접대비,2024-10-01,800500.0
RROH3400,접대비,2024-10-01,8622300.0
RCOH3100,접대비,2024-10-01,340000.0
RXOH3200,접대비,2024-10-01,419180.0
RCSN2417,접대비,2024-10-01,82600.0
RXPU2417,접대비,2024-10-01,164000.0
RCPU2420,통신비,2024-10-01,4900.0
RTPU2441,통신비,2024-10-01,2740.0
RCSN2405,통신비,2024-10-01,35000.0
RCSN2402,통신비,2024-10-01,37200.0
RCPU2428,통신비,2024-10-01,3500.0
RXOH3200,통신비,2024-10-01,27572.0
RROH3400,통신비,2024-10-01,11100.0
RCSN2405,세금과공과_국민연금,2024-10-01,1492886.0
RROH3400,세금과공과_국민연금,2024-10-01,1.4565086E7
RCSN2414,세금과공과_국민연금,2024-10-01,5670998.0
RCSN2413,세금과공과_국민연금,2024-10-01,3759315.0
RCSN2417,세금과공과_국민연금,2024-10-01,3131531.0
RTOH3300,세금과공과_국민연금,2024-10-01,1.7105788E7
RCSN2403,세금과공과_국민연금,2024-10-01,2678655.0
RCSN2401,세금과공과_국민연금,2024-10-01,2336228.0
RCSN2402,세금과공과_국민연금,2024-10-01,2700416.0
RXOH3200,세금과공과_국민연금,2024-10-01,1.0269959E7
RCSN2404,세금과공과_국민연금,2024-10-01,3128656.0
RCOH3100,세금과공과_국민연금,2024-10-01,1.7953232E7
RIOH6100,세금과공과_국민연금,2024-10-01,6069265.0
RTOH3300,지급임차료_창고,2024-10-01,5000000.0
RXOH3200,지급임차료_창고,2024-10-01,6210.0
RCSN2416,지급임차료_스테이션,2024-10-01,3379939.0
RCSN2401,지급임차료_스테이션,2024-10-01,2398068.0
RCSN2403,지급임차료_스테이션,2024-10-01,2755335.0
RCSN2404,지급임차료_스테이션,2024-10-01,1929477.0
RCSN2402,지급임차료_스테이션,2024-10-01,4884623.0
RCSN2406,지급임차료_스테이션,2024-10-01,2526682.0
RXOH3200,보험료_산재보험,2024-10-01,1496602.0
RCSN2404,보험료_산재보험,2024-10-01,452139.0
RCOH3100,보험료_산재보험,2024-10-01,2850120.0
RCSN2403,보험료_산재보험,2024-10-01,386993.0
RROH3400,보험료_산재보험,2024-10-01,2028362.0
RTOH3300,보험료_산재보험,2024-10-01,2604279.0
RCSN2401,보험료_산재보험,2024-10-01,340740.0
RCSN2414,보험료_산재보험,2024-10-01,825784.0
RCSN2417,보험료_산재보험,2024-10-01,456581.0
RIOH6100,보험료_산재보험,2024-10-01,876923.0
RCSN2402,보험료_산재보험,2024-10-01,394260.0
RCSN2405,보험료_산재보험,2024-10-01,292586.0
RCSN2413,보험료_산재보험,2024-10-01,702648.0
RCSN2405,보험료_고용보험,2024-10-01,484667.0
RCSN2402,보험료_고용보험,2024-10-01,653090.0
RCOH3100,보험료_고용보험,2024-10-01,4721210.0
RCSN2413,보험료_고용보험,2024-10-01,1163933.0
RCSN2414,보험료_고용보험,2024-10-01,1367907.0
RIOH6100,보험료_고용보험,2024-10-01,1452619.0
RROH3400,보험료_고용보험,2024-10-01,3359971.0
RCSN2401,보험료_고용보험,2024-10-01,564434.0
RCSN2403,보험료_고용보험,2024-10-01,641052.0
RCSN2417,보험료_고용보험,2024-10-01,756324.0
RCSN2404,보험료_고용보험,2024-10-01,748966.0
RTOH3300,보험료_고용보험,2024-10-01,4313979.0
RXOH3200,보험료_고용보험,2024-10-01,2479114.0
RCPU2429,보험료_프로젝트,2024-10-01,283000.0
RXPU2411,보험료_프로젝트,2024-10-01,868000.0
RCPU2423,보험료_프로젝트,2024-10-01,419000.0
RCOH3100,차량유지비_유류대,2024-10-01,59000.0
RCPU2428,차량유지비_유류대,2024-10-01,60000.0
RCSN2417,차량유지비_유류대,2024-10-01,85792.0
RXOH3200,차량유지비_유류대,2024-10-01,70000.0
RCPU2428,차량유지비_기타,2024-10-01,60000.0
RCPU2432,차량유지비_기타,2024-10-01,20100.0
RROH3400,운반비_사업본부,2024-10-01,14300.0
RCSN2401,운반비_사업본부,2024-10-01,160000.0
RXPU2411,운반비_사업본부,2024-10-01,413000.0
RCPU2425,운반비_사업본부,2024-10-01,4000.0
RCSN2414,운반비_사업본부,2024-10-01,13500.0
RTSO2401,운반비_사업본부,2024-10-01,257310.0
RTPU2442,운반비_사업본부,2024-10-01,20200.0
RCSN2412,운반비_사업본부,2024-10-01,109000.0
RCPU2420,운반비_사업본부,2024-10-01,187000.0
RCSN2417,운반비_사업본부,2024-10-01,42600.0
RCSN2413,운반비_사업본부,2024-10-01,4200.0
RCOH3100,운반비_사업본부,2024-10-01,1.008E7
RTPU2422,운반비_사업본부,2024-10-01,70000.0
RXPU2413,운반비_사업본부,2024-10-01,50000.0
RCPU2423,운반비_사업본부,2024-10-01,68545.0
RCOH3100,도서인쇄비_도서구매,2024-10-01,30400.0
RXOH3200,도서인쇄비_도서구매,2024-10-01,33300.0
RROH3400,도서인쇄비_도서구매,2024-10-01,46800.0
RTSO2401,도서인쇄비_행사출력물,2024-10-01,9235000.0
RTPU2412,도서인쇄비_행사출력물,2024-10-01,500000.0
RCPU2432,도서인쇄비_행사출력물,2024-10-01,2956.0
RTPU2414,도서인쇄비_행사출력물,2024-10-01,1008000.0
RXPU2413,도서인쇄비_행사출력물,2024-10-01,1863000.0
RTPU2436,도서인쇄비_행사출력물,2024-10-01,71818.0
RCSN2417,도서인쇄비_행사출력물,2024-10-01,90000.0
RTPU2422,도서인쇄비_행사출력물,2024-10-01,29317.0
RTPU2442,도서인쇄비_행사출력물,2024-10-01,522815.0
RCPU2423,도서인쇄비_행사출력물,2024-10-01,323000.0
RROH3400,도서인쇄비_행사출력물,2024-10-01,18009.0
RXPU2411,도서인쇄비_행사출력물,2024-10-01,928819.0
RXPU2417,소모품비_본사,2024-10-01,19310.0
RCSO2401,소모품비_본사,2024-10-01,15000.0
RCOH3100,소모품비_본사,2024-10-01,43120.0
RTOH3300,소모품비_본사,2024-10-01,72700.0
RCPU2423,소모품비_본사,2024-10-01,115850.0
RCSN2403,소모품비_현장,2024-10-01,84844.0
RCPU2427,소모품비_현장,2024-10-01,888469.0
RTPU2444,소모품비_현장,2024-10-01,577098.0
RCPU2429,소모품비_현장,2024-10-01,1446363.0
RCPU2428,소모품비_현장,2024-10-01,84363.0
RCPU2423,소모품비_현장,2024-10-01,3918921.0
RCSN2413,소모품비_현장,2024-10-01,88889.0
RXPU2410,소모품비_현장,2024-10-01,719063.0
RCSN2417,소모품비_현장,2024-10-01,1381909.0
RCSN2401,소모품비_현장,2024-10-01,77570.0
RTOH3300,소모품비_현장,2024-10-01,110744.0
RTPU2441,소모품비_현장,2024-10-01,77998.0
RIPU2402,소모품비_현장,2024-10-01,13818.0
RXPU2413,소모품비_현장,2024-10-01,1596615.0
RCSN2402,소모품비_현장,2024-10-01,32272.0
RTPU2410,소모품비_현장,2024-10-01,402271.0
RTPU2436,소모품비_현장,2024-10-01,162748.0
RTPU2442,소모품비_현장,2024-10-01,3271463.0
RXPU2414,소모품비_현장,2024-10-01,202517.0
RCPU2420,소모품비_현장,2024-10-01,771181.0
RXPU2411,소모품비_현장,2024-10-01,1.1866132E7
RTPU2422,소모품비_현장,2024-10-01,5389492.0
RCPU2419,소모품비_현장,2024-10-01,295391.0
RCOH3100,소모품비_현장,2024-10-01,509326.0
RCSN2405,소모품비_현장,2024-10-01,12850.0
RCSN2404,소모품비_현장,2024-10-01,45674.0
RTSO2401,소모품비_현장,2024-10-01,1.2303134E7
RCPU2432,소모품비_현장,2024-10-01,183543.0
RCSN2414,소모품비_현장,2024-10-01,83080.0
RXPU2411,지급수수료_운영인건비,2024-10-01,577000.0
RXPU2413,지급수수료_운영인건비,2024-10-01,3750000.0
RXPU2412,지급수수료_운영인건비,2024-10-01,1300000.0
RTPU2437,지급수수료_운영인건비,2024-10-01,1291300.0
RTPU2410,지급수수료_운영인건비,2024-10-01,621000.0
RCPU2429,지급수수료_운영인건비,2024-10-01,55000.0
RCPU2428,지급수수료_운영인건비,2024-10-01,2.6606E7
RCPU2419,지급수수료_운영인건비,2024-10-01,1512200.0
RXOH3200,지급수수료_운영인건비,2024-10-01,3000000.0
RXPU2414,지급수수료_운영인건비,2024-10-01,1400000.0
RCPU2423,지급수수료_운영인건비,2024-10-01,1997500.0
RCPU2432,지급수수료_운영인건비,2024-10-01,300000.0
RCSN2417,지급수수료_운영인건비,2024-10-01,2058800.0
RTPU2414,지급수수료_운영인건비,2024-10-01,1.2092E7
RCSN2413,지급수수료_운영인건비,2024-10-01,1408000.0
RTSO2401,지급수수료_도급인건비,2024-10-01,4000000.0
RTPU2439,지급수수료_도급인건비,2024-10-01,1.8463659E7
RTPU2422,지급수수료_도급인건비,2024-10-01,5.728E7
RTPU2413,지급수수료_도급인건비,2024-10-01,2.29E7
RCPU2419,지급수수료_도급인건비,2024-10-01,6303600.0
RTPU2410,지급수수료_도급인건비,2024-10-01,1200000.0
RTPU2412,지급수수료_도급인건비,2024-10-01,3.64E7
RCPU2420,지급수수료_도급인건비,2024-10-01,6380000.0
RXOH3200,지급수수료_디자인,2024-10-01,1000000.0
RTPU2414,지급수수료_디자인,2024-10-01,5600000.0
RTPU2421,지급수수료_디자인,2024-10-01,3000000.0
RTPU2441,지급수수료_디자인,2024-10-01,3000000.0
RTSO2401,지급수수료_디자인,2024-10-01,3000000.0
RTPU2413,지급수수료_디자인,2024-10-01,5000000.0
RCOH3100,지급수수료_서비스이용료,2024-10-01,68454.0
RTPU2447,지급수수료_서비스이용료,2024-10-01,500000.0
RCSO2401,지급수수료_서비스이용료,2024-10-01,1123891.0
RCPU2428,지급수수료_서비스이용료,2024-10-01,432891.0
RXPU2411,지급수수료_서비스이용료,2024-10-01,5798182.0
RTPU2412,지급수수료_서비스이용료,2024-10-01,228000.0
RCPU2419,지급수수료_서비스이용료,2024-10-01,453334.0
RTOH3300,지급수수료_서비스이용료,2024-10-01,-884437.0
RXOH3200,지급수수료_서비스이용료,2024-10-01,273950.0
RCPU2424,지급수수료_서비스이용료,2024-10-01,233087.0
RTPU2422,지급수수료_서비스이용료,2024-10-01,3.3968455E7
RTPU2414,지급수수료_서비스이용료,2024-10-01,340000.0
RTSO2401,지급수수료_서비스이용료,2024-10-01,2981200.0
RTPU2422,지급수수료_공간수수료,2024-10-01,9007000.0
RTSO2401,지급수수료_공간수수료,2024-10-01,7.8312917E7
RCSN2415,지급수수료_공간수수료,2024-10-01,1.4484864E7
RCSN2405,지급수수료_공간수수료,2024-10-01,1.10552278E8
RCSN2408,지급수수료_공간수수료,2024-10-01,3656689.0
RCSN2412,지급수수료_공간수수료,2024-10-01,4.8481924E7
RCSN2417,지급수수료_공간수수료,2024-10-01,1.3844612E7
RXPI2403,지급수수료_공간수수료,2024-10-01,2.0827029E7
RCPU2423,지급수수료_시공,2024-10-01,3.9323182E7
RTSO2401,지급수수료_시공,2024-10-01,2490000.0
RCSN2407,지급수수료_시공,2024-10-01,550000.0
RCSN2417,지급수수료_시공,2024-10-01,1100000.0
RCSN2412,지급수수료_시공,2024-10-01,800000.0
RXPU2413,지급수수료_시공,2024-10-01,2.0E7
RCPU2429,지급수수료_시공,2024-10-01,1.5909091E7
RCSN2403,지급수수료_시공,2024-10-01,1355000.0
RCPU2432,지급수수료_시공,2024-10-01,4520000.0
RXPU2411,지급수수료_시공,2024-10-01,5.1765455E7
RTPU2442,지급수수료_시공,2024-10-01,2.7272727E7
RCPU2433,지급수수료_시공,2024-10-01,2971000.0
RTPU2422,지급수수료_시공,2024-10-01,1.124E7
RXPU2411,지급수수료_광고비,2024-10-01,8482728.0
RTPU2422,지급수수료_광고비,2024-10-01,1.29305273E8
RTPU2409,지급수수료_물품대여,2024-10-01,620000.0
RTPU2422,지급수수료_물품대여,2024-10-01,2.35524E7
RTSO2401,지급수수료_물품대여,2024-10-01,2.6835E7
RCSN2406,지급수수료_물품대여,2024-10-01,50000.0
RCPU2419,지급수수료_물품대여,2024-10-01,4560000.0
RCPU2428,지급수수료_물품대여,2024-10-01,149000.0
RCPU2423,지급수수료_물품대여,2024-10-01,9894000.0
RTPU2441,지급수수료_물품대여,2024-10-01,3100000.0
RTPU2442,지급수수료_물품대여,2024-10-01,1350000.0
RCPU2432,지급수수료_물품대여,2024-10-01,23000.0
RTPU2440,지급수수료_물품대여,2024-10-01,85000.0
RTPU2421,지급수수료_물품대여,2024-10-01,1.48E7
RCPU2427,지급수수료_물품대여,2024-10-01,755000.0
RCSN2403,지급수수료_물품대여,2024-10-01,10000.0
RXPU2411,지급수수료_물품대여,2024-10-01,8750000.0
RCOH3100,지급수수료_물품대여,2024-10-01,-4000000.0
RTPU2412,지급수수료_물품대여,2024-10-01,1.4E7
RTPU2436,지급수수료_물품대여,2024-10-01,1226000.0
RCPU2423,지급수수료_제작비,2024-10-01,4114000.0
RCSN2417,지급수수료_제작비,2024-10-01,980000.0
RTPU2442,지급수수료_제작비,2024-10-01,2300000.0
RTSO2401,지급수수료_제작비,2024-10-01,1.7E7
RTPU2440,지급수수료_제작비,2024-10-01,2.2727273E7
RCPU2427,지급수수료_제작비,2024-10-01,9080000.0
RTPU2441,지급수수료_제작비,2024-10-01,65455.0
RCSN2405,지급수수료_제작비,2024-10-01,190000.0
RIPU2402,지급수수료_제작비,2024-10-01,90909.0
RTPU2437,지급수수료_제작비,2024-10-01,1.3E7
RTPU2422,지급수수료_제작비,2024-10-01,1.2622727E7
RTPU2412,지급수수료_제작비,2024-10-01,1.77E7
RTOH3300,지급수수료_Working Tool,2024-10-01,123200.0
RROH3400,지급수수료_자문료,2024-10-01,2.0E7
RXPU2411,지급수수료_기타,2024-10-01,2835100.0
RXPI2405,지급수수료_기타,2024-10-01,32430.0
RCSO2401,지급수수료_기타,2024-10-01,893712.0
RTPU2422,지급수수료_기타,2024-10-01,2765000.0
RTPU2413,지급수수료_기타,2024-10-01,-600000.0
RTPU2441,지급수수료_기타,2024-10-01,5287072.0
RCSO2402,지급수수료_기타,2024-10-01,20139.0
RXPU2409,지급수수료_기타,2024-10-01,540183.0
RCSO2401,지급수수료_라이선스,2024-10-01,169650.0
RCOH3100,직원급여_본사,2024-11-01,5.1166666E7
RROH3400,직원급여_본사,2024-11-01,4.4416665E7
RTOH3300,직원급여_본사,2024-11-01,4.9680001E7
RIOH6100,직원급여_본사,2024-11-01,1.5583333E7
RXOH3200,직원급여_본사,2024-11-01,2.9837204E7
RCSN2300,직원급여_매장,2024-11-01,2.3424999E7
RCSN2405,직원급여_매장,2024-11-01,6540181.0
RCSN2401,직원급여_매장,2024-11-01,6379801.0
RCSN2402,직원급여_매장,2024-11-01,7917934.0
RCSN2414,직원급여_매장,2024-11-01,1.7088784E7
RCSN2403,직원급여_매장,2024-11-01,6402340.0
RCSN2413,직원급여_매장,2024-11-01,9080751.0
RCSN2417,직원급여_매장,2024-11-01,8789383.0
RCSN2404,직원급여_매장,2024-11-01,8408974.0
RCSN2300,퇴직급여_매장,2024-11-01,9651744.0
RROH3400,복리후생비_건강보험,2024-11-01,2137507.0
RCSN2405,복리후생비_건강보험,2024-11-01,222200.0
RCSN2404,복리후생비_건강보험,2024-11-01,343370.0
RTOH3300,복리후생비_건강보험,2024-11-01,1881678.0
RCSN2402,복리후생비_건강보험,2024-11-01,286569.0
RCSN2417,복리후생비_건강보험,2024-11-01,346743.0
RIOH6100,복리후생비_건강보험,2024-11-01,665966.0
RCSN2413,복리후생비_건강보험,2024-11-01,319635.0
RCSN2403,복리후생비_건강보험,2024-11-01,293896.0
RCOH3100,복리후생비_건강보험,2024-11-01,2020943.0
RXOH3200,복리후생비_건강보험,2024-11-01,1136572.0
RCSN2401,복리후생비_건강보험,2024-11-01,258770.0
RCSN2414,복리후생비_건강보험,2024-11-01,594407.0
RCPU2429,복리후생비_식음료대,2024-11-01,425970.0
RXPU2411,복리후생비_식음료대,2024-11-01,73400.0
RTPU2410,복리후생비_식음료대,2024-11-01,1698460.0
RTOH3300,복리후생비_식음료대,2024-11-01,860400.0
RCPU2436,복리후생비_식음료대,2024-11-01,161570.0
RCSN2402,복리후생비_식음료대,2024-11-01,16800.0
RIPU2402,복리후생비_식음료대,2024-11-01,303700.0
RCPU2437,복리후생비_식음료대,2024-11-01,9100.0
RCSN2406,복리후생비_식음료대,2024-11-01,94100.0
RCSN2408,복리후생비_식음료대,2024-11-01,60000.0
RXPU2417,복리후생비_식음료대,2024-11-01,590620.0
RTPU2442,복리후생비_식음료대,2024-11-01,17400.0
RCPU2423,복리후생비_식음료대,2024-11-01,164000.0
RXPU2412,복리후생비_식음료대,2024-11-01,9500.0
RCSN2417,복리후생비_식음료대,2024-11-01,460100.0
RTPU2443,복리후생비_식음료대,2024-11-01,28000.0
RXSN2501,복리후생비_식음료대,2024-11-01,35900.0
RIPU2401,복리후생비_식음료대,2024-11-01,76800.0
RCPU2432,복리후생비_식음료대,2024-11-01,27600.0
RTPU2451,복리후생비_식음료대,2024-11-01,7100.0
RXOH3200,복리후생비_식음료대,2024-11-01,131500.0
RCSN2403,복리후생비_식음료대,2024-11-01,72400.0
RCOH3100,복리후생비_식음료대,2024-11-01,527900.0
RCPU2427,복리후생비_식음료대,2024-11-01,460790.0
RTPU2448,복리후생비_식음료대,2024-11-01,17900.0
RCSN2401,복리후생비_식음료대,2024-11-01,13000.0
RTPU2447,복리후생비_식음료대,2024-11-01,181300.0
RROH3400,복리후생비_식음료대,2024-11-01,3729640.0
RXPU2414,복리후생비_식음료대,2024-11-01,898550.0
RCSN2413,복리후생비_식음료대,2024-11-01,103770.0
RCSN2418,복리후생비_식음료대,2024-11-01,164500.0
RCPU2417,복리후생비_식음료대,2024-11-01,11900.0
RCPU2435,복리후생비_식음료대,2024-11-01,59400.0
RTSO2401,복리후생비_식음료대,2024-11-01,325600.0
RXPU2416,복리후생비_식음료대,2024-11-01,64600.0
RTPU2445,복리후생비_식음료대,2024-11-01,35000.0
RCSN2410,복리후생비_식음료대,2024-11-01,22600.0
RCPU2426,복리후생비_식음료대,2024-11-01,102800.0
RCSN2310,복리후생비_행사비,2024-11-01,47818.0
RCSN2300,복리후생비_행사비,2024-11-01,12543.0
RXPU2414,복리후생비_회식대,2024-11-01,7800.0
RTOH3300,복리후생비_회식대,2024-11-01,1116200.0
RXPU2411,복리후생비_회식대,2024-11-01,15500.0
RXSN2501,복리후생비_회식대,2024-11-01,19500.0
RCOH3100,복리후생비_회식대,2024-11-01,556250.0
RCPU2426,복리후생비_회식대,2024-11-01,30000.0
RXPU2412,복리후생비_회식대,2024-11-01,52200.0
RROH3400,복리후생비_회식대,2024-11-01,55000.0
RCSN2417,복리후생비_회식대,2024-11-01,137000.0
RCPU2427,복리후생비_회식대,2024-11-01,7200.0
RXOH3200,복리후생비_회식대,2024-11-01,965800.0
RCPU2438,복리후생비_회식대,2024-11-01,18800.0
RXOH3200,복리후생비_기타,2024-11-01,47820.0
RCSN2414,복리후생비_기타,2024-11-01,119630.0
RROH3400,복리후생비_기타,2024-11-01,1171091.0
RCOH3100,복리후생비_기타,2024-11-01,627000.0
RCPU2432,여비교통비_야근,2024-11-01,28700.0
RCSN2403,여비교통비_야근,2024-11-01,11300.0
RXPU2414,여비교통비_야근,2024-11-01,85100.0
RROH3400,여비교통비_야근,2024-11-01,126800.0
RTOH3300,여비교통비_야근,2024-11-01,240000.0
RCPU2426,여비교통비_야근,2024-11-01,16400.0
RTSO2401,여비교통비_야근,2024-11-01,44900.0
RCSN2401,여비교통비_야근,2024-11-01,32400.0
RTPU2410,여비교통비_야근,2024-11-01,16100.0
RCPU2437,여비교통비_야근,2024-11-01,11700.0
RCSN2417,여비교통비_야근,2024-11-01,14700.0
RCPU2435,여비교통비_야근,2024-11-01,40900.0
RTPU2447,여비교통비_야근,2024-11-01,69100.0
RCPU2427,여비교통비_야근,2024-11-01,159800.0
RCOH3100,여비교통비_야근,2024-11-01,32500.0
RCSN2418,여비교통비_야근,2024-11-01,32800.0
RCPU2429,여비교통비_야근,2024-11-01,207600.0
RCPU2417,여비교통비_야근,2024-11-01,40200.0
RXPU2417,여비교통비_야근,2024-11-01,9500.0
RTPU2445,여비교통비_외근,2024-11-01,73300.0
RCSN2410,여비교통비_외근,2024-11-01,5200.0
RTPU2451,여비교통비_외근,2024-11-01,79000.0
RCPU2426,여비교통비_외근,2024-11-01,109100.0
RTPU2447,여비교통비_외근,2024-11-01,72400.0
RXPU2411,여비교통비_외근,2024-11-01,120000.0
RXPU2409,여비교통비_외근,2024-11-01,151200.0
RIOH6100,여비교통비_외근,2024-11-01,157000.0
RCSN2417,여비교통비_외근,2024-11-01,128700.0
RIPU2402,여비교통비_외근,2024-11-01,38800.0
RCOH3100,여비교통비_외근,2024-11-01,328700.0
RCPU2435,여비교통비_외근,2024-11-01,25300.0
RXPU2414,여비교통비_외근,2024-11-01,201400.0
RCPU2429,여비교통비_외근,2024-11-01,221000.0
RCPU2432,여비교통비_외근,2024-11-01,28800.0
RIPU2401,여비교통비_외근,2024-11-01,51600.0
RCPU2437,여비교통비_외근,2024-11-01,44900.0
RROH3400,여비교통비_외근,2024-11-01,2411150.0
RCPU2436,여비교통비_외근,2024-11-01,118800.0
RCPU2427,여비교통비_외근,2024-11-01,219500.0
RTOH3300,여비교통비_외근,2024-11-01,1449990.0
RTPU2410,여비교통비_외근,2024-11-01,666850.0
RCSN2418,여비교통비_외근,2024-11-01,116800.0
RCPU2438,여비교통비_외근,2024-11-01,44500.0
RTSO2401,여비교통비_외근,2024-11-01,93100.0
RTPU2448,여비교통비_외근,2024-11-01,32400.0
RTPU2450,여비교통비_외근,2024-11-01,15100.0
RCPU2417,여비교통비_외근,2024-11-01,14800.0
RCSN2406,여비교통비_외근,2024-11-01,59900.0
RTPU2421,여비교통비_외근,2024-11-01,57900.0
RXOH3200,여비교통비_외근,2024-11-01,239100.0
RXPU2417,여비교통비_외근,2024-11-01,201200.0
RCOH3100,여비교통비_국내출장,2024-11-01,45200.0
RCSN2402,여비교통비_국내출장,2024-11-01,13000.0
RIPU2402,여비교통비_국내출장,2024-11-01,389082.0
RCPU2436,여비교통비_국내출장,2024-11-01,864400.0
RCPU2426,여비교통비_국내출장,2024-11-01,635800.0
RTPU2443,여비교통비_국내출장,2024-11-01,334800.0
RTOH3300,여비교통비_국내출장,2024-11-01,872000.0
RCPU2438,여비교통비_국내출장,2024-11-01,394693.0
RCSN2300,여비교통비_국내출장,2024-11-01,17800.0
RROH3400,여비교통비_국내출장,2024-11-01,575958.0
RCSN2310,여비교통비_국내출장,2024-11-01,17400.0
RXPU2417,여비교통비_국내출장,2024-11-01,1324339.0
RTPU2410,여비교통비_국내출장,2024-11-01,1381401.0
RCPU2435,여비교통비_국내출장,2024-11-01,1259800.0
RTPU2447,여비교통비_개인차량사용료,2024-11-01,50000.0
RROH3400,여비교통비_개인차량사용료,2024-11-01,638350.0
RXPU2414,여비교통비_개인차량사용료,2024-11-01,14000.0
RTOH3300,여비교통비_개인차량사용료,2024-11-01,199500.0
RTPU2445,여비교통비_개인차량사용료,2024-11-01,149250.0
RXOH3200,여비교통비_개인차량사용료,2024-11-01,100000.0
RCOH3100,접대비,2024-11-01,82500.0
RROH3400,접대비,2024-11-01,6556900.0
RTOH3300,접대비,2024-11-01,686600.0
RIPU2402,접대비,2024-11-01,3095200.0
RXPU2417,접대비,2024-11-01,304308.0
RIOH6100,접대비,2024-11-01,34300.0
RXPU2414,접대비,2024-11-01,30000.0
RROH3400,통신비,2024-11-01,14960.0
RCSN2405,통신비,2024-11-01,36100.0
RTPU2445,통신비,2024-11-01,12500.0
RCOH3100,통신비,2024-11-01,50908.0
RTSO2402,통신비,2024-11-01,6400.0
RTPU2410,통신비,2024-11-01,9800.0
RXPU2414,통신비,2024-11-01,3980.0
RXOH3200,통신비,2024-11-01,101816.0
RCSN2417,통신비,2024-11-01,4500.0
RXPU2411,통신비,2024-11-01,53050.0
RIOH6100,세금과공과_국민연금,2024-11-01,626857.0
RCSN2413,세금과공과_국민연금,2024-11-01,388276.0
RCSN2402,세금과공과_국민연금,2024-11-01,278909.0
RTOH3300,세금과공과_국민연금,2024-11-01,1766751.0
RXOH3200,세금과공과_국민연금,2024-11-01,1060720.0
RCSN2401,세금과공과_국민연금,2024-11-01,241295.0
RCSN2417,세금과공과_국민연금,2024-11-01,323436.0
RCSN2404,세금과공과_국민연금,2024-11-01,323140.0
RCSN2405,세금과공과_국민연금,2024-11-01,154191.0
RCSN2403,세금과공과_국민연금,2024-11-01,276662.0
RCSN2414,세금과공과_국민연금,2024-11-01,585722.0
RCOH3100,세금과공과_국민연금,2024-11-01,1854279.0
RROH3400,세금과공과_국민연금,2024-11-01,1504337.0
RTOH3300,지급임차료_창고,2024-11-01,1.3E7
RXOH3200,지급임차료_창고,2024-11-01,4500000.0
RCOH3100,지급임차료_창고,2024-11-01,1.43855E7
RCSN2403,지급임차료_스테이션,2024-11-01,3344694.0
RCSN2418,지급임차료_스테이션,2024-11-01,1419820.0
RCSN2406,지급임차료_스테이션,2024-11-01,6698922.0
RCSN2402,지급임차료_스테이션,2024-11-01,4792992.0
RCSN2416,지급임차료_스테이션,2024-11-01,2330780.0
RCSN2404,지급임차료_스테이션,2024-11-01,2968336.0
RCSN2401,지급임차료_스테이션,2024-11-01,2483766.0
RCSN2300,지급임차료_스테이션,2024-11-01,2473434.0
RCSN2414,보험료_산재보험,2024-11-01,83890.0
RXOH3200,보험료_산재보험,2024-11-01,152870.0
RCSN2417,보험료_산재보험,2024-11-01,73680.0
RIOH6100,보험료_산재보험,2024-11-01,89560.0
RROH3400,보험료_산재보험,2024-11-01,207190.0
RTOH3300,보험료_산재보험,2024-11-01,265990.0
RCSN2402,보험료_산재보험,2024-11-01,40260.0
RCSN2413,보험료_산재보험,2024-11-01,65540.0
RCSN2405,보험료_산재보험,2024-11-01,29870.0
RCOH3100,보험료_산재보험,2024-11-01,291120.0
RCSN2403,보험료_산재보험,2024-11-01,57120.0
RCSN2404,보험료_산재보험,2024-11-01,46160.0
RCSN2401,보험료_산재보험,2024-11-01,36940.0
RCSN2401,보험료_고용보험,2024-11-01,65678.0
RCSN2413,보험료_고용보험,2024-11-01,135437.0
RTOH3300,보험료_고용보험,2024-11-01,501981.0
RCSN2404,보험료_고용보험,2024-11-01,87151.0
RCSN2403,보험료_고용보험,2024-11-01,74594.0
RXOH3200,보험료_고용보험,2024-11-01,58312.0
RCSN2417,보험료_고용보험,2024-11-01,88007.0
RCSN2405,보험료_고용보험,2024-11-01,56397.0
RCSN2414,보험료_고용보험,2024-11-01,159172.0
RROH3400,보험료_고용보험,2024-11-01,621370.0
RCSN2402,보험료_고용보험,2024-11-01,75995.0
RCOH3100,보험료_고용보험,2024-11-01,549367.0
RIOH6100,보험료_고용보험,2024-11-01,169029.0
RIPU2402,보험료_프로젝트,2024-11-01,583000.0
RCPU2426,보험료_프로젝트,2024-11-01,283000.0
RCPU2427,보험료_프로젝트,2024-11-01,283000.0
RCPU2434,보험료_프로젝트,2024-11-01,294000.0
RXPU2417,보험료_프로젝트,2024-11-01,15000.0
RCPU2435,보험료_프로젝트,2024-11-01,500000.0
RCPU2436,보험료_프로젝트,2024-11-01,283000.0
RXPU2414,보험료_프로젝트,2024-11-01,804000.0
RCOH3100,차량유지비_유류대,2024-11-01,167118.0
RXOH3200,차량유지비_유류대,2024-11-01,74000.0
RCSN2300,차량유지비_유류대,2024-11-01,50000.0
RCSN2408,차량유지비_기타,2024-11-01,2000.0
RCOH3100,차량유지비_기타,2024-11-01,6000.0
RCSN2417,차량유지비_기타,2024-11-01,1500.0
RTPU2440,운반비_사업본부,2024-11-01,250000.0
RROH3400,운반비_사업본부,2024-11-01,18500.0
RCSN2413,운반비_사업본부,2024-11-01,27080.0
RTPU2442,운반비_사업본부,2024-11-01,256000.0
RTPU2437,운반비_사업본부,2024-11-01,90000.0
RTPU2436,운반비_사업본부,2024-11-01,244000.0
RTPU2447,운반비_사업본부,2024-11-01,275000.0
RTPU2444,운반비_사업본부,2024-11-01,304000.0
RCSN2417,운반비_사업본부,2024-11-01,203500.0
RCSN2414,운반비_사업본부,2024-11-01,23500.0
RTPU2421,운반비_사업본부,2024-11-01,250000.0
RCPU2427,운반비_사업본부,2024-11-01,300000.0
RTPU2441,운반비_사업본부,2024-11-01,1022000.0
RCOH3100,운반비_사업본부,2024-11-01,8694300.0
RTPU2410,운반비_사업본부,2024-11-01,9846000.0
RTPU2450,운반비_사업본부,2024-11-01,378000.0
RTSO2402,운반비_사업본부,2024-11-01,55000.0
RXPU2414,운반비_사업본부,2024-11-01,72000.0
RCSN2406,운반비_사업본부,2024-11-01,240000.0
RXPU2417,운반비_사업본부,2024-11-01,27273.0
RTPU2422,운반비_사업본부,2024-11-01,672000.0
RTSO2401,운반비_사업본부,2024-11-01,9515000.0
RXOH3200,도서인쇄비_도서구매,2024-11-01,100800.0
RCPJ2300,도서인쇄비_행사출력물,2024-11-01,4500000.0
RIOH6100,도서인쇄비_행사출력물,2024-11-01,181819.0
RXPU2414,도서인쇄비_행사출력물,2024-11-01,85800.0
RROH3400,도서인쇄비_행사출력물,2024-11-01,17400.0
RXPU2417,도서인쇄비_행사출력물,2024-11-01,125130.0
RIPU2402,도서인쇄비_행사출력물,2024-11-01,623336.0
RXPU2417,소모품비_본사,2024-11-01,259456.0
RCOH3100,소모품비_본사,2024-11-01,11280.0
RTOH3300,소모품비_본사,2024-11-01,23634.0
RXPU2414,소모품비_본사,2024-11-01,41819.0
RXPU2411,소모품비_현장,2024-11-01,192398.0
RTPU2451,소모품비_현장,2024-11-01,739943.0
RTOH3300,소모품비_현장,2024-11-01,336690.0
RCSN2419,소모품비_현장,2024-11-01,395745.0
RCSN2418,소모품비_현장,2024-11-01,1023709.0
RCPU2432,소모품비_현장,2024-11-01,14544.0
RCOH3100,소모품비_현장,2024-11-01,8936.0
RCSN2401,소모품비_현장,2024-11-01,2932224.0
RIPU2402,소모품비_현장,2024-11-01,285805.0
RROH3400,소모품비_현장,2024-11-01,5000.0
RCPU2436,소모품비_현장,2024-11-01,36364.0
RCPU2434,소모품비_현장,2024-11-01,57109.0
RCSN2413,소모품비_현장,2024-11-01,68658.0
RIPU2401,소모품비_현장,2024-11-01,379418.0
RTPU2410,소모품비_현장,2024-11-01,2458695.0
RCSN2404,소모품비_현장,2024-11-01,16820.0
RCSN2403,소모품비_현장,2024-11-01,19500.0
RCSN2414,소모품비_현장,2024-11-01,275735.0
RCPU2427,소모품비_현장,2024-11-01,1998542.0
RCPU2435,소모품비_현장,2024-11-01,1530542.0
RTPU2447,소모품비_현장,2024-11-01,655535.0
RCSN2406,소모품비_현장,2024-11-01,152435.0
RCPU2426,소모품비_현장,2024-11-01,268246.0
RTPU2446,소모품비_현장,2024-11-01,26273.0
RXPU2414,소모품비_현장,2024-11-01,6.828646E7
RCSN2417,소모품비_현장,2024-11-01,624251.0
RTSO2402,소모품비_현장,2024-11-01,909.0
RTPU2450,소모품비_현장,2024-11-01,3713217.0
RCPU2429,소모품비_현장,2024-11-01,2027994.0
RXPU2417,소모품비_현장,2024-11-01,1.8652079E7
RXPU2411,지급수수료_운영인건비,2024-11-01,1.2111274E7
RCPU2432,지급수수료_운영인건비,2024-11-01,1306000.0
RCPU2429,지급수수료_운영인건비,2024-11-01,1.05345E7
RCPJ2300,지급수수료_운영인건비,2024-11-01,50000.0
RTPU2441,지급수수료_운영인건비,2024-11-01,7500000.0
RTPJ2300,지급수수료_운영인건비,2024-11-01,3490000.0
RTSO2401,지급수수료_운영인건비,2024-11-01,830000.0
RCSN2300,지급수수료_운영인건비,2024-11-01,1817847.0
RCSN2310,지급수수료_운영인건비,2024-11-01,909000.0
RCPU2423,지급수수료_운영인건비,2024-11-01,2.08614E7
RCSN2402,지급수수료_운영인건비,2024-11-01,1425600.0
RCPU2436,지급수수료_운영인건비,2024-11-01,160000.0
RCSN2417,지급수수료_운영인건비,2024-11-01,240000.0
RCPU2427,지급수수료_운영인건비,2024-11-01,806000.0
RTPU2410,지급수수료_운영인건비,2024-11-01,2800000.0
RXPU2417,지급수수료_운영인건비,2024-11-01,2743000.0
RXPU2414,지급수수료_운영인건비,2024-11-01,764000.0
RTOH3300,지급수수료_도급인건비,2024-11-01,1900000.0
RXPU2411,지급수수료_도급인건비,2024-11-01,5727500.0
RTPU2442,지급수수료_도급인건비,2024-11-01,2.12573E7
RTPU2421,지급수수료_도급인건비,2024-11-01,3.217E7
RTPU2422,지급수수료_도급인건비,2024-11-01,5.091E7
RTPU2410,지급수수료_디자인,2024-11-01,2500000.0
RXPU2414,지급수수료_디자인,2024-11-01,4.2304046E7
RTSO2401,지급수수료_디자인,2024-11-01,3500000.0
RTPU2450,지급수수료_디자인,2024-11-01,782100.0
RTPU2443,지급수수료_디자인,2024-11-01,2500000.0
RXPU2411,지급수수료_디자인,2024-11-01,589950.0
RXPU2417,지급수수료_디자인,2024-11-01,349000.0
RTPU2440,지급수수료_디자인,2024-11-01,2500000.0
RTPU2450,지급수수료_서비스이용료,2024-11-01,2115909.0
RTOH3300,지급수수료_서비스이용료,2024-11-01,82261.0
RTPU2447,지급수수료_서비스이용료,2024-11-01,500000.0
RTPU2422,지급수수료_서비스이용료,2024-11-01,1.54313819E8
RCOH3100,지급수수료_서비스이용료,2024-11-01,870.0
RXPU2417,지급수수료_서비스이용료,2024-11-01,199092.0
RXPU2411,지급수수료_서비스이용료,2024-11-01,13000.0
RCPU2423,지급수수료_서비스이용료,2024-11-01,148926.0
RIPU2402,지급수수료_서비스이용료,2024-11-01,15500.0
RXOH3200,지급수수료_서비스이용료,2024-11-01,82328.0
RTPU2410,지급수수료_서비스이용료,2024-11-01,200000.0
RCSN2417,지급수수료_서비스이용료,2024-11-01,34000.0
RCSN2310,지급수수료_공간수수료,2024-11-01,8212375.0
RCSN2408,지급수수료_공간수수료,2024-11-01,267415.0
RCPU2437,지급수수료_공간수수료,2024-11-01,2.4E7
RTPU2422,지급수수료_공간수수료,2024-11-01,-402273.0
RCSN2417,지급수수료_공간수수료,2024-11-01,2.3792624E7
RXPU2417,지급수수료_공간수수료,2024-11-01,388418.0
RCSN2405,지급수수료_공간수수료,2024-11-01,1.1837637E7
RIPU2402,지급수수료_공간수수료,2024-11-01,1000000.0
RTSO2401,지급수수료_공간수수료,2024-11-01,300000.0
RCSN2406,지급수수료_시공,2024-11-01,320000.0
RTPU2451,지급수수료_시공,2024-11-01,1315200.0
RTPU2422,지급수수료_시공,2024-11-01,1.19804199E8
RIPU2401,지급수수료_시공,2024-11-01,2.0E7
RXPU2416,지급수수료_시공,2024-11-01,4.464E7
RTPU2436,지급수수료_시공,2024-11-01,2.9E7
RCPU2429,지급수수료_시공,2024-11-01,1.6050909E7
RTPU2442,지급수수료_시공,2024-11-01,4.3818182E7
RCPU2436,지급수수료_시공,2024-11-01,1.095E7
RTPU2452,지급수수료_시공,2024-11-01,1020000.0
RCPU2420,지급수수료_시공,2024-11-01,7.095E7
RCSN2404,지급수수료_시공,2024-11-01,1295000.0
RTPU2410,지급수수료_광고비,2024-11-01,500000.0
RXPU2417,지급수수료_광고비,2024-11-01,1198682.0
RIPU2401,지급수수료_물품대여,2024-11-01,3904545.0
RCPU2427,지급수수료_물품대여,2024-11-01,-755000.0
RTPU2442,지급수수료_물품대여,2024-11-01,5100000.0
RCPU2423,지급수수료_물품대여,2024-11-01,4925000.0
RTPU2447,지급수수료_물품대여,2024-11-01,614700.0
RTPU2422,지급수수료_물품대여,2024-11-01,1.7648E7
RTPU2414,지급수수료_물품대여,2024-11-01,1200000.0
RIPU2402,지급수수료_물품대여,2024-11-01,850000.0
RCSN2418,지급수수료_물품대여,2024-11-01,2553090.0
RXPU2417,지급수수료_물품대여,2024-11-01,1142744.0
RTPU2440,지급수수료_물품대여,2024-11-01,4000000.0
RXPU2414,지급수수료_물품대여,2024-11-01,890000.0
RXPU2417,지급수수료_제작비,2024-11-01,4400000.0
RCSN2418,지급수수료_제작비,2024-11-01,1966000.0
RTPU2441,지급수수료_제작비,2024-11-01,8300000.0
RTSO2401,지급수수료_제작비,2024-11-01,1000000.0
RCSN2417,지급수수료_제작비,2024-11-01,1095000.0
RIPU2402,지급수수료_제작비,2024-11-01,1931818.0
RTPU2446,지급수수료_제작비,2024-11-01,2200000.0
RCPU2427,지급수수료_제작비,2024-11-01,1476364.0
RTPU2422,지급수수료_제작비,2024-11-01,1.6285E7
RXPU2414,지급수수료_제작비,2024-11-01,2199000.0
RTPU2409,지급수수료_제작비,2024-11-01,4880000.0
RIPU2401,지급수수료_제작비,2024-11-01,43800.0
RTPU2451,지급수수료_제작비,2024-11-01,550000.0
RTOH3300,지급수수료_Working Tool,2024-11-01,61600.0
RXOH3200,지급수수료_Working Tool,2024-11-01,64000.0
RTPU2410,지급수수료_기타,2024-11-01,5000.0
RTPU2444,지급수수료_기타,2024-11-01,520200.0
RCSO2402,지급수수료_기타,2024-11-01,9909.0
RCPU2423,지급수수료_기타,2024-11-01,33373.0
RXPU2411,지급수수료_기타,2024-11-01,13000.0
RTPJ2300,지급수수료_기타,2024-11-01,-720000.0
RCSO2401,지급수수료_기타,2024-11-01,6734291.0
RTSO2402,지급수수료_기타,2024-11-01,506.0
RXPI2405,지급수수료_기타,2024-11-01,33187.0
RTSO2401,지급수수료_기타,2024-11-01,191640.0
RROH3400,지급수수료_기타,2024-11-01,136364.0
RCPJ2300,광고선전비,2024-11-01,1.800909E7
RCSN2300,건물관리비,2024-11-01,1183377.0
RROH3400,직원급여_본사,2024-12-01,5.7943547E7
RTOH3300,직원급여_본사,2024-12-01,4.9335001E7
RCOH3100,직원급여_본사,2024-12-01,5.1533333E7
RIOH6100,직원급여_본사,2024-12-01,1.9637661E7
RXOH3200,직원급여_본사,2024-12-01,2.5389049E7
RCSN2414,직원급여_매장,2024-12-01,1.8212E7
RCSN2404,직원급여_매장,2024-12-01,7537120.0
RCSN2405,직원급여_매장,2024-12-01,6935200.0
RCST2504,직원급여_매장,2024-12-01,190080.0
RCSN2417,직원급여_매장,2024-12-01,1.2708653E7
RCSN2402,직원급여_매장,2024-12-01,7996480.0
RCSN2401,직원급여_매장,2024-12-01,6954010.0
RCSN2403,직원급여_매장,2024-12-01,6197199.0
RCSN2413,직원급여_매장,2024-12-01,1.0590386E7
RCOH3100,상여금,2024-12-01,2798000.0
RROH3400,상여금,2024-12-01,1.201084E7
RXOH3200,상여금,2024-12-01,2798000.0
RTOH3300,상여금,2024-12-01,4197000.0
RTOH3300,잡급,2024-12-01,2738676.0
RROH3400,퇴직급여_본사,2024-12-01,3.9703258E7
RCSN2403,퇴직급여_본사,2024-12-01,-2424384.0
RTOH3300,퇴직급여_본사,2024-12-01,6.6329375E7
RCOH3100,퇴직급여_본사,2024-12-01,6.7353941E7
RXOH3200,퇴직급여_본사,2024-12-01,2.2865572E7
RCSN2403,퇴직급여_매장,2024-12-01,-2763703.0
RCSN2414,퇴직급여_매장,2024-12-01,1.0089696E7
RCSN2401,퇴직급여_매장,2024-12-01,5226503.0
RCSN2417,퇴직급여_매장,2024-12-01,4760473.0
RCSN2413,퇴직급여_매장,2024-12-01,1482839.0
RCSN2402,퇴직급여_매장,2024-12-01,2494198.0
RCSN2405,퇴직급여_매장,2024-12-01,-1975492.0
RCSN2404,퇴직급여_매장,2024-12-01,1329097.0
RROH3400,연차수당_본사,2024-12-01,4531178.0
RCOH3100,연차수당_본사,2024-12-01,5177782.0
RIOH6100,연차수당_본사,2024-12-01,438338.0
RTOH3300,연차수당_본사,2024-12-01,4846190.0
RXOH3200,연차수당_본사,2024-12-01,1687387.0
RCSN2417,연차수당_매장,2024-12-01,947870.0
RCSN2405,연차수당_매장,2024-12-01,837539.0
RCSN2414,연차수당_매장,2024-12-01,2185816.0
RCSN2413,연차수당_매장,2024-12-01,634338.0
RCSN2401,연차수당_매장,2024-12-01,1020279.0
RCSN2403,연차수당_매장,2024-12-01,866545.0
RCSN2402,연차수당_매장,2024-12-01,385774.0
RCSN2404,연차수당_매장,2024-12-01,541674.0
RXOH3200,복리후생비_건강보험,2024-12-01,1159993.0
RCOH3100,복리후생비_건강보험,2024-12-01,2261109.0
RCSN2402,복리후생비_건강보험,2024-12-01,269132.0
RCSN2404,복리후생비_건강보험,2024-12-01,290309.0
RROH3400,복리후생비_건강보험,2024-12-01,2007443.0
RCSN2414,복리후생비_건강보험,2024-12-01,558238.0
RTOH3300,복리후생비_건강보험,2024-12-01,1857436.0
RIOH6100,복리후생비_건강보험,2024-12-01,654423.0
RCSN2401,복리후생비_건강보험,2024-12-01,243024.0
RCSN2417,복리후생비_건강보험,2024-12-01,390628.0
RCSN2413,복리후생비_건강보험,2024-12-01,391147.0
RCSN2403,복리후생비_건강보험,2024-12-01,276013.0
RCSN2405,복리후생비_건강보험,2024-12-01,208679.0
RXPU2411,복리후생비_식음료대,2024-12-01,124900.0
RTPU2507,복리후생비_식음료대,2024-12-01,41800.0
RIPU2404,복리후생비_식음료대,2024-12-01,192077.0
RTPU2454,복리후생비_식음료대,2024-12-01,70800.0
RCPU2417,복리후생비_식음료대,2024-12-01,43000.0
RTPU2451,복리후생비_식음료대,2024-12-01,156700.0
RIOH6100,복리후생비_식음료대,2024-12-01,81976.0
RTPU2502,복리후생비_식음료대,2024-12-01,65700.0
RCSN2418,복리후생비_식음료대,2024-12-01,51400.0
RIPU2403,복리후생비_식음료대,2024-12-01,332732.0
RCPU2439,복리후생비_식음료대,2024-12-01,119200.0
RCSN2413,복리후생비_식음료대,2024-12-01,81890.0
RXPU2417,복리후생비_식음료대,2024-12-01,624200.0
RXOH3200,복리후생비_식음료대,2024-12-01,140400.0
RXSN2501,복리후생비_식음료대,2024-12-01,164600.0
RCPU2505,복리후생비_식음료대,2024-12-01,29900.0
RCSN2419,복리후생비_식음료대,2024-12-01,199170.0
RCSN2414,복리후생비_식음료대,2024-12-01,24300.0
RTPU2506,복리후생비_식음료대,2024-12-01,56000.0
RCPU2438,복리후생비_식음료대,2024-12-01,3635590.0
RCPU2437,복리후생비_식음료대,2024-12-01,110000.0
RROH3400,복리후생비_식음료대,2024-12-01,4438110.0
RTOH3300,복리후생비_식음료대,2024-12-01,760800.0
RIPU2401,복리후생비_식음료대,2024-12-01,630000.0
RCOH3100,복리후생비_식음료대,2024-12-01,456200.0
RCSN2417,복리후생비_식음료대,2024-12-01,632900.0
RTPU2445,복리후생비_식음료대,2024-12-01,383700.0
RXPU2414,복리후생비_식음료대,2024-12-01,546150.0
RCPU2434,복리후생비_식음료대,2024-12-01,407090.0
RTSO2402,복리후생비_식음료대,2024-12-01,5000.0
RCSN2401,복리후생비_식음료대,2024-12-01,17500.0
RCPU2435,복리후생비_식음료대,2024-12-01,959560.0
RCPU2436,복리후생비_식음료대,2024-12-01,14900.0
RCPU2426,복리후생비_식음료대,2024-12-01,268800.0
RTPU2410,복리후생비_식음료대,2024-12-01,61600.0
RXPU2416,복리후생비_식음료대,2024-12-01,598880.0
RTPU2443,복리후생비_식음료대,2024-12-01,569100.0
RXOH3200,복리후생비_회식대,2024-12-01,392100.0
RCPU2438,복리후생비_회식대,2024-12-01,726000.0
RTOH3300,복리후생비_회식대,2024-12-01,466600.0
RXSN2501,복리후생비_회식대,2024-12-01,7200.0
RROH3400,복리후생비_회식대,2024-12-01,1339800.0
RCOH3100,복리후생비_회식대,2024-12-01,347400.0
RCSN2417,복리후생비_회식대,2024-12-01,12000.0
RIOH6100,복리후생비_회식대,2024-12-01,235200.0
RTOH3300,복리후생비_기타,2024-12-01,351000.0
RCSN2401,복리후생비_기타,2024-12-01,-2940.0
RCSN2404,복리후생비_기타,2024-12-01,-24000.0
RCOH3100,복리후생비_기타,2024-12-01,-305420.0
RCSN2414,복리후생비_기타,2024-12-01,135368.0
RXOH3200,복리후생비_기타,2024-12-01,-1800.0
RROH3400,복리후생비_기타,2024-12-01,7600.0
RCSN2414,여비교통비_야근,2024-12-01,45000.0
RCPU2503,여비교통비_야근,2024-12-01,37900.0
RXPU2417,여비교통비_야근,2024-12-01,57900.0
RTOH3300,여비교통비_야근,2024-12-01,357500.0
RXPU2414,여비교통비_야근,2024-12-01,50700.0
RROH3400,여비교통비_야근,2024-12-01,393600.0
RTPU2443,여비교통비_야근,2024-12-01,99800.0
RCPU2434,여비교통비_야근,2024-12-01,78600.0
RCPU2439,여비교통비_야근,2024-12-01,175500.0
RTPU2454,여비교통비_야근,2024-12-01,22500.0
RCSN2417,여비교통비_야근,2024-12-01,71000.0
RTPU2445,여비교통비_야근,2024-12-01,118530.0
RCPU2438,여비교통비_야근,2024-12-01,519900.0
RCOH3100,여비교통비_야근,2024-12-01,27400.0
RCPU2435,여비교통비_야근,2024-12-01,36880.0
RXPU2416,여비교통비_야근,2024-12-01,26300.0
RIPU2404,여비교통비_야근,2024-12-01,32300.0
RCPU2505,여비교통비_야근,2024-12-01,96900.0
RCPU2417,여비교통비_야근,2024-12-01,14300.0
RCPU2437,여비교통비_야근,2024-12-01,101900.0
RIPU2403,여비교통비_야근,2024-12-01,31700.0
RTPU2506,여비교통비_야근,2024-12-01,22500.0
RCSN2418,여비교통비_외근,2024-12-01,40200.0
RXPU2417,여비교통비_외근,2024-12-01,123900.0
RTPU2452,여비교통비_외근,2024-12-01,67300.0
RTOH3300,여비교통비_외근,2024-12-01,947790.0
RXPU2411,여비교통비_외근,2024-12-01,28500.0
RIOH6100,여비교통비_외근,2024-12-01,13000.0
RXSN2501,여비교통비_외근,2024-12-01,73600.0
RCPU2436,여비교통비_외근,2024-12-01,47900.0
RCSN2417,여비교통비_외근,2024-12-01,111400.0
RIPU2401,여비교통비_외근,2024-12-01,70600.0
RTPU2451,여비교통비_외근,2024-12-01,446300.0
RXPU2416,여비교통비_외근,2024-12-01,226100.0
RCSN2401,여비교통비_외근,2024-12-01,18000.0
RCPU2435,여비교통비_외근,2024-12-01,648200.0
RCSN2419,여비교통비_외근,2024-12-01,55900.0
RCPU2438,여비교통비_외근,2024-12-01,695250.0
RXPU2414,여비교통비_외근,2024-12-01,233000.0
RCPU2426,여비교통비_외근,2024-12-01,195000.0
RTPU2447,여비교통비_외근,2024-12-01,15900.0
RTPU2453,여비교통비_외근,2024-12-01,30000.0
RROH3400,여비교통비_외근,2024-12-01,2176600.0
RTPU2507,여비교통비_외근,2024-12-01,50500.0
RCPU2434,여비교통비_외근,2024-12-01,139800.0
RTPU2502,여비교통비_외근,2024-12-01,31700.0
RCOH3100,여비교통비_외근,2024-12-01,360950.0
RXOH3200,여비교통비_외근,2024-12-01,288200.0
RTPU2506,여비교통비_외근,2024-12-01,23430.0
RIPU2403,여비교통비_외근,2024-12-01,265800.0
RTPU2443,여비교통비_외근,2024-12-01,265700.0
RTPU2503,여비교통비_외근,2024-12-01,7000.0
RCPU2437,여비교통비_외근,2024-12-01,26500.0
RCSN2413,여비교통비_외근,2024-12-01,41200.0
RTPU2445,여비교통비_외근,2024-12-01,151250.0
RTPU2454,여비교통비_외근,2024-12-01,67000.0
RTPU2410,여비교통비_외근,2024-12-01,45800.0
RXPU2417,여비교통비_국내출장,2024-12-01,582200.0
RTPU2502,여비교통비_국내출장,2024-12-01,54500.0
RCPU2435,여비교통비_국내출장,2024-12-01,702300.0
RXPU2416,여비교통비_국내출장,2024-12-01,140000.0
RROH3400,여비교통비_국내출장,2024-12-01,430200.0
RCOH3100,여비교통비_국내출장,2024-12-01,44000.0
RCPU2436,여비교통비_국내출장,2024-12-01,101100.0
RCPU2426,여비교통비_국내출장,2024-12-01,1221300.0
RIPU2401,여비교통비_국내출장,2024-12-01,253161.0
RTOH3300,여비교통비_해외출장,2024-12-01,228328.0
RXOH3200,여비교통비_개인차량사용료,2024-12-01,170000.0
RIOH6100,여비교통비_개인차량사용료,2024-12-01,200000.0
RROH3400,여비교통비_개인차량사용료,2024-12-01,830250.0
RTOH3300,여비교통비_개인차량사용료,2024-12-01,149750.0
RXSN2501,여비교통비_개인차량사용료,2024-12-01,80000.0
RCPU2438,여비교통비_개인차량사용료,2024-12-01,10087.0
RTPU2445,여비교통비_개인차량사용료,2024-12-01,99500.0
RTOH3300,접대비,2024-12-01,1618960.0
RXPU2411,접대비,2024-12-01,925000.0
RCPU2434,접대비,2024-12-01,48000.0
RROH3400,접대비,2024-12-01,6343300.0
RXSN2501,접대비,2024-12-01,114000.0
RCSN2417,접대비,2024-12-01,202200.0
RIPU2403,접대비,2024-12-01,24000.0
RCOH3100,접대비,2024-12-01,345900.0
RXOH3200,접대비,2024-12-01,146200.0
RIOH6100,접대비,2024-12-01,40000.0
RXPU2411,통신비,2024-12-01,63000.0
RCSO2415,통신비,2024-12-01,3200.0
RXOH3200,통신비,2024-12-01,212303.0
RCSN2405,통신비,2024-12-01,34800.0
RTPU2447,통신비,2024-12-01,44910.0
RTPU2410,통신비,2024-12-01,3200.0
RCSN2402,통신비,2024-12-01,4700.0
RCSN2417,통신비,2024-12-01,3740.0
RIPU2401,통신비,2024-12-01,4000.0
RTPU2445,통신비,2024-12-01,3200.0
RROH3400,통신비,2024-12-01,13170.0
RCOH3100,통신비,2024-12-01,126528.0
RIOH6100,통신비,2024-12-01,-5000.0
RTSO2402,통신비,2024-12-01,10300.0
RCSN2402,세금과공과_국민연금,2024-12-01,300092.0
RROH3400,세금과공과_국민연금,2024-12-01,1618587.0
RTOH3300,세금과공과_국민연금,2024-12-01,1900930.0
RCSN2405,세금과공과_국민연금,2024-12-01,165901.0
RCSN2414,세금과공과_국민연금,2024-12-01,630206.0
RCSN2413,세금과공과_국민연금,2024-12-01,417765.0
RCOH3100,세금과공과_국민연금,2024-12-01,2153249.0
RCSN2403,세금과공과_국민연금,2024-12-01,297673.0
RCSN2401,세금과공과_국민연금,2024-12-01,259620.0
RIOH6100,세금과공과_국민연금,2024-12-01,674464.0
RXOH3200,세금과공과_국민연금,2024-12-01,1141279.0
RCSN2417,세금과공과_국민연금,2024-12-01,418084.0
RCSN2404,세금과공과_국민연금,2024-12-01,313004.0
RCSN2417,세금과공과_세금,2024-12-01,1053037.0
RCSN2403,세금과공과_세금,2024-12-01,451301.0
RIOH6100,세금과공과_세금,2024-12-01,752169.0
RTOH3300,세금과공과_세금,2024-12-01,2106073.0
RCSN2414,세금과공과_세금,2024-12-01,1203470.0
RXOH3200,세금과공과_세금,2024-12-01,1203471.0
RCSN2404,세금과공과_세금,2024-12-01,601735.0
RCSN2413,세금과공과_세금,2024-12-01,752169.0
RROH3400,세금과공과_세금,2024-12-01,1353905.0
RCSN2401,세금과공과_세금,2024-12-01,601735.0
RCSN2402,세금과공과_세금,2024-12-01,601735.0
RCOH3100,세금과공과_세금,2024-12-01,2106073.0
RCSN2405,세금과공과_세금,2024-12-01,451301.0
RTOH3300,지급임차료_창고,2024-12-01,9000000.0
RCOH3100,지급임차료_창고,2024-12-01,1.89697E7
RIOH6100,지급임차료_창고,2024-12-01,1331310.0
RXOH3200,지급임차료_창고,2024-12-01,2250000.0
RCSN2403,지급임차료_스테이션,2024-12-01,3283900.0
RCSN2401,지급임차료_스테이션,2024-12-01,2331640.0
RCSN2416,지급임차료_스테이션,2024-12-01,1705499.0
RCSN2418,지급임차료_스테이션,2024-12-01,4745622.0
RCSN2402,지급임차료_스테이션,2024-12-01,5070162.0
RCSN2406,지급임차료_스테이션,2024-12-01,2615715.0
RCSN2404,지급임차료_스테이션,2024-12-01,3965336.0
RROH3400,보험료_산재보험,2024-12-01,207024.0
RCSN2402,보험료_산재보험,2024-12-01,40240.0
RXOH3200,보험료_산재보험,2024-12-01,152750.0
RCSN2413,보험료_산재보험,2024-12-01,71715.0
RCSN2401,보험료_산재보험,2024-12-01,36935.0
RCSN2414,보험료_산재보험,2024-12-01,84283.0
RIOH6100,보험료_산재보험,2024-12-01,89503.0
RCOH3100,보험료_산재보험,2024-12-01,311885.0
RCSN2417,보험료_산재보험,2024-12-01,55900.0
RCSN2405,보험료_산재보험,2024-12-01,29863.0
RTOH3300,보험료_산재보험,2024-12-01,265805.0
RCSN2404,보험료_산재보험,2024-12-01,41544.0
RCSN2403,보험료_산재보험,2024-12-01,39498.0
RCSN2414,보험료_고용보험,2024-12-01,144072.0
RCSN2403,보험료_고용보험,2024-12-01,67517.0
RCSN2417,보험료_고용보험,2024-12-01,95554.0
RCSN2413,보험료_고용보험,2024-12-01,122589.0
RCSN2401,보험료_고용보험,2024-12-01,59448.0
RCSN2405,보험료_고용보험,2024-12-01,51047.0
RXOH3200,보험료_고용보험,2024-12-01,52780.0
RTOH3300,보험료_고용보험,2024-12-01,454361.0
RCOH3100,보험료_고용보험,2024-12-01,533129.0
RCST2504,보험료_고용보험,2024-12-01,-1710.0
RCSN2404,보험료_고용보험,2024-12-01,71015.0
RROH3400,보험료_고용보험,2024-12-01,562209.0
RCSN2402,보험료_고용보험,2024-12-01,68785.0
RIOH6100,보험료_고용보험,2024-12-01,152994.0
RXPU2412,보험료_프로젝트,2024-12-01,275950.0
RIPU2401,보험료_프로젝트,2024-12-01,497800.0
RCSN2403,보험료_프로젝트,2024-12-01,88283.0
RCSN2402,보험료_프로젝트,2024-12-01,93701.0
RCSN2404,보험료_프로젝트,2024-12-01,178086.0
RCSN2401,보험료_프로젝트,2024-12-01,96710.0
RXPU2416,보험료_프로젝트,2024-12-01,765000.0
RTPU2445,보험료_프로젝트,2024-12-01,420857.0
RROH3400,보험료_프로젝트,2024-12-01,222745.0
RCSN2417,보험료_프로젝트,2024-12-01,25000.0
RCPU2438,보험료_프로젝트,2024-12-01,948000.0
RXPU2416,차량유지비_유류대,2024-12-01,50000.0
RCSN2419,차량유지비_유류대,2024-12-01,54718.0
RXOH3200,차량유지비_유류대,2024-12-01,100000.0
RCOH3100,차량유지비_유류대,2024-12-01,50000.0
RCPU2438,차량유지비_유류대,2024-12-01,60000.0
RTPU2456,운반비_사업본부,2024-12-01,300000.0
RTPU2440,운반비_사업본부,2024-12-01,15000.0
RXPU2414,운반비_사업본부,2024-12-01,200000.0
RTPU2452,운반비_사업본부,2024-12-01,179000.0
RTPU2410,운반비_사업본부,2024-12-01,3323036.0
RTPU2445,운반비_사업본부,2024-12-01,89900.0
RTPU2437,운반비_사업본부,2024-12-01,17000.0
RTPU2454,운반비_사업본부,2024-12-01,134000.0
RIPU2404,운반비_사업본부,2024-12-01,50000.0
RCSN2401,운반비_사업본부,2024-12-01,100000.0
RCSN2413,운반비_사업본부,2024-12-01,11400.0
RTPU2451,운반비_사업본부,2024-12-01,154000.0
RCOH3100,운반비_사업본부,2024-12-01,1605800.0
RTPU2506,운반비_사업본부,2024-12-01,12000.0
RIPU2401,운반비_사업본부,2024-12-01,150000.0
RCSN2417,운반비_사업본부,2024-12-01,311000.0
RTPU2453,운반비_사업본부,2024-12-01,180000.0
RTPU2447,운반비_사업본부,2024-12-01,231000.0
RXPU2417,운반비_사업본부,2024-12-01,80000.0
RTPU2443,운반비_사업본부,2024-12-01,1773600.0
RCSN2419,운반비_사업본부,2024-12-01,14687.0
RXPU2416,운반비_사업본부,2024-12-01,16500.0
RXPU2411,운반비_사업본부,2024-12-01,8637.0
RCSN2414,운반비_사업본부,2024-12-01,30000.0
RROH3400,운반비_사업본부,2024-12-01,105420.0
RCOH3100,도서인쇄비_도서구매,2024-12-01,16200.0
RROH3400,도서인쇄비_도서구매,2024-12-01,15300.0
RTOH3300,도서인쇄비_도서구매,2024-12-01,34110.0
RXOH3200,도서인쇄비_도서구매,2024-12-01,71600.0
RROH3400,도서인쇄비_행사출력물,2024-12-01,4400.0
RTPU2445,도서인쇄비_행사출력물,2024-12-01,875652.0
RXPU2414,도서인쇄비_행사출력물,2024-12-01,63000.0
RXPU2417,도서인쇄비_행사출력물,2024-12-01,2702436.0
RRPM2501,도서인쇄비_행사출력물,2024-12-01,5000000.0
RIPU2401,도서인쇄비_행사출력물,2024-12-01,501600.0
RRPM2402,도서인쇄비_행사출력물,2024-12-01,5470000.0
RXPU2416,도서인쇄비_행사출력물,2024-12-01,1141582.0
RCOH3100,소모품비_본사,2024-12-01,19700.0
RCSN2419,소모품비_본사,2024-12-01,2728.0
RCPU2435,소모품비_현장,2024-12-01,2776519.0
RCSN2414,소모품비_현장,2024-12-01,106347.0
RCPU2434,소모품비_현장,2024-12-01,308967.0
RCPU2437,소모품비_현장,2024-12-01,32728.0
RXPU2416,소모품비_현장,2024-12-01,3396230.0
RXPU2417,소모품비_현장,2024-12-01,1.1210482E7
RTSO2402,소모품비_현장,2024-12-01,2727.0
RTPU2447,소모품비_현장,2024-12-01,366363.0
RIPU2403,소모품비_현장,2024-12-01,359655.0
RCSN2419,소모품비_현장,2024-12-01,820578.0
RIPU2404,소모품비_현장,2024-12-01,161090.0
RXPU2414,소모품비_현장,2024-12-01,2.3886616E7
RTPU2445,소모품비_현장,2024-12-01,812848.0
RTPU2410,소모품비_현장,2024-12-01,6690.0
RCSN2413,소모품비_현장,2024-12-01,60040.0
RCSN2403,소모품비_현장,2024-12-01,93560.0
RCSN2405,소모품비_현장,2024-12-01,55355.0
RCSN2417,소모품비_현장,2024-12-01,2324926.0
RCSN2404,소모품비_현장,2024-12-01,19000.0
RTPU2448,소모품비_현장,2024-12-01,219636.0
RTPU2502,소모품비_현장,2024-12-01,81873.0
RCOH3100,소모품비_현장,2024-12-01,889089.0
RTPU2451,소모품비_현장,2024-12-01,900678.0
RTPU2454,소모품비_현장,2024-12-01,32364.0
RTPU2456,소모품비_현장,2024-12-01,37272.0
RTPU2452,소모품비_현장,2024-12-01,558326.0
RXPU2411,소모품비_현장,2024-12-01,3747027.0
RCSN2418,소모품비_현장,2024-12-01,13118.0
RCPU2436,소모품비_현장,2024-12-01,52555.0
RCPU2438,소모품비_현장,2024-12-01,7207361.0
RTPU2443,소모품비_현장,2024-12-01,1506811.0
RROH3400,소모품비_현장,2024-12-01,32040.0
RCPU2417,소모품비_현장,2024-12-01,163000.0
RCPU2426,소모품비_현장,2024-12-01,1550995.0
RIPU2401,소모품비_현장,2024-12-01,1639620.0
RCGD2404,소모품비_기타,2024-12-01,400000.0
RCSN2417,소모품비_기타,2024-12-01,49000.0
RRPM2402,소모품비_기타,2024-12-01,225000.0
RCPU2435,지급수수료_운영인건비,2024-12-01,3.00705E7
RTPU2445,지급수수료_운영인건비,2024-12-01,3.825E7
RIPU2404,지급수수료_운영인건비,2024-12-01,5140000.0
RXPU2417,지급수수료_운영인건비,2024-12-01,2.3255E7
RCSN2419,지급수수료_운영인건비,2024-12-01,400000.0
RCPU2436,지급수수료_운영인건비,2024-12-01,4434750.0
RIPU2401,지급수수료_운영인건비,2024-12-01,1100000.0
RXPU2411,지급수수료_운영인건비,2024-12-01,7588135.0
RTPU2443,지급수수료_운영인건비,2024-12-01,5.4E7
RTPU2409,지급수수료_운영인건비,2024-12-01,733800.0
RTPU2440,지급수수료_운영인건비,2024-12-01,7.83E7
RTPU2454,지급수수료_운영인건비,2024-12-01,5140000.0
RTPU2422,지급수수료_운영인건비,2024-12-01,1.073E7
RXPU2414,지급수수료_운영인건비,2024-12-01,3.588032E7
RXPU2416,지급수수료_운영인건비,2024-12-01,1.562E7
RCSN2403,지급수수료_운영인건비,2024-12-01,264000.0
RIPU2403,지급수수료_운영인건비,2024-12-01,5470000.0
RCPU2434,지급수수료_운영인건비,2024-12-01,1.384945E7
RCPU2426,지급수수료_운영인건비,2024-12-01,7992400.0
RCPU2438,지급수수료_운영인건비,2024-12-01,5.544E7
RIPU2402,지급수수료_도급인건비,2024-12-01,970000.0
RTPU2452,지급수수료_도급인건비,2024-12-01,2180000.0
RCPU2426,지급수수료_도급인건비,2024-12-01,2428000.0
RIPU2401,지급수수료_도급인건비,2024-12-01,7825000.0
RTPU2447,지급수수료_도급인건비,2024-12-01,2040000.0
RTPU2446,지급수수료_도급인건비,2024-12-01,6270000.0
RTPU2451,지급수수료_도급인건비,2024-12-01,2260000.0
RTPU2410,지급수수료_도급인건비,2024-12-01,8.673E7
RCPU2438,지급수수료_도급인건비,2024-12-01,8000000.0
RCPU2427,지급수수료_도급인건비,2024-12-01,1.844E7
RTPU2439,지급수수료_도급인건비,2024-12-01,-4.4527876E7
RXPU2411,지급수수료_도급인건비,2024-12-01,9552500.0
RTPU2453,지급수수료_도급인건비,2024-12-01,4000000.0
RXPU2411,지급수수료_디자인,2024-12-01,-240840.0
RXPU2414,지급수수료_디자인,2024-12-01,4.405E7
RXPU2409,지급수수료_디자인,2024-12-01,-468540.0
RTPU2447,지급수수료_디자인,2024-12-01,3000000.0
RXOH3200,지급수수료_디자인,2024-12-01,-10950.0
RTPU2448,지급수수료_디자인,2024-12-01,1000000.0
RCOH3100,지급수수료_서비스이용료,2024-12-01,45464.0
RXPU2416,지급수수료_서비스이용료,2024-12-01,8182.0
RXPU2417,지급수수료_서비스이용료,2024-12-01,54546.0
RTPU2445,지급수수료_서비스이용료,2024-12-01,176845.0
RCPU2438,지급수수료_서비스이용료,2024-12-01,800000.0
RXPU2411,지급수수료_서비스이용료,2024-12-01,48455.0
RCSN2417,지급수수료_서비스이용료,2024-12-01,34000.0
RCPU2437,지급수수료_서비스이용료,2024-12-01,750000.0
RTOH3300,지급수수료_서비스이용료,2024-12-01,77682.0
RXOH3200,지급수수료_서비스이용료,2024-12-01,74746.0
RCPU2438,지급수수료_공간수수료,2024-12-01,323637.0
RCSN2405,지급수수료_공간수수료,2024-12-01,1.2632069E7
RXPU2417,지급수수료_공간수수료,2024-12-01,102436.0
RTPU2447,지급수수료_공간수수료,2024-12-01,3090000.0
RTPU2452,지급수수료_공간수수료,2024-12-01,2300000.0
RCSN2417,지급수수료_공간수수료,2024-12-01,2.5074066E7
RXSN2501,지급수수료_시공,2024-12-01,6000000.0
RXPU2416,지급수수료_시공,2024-12-01,1.116E7
RCPU2426,지급수수료_시공,2024-12-01,1.1245E7
RTPU2410,지급수수료_시공,2024-12-01,4000000.0
RTPU2451,지급수수료_시공,2024-12-01,3200000.0
RTPU2422,지급수수료_시공,2024-12-01,2450000.0
RTPU2452,지급수수료_시공,2024-12-01,50000.0
RTPU2447,지급수수료_시공,2024-12-01,8300000.0
RCPU2437,지급수수료_시공,2024-12-01,2.2885E7
RCPU2427,지급수수료_시공,2024-12-01,2.14186E7
RCPU2417,지급수수료_시공,2024-12-01,4404000.0
RTPU2409,지급수수료_시공,2024-12-01,1500000.0
RTPU2445,지급수수료_시공,2024-12-01,4.6E7
RXPU2417,지급수수료_광고비,2024-12-01,520000.0
RTPU2445,지급수수료_물품대여,2024-12-01,5700000.0
RIPU2403,지급수수료_물품대여,2024-12-01,1798500.0
RTPU2454,지급수수료_물품대여,2024-12-01,2000000.0
RTPU2452,지급수수료_물품대여,2024-12-01,350000.0
RIPU2402,지급수수료_물품대여,2024-12-01,2698000.0
RTPU2410,지급수수료_물품대여,2024-12-01,1.2E7
RTSO2401,지급수수료_물품대여,2024-12-01,8000000.0
RIPU2404,지급수수료_물품대여,2024-12-01,600000.0
RIPU2401,지급수수료_물품대여,2024-12-01,2700000.0
RXPU2416,지급수수료_물품대여,2024-12-01,373800.0
RCPU2435,지급수수료_물품대여,2024-12-01,680000.0
RTPU2451,지급수수료_물품대여,2024-12-01,1242000.0
RCPU2417,지급수수료_물품대여,2024-12-01,1080000.0
RCPU2427,지급수수료_물품대여,2024-12-01,4220000.0
RCSN2419,지급수수료_물품대여,2024-12-01,265200.0
RXPU2414,지급수수료_물품대여,2024-12-01,180000.0
RXPU2417,지급수수료_물품대여,2024-12-01,897700.0
RCPU2437,지급수수료_물품대여,2024-12-01,8998365.0
RCPU2438,지급수수료_물품대여,2024-12-01,8780000.0
RXPU2417,지급수수료_제작비,2024-12-01,3.1E7
RCSN2419,지급수수료_제작비,2024-12-01,1600000.0
RTPU2447,지급수수료_제작비,2024-12-01,170000.0
RCPU2438,지급수수료_제작비,2024-12-01,384000.0
RTPU2410,지급수수료_제작비,2024-12-01,4.54E7
RCPU2435,지급수수료_제작비,2024-12-01,9300000.0
RTPU2444,지급수수료_제작비,2024-12-01,310000.0
RIPU2401,지급수수료_제작비,2024-12-01,8172909.0
RTPU2445,지급수수료_제작비,2024-12-01,1029600.0
RXPU2414,지급수수료_제작비,2024-12-01,625000.0
RXPI2401,지급수수료_카드수수료,2024-12-01,103227.0
RCPU2401,지급수수료_카드수수료,2024-12-01,408766.0
RCSN2403,지급수수료_카드수수료,2024-12-01,4631610.0
RCPU2406,지급수수료_카드수수료,2024-12-01,506386.0
RCSO2415,지급수수료_카드수수료,2024-12-01,4573728.0
RCSN2402,지급수수료_카드수수료,2024-12-01,7686110.0
RCSN2401,지급수수료_카드수수료,2024-12-01,7128769.0
RXPU2411,지급수수료_카드수수료,2024-12-01,220974.0
RTPU2441,지급수수료_카드수수료,2024-12-01,127611.0
RXPU2417,지급수수료_카드수수료,2024-12-01,18192.0
RCSN2301,지급수수료_카드수수료,2024-12-01,196000.0
RCSN2300,지급수수료_카드수수료,2024-12-01,496881.0
RCSN2411,지급수수료_카드수수료,2024-12-01,1629431.0
RCSN2419,지급수수료_카드수수료,2024-12-01,6286075.0
RCSN2409,지급수수료_카드수수료,2024-12-01,668718.0
RCSN2404,지급수수료_카드수수료,2024-12-01,5070928.0
RCPU2312,지급수수료_카드수수료,2024-12-01,46419.0
RCSN2418,지급수수료_카드수수료,2024-12-01,1159476.0
RTPU2444,지급수수료_카드수수료,2024-12-01,14676.0
RCPU2432,지급수수료_카드수수료,2024-12-01,2977.0
RCSN2406,지급수수료_카드수수료,2024-12-01,5747394.0
RTPU2418,지급수수료_카드수수료,2024-12-01,258223.0
RCSN2410,지급수수료_카드수수료,2024-12-01,864790.0
RTPU2438,지급수수료_카드수수료,2024-12-01,11167.0
RCSN2417,지급수수료_카드수수료,2024-12-01,1689293.0
RTSO2401,지급수수료_카드수수료,2024-12-01,1.945726E7
RCPU2315,지급수수료_카드수수료,2024-12-01,1668194.0
RCSN2407,지급수수료_카드수수료,2024-12-01,1485809.0
RTOH3300,지급수수료_Working Tool,2024-12-01,61600.0
RROH3400,지급수수료_자문료,2024-12-01,2.0E7
RXPU2417,지급수수료_기타,2024-12-01,117862.0
RCSO2401,지급수수료_기타,2024-12-01,4042759.0
RCSN2412,지급수수료_기타,2024-12-01,4861878.0
RTPU2439,지급수수료_기타,2024-12-01,-1.45825908E8
RTSO2402,지급수수료_기타,2024-12-01,4232.0
RCSO2402,지급수수료_기타,2024-12-01,12433.0
RCSN2401,지급수수료_기타,2024-12-01,-4.1825909E7
RCSN2417,광고선전비,2024-12-01,1933091.0
RIOH6100,직원급여_본사,2025-01-01,1.625E7
RROH3400,직원급여_본사,2025-01-01,5.6088707E7
RTOH3300,직원급여_본사,2025-01-01,4.9335001E7
RCOH3100,직원급여_본사,2025-01-01,9500000.0
RXOH3200,직원급여_본사,2025-01-01,2.3833334E7
RCST2504,직원급여_매장,2025-01-01,7691528.0
RCST2505,직원급여_매장,2025-01-01,5901879.0
RCST2506,직원급여_매장,2025-01-01,1.3231272E7
RCST2502,직원급여_매장,2025-01-01,8433966.0
RCSN2414,직원급여_매장,2025-01-01,1.7759824E7
RCST2501,직원급여_매장,2025-01-01,6817618.0
RCST2503,직원급여_매장,2025-01-01,7008247.0
RCSN2413,직원급여_매장,2025-01-01,9906130.0
RROH3400,상여금,2025-01-01,3.9645427E7
RTOH3300,잡급,2025-01-01,3144406.0
RXOH3200,잡급,2025-01-01,6288812.0
RTOH3300,복리후생비_건강보험,2025-01-01,1966304.0
RROH3400,복리후생비_건강보험,2025-01-01,2390868.0
RIOH6100,복리후생비_건강보험,2025-01-01,640304.0
RCST2505,복리후생비_건강보험,2025-01-01,214459.0
RCST2503,복리후생비_건강보험,2025-01-01,283657.0
RXOH3200,복리후생비_건강보험,2025-01-01,1932726.0
RCST2504,복리후생비_건강보험,2025-01-01,298340.0
RCST2506,복리후생비_건강보험,2025-01-01,474008.0
RCST2501,복리후생비_건강보험,2025-01-01,249753.0
RCST2502,복리후생비_건강보험,2025-01-01,276566.0
RCSN2414,복리후생비_건강보험,2025-01-01,589284.0
RCOH3100,복리후생비_건강보험,2025-01-01,1213722.0
RCSN2413,복리후생비_건강보험,2025-01-01,-50563.0
RTPU2510,복리후생비_식음료대,2025-01-01,71092.0
RCST2506,복리후생비_식음료대,2025-01-01,273855.0
RCSN2414,복리후생비_식음료대,2025-01-01,41400.0
RCPU2417,복리후생비_식음료대,2025-01-01,455676.0
RCCP2502,복리후생비_식음료대,2025-01-01,3273.0
RTPU2511,복리후생비_식음료대,2025-01-01,35908.0
RCOH3100,복리후생비_식음료대,2025-01-01,256185.0
RCSN2413,복리후생비_식음료대,2025-01-01,74700.0
RTPU2508,복리후생비_식음료대,2025-01-01,59090.0
RTPU2513,복리후생비_식음료대,2025-01-01,141746.0
RCST2507,복리후생비_식음료대,2025-01-01,8181.0
RTPU2449,복리후생비_식음료대,2025-01-01,220772.0
RTPU2519,복리후생비_식음료대,2025-01-01,36274.0
RTPU2509,복리후생비_식음료대,2025-01-01,210278.0
RROH3400,복리후생비_식음료대,2025-01-01,3832555.0
RCST2505,복리후생비_식음료대,2025-01-01,152273.0
RCPU2504,복리후생비_식음료대,2025-01-01,481862.0
RXST2501,복리후생비_식음료대,2025-01-01,85182.0
RCST2503,복리후생비_식음료대,2025-01-01,26455.0
RTPU2514,복리후생비_식음료대,2025-01-01,21000.0
RCCP2507,복리후생비_식음료대,2025-01-01,15091.0
RCST2502,복리후생비_식음료대,2025-01-01,43819.0
RRPM2402,복리후생비_식음료대,2025-01-01,9000.0
RTPU2502,복리후생비_식음료대,2025-01-01,484171.0
RTPU2445,복리후생비_식음료대,2025-01-01,60272.0
RCPU2502,복리후생비_식음료대,2025-01-01,1010074.0
RTPU2501,복리후생비_식음료대,2025-01-01,142457.0
RXOH3200,복리후생비_식음료대,2025-01-01,907566.0
RTOH3300,복리후생비_식음료대,2025-01-01,1889364.0
RCPU2505,복리후생비_식음료대,2025-01-01,62274.0
RIOH6100,복리후생비_식음료대,2025-01-01,525552.0
RCST2504,복리후생비_식음료대,2025-01-01,14091.0
RCSN2414,복리후생비_회식대,2025-01-01,79250.0
RTPU2507,복리후생비_회식대,2025-01-01,12273.0
RTOH3300,복리후생비_회식대,2025-01-01,388547.0
RCPU2417,복리후생비_회식대,2025-01-01,21272.0
RTPU2449,복리후생비_회식대,2025-01-01,13000.0
RIOH6100,복리후생비_회식대,2025-01-01,61817.0
RXOH3200,복리후생비_회식대,2025-01-01,615780.0
RCST2506,복리후생비_회식대,2025-01-01,234545.0
RCOH3100,복리후생비_회식대,2025-01-01,278091.0
RROH3400,복리후생비_회식대,2025-01-01,171366.0
RXST2501,복리후생비_회식대,2025-01-01,42546.0
RCPU2505,복리후생비_회식대,2025-01-01,22728.0
RCST2505,복리후생비_기타,2025-01-01,90000.0
RROH3400,복리후생비_기타,2025-01-01,924857.0
RCST2506,복리후생비_기타,2025-01-01,117272.0
RCSN2404,복리후생비_기타,2025-01-01,19000.0
RTOH3300,복리후생비_기타,2025-01-01,1372800.0
RCOH3100,복리후생비_기타,2025-01-01,1287801.0
RCST2503,복리후생비_기타,2025-01-01,87273.0
RCST2504,복리후생비_기타,2025-01-01,240000.0
RCSN2413,복리후생비_기타,2025-01-01,90000.0
RCSN2414,복리후생비_기타,2025-01-01,150000.0
RIOH6100,복리후생비_기타,2025-01-01,357943.0
RCST2501,복리후생비_기타,2025-01-01,90000.0
RXOH3200,복리후생비_기타,2025-01-01,757426.0
RTOH3300,여비교통비_야근,2025-01-01,65600.0
RCOH3100,여비교통비_야근,2025-01-01,19800.0
RTPU2511,여비교통비_야근,2025-01-01,65300.0
RCPU2437,여비교통비_야근,2025-01-01,-13200.0
RTPU2506,여비교통비_야근,2025-01-01,26000.0
RTPU2512,여비교통비_야근,2025-01-01,26500.0
RTPU2519,여비교통비_야근,2025-01-01,45500.0
RCPU2505,여비교통비_야근,2025-01-01,55700.0
RTPU2449,여비교통비_야근,2025-01-01,235100.0
RROH3400,여비교통비_야근,2025-01-01,156300.0
RTPU2507,여비교통비_야근,2025-01-01,30900.0
RCPU2502,여비교통비_야근,2025-01-01,179300.0
RCPU2504,여비교통비_야근,2025-01-01,132300.0
RXOH3200,여비교통비_야근,2025-01-01,41500.0
RTPU2510,여비교통비_야근,2025-01-01,32300.0
RCST2506,여비교통비_야근,2025-01-01,83500.0
RTPU2513,여비교통비_야근,2025-01-01,19800.0
RCPU2417,여비교통비_야근,2025-01-01,78200.0
RTPU2501,여비교통비_야근,2025-01-01,62700.0
RCPU2505,여비교통비_외근,2025-01-01,235500.0
RROH3400,여비교통비_외근,2025-01-01,2681924.0
RTPU2509,여비교통비_외근,2025-01-01,78800.0
RTPU2512,여비교통비_외근,2025-01-01,12700.0
RCPU2504,여비교통비_외근,2025-01-01,370200.0
RTPU2506,여비교통비_외근,2025-01-01,26400.0
RCST2506,여비교통비_외근,2025-01-01,96500.0
RTPU2508,여비교통비_외근,2025-01-01,26000.0
RCST2502,여비교통비_외근,2025-01-01,81062.0
RXST2501,여비교통비_외근,2025-01-01,90000.0
RCCP2501,여비교통비_외근,2025-01-01,29900.0
RCPU2437,여비교통비_외근,2025-01-01,13200.0
RCPU2503,여비교통비_외근,2025-01-01,39200.0
RTPU2513,여비교통비_외근,2025-01-01,38700.0
RCPU2424,여비교통비_외근,2025-01-01,31700.0
RCST2505,여비교통비_외근,2025-01-01,5000.0
RCCP2502,여비교통비_외근,2025-01-01,28500.0
RTPU2507,여비교통비_외근,2025-01-01,53730.0
RTPU2445,여비교통비_외근,2025-01-01,35500.0
RIOH6100,여비교통비_외근,2025-01-01,204000.0
RXOH3200,여비교통비_외근,2025-01-01,309000.0
RTPU2501,여비교통비_외근,2025-01-01,74900.0
RTPU2519,여비교통비_외근,2025-01-01,10700.0
RTOH3300,여비교통비_외근,2025-01-01,767035.0
RTPU2449,여비교통비_외근,2025-01-01,154800.0
RTPU2510,여비교통비_외근,2025-01-01,23700.0
RTPU2443,여비교통비_외근,2025-01-01,5400.0
RCPU2502,여비교통비_외근,2025-01-01,1120700.0
RTPU2502,여비교통비_외근,2025-01-01,73990.0
RCPU2417,여비교통비_외근,2025-01-01,317500.0
RCOH3100,여비교통비_외근,2025-01-01,168100.0
RTPU2518,여비교통비_외근,2025-01-01,20000.0
RCPU2417,여비교통비_국내출장,2025-01-01,136710.0
RCPU2502,여비교통비_국내출장,2025-01-01,192892.0
RCCP2502,여비교통비_국내출장,2025-01-01,77000.0
RTPU2502,여비교통비_국내출장,2025-01-01,2442499.0
RTOH3300,여비교통비_국내출장,2025-01-01,147100.0
RROH3400,여비교통비_국내출장,2025-01-01,74000.0
RIOH6100,여비교통비_개인차량사용료,2025-01-01,150000.0
RCPU2504,여비교통비_개인차량사용료,2025-01-01,69807.0
RTPU2445,여비교통비_개인차량사용료,2025-01-01,49750.0
RTOH3300,여비교통비_개인차량사용료,2025-01-01,100000.0
RTPU2508,여비교통비_개인차량사용료,2025-01-01,49750.0
RTPU2509,여비교통비_개인차량사용료,2025-01-01,49750.0
RROH3400,여비교통비_개인차량사용료,2025-01-01,1118002.0
RXOH3200,여비교통비_개인차량사용료,2025-01-01,50000.0
RXST2501,여비교통비_개인차량사용료,2025-01-01,186378.0
RROH3400,여비교통비_기타,2025-01-01,1500.0
RXOH3200,접대비,2025-01-01,296990.0
RXST2501,접대비,2025-01-01,200000.0
RCOH3100,접대비,2025-01-01,119600.0
RROH3400,접대비,2025-01-01,8846040.0
RTOH3300,접대비,2025-01-01,1267719.0
RXOH3200,통신비,2025-01-01,225456.0
RTPU2443,통신비,2025-01-01,9240.0
RCOH3100,통신비,2025-01-01,112728.0
RCPU2502,통신비,2025-01-01,6000.0
RROH3400,통신비,2025-01-01,5570.0
RTPU2445,통신비,2025-01-01,4200.0
RIOH6100,통신비,2025-01-01,40000.0
RRPM2501,수도광열비,2025-01-01,3619974.0
RXOH3200,수도광열비,2025-01-01,3140.0
RCSN2414,세금과공과_국민연금,2025-01-01,624350.0
RCST2501,세금과공과_국민연금,2025-01-01,257207.0
RCST2505,세금과공과_국민연금,2025-01-01,164360.0
RXOH3200,세금과공과_국민연금,2025-01-01,912566.0
RCSN2413,세금과공과_국민연금,2025-01-01,269141.0
RCST2504,세금과공과_국민연금,2025-01-01,310095.0
RIOH6100,세금과공과_국민연금,2025-01-01,698348.0
RTOH3300,세금과공과_국민연금,2025-01-01,1883265.0
RCST2506,세금과공과_국민연금,2025-01-01,483631.0
RCST2502,세금과공과_국민연금,2025-01-01,297303.0
RCST2503,세금과공과_국민연금,2025-01-01,294907.0
RROH3400,세금과공과_국민연금,2025-01-01,1882450.0
RCOH3100,세금과공과_국민연금,2025-01-01,278905.0
RTOH3300,세금과공과_세금,2025-01-01,191772.0
RCOH3100,세금과공과_세금,2025-01-01,13698.0
RROH3400,세금과공과_세금,2025-01-01,150678.0
RXOH3200,세금과공과_세금,2025-01-01,68490.0
RIOH6100,세금과공과_세금,2025-01-01,54792.0
RCST2502,감가상각비,2025-01-01,521072.0
RCST2503,감가상각비,2025-01-01,450751.0
RCST2501,감가상각비,2025-01-01,1512878.0
RCST2506,감가상각비,2025-01-01,2544565.0
RCST2504,감가상각비,2025-01-01,554469.0
RCST2505,감가상각비,2025-01-01,265926.0
RRPM2501,지급임차료_건물,2025-01-01,7.1476443E7
RTOH3300,지급임차료_창고,2025-01-01,1.17E7
RCOH3100,지급임차료_창고,2025-01-01,4300000.0
RXOH3200,지급임차료_창고,2025-01-01,2250000.0
RCPU2508,지급임차료_창고,2025-01-01,-300000.0
RCST2504,지급임차료_스테이션,2025-01-01,3340091.0
RCST2502,지급임차료_스테이션,2025-01-01,5624930.0
RCST2503,지급임차료_스테이션,2025-01-01,3090769.0
RCST2506,지급임차료_스테이션,2025-01-01,2795928.0
RCST2501,지급임차료_스테이션,2025-01-01,2009487.0
RCCP2508,지급임차료_스테이션,2025-01-01,1452677.0
RRPM2402,지급임차료_기타,2025-01-01,2.945E7
RTOH3300,보험료_산재보험,2025-01-01,283150.0
RIOH6100,보험료_산재보험,2025-01-01,106010.0
RCST2504,보험료_산재보험,2025-01-01,41560.0
RCSN2414,보험료_산재보험,2025-01-01,84320.0
RCST2501,보험료_산재보험,2025-01-01,36940.0
RCST2503,보험료_산재보험,2025-01-01,39509.0
RROH3400,보험료_산재보험,2025-01-01,468740.0
RCSN2413,보험료_산재보험,2025-01-01,-8360.0
RCST2506,보험료_산재보험,2025-01-01,65220.0
RCOH3100,보험료_산재보험,2025-01-01,175180.0
RCST2505,보험료_산재보험,2025-01-01,29870.0
RCST2502,보험료_산재보험,2025-01-01,40260.0
RXOH3200,보험료_산재보험,2025-01-01,294410.0
RTOH3300,보험료_고용보험,2025-01-01,460884.0
RIOH6100,보험료_고용보험,2025-01-01,162189.0
RCSN2414,보험료_고용보험,2025-01-01,146140.0
RCST2505,보험료_고용보험,2025-01-01,51779.0
RXOH3200,보험료_고용보험,2025-01-01,213522.0
RCOH3100,보험료_고용보험,2025-01-01,108286.0
RCSN2413,보험료_고용보험,2025-01-01,62881.0
RCST2506,보험료_고용보험,2025-01-01,113051.0
RCST2501,보험료_고용보험,2025-01-01,60301.0
RCST2504,보험료_고용보험,2025-01-01,72034.0
RCST2502,보험료_고용보험,2025-01-01,69773.0
RROH3400,보험료_고용보험,2025-01-01,524477.0
RCST2503,보험료_고용보험,2025-01-01,68487.0
RCPU2417,보험료_프로젝트,2025-01-01,240000.0
RTPU2445,보험료_프로젝트,2025-01-01,561143.0
RCPU2502,보험료_프로젝트,2025-01-01,288000.0
RCPU2504,보험료_프로젝트,2025-01-01,196280.0
RCST2501,보험료_기타,2025-01-01,9613.0
RCST2503,보험료_기타,2025-01-01,8775.0
RCST2504,보험료_기타,2025-01-01,8860.0
RCST2502,보험료_기타,2025-01-01,9308.0
RCPU2502,차량유지비_유류대,2025-01-01,25000.0
RTPU2449,운반비_사업본부,2025-01-01,219000.0
RTPU2501,운반비_사업본부,2025-01-01,467000.0
RCOH3100,운반비_사업본부,2025-01-01,4190000.0
RXST2501,운반비_사업본부,2025-01-01,47910.0
RCSN2414,운반비_사업본부,2025-01-01,8500.0
RTSO2402,운반비_사업본부,2025-01-01,225000.0
RTPU2502,운반비_사업본부,2025-01-01,7476000.0
RTPU2516,운반비_사업본부,2025-01-01,500000.0
RTPU2453,운반비_사업본부,2025-01-01,176000.0
RTPU2445,운반비_사업본부,2025-01-01,545000.0
RCPU2502,운반비_사업본부,2025-01-01,270729.0
RCSN2413,운반비_사업본부,2025-01-01,3200.0
RCST2506,운반비_사업본부,2025-01-01,112500.0
RCSO2401,운반비_사업본부,2025-01-01,3364.0
RROH3400,운반비_경영관리,2025-01-01,261900.0
RXOH3200,운반비_경영관리,2025-01-01,3000.0
RIOH6100,운반비_경영관리,2025-01-01,43200.0
RCOH3100,도서인쇄비_도서구매,2025-01-01,48600.0
RTOH3300,도서인쇄비_도서구매,2025-01-01,31000.0
RXOH3200,도서인쇄비_도서구매,2025-01-01,158400.0
RCPU2502,도서인쇄비_행사출력물,2025-01-01,17499.0
RCPU2424,도서인쇄비_행사출력물,2025-01-01,3636.0
RTPU2501,도서인쇄비_행사출력물,2025-01-01,1600000.0
RROH3400,도서인쇄비_행사출력물,2025-01-01,11910.0
RCPU2504,도서인쇄비_행사출력물,2025-01-01,60000.0
RCST2506,도서인쇄비_행사출력물,2025-01-01,135000.0
RTPU2508,도서인쇄비_행사출력물,2025-01-01,14200.0
RCOH3100,소모품비_본사,2025-01-01,199873.0
RTOH3300,소모품비_본사,2025-01-01,10000.0
RTPU2502,소모품비_현장,2025-01-01,677687.0
RCST2506,소모품비_현장,2025-01-01,1674361.0
RCSN2414,소모품비_현장,2025-01-01,91740.0
RCST2501,소모품비_현장,2025-01-01,17100.0
RTPU2501,소모품비_현장,2025-01-01,1661671.0
RCPU2435,소모품비_현장,2025-01-01,63573.0
RTPU2448,소모품비_현장,2025-01-01,462863.0
RTSO2402,소모품비_현장,2025-01-01,14726.0
RTPU2509,소모품비_현장,2025-01-01,90909.0
RCSN2413,소모품비_현장,2025-01-01,48860.0
RCST2503,소모품비_현장,2025-01-01,41628.0
RTPU2449,소모품비_현장,2025-01-01,66614.0
RCST2505,소모품비_현장,2025-01-01,7720.0
RTPU2508,소모품비_현장,2025-01-01,4820107.0
RCST2504,소모품비_현장,2025-01-01,8180.0
RCPU2504,소모품비_현장,2025-01-01,9440599.0
RCCP2502,소모품비_현장,2025-01-01,11910.0
RCPU2502,소모품비_현장,2025-01-01,6418642.0
RCPU2417,소모품비_현장,2025-01-01,693756.0
RTOH3300,소모품비_현장,2025-01-01,9909.0
RTPU2516,소모품비_현장,2025-01-01,1.42E7
RCCP2501,소모품비_현장,2025-01-01,799999.0
RTPU2501,소모품비_기타,2025-01-01,4985000.0
RROH3400,소모품비_기타,2025-01-01,135800.0
RCPU2439,지급수수료_운영인건비,2025-01-01,500000.0
RIPU2402,지급수수료_운영인건비,2025-01-01,1560000.0
RCST2502,지급수수료_운영인건비,2025-01-01,1123360.0
RCST2504,지급수수료_운영인건비,2025-01-01,158400.0
RTPU2410,지급수수료_운영인건비,2025-01-01,520000.0
RTPU2450,지급수수료_운영인건비,2025-01-01,6283180.0
RCPU2504,지급수수료_운영인건비,2025-01-01,700000.0
RCSN2414,지급수수료_운영인건비,2025-01-01,904000.0
RCSN2413,지급수수료_운영인건비,2025-01-01,576000.0
RCPU2417,지급수수료_운영인건비,2025-01-01,6436760.0
RCPU2502,지급수수료_운영인건비,2025-01-01,2.33689E7
RCST2503,지급수수료_운영인건비,2025-01-01,159500.0
RIPU2402,지급수수료_도급인건비,2025-01-01,1560000.0
RCPU2417,지급수수료_도급인건비,2025-01-01,1360000.0
RIPU2401,지급수수료_도급인건비,2025-01-01,7825000.0
RRPM2402,지급수수료_도급인건비,2025-01-01,1988260.0
RCPU2420,지급수수료_도급인건비,2025-01-01,5540000.0
RTPU2454,지급수수료_디자인,2025-01-01,1.036E7
RIPU2402,지급수수료_디자인,2025-01-01,2000000.0
RIOH6100,지급수수료_디자인,2025-01-01,3000000.0
RIPU2403,지급수수료_디자인,2025-01-01,2000000.0
RCPU2502,지급수수료_디자인,2025-01-01,3000000.0
RTPU2451,지급수수료_디자인,2025-01-01,2000000.0
RTPU2449,지급수수료_디자인,2025-01-01,3500000.0
RTPU2410,지급수수료_디자인,2025-01-01,2000000.0
RTOH3300,지급수수료_서비스이용료,2025-01-01,78596.0
RCPU2502,지급수수료_서비스이용료,2025-01-01,136364.0
RCST2506,지급수수료_서비스이용료,2025-01-01,34000.0
RXOH3200,지급수수료_서비스이용료,2025-01-01,75536.0
RTPU2502,지급수수료_서비스이용료,2025-01-01,500000.0
RTPU2503,지급수수료_공간수수료,2025-01-01,604000.0
RTPU2507,지급수수료_공간수수료,2025-01-01,6000000.0
RCST2505,지급수수료_공간수수료,2025-01-01,8615069.0
RCST2506,지급수수료_공간수수료,2025-01-01,1.2538061E7
RCCP2507,지급수수료_공간수수료,2025-01-01,1357706.0
RCSN2419,지급수수료_공간수수료,2025-01-01,2.0605616E7
RCPU2502,지급수수료_공간수수료,2025-01-01,226000.0
RCPU2504,지급수수료_공간수수료,2025-01-01,114546.0
RTPU2501,지급수수료_공간수수료,2025-01-01,3.0E7
RCCP2502,지급수수료_공간수수료,2025-01-01,177132.0
RCCP2501,지급수수료_공간수수료,2025-01-01,168572.0
RCST2503,지급수수료_시공,2025-01-01,485000.0
RCPU2502,지급수수료_시공,2025-01-01,6.917E7
RIPU2402,지급수수료_시공,2025-01-01,1.668E7
RIPU2403,지급수수료_시공,2025-01-01,3.0E7
RCST2502,지급수수료_시공,2025-01-01,227000.0
RCPU2436,지급수수료_시공,2025-01-01,1.095E7
RCSN2413,지급수수료_시공,2025-01-01,970000.0
RCST2504,지급수수료_시공,2025-01-01,548000.0
RTPU2410,지급수수료_시공,2025-01-01,1869000.0
RCST2506,지급수수료_시공,2025-01-01,285000.0
RTPU2443,지급수수료_시공,2025-01-01,1.42E7
RCPU2435,지급수수료_시공,2025-01-01,2.44E7
RCST2505,지급수수료_시공,2025-01-01,35000.0
RTPU2502,지급수수료_광고비,2025-01-01,900000.0
RTPU2508,지급수수료_물품대여,2025-01-01,590909.0
RCPU2502,지급수수료_물품대여,2025-01-01,2005272.0
RTPU2443,지급수수료_물품대여,2025-01-01,4500000.0
RCPU2417,지급수수료_물품대여,2025-01-01,4100000.0
RCPU2504,지급수수료_물품대여,2025-01-01,543727.0
RTPU2501,지급수수료_제작비,2025-01-01,1600000.0
RCPU2417,지급수수료_제작비,2025-01-01,500000.0
RCPU2502,지급수수료_제작비,2025-01-01,2000000.0
RTPU2451,지급수수료_제작비,2025-01-01,752000.0
RCST2503,지급수수료_제작비,2025-01-01,636363.0
RCST2506,지급수수료_제작비,2025-01-01,1279000.0
RCST2504,지급수수료_카드수수료,2025-01-01,503454.0
RCST2503,지급수수료_카드수수료,2025-01-01,388722.0
RCST2501,지급수수료_카드수수료,2025-01-01,465165.0
RCSN2419,지급수수료_카드수수료,2025-01-01,-64459.0
RCCP2507,지급수수료_카드수수료,2025-01-01,179773.0
RCST2502,지급수수료_카드수수료,2025-01-01,837031.0
RCST2506,지급수수료_카드수수료,2025-01-01,384121.0
RCSO2415,지급수수료_카드수수료,2025-01-01,-2975.0
RTOH3300,지급수수료_Working Tool,2025-01-01,61600.0
RCSO2403,지급수수료_기타,2025-01-01,4418.0
RCSO2402,지급수수료_기타,2025-01-01,17045.0
RCSO2401,지급수수료_기타,2025-01-01,69120.0
RCST2506,지급수수료_기타,2025-01-01,1712707.0
RTSO2402,지급수수료_기타,2025-01-01,524.0
RCPU2502,광고선전비,2025-01-01,740000.0
RXOH3200,직원급여_본사,2025-02-01,2.3465504E7
RIOH6100,직원급여_본사,2025-02-01,1.6250017E7
RTOH3300,직원급여_본사,2025-02-01,5.5894075E7
RCOH3100,직원급여_본사,2025-02-01,1.0220001E7
RROH3400,직원급여_본사,2025-02-01,6.4595123E7
RCST2501,직원급여_매장,2025-02-01,6027960.0
RCST2503,직원급여_매장,2025-02-01,6008988.0
RCST2505,직원급여_매장,2025-02-01,6413725.0
RCST2507,직원급여_매장,2025-02-01,601800.0
RCSN2414,직원급여_매장,2025-02-01,1.9472608E7
RCST2506,직원급여_매장,2025-02-01,1.2680953E7
RCST2504,직원급여_매장,2025-02-01,1.1263113E7
RCSN2413,직원급여_매장,2025-02-01,9052886.0
RCST2502,직원급여_매장,2025-02-01,7192852.0
RCST2503,상여금,2025-02-01,400000.0
RROH3400,상여금,2025-02-01,3.4418307E7
RCSN2413,상여금,2025-02-01,50000.0
RTOH3300,상여금,2025-02-01,1000000.0
RCST2502,상여금,2025-02-01,400000.0
RTOH3300,잡급,2025-02-01,3144406.0
RXOH3200,잡급,2025-02-01,6288812.0
RCSN2414,퇴직급여_매장,2025-02-01,2.9823912E7
RCST2504,퇴직급여_매장,2025-02-01,3945319.0
RCOH3100,복리후생비_건강보험,2025-02-01,2846404.0
RCST2502,복리후생비_건강보험,2025-02-01,253607.0
RROH3400,복리후생비_건강보험,2025-02-01,2456071.0
RTOH3300,복리후생비_건강보험,2025-02-01,1665386.0
RIOH6100,복리후생비_건강보험,2025-02-01,616027.0
RXOH3200,복리후생비_건강보험,2025-02-01,810979.0
RCSN2413,복리후생비_건강보험,2025-02-01,316871.0
RCST2505,복리후생비_건강보험,2025-02-01,196655.0
RCST2503,복리후생비_건강보험,2025-02-01,221730.0
RCST2504,복리후생비_건강보험,2025-02-01,234238.0
RCST2506,복리후생비_건강보험,2025-02-01,429350.0
RCST2501,복리후생비_건강보험,2025-02-01,229020.0
RCSN2414,복리후생비_건강보험,2025-02-01,526064.0
RCST2506,복리후생비_식음료대,2025-02-01,187816.0
RTPU2508,복리후생비_식음료대,2025-02-01,60282.0
RCPU2505,복리후생비_식음료대,2025-02-01,490938.0
RXPU2504,복리후생비_식음료대,2025-02-01,14363.0
RTPU2515,복리후생비_식음료대,2025-02-01,39454.0
RTPU2509,복리후생비_식음료대,2025-02-01,181729.0
RROH3400,복리후생비_식음료대,2025-02-01,4433552.0
RCST2504,복리후생비_식음료대,2025-02-01,40909.0
RIPU2501,복리후생비_식음료대,2025-02-01,84727.0
RTOH3300,복리후생비_식음료대,2025-02-01,2331903.0
RTPU2520,복리후생비_식음료대,2025-02-01,15273.0
RTPU2510,복리후생비_식음료대,2025-02-01,11183.0
RCPU2504,복리후생비_식음료대,2025-02-01,67206.0
RXOH3200,복리후생비_식음료대,2025-02-01,1160439.0
RXST2501,복리후생비_식음료대,2025-02-01,132247.0
RTPU2519,복리후생비_식음료대,2025-02-01,128456.0
RCST2503,복리후생비_식음료대,2025-02-01,26365.0
RCSN2413,복리후생비_식음료대,2025-02-01,42170.0
RCST2507,복리후생비_식음료대,2025-02-01,567166.0
RCPU2503,복리후생비_식음료대,2025-02-01,39090.0
RTPU2502,복리후생비_식음료대,2025-02-01,27390.0
RTPU2507,복리후생비_식음료대,2025-02-01,6455.0
RCOH3100,복리후생비_식음료대,2025-02-01,239090.0
RCCP2504,복리후생비_식음료대,2025-02-01,5727.0
RRPM2402,복리후생비_식음료대,2025-02-01,17000.0
RCCP2505,복리후생비_식음료대,2025-02-01,56090.0
RCSN2414,복리후생비_식음료대,2025-02-01,120004.0
RTPU2521,복리후생비_식음료대,2025-02-01,13182.0
RIOH6100,복리후생비_식음료대,2025-02-01,700444.0
RTPU2503,복리후생비_식음료대,2025-02-01,670503.0
RTPU2513,복리후생비_식음료대,2025-02-01,218089.0
RTPU2501,복리후생비_식음료대,2025-02-01,17728.0
RCOH3100,복리후생비_회식대,2025-02-01,1026820.0
RXOH3200,복리후생비_회식대,2025-02-01,405368.0
RTOH3300,복리후생비_회식대,2025-02-01,1143982.0
RXST2501,복리후생비_회식대,2025-02-01,70274.0
RROH3400,복리후생비_회식대,2025-02-01,1086818.0
RIOH6100,복리후생비_회식대,2025-02-01,33998.0
RXPU2504,복리후생비_기타,2025-02-01,78910.0
RCPU2417,복리후생비_기타,2025-02-01,32727.0
RXST2501,복리후생비_기타,2025-02-01,48910.0
RROH3400,복리후생비_기타,2025-02-01,584447.0
RCOH3100,복리후생비_기타,2025-02-01,165363.0
RCPU2505,복리후생비_기타,2025-02-01,10182.0
RTPU2507,복리후생비_기타,2025-02-01,45090.0
RCSN2413,복리후생비_기타,2025-02-01,30000.0
RXOH3200,복리후생비_기타,2025-02-01,344095.0
RTOH3300,복리후생비_기타,2025-02-01,198003.0
RTPU2519,여비교통비_야근,2025-02-01,30400.0
RTPU2507,여비교통비_야근,2025-02-01,127000.0
RTPU2504,여비교통비_야근,2025-02-01,18200.0
RTPU2513,여비교통비_야근,2025-02-01,149200.0
RCCP2505,여비교통비_야근,2025-02-01,8100.0
RCSN2414,여비교통비_야근,2025-02-01,57400.0
RTPU2515,여비교통비_야근,2025-02-01,25200.0
RTPU2502,여비교통비_야근,2025-02-01,28200.0
RCPU2503,여비교통비_야근,2025-02-01,57100.0
RXOH3200,여비교통비_야근,2025-02-01,26900.0
RCPU2505,여비교통비_야근,2025-02-01,414300.0
RCST2504,여비교통비_야근,2025-02-01,31700.0
RCCP2504,여비교통비_야근,2025-02-01,9200.0
RTPU2503,여비교통비_야근,2025-02-01,18700.0
RCPU2504,여비교통비_야근,2025-02-01,22500.0
RROH3400,여비교통비_야근,2025-02-01,169400.0
RTOH3300,여비교통비_야근,2025-02-01,257300.0
RCST2507,여비교통비_야근,2025-02-01,69300.0
RIOH6100,여비교통비_야근,2025-02-01,21700.0
RCOH3100,여비교통비_야근,2025-02-01,19800.0
RCST2506,여비교통비_야근,2025-02-01,111500.0
RCSN2413,여비교통비_야근,2025-02-01,18700.0
RCST2507,여비교통비_외근,2025-02-01,39400.0
RTPU2509,여비교통비_외근,2025-02-01,295400.0
RTPU2515,여비교통비_외근,2025-02-01,37700.0
RCPU2506,여비교통비_외근,2025-02-01,25600.0
RXST2501,여비교통비_외근,2025-02-01,41500.0
RTPU2506,여비교통비_외근,2025-02-01,10300.0
RCCP2505,여비교통비_외근,2025-02-01,13500.0
RTPU2507,여비교통비_외근,2025-02-01,131390.0
RTPU2513,여비교통비_외근,2025-02-01,368500.0
RCPU2417,여비교통비_외근,2025-02-01,32200.0
RTPU2504,여비교통비_외근,2025-02-01,19700.0
RCPU2504,여비교통비_외근,2025-02-01,73600.0
RTPU2511,여비교통비_외근,2025-02-01,30200.0
RROH3400,여비교통비_외근,2025-02-01,2083690.0
RTOH3300,여비교통비_외근,2025-02-01,753100.0
RXOH3200,여비교통비_외근,2025-02-01,71800.0
RCPU2505,여비교통비_외근,2025-02-01,492200.0
RTPU2520,여비교통비_외근,2025-02-01,10800.0
RTPU2502,여비교통비_외근,2025-02-01,101200.0
RTPU2503,여비교통비_외근,2025-02-01,37900.0
RTPU2501,여비교통비_외근,2025-02-01,9500.0
RTPU2508,여비교통비_외근,2025-02-01,40000.0
RXPU2501,여비교통비_외근,2025-02-01,8500.0
RCOH3100,여비교통비_외근,2025-02-01,90450.0
RIOH6100,여비교통비_외근,2025-02-01,99600.0
RTPU2519,여비교통비_외근,2025-02-01,42400.0
RIPU2501,여비교통비_외근,2025-02-01,38200.0
RCPU2503,여비교통비_외근,2025-02-01,13200.0
RTPU2512,여비교통비_외근,2025-02-01,18500.0
RTPU2521,여비교통비_외근,2025-02-01,10000.0
RTPU2505,여비교통비_국내출장,2025-02-01,804600.0
RCCP2502,여비교통비_국내출장,2025-02-01,50000.0
RCST2507,여비교통비_국내출장,2025-02-01,75000.0
RXPU2504,여비교통비_국내출장,2025-02-01,73300.0
RROH3400,여비교통비_국내출장,2025-02-01,143600.0
RTPU2523,여비교통비_해외출장,2025-02-01,600000.0
RTPU2513,여비교통비_개인차량사용료,2025-02-01,34000.0
RROH3400,여비교통비_개인차량사용료,2025-02-01,1962000.0
RTPU2515,여비교통비_개인차량사용료,2025-02-01,50000.0
RXOH3200,여비교통비_개인차량사용료,2025-02-01,162000.0
RIOH6100,여비교통비_개인차량사용료,2025-02-01,400000.0
RTPU2509,여비교통비_개인차량사용료,2025-02-01,50000.0
RTOH3300,여비교통비_개인차량사용료,2025-02-01,520000.0
RTPU2510,여비교통비_개인차량사용료,2025-02-01,50000.0
RTPU2519,여비교통비_개인차량사용료,2025-02-01,50000.0
RTPU2503,접대비,2025-02-01,331000.0
RROH3400,접대비,2025-02-01,7363460.0
RTOH3300,접대비,2025-02-01,39000.0
RCST2503,통신비,2025-02-01,35000.0
RTPU2509,통신비,2025-02-01,20400.0
RRPM2402,통신비,2025-02-01,7480.0
RCST2502,통신비,2025-02-01,35083.0
RCST2501,통신비,2025-02-01,52902.0
RCST2504,통신비,2025-02-01,38977.0
RCST2505,통신비,2025-02-01,37200.0
RCST2506,통신비,2025-02-01,92657.0
RXOH3200,통신비,2025-02-01,225454.0
RCOH3100,통신비,2025-02-01,112727.0
RIOH6100,통신비,2025-02-01,56364.0
RROH3400,통신비,2025-02-01,60507.0
RTPU2514,통신비,2025-02-01,8400.0
RRPM2501,수도광열비,2025-02-01,2750849.0
RCOH3100,세금과공과_국민연금,2025-02-01,275263.0
RCST2505,세금과공과_국민연금,2025-02-01,162214.0
RCST2503,세금과공과_국민연금,2025-02-01,272185.0
RIOH6100,세금과공과_국민연금,2025-02-01,689229.0
RCST2502,세금과공과_국민연금,2025-02-01,293421.0
RTOH3300,세금과공과_국민연금,2025-02-01,1858674.0
RCST2504,세금과공과_국민연금,2025-02-01,308812.0
RCST2501,세금과공과_국민연금,2025-02-01,253849.0
RXOH3200,세금과공과_국민연금,2025-02-01,900651.0
RCSN2414,세금과공과_국민연금,2025-02-01,616197.0
RCST2506,세금과공과_국민연금,2025-02-01,477316.0
RCSN2413,세금과공과_국민연금,2025-02-01,352979.0
RROH3400,세금과공과_국민연금,2025-02-01,2193184.0
RROH3400,세금과공과_세금,2025-02-01,194348.0
RIOH6100,세금과공과_세금,2025-02-01,70672.0
RXOH3200,세금과공과_세금,2025-02-01,123677.0
RTOH3300,세금과공과_세금,2025-02-01,247353.0
RCOH3100,세금과공과_세금,2025-02-01,17668.0
RCST2505,감가상각비,2025-02-01,265926.0
RCST2504,감가상각비,2025-02-01,554469.0
RCST2506,감가상각비,2025-02-01,2622362.0
RCST2507,감가상각비,2025-02-01,3645281.0
RCST2501,감가상각비,2025-02-01,1512878.0
RCST2502,감가상각비,2025-02-01,521072.0
RCST2503,감가상각비,2025-02-01,450751.0
RRPM2501,지급임차료_건물,2025-02-01,6.4559368E7
RXOH3200,지급임차료_창고,2025-02-01,2250000.0
RCPU2502,지급임차료_창고,2025-02-01,1.5827089E7
RTOH3300,지급임차료_창고,2025-02-01,3700000.0
RCPU2508,지급임차료_창고,2025-02-01,-1.8700911E7
RCST2506,지급임차료_스테이션,2025-02-01,3022537.0
RCST2504,지급임차료_스테이션,2025-02-01,3280353.0
RCST2503,지급임차료_스테이션,2025-02-01,2490209.0
RCST2501,지급임차료_스테이션,2025-02-01,1371563.0
RCCP2504,지급임차료_스테이션,2025-02-01,3803193.0
RCST2502,지급임차료_스테이션,2025-02-01,3471876.0
RCST2503,보험료_산재보험,2025-02-01,37037.0
RCST2505,보험료_산재보험,2025-02-01,29940.0
RCSN2414,보험료_산재보험,2025-02-01,84502.0
RXOH3200,보험료_산재보험,2025-02-01,161637.0
RIOH6100,보험료_산재보험,2025-02-01,93782.0
RCST2504,보험료_산재보험,2025-02-01,42025.0
RCST2501,보험료_산재보험,2025-02-01,37031.0
RCST2502,보험료_산재보험,2025-02-01,40344.0
RCOH3100,보험료_산재보험,2025-02-01,159704.0
RCSN2413,보험료_산재보험,2025-02-01,64029.0
RTOH3300,보험료_산재보험,2025-02-01,285582.0
RROH3400,보험료_산재보험,2025-02-01,348891.0
RCST2506,보험료_산재보험,2025-02-01,65369.0
RCST2502,보험료_고용보험,2025-02-01,63986.0
RCSN2414,보험료_고용보험,2025-02-01,134020.0
RCST2506,보험료_고용보험,2025-02-01,103674.0
RCSN2413,보험료_고용보험,2025-02-01,101549.0
RCST2505,보험료_고용보험,2025-02-01,47485.0
RROH3400,보험료_고용보험,2025-02-01,553339.0
RIOH6100,보험료_고용보험,2025-02-01,148737.0
RXOH3200,보험료_고용보험,2025-02-01,195813.0
RTOH3300,보험료_고용보험,2025-02-01,422658.0
RCST2504,보험료_고용보험,2025-02-01,66651.0
RCST2503,보험료_고용보험,2025-02-01,58740.0
RCOH3100,보험료_고용보험,2025-02-01,99305.0
RCST2501,보험료_고용보험,2025-02-01,55300.0
RTPU2509,보험료_프로젝트,2025-02-01,473850.0
RTPU2507,보험료_프로젝트,2025-02-01,498200.0
RIPU2501,보험료_프로젝트,2025-02-01,360600.0
RCPU2504,보험료_프로젝트,2025-02-01,719720.0
RROH3400,보험료_기타,2025-02-01,239879.0
RCST2501,보험료_기타,2025-02-01,8683.0
RCST2504,보험료_기타,2025-02-01,8002.0
RCST2502,보험료_기타,2025-02-01,8408.0
RCST2503,보험료_기타,2025-02-01,7926.0
RCPU2504,차량유지비_유류대,2025-02-01,11000.0
RCCP2508,차량유지비_유류대,2025-02-01,71269.0
RXOH3200,차량유지비_유류대,2025-02-01,97000.0
RCPU2505,차량유지비_유류대,2025-02-01,50000.0
RCCP2502,차량유지비_통행료,2025-02-01,8400.0
RCCP2508,차량유지비_기타,2025-02-01,5000.0
RXOH3200,차량유지비_기타,2025-02-01,6000.0
RCPU2505,차량유지비_기타,2025-02-01,57150.0
RCST2505,운반비_사업본부,2025-02-01,110000.0
RTPU2502,운반비_사업본부,2025-02-01,2302390.0
RROH3400,운반비_사업본부,2025-02-01,25900.0
RTPU2501,운반비_사업본부,2025-02-01,483000.0
RCCP2505,운반비_사업본부,2025-02-01,13200.0
RCSN2413,운반비_사업본부,2025-02-01,16890.0
RTPU2513,운반비_사업본부,2025-02-01,563000.0
RTPU2509,운반비_사업본부,2025-02-01,1139000.0
RIPU2501,운반비_사업본부,2025-02-01,200000.0
RTPU2503,운반비_사업본부,2025-02-01,364000.0
RTPU2507,운반비_사업본부,2025-02-01,92000.0
RTPU2506,운반비_사업본부,2025-02-01,12000.0
RTPU2504,운반비_사업본부,2025-02-01,28000.0
RCPU2502,운반비_사업본부,2025-02-01,11728.0
RTPU2508,운반비_사업본부,2025-02-01,49000.0
RIOH6100,운반비_경영관리,2025-02-01,65700.0
RROH3400,운반비_경영관리,2025-02-01,125100.0
RXOH3200,도서인쇄비_도서구매,2025-02-01,298800.0
RCOH3100,도서인쇄비_도서구매,2025-02-01,28350.0
RROH3400,도서인쇄비_행사출력물,2025-02-01,14500.0
RCST2507,도서인쇄비_행사출력물,2025-02-01,545.0
RTPU2507,도서인쇄비_행사출력물,2025-02-01,657164.0
RTPU2509,도서인쇄비_행사출력물,2025-02-01,48500.0
RROH3400,소모품비_본사,2025-02-01,99771.0
RTOH3300,소모품비_본사,2025-02-01,11363.0
RCST2501,소모품비_현장,2025-02-01,668604.0
RCPU2505,소모품비_현장,2025-02-01,4209636.0
RTPU2503,소모품비_현장,2025-02-01,505861.0
RTPU2505,소모품비_현장,2025-02-01,397008.0
RCST2503,소모품비_현장,2025-02-01,453017.0
RTPU2518,소모품비_현장,2025-02-01,1386000.0
RIPU2402,소모품비_현장,2025-02-01,7333000.0
RCST2504,소모품비_현장,2025-02-01,67285.0
RTPU2507,소모품비_현장,2025-02-01,4986091.0
RIPU2501,소모품비_현장,2025-02-01,3218999.0
RROH3400,소모품비_현장,2025-02-01,8400.0
RCST2505,소모품비_현장,2025-02-01,46720.0
RCPU2504,소모품비_현장,2025-02-01,750000.0
RCCP2505,소모품비_현장,2025-02-01,37272.0
RCSN2413,소모품비_현장,2025-02-01,29700.0
RCST2506,소모품비_현장,2025-02-01,3265525.0
RTPU2501,소모품비_현장,2025-02-01,101509.0
RCST2507,소모품비_현장,2025-02-01,4370917.0
RTPU2502,소모품비_현장,2025-02-01,1.0E7
RTPU2509,소모품비_현장,2025-02-01,5734869.0
RTPU2513,소모품비_현장,2025-02-01,1.6185056E7
RTPU2508,소모품비_현장,2025-02-01,51062.0
RCCP2502,지급수수료_운영인건비,2025-02-01,4200000.0
RTPU2508,지급수수료_운영인건비,2025-02-01,150000.0
RCSN2413,지급수수료_운영인건비,2025-02-01,669120.0
RCPU2504,지급수수료_운영인건비,2025-02-01,2.703665E7
RTPU2509,지급수수료_운영인건비,2025-02-01,8393560.0
RCST2504,지급수수료_운영인건비,2025-02-01,31680.0
RCPU2504,지급수수료_도급인건비,2025-02-01,1200000.0
RRPM2401,지급수수료_도급인건비,2025-02-01,6.3665E7
RTPU2503,지급수수료_도급인건비,2025-02-01,1.551E7
RTPU2508,지급수수료_도급인건비,2025-02-01,100000.0
RTPU2449,지급수수료_도급인건비,2025-02-01,9550000.0
RIPU2401,지급수수료_디자인,2025-02-01,4000000.0
RTPU2516,지급수수료_디자인,2025-02-01,3000000.0
RTPU2507,지급수수료_서비스이용료,2025-02-01,498000.0
RCST2506,지급수수료_서비스이용료,2025-02-01,34000.0
RTOH3300,지급수수료_서비스이용료,2025-02-01,78092.0
RTPU2502,지급수수료_서비스이용료,2025-02-01,608030.0
RCST2502,지급수수료_서비스이용료,2025-02-01,30000.0
RCST2504,지급수수료_서비스이용료,2025-02-01,630000.0
RCST2501,지급수수료_서비스이용료,2025-02-01,30000.0
RXOH3200,지급수수료_서비스이용료,2025-02-01,44317.0
RCSN2300,지급수수료_서비스이용료,2025-02-01,30000.0
RCST2503,지급수수료_서비스이용료,2025-02-01,30000.0
RCST2507,지급수수료_공간수수료,2025-02-01,442105.0
RCST2505,지급수수료_공간수수료,2025-02-01,8631615.0
RCCP2502,지급수수료_공간수수료,2025-02-01,1210761.0
RCCP2508,지급수수료_공간수수료,2025-02-01,1882388.0
RCST2506,지급수수료_공간수수료,2025-02-01,1.2413115E7
RROH3400,지급수수료_공간수수료,2025-02-01,1.5E7
RCPU2510,지급수수료_공간수수료,2025-02-01,4.2E7
RCCP2501,지급수수료_공간수수료,2025-02-01,670231.0
RTPU2503,지급수수료_공간수수료,2025-02-01,5436000.0
RTPU2513,지급수수료_공간수수료,2025-02-01,3.75E7
RCCP2507,지급수수료_공간수수료,2025-02-01,2592027.0
RTPU2507,지급수수료_시공,2025-02-01,1400000.0
RTPU2449,지급수수료_시공,2025-02-01,1.289E7
RCPU2505,지급수수료_시공,2025-02-01,1.34351818E8
RIPU2401,지급수수료_시공,2025-02-01,4.37E7
RTPU2448,지급수수료_시공,2025-02-01,7220000.0
RCCP2504,지급수수료_시공,2025-02-01,227273.0
RIPU2404,지급수수료_시공,2025-02-01,2.73E7
RCPU2417,지급수수료_시공,2025-02-01,2.085E7
RTPU2509,지급수수료_시공,2025-02-01,3.5181818E7
RTPU2508,지급수수료_시공,2025-02-01,2970000.0
RCCP2505,지급수수료_시공,2025-02-01,704000.0
RCPU2502,지급수수료_광고비,2025-02-01,1.59E7
RCCP2501,지급수수료_물품대여,2025-02-01,1060000.0
RTPU2449,지급수수료_물품대여,2025-02-01,2170000.0
RIPU2501,지급수수료_물품대여,2025-02-01,6790000.0
RTPU2513,지급수수료_물품대여,2025-02-01,850000.0
RCCP2505,지급수수료_물품대여,2025-02-01,100000.0
RTPU2507,지급수수료_물품대여,2025-02-01,123636.0
RCPU2505,지급수수료_물품대여,2025-02-01,9330000.0
RTSO2401,지급수수료_물품대여,2025-02-01,-850000.0
RCPU2417,지급수수료_물품대여,2025-02-01,1650000.0
RTPU2509,지급수수료_물품대여,2025-02-01,3277909.0
RTPU2502,지급수수료_제작비,2025-02-01,1.1E7
RCPU2503,지급수수료_제작비,2025-02-01,3.635E7
RTPU2501,지급수수료_제작비,2025-02-01,1.02E7
RCST2503,지급수수료_제작비,2025-02-01,485000.0
RTPU2514,지급수수료_제작비,2025-02-01,472000.0
RCST2502,지급수수료_제작비,2025-02-01,227000.0
RTPU2519,지급수수료_제작비,2025-02-01,1.35E7
RCPU2505,지급수수료_제작비,2025-02-01,6350000.0
RCST2506,지급수수료_제작비,2025-02-01,914000.0
RCST2505,지급수수료_제작비,2025-02-01,35000.0
RCST2502,지급수수료_카드수수료,2025-02-01,419699.0
RCST2501,지급수수료_카드수수료,2025-02-01,298130.0
RCST2504,지급수수료_카드수수료,2025-02-01,500411.0
RCCP2504,지급수수료_카드수수료,2025-02-01,53375.0
RCST2507,지급수수료_카드수수료,2025-02-01,3544.0
RCCP2507,지급수수료_카드수수료,2025-02-01,339479.0
RCST2506,지급수수료_카드수수료,2025-02-01,386390.0
RCCP2505,지급수수료_카드수수료,2025-02-01,329463.0
RCST2503,지급수수료_카드수수료,2025-02-01,288790.0
RXST2501,지급수수료_Working Tool,2025-02-01,70850.0
RTOH3300,지급수수료_Working Tool,2025-02-01,61600.0
RXST2501,지급수수료_자문료,2025-02-01,1500000.0
RCST2506,지급수수료_기타,2025-02-01,1546961.0
RCSO2401,지급수수료_기타,2025-02-01,83782.0
RCSO2402,지급수수료_기타,2025-02-01,1047.0
RCST2507,지급수수료_기타,2025-02-01,19157.0
RCPU2417,지급수수료_기타,2025-02-01,2000.0
RCST2503,지급수수료_기타,2025-02-01,15000.0
RTSO2402,지급수수료_기타,2025-02-01,3028.0
RTOH3300,직원급여_본사,2025-03-01,5.3506483E7
RROH3400,직원급여_본사,2025-03-01,6.9363903E7
RCOH3100,직원급여_본사,2025-03-01,9860001.0
RXOH3200,직원급여_본사,2025-03-01,3.0921989E7
RIOH6100,직원급여_본사,2025-03-01,1.6250017E7
RCST2503,직원급여_매장,2025-03-01,7908330.0
RCST2506,직원급여_매장,2025-03-01,1.7597321E7
RXST2501,직원급여_매장,2025-03-01,1951619.0
RCST2502,직원급여_매장,2025-03-01,8770052.0
RCST2501,직원급여_매장,2025-03-01,1.0300518E7
RCST2507,직원급여_매장,2025-03-01,8878786.0
RCST2505,직원급여_매장,2025-03-01,6761812.0
RROH3400,상여금,2025-03-01,1.05E7
RTOH3300,잡급,2025-03-01,1572203.0
RXOH3200,잡급,2025-03-01,1572203.0
RXOH3200,퇴직급여_본사,2025-03-01,7481011.0
RCST2505,퇴직급여_매장,2025-03-01,4677470.0
RROH3400,복리후생비_건강보험,2025-03-01,2791040.0
RCST2505,복리후생비_건강보험,2025-03-01,223475.0
RCST2507,복리후생비_건강보험,2025-03-01,201875.0
RCST2502,복리후생비_건강보험,2025-03-01,288194.0
RCOH3100,복리후생비_건강보험,2025-03-01,467390.0
RCST2503,복리후생비_건강보험,2025-03-01,276436.0
RCSN2414,복리후생비_건강보험,2025-03-01,2082419.0
RCSN2413,복리후생비_건강보험,2025-03-01,153959.0
RXOH3200,복리후생비_건강보험,2025-03-01,861731.0
RCST2506,복리후생비_건강보험,2025-03-01,399298.0
RTOH3300,복리후생비_건강보험,2025-03-01,1892519.0
RCST2501,복리후생비_건강보험,2025-03-01,260255.0
RCST2504,복리후생비_건강보험,2025-03-01,461618.0
RIOH6100,복리후생비_건강보험,2025-03-01,700043.0
RTPU2513,복리후생비_식음료대,2025-03-01,472313.0
RCST2503,복리후생비_식음료대,2025-03-01,8181.0
RTPU2515,복리후생비_식음료대,2025-03-01,9000.0
RCPU2506,복리후생비_식음료대,2025-03-01,96909.0
RCPU2512,복리후생비_식음료대,2025-03-01,44000.0
RXOH3200,복리후생비_식음료대,2025-03-01,1571200.0
RTPU2526,복리후생비_식음료대,2025-03-01,164545.0
RTPU2506,복리후생비_식음료대,2025-03-01,357820.0
RTPU2516,복리후생비_식음료대,2025-03-01,81000.0
RCOH3100,복리후생비_식음료대,2025-03-01,157093.0
RTOH3300,복리후생비_식음료대,2025-03-01,2466154.0
RTPU2504,복리후생비_식음료대,2025-03-01,748213.0
RTPU2528,복리후생비_식음료대,2025-03-01,51044.0
RTPU2507,복리후생비_식음료대,2025-03-01,121373.0
RCPU2521,복리후생비_식음료대,2025-03-01,21818.0
RTPU2527,복리후생비_식음료대,2025-03-01,67019.0
RTPU2525,복리후생비_식음료대,2025-03-01,73000.0
RTPU2519,복리후생비_식음료대,2025-03-01,204182.0
RCCP2511,복리후생비_식음료대,2025-03-01,66363.0
RIOH6100,복리후생비_식음료대,2025-03-01,738880.0
RCST2506,복리후생비_식음료대,2025-03-01,122817.0
RCST2509,복리후생비_식음료대,2025-03-01,338669.0
RCST2505,복리후생비_식음료대,2025-03-01,15364.0
RXPU2504,복리후생비_식음료대,2025-03-01,45000.0
RCPU2516,복리후생비_식음료대,2025-03-01,26544.0
RXST2501,복리후생비_식음료대,2025-03-01,906122.0
RTPU2505,복리후생비_식음료대,2025-03-01,16863.0
RCST2502,복리후생비_식음료대,2025-03-01,58182.0
RXPU2502,복리후생비_식음료대,2025-03-01,21000.0
RTPU2523,복리후생비_식음료대,2025-03-01,31636.0
RCPU2505,복리후생비_식음료대,2025-03-01,188728.0
RIPU2501,복리후생비_식음료대,2025-03-01,355723.0
RTPU2521,복리후생비_식음료대,2025-03-01,24182.0
RROH3400,복리후생비_식음료대,2025-03-01,4682063.0
RCPU2517,복리후생비_식음료대,2025-03-01,12727.0
RCPU2510,복리후생비_식음료대,2025-03-01,44547.0
RCPU2507,복리후생비_식음료대,2025-03-01,22457.0
RTPU2520,복리후생비_식음료대,2025-03-01,32181.0
RCCP2501,복리후생비_식음료대,2025-03-01,68003.0
RCSN2413,복리후생비_임직원선물,2025-03-01,30000.0
RROH3400,복리후생비_임직원선물,2025-03-01,30000.0
RXOH3200,복리후생비_임직원선물,2025-03-01,60000.0
RROH3400,복리후생비_회식대,2025-03-01,65365.0
RIOH6100,복리후생비_회식대,2025-03-01,103236.0
RTOH3300,복리후생비_회식대,2025-03-01,554364.0
RXOH3200,복리후생비_회식대,2025-03-01,428187.0
RCOH3100,복리후생비_기타,2025-03-01,160728.0
RTPU2528,복리후생비_기타,2025-03-01,8818.0
RTOH3300,복리후생비_기타,2025-03-01,12364.0
RTPU2527,복리후생비_기타,2025-03-01,13182.0
RROH3400,복리후생비_기타,2025-03-01,568730.0
RXOH3200,복리후생비_기타,2025-03-01,192637.0
RIOH6100,복리후생비_기타,2025-03-01,20909.0
RCPU2506,여비교통비_야근,2025-03-01,16200.0
RTPU2519,여비교통비_야근,2025-03-01,46500.0
RCPU2507,여비교통비_야근,2025-03-01,57800.0
RTPU2525,여비교통비_야근,2025-03-01,16100.0
RTPU2513,여비교통비_야근,2025-03-01,81500.0
RROH3400,여비교통비_야근,2025-03-01,391400.0
RCST2504,여비교통비_야근,2025-03-01,29400.0
RTPU2504,여비교통비_야근,2025-03-01,172100.0
RCPU2505,여비교통비_야근,2025-03-01,30600.0
RCPU2517,여비교통비_야근,2025-03-01,29400.0
RCPU2510,여비교통비_야근,2025-03-01,56800.0
RCST2505,여비교통비_야근,2025-03-01,44500.0
RTPU2527,여비교통비_야근,2025-03-01,77500.0
RCPU2521,여비교통비_야근,2025-03-01,37200.0
RCST2506,여비교통비_야근,2025-03-01,48300.0
RTPU2506,여비교통비_야근,2025-03-01,159500.0
RTPU2505,여비교통비_야근,2025-03-01,22400.0
RCST2509,여비교통비_야근,2025-03-01,239100.0
RTPU2507,여비교통비_야근,2025-03-01,75600.0
RXPU2502,여비교통비_야근,2025-03-01,15400.0
RTOH3300,여비교통비_야근,2025-03-01,26100.0
RXOH3200,여비교통비_야근,2025-03-01,28500.0
RTPU2526,여비교통비_외근,2025-03-01,51200.0
RCOH3100,여비교통비_외근,2025-03-01,99900.0
RTOH3300,여비교통비_외근,2025-03-01,386500.0
RCPU2506,여비교통비_외근,2025-03-01,97400.0
RTPU2519,여비교통비_외근,2025-03-01,192980.0
RTPU2507,여비교통비_외근,2025-03-01,293300.0
RTPU2513,여비교통비_외근,2025-03-01,234200.0
RCST2505,여비교통비_외근,2025-03-01,19600.0
RXPU2503,여비교통비_외근,2025-03-01,11900.0
RCST2503,여비교통비_외근,2025-03-01,21300.0
RTPU2530,여비교통비_외근,2025-03-01,8600.0
RTPU2522,여비교통비_외근,2025-03-01,22400.0
RCPU2514,여비교통비_외근,2025-03-01,47600.0
RTPU2531,여비교통비_외근,2025-03-01,25600.0
RCSO2401,여비교통비_외근,2025-03-01,24500.0
RIPU2501,여비교통비_외근,2025-03-01,81700.0
RCPU2503,여비교통비_외근,2025-03-01,38500.0
RROH3400,여비교통비_외근,2025-03-01,1695509.0
RXOH3200,여비교통비_외근,2025-03-01,34300.0
RTPU2527,여비교통비_외근,2025-03-01,27100.0
RXST2501,여비교통비_외근,2025-03-01,59940.0
RTPU2506,여비교통비_외근,2025-03-01,316800.0
RTPU2525,여비교통비_외근,2025-03-01,10300.0
RTPU2528,여비교통비_외근,2025-03-01,69700.0
RIOH6100,여비교통비_외근,2025-03-01,64000.0
RTPU2520,여비교통비_외근,2025-03-01,16800.0
RCCP2501,여비교통비_외근,2025-03-01,50000.0
RXPU2504,여비교통비_외근,2025-03-01,8500.0
RCPU2505,여비교통비_외근,2025-03-01,18900.0
RTPU2504,여비교통비_외근,2025-03-01,82600.0
RROH3400,여비교통비_국내출장,2025-03-01,103900.0
RXPU2504,여비교통비_국내출장,2025-03-01,314300.0
RTPU2505,여비교통비_국내출장,2025-03-01,2341130.0
RTPU2410,여비교통비_국내출장,2025-03-01,12520.0
RIPU2501,여비교통비_국내출장,2025-03-01,194430.0
RTPU2523,여비교통비_해외출장,2025-03-01,1134760.0
RTPU2514,여비교통비_해외출장,2025-03-01,241600.0
RTPU2519,여비교통비_개인차량사용료,2025-03-01,209050.0
RCCP2501,여비교통비_개인차량사용료,2025-03-01,12500.0
RTPU2523,여비교통비_개인차량사용료,2025-03-01,19500.0
RIOH6100,여비교통비_개인차량사용료,2025-03-01,370300.0
RXOH3200,여비교통비_개인차량사용료,2025-03-01,264500.0
RTOH3300,여비교통비_개인차량사용료,2025-03-01,723200.0
RCST2502,여비교통비_개인차량사용료,2025-03-01,1000.0
RTPU2515,여비교통비_개인차량사용료,2025-03-01,95150.0
RTPU2504,여비교통비_개인차량사용료,2025-03-01,35000.0
RROH3400,여비교통비_개인차량사용료,2025-03-01,2114950.0
RTPU2513,여비교통비_개인차량사용료,2025-03-01,104000.0
RXST2501,여비교통비_개인차량사용료,2025-03-01,299000.0
RTPU2521,여비교통비_개인차량사용료,2025-03-01,20900.0
RTPU2505,접대비,2025-03-01,343000.0
RROH3400,접대비,2025-03-01,3993790.0
RTOH3300,접대비,2025-03-01,435500.0
RXOH3200,접대비,2025-03-01,510000.0
RCST2501,통신비,2025-03-01,49702.0
RCST2503,통신비,2025-03-01,34000.0
RCST2504,통신비,2025-03-01,37463.0
RIOH6100,통신비,2025-03-01,56364.0
RTPU2522,통신비,2025-03-01,3860.0
RXOH3200,통신비,2025-03-01,225455.0
RROH3400,통신비,2025-03-01,82950.0
RCST2506,통신비,2025-03-01,67650.0
RCST2507,통신비,2025-03-01,69900.0
RCST2505,통신비,2025-03-01,35200.0
RCST2502,통신비,2025-03-01,35000.0
RTPU2519,통신비,2025-03-01,3200.0
RCOH3100,통신비,2025-03-01,112727.0
RRPM2501,수도광열비,2025-03-01,2838836.0
RIOH6100,세금과공과_국민연금,2025-03-01,688765.0
RCST2503,세금과공과_국민연금,2025-03-01,271999.0
RCST2507,세금과공과_국민연금,2025-03-01,197008.0
RCOH3100,세금과공과_국민연금,2025-03-01,275080.0
RCST2505,세금과공과_국민연금,2025-03-01,162105.0
RTOH3300,세금과공과_국민연금,2025-03-01,1857415.0
RCST2502,세금과공과_국민연금,2025-03-01,293220.0
RROH3400,세금과공과_국민연금,2025-03-01,2191701.0
RXOH3200,세금과공과_국민연금,2025-03-01,1395640.0
RCST2501,세금과공과_국민연금,2025-03-01,253680.0
RCST2506,세금과공과_국민연금,2025-03-01,391443.0
RCOH3100,세금과공과_세금,2025-03-01,19991.0
RTOH3300,세금과공과_세금,2025-03-01,299869.0
RROH3400,세금과공과_세금,2025-03-01,219904.0
RIOH6100,세금과공과_세금,2025-03-01,79965.0
RXOH3200,세금과공과_세금,2025-03-01,139939.0
RCST2502,감가상각비,2025-03-01,521072.0
RTOH3300,감가상각비,2025-03-01,101226.0
RXST2501,감가상각비,2025-03-01,5760921.0
RCST2505,감가상각비,2025-03-01,265926.0
RCST2501,감가상각비,2025-03-01,1512878.0
RCST2506,감가상각비,2025-03-01,2622362.0
RCST2507,감가상각비,2025-03-01,3645281.0
RCST2503,감가상각비,2025-03-01,450751.0
RRPM2501,지급임차료_건물,2025-03-01,7.1476443E7
RTOH3300,지급임차료_창고,2025-03-01,3700000.0
RXOH3200,지급임차료_창고,2025-03-01,2250000.0
RIOH6100,지급임차료_창고,2025-03-01,596050.0
RCPU2508,지급임차료_창고,2025-03-01,-7282712.0
RCST2502,지급임차료_스테이션,2025-03-01,3651687.0
RCST2506,지급임차료_스테이션,2025-03-01,2082119.0
RCST2503,지급임차료_스테이션,2025-03-01,2870332.0
RCCP2505,지급임차료_스테이션,2025-03-01,3702205.0
RCST2501,지급임차료_스테이션,2025-03-01,1749775.0
RRPM2402,지급임차료_기타,2025-03-01,8.865E7
RIPU2503,지급임차료_기타,2025-03-01,6600000.0
RCST2505,보험료_산재보험,2025-03-01,29870.0
RCST2504,보험료_산재보험,2025-03-01,79330.0
RXOH3200,보험료_산재보험,2025-03-01,160710.0
RIOH6100,보험료_산재보험,2025-03-01,93600.0
RCOH3100,보험료_산재보험,2025-03-01,62510.0
RCST2506,보험료_산재보험,2025-03-01,53370.0
RTOH3300,보험료_산재보험,2025-03-01,257410.0
RCSN2413,보험료_산재보험,2025-03-01,45120.0
RCST2502,보험료_산재보험,2025-03-01,40260.0
RCSN2414,보험료_산재보험,2025-03-01,230240.0
RCST2503,보험료_산재보험,2025-03-01,36950.0
RCST2501,보험료_산재보험,2025-03-01,36940.0
RROH3400,보험료_산재보험,2025-03-01,348260.0
RCST2507,보험료_산재보험,2025-03-01,27000.0
RCST2503,보험료_고용보험,2025-03-01,70055.0
RCST2507,보험료_고용보험,2025-03-01,51165.0
RROH3400,보험료_고용보험,2025-03-01,660019.0
RCST2506,보험료_고용보험,2025-03-01,101203.0
RCSN2413,보험료_고용보험,2025-03-01,85517.0
RCSN2414,보험료_고용보험,2025-03-01,435333.0
RCST2502,보험료_고용보험,2025-03-01,76296.0
RXOH3200,보험료_고용보험,2025-03-01,361239.0
RIOH6100,보험료_고용보험,2025-03-01,177421.0
RCST2505,보험료_고용보험,2025-03-01,56627.0
RTOH3300,보험료_고용보험,2025-03-01,504088.0
RCST2504,보험료_고용보험,2025-03-01,150188.0
RCST2501,보험료_고용보험,2025-03-01,65937.0
RCOH3100,보험료_고용보험,2025-03-01,118452.0
RXST2501,보험료_프로젝트,2025-03-01,44542.0
RROH3400,보험료_프로젝트,2025-03-01,2523.0
RTPU2506,보험료_프로젝트,2025-03-01,1703520.0
RCST2504,보험료_기타,2025-03-01,87452.0
RROH3400,보험료_기타,2025-03-01,265581.0
RCST2502,보험료_기타,2025-03-01,9308.0
RCST2503,보험료_기타,2025-03-01,8775.0
RCST2501,보험료_기타,2025-03-01,9613.0
RROH3400,차량유지비_유류대,2025-03-01,30000.0
RXOH3200,차량유지비_유류대,2025-03-01,120000.0
RXPU2504,차량유지비_기타,2025-03-01,9000.0
RXPU2503,차량유지비_기타,2025-03-01,2500.0
RCPU2505,차량유지비_기타,2025-03-01,14700.0
RCST2506,운반비_사업본부,2025-03-01,456045.0
RTPU2526,운반비_사업본부,2025-03-01,80000.0
RCPU2417,운반비_사업본부,2025-03-01,140000.0
RCCP2505,운반비_사업본부,2025-03-01,260000.0
RXOH3200,운반비_사업본부,2025-03-01,543600.0
RCST2507,운반비_사업본부,2025-03-01,130000.0
RCPU2504,운반비_사업본부,2025-03-01,130000.0
RCPU2502,운반비_사업본부,2025-03-01,3546.0
RCPU2505,운반비_사업본부,2025-03-01,130000.0
RTPU2514,운반비_사업본부,2025-03-01,630000.0
RCCP2507,운반비_사업본부,2025-03-01,38500.0
RROH3400,운반비_사업본부,2025-03-01,209700.0
RCST2504,운반비_사업본부,2025-03-01,420000.0
RTPU2506,운반비_사업본부,2025-03-01,1102000.0
RTPU2513,운반비_사업본부,2025-03-01,345000.0
RXST2501,운반비_사업본부,2025-03-01,208873.0
RTPU2507,운반비_사업본부,2025-03-01,230900.0
RTPU2504,운반비_사업본부,2025-03-01,338000.0
RCOH3100,도서인쇄비_도서구매,2025-03-01,59220.0
RXST2501,도서인쇄비_행사출력물,2025-03-01,385300.0
RTPU2507,도서인쇄비_행사출력물,2025-03-01,1.0405236E7
RXPU2503,도서인쇄비_행사출력물,2025-03-01,314237.0
RROH3400,도서인쇄비_행사출력물,2025-03-01,53041.0
RXPU2502,도서인쇄비_행사출력물,2025-03-01,858982.0
RTPU2520,도서인쇄비_행사출력물,2025-03-01,389000.0
RTPU2504,도서인쇄비_행사출력물,2025-03-01,74700.0
RTPU2506,도서인쇄비_행사출력물,2025-03-01,64000.0
RCST2507,소모품비_본사,2025-03-01,7173.0
RROH3400,소모품비_본사,2025-03-01,909.0
RTOH3300,소모품비_본사,2025-03-01,11090.0
RCST2506,소모품비_현장,2025-03-01,950144.0
RXOH3200,소모품비_현장,2025-03-01,98818.0
RTPU2504,소모품비_현장,2025-03-01,3801057.0
RIPU2501,소모품비_현장,2025-03-01,364715.0
RTPU2516,소모품비_현장,2025-03-01,1.0E7
RTPU2506,소모품비_현장,2025-03-01,775861.0
RXST2501,소모품비_현장,2025-03-01,1473449.0
RTPU2526,소모품비_현장,2025-03-01,3269808.0
RTPU2507,소모품비_현장,2025-03-01,799462.0
RCPU2512,소모품비_현장,2025-03-01,19600.0
RTPU2523,소모품비_현장,2025-03-01,72726.0
RCST2505,소모품비_현장,2025-03-01,20000.0
RTPU2505,소모품비_현장,2025-03-01,464173.0
RCST2507,소모품비_현장,2025-03-01,77880.0
RTOH3300,소모품비_현장,2025-03-01,71427.0
RTPU2521,소모품비_현장,2025-03-01,192545.0
RXPU2502,소모품비_현장,2025-03-01,360274.0
RTPU2522,소모품비_현장,2025-03-01,194000.0
RTPU2520,소모품비_현장,2025-03-01,447738.0
RCST2503,소모품비_현장,2025-03-01,54108.0
RCCP2511,소모품비_현장,2025-03-01,556545.0
RCST2509,소모품비_현장,2025-03-01,3652329.0
RTPU2524,소모품비_현장,2025-03-01,619090.0
RCPU2515,소모품비_현장,2025-03-01,83117.0
RTPU2513,소모품비_현장,2025-03-01,3625031.0
RTPU2525,소모품비_현장,2025-03-01,33999.0
RROH3400,소모품비_현장,2025-03-01,5000.0
RCCP2505,소모품비_현장,2025-03-01,5454.0
RCPU2517,소모품비_현장,2025-03-01,5000.0
RTPU2514,소모품비_기타,2025-03-01,3500000.0
RTPU2513,소모품비_기타,2025-03-01,80909.0
RTPU2520,지급수수료_운영인건비,2025-03-01,705000.0
RTPU2516,지급수수료_운영인건비,2025-03-01,520000.0
RTPU2503,지급수수료_운영인건비,2025-03-01,3660000.0
RXPU2501,지급수수료_운영인건비,2025-03-01,3300000.0
RXST2501,지급수수료_운영인건비,2025-03-01,200000.0
RCST2505,지급수수료_운영인건비,2025-03-01,180540.0
RCPU2512,지급수수료_운영인건비,2025-03-01,1230000.0
RCST2509,지급수수료_운영인건비,2025-03-01,80240.0
RIPU2501,지급수수료_도급인건비,2025-03-01,8900000.0
RTPU2502,지급수수료_도급인건비,2025-03-01,4.45E7
RRPM2402,지급수수료_도급인건비,2025-03-01,3204050.0
RRPM2401,지급수수료_도급인건비,2025-03-01,2.33937E7
RTPU2513,지급수수료_도급인건비,2025-03-01,664000.0
RTPU2520,지급수수료_도급인건비,2025-03-01,1000000.0
RTPU2507,지급수수료_디자인,2025-03-01,4000000.0
RXST2501,지급수수료_디자인,2025-03-01,227273.0
RTPU2520,지급수수료_디자인,2025-03-01,1000000.0
RTPU2513,지급수수료_디자인,2025-03-01,2500000.0
RTPU2503,지급수수료_디자인,2025-03-01,2500000.0
RTPU2502,지급수수료_디자인,2025-03-01,5500000.0
RTPU2501,지급수수료_디자인,2025-03-01,4500000.0
RCPU2505,지급수수료_디자인,2025-03-01,3.0E7
RCST2501,지급수수료_서비스이용료,2025-03-01,30000.0
RCSN2300,지급수수료_서비스이용료,2025-03-01,30000.0
RCST2504,지급수수료_서비스이용료,2025-03-01,30000.0
RCST2506,지급수수료_서비스이용료,2025-03-01,34000.0
RTOH3300,지급수수료_서비스이용료,2025-03-01,141153.0
RCST2502,지급수수료_서비스이용료,2025-03-01,30000.0
RXOH3200,지급수수료_서비스이용료,2025-03-01,29684.0
RCST2503,지급수수료_서비스이용료,2025-03-01,30000.0
RXST2501,지급수수료_서비스이용료,2025-03-01,20645.0
RCOH3100,지급수수료_서비스이용료,2025-03-01,33136.0
RCCP2508,지급수수료_공간수수료,2025-03-01,2650316.0
RCCP2509,지급수수료_공간수수료,2025-03-01,347359.0
RCST2507,지급수수료_공간수수료,2025-03-01,4907360.0
RXST2501,지급수수료_공간수수료,2025-03-01,507948.0
RCST2505,지급수수료_공간수수료,2025-03-01,1.2567524E7
RTPU2521,지급수수료_공간수수료,2025-03-01,2.8E7
RCST2506,지급수수료_공간수수료,2025-03-01,1.302229E7
RCCP2507,지급수수료_공간수수료,2025-03-01,2066953.0
RTPU2523,지급수수료_시공,2025-03-01,2.219211E7
RCPU2517,지급수수료_시공,2025-03-01,8000000.0
RTPU2507,지급수수료_시공,2025-03-01,1.2383E7
RIPU2501,지급수수료_시공,2025-03-01,1.0E7
RXST2501,지급수수료_시공,2025-03-01,363636.0
RTPU2513,지급수수료_시공,2025-03-01,4.0E7
RCPU2505,지급수수료_시공,2025-03-01,9.98E7
RRPM2402,지급수수료_시공,2025-03-01,160000.0
RTPU2513,지급수수료_광고비,2025-03-01,1.4E7
RTPU2504,지급수수료_물품대여,2025-03-01,635000.0
RTPU2502,지급수수료_물품대여,2025-03-01,6500000.0
RTPU2503,지급수수료_물품대여,2025-03-01,2200000.0
RTPU2520,지급수수료_물품대여,2025-03-01,1882909.0
RTPU2501,지급수수료_물품대여,2025-03-01,560000.0
RTPU2526,지급수수료_물품대여,2025-03-01,1650000.0
RXPU2503,지급수수료_물품대여,2025-03-01,2070000.0
RTPU2517,지급수수료_제작비,2025-03-01,1300000.0
RCPU2503,지급수수료_제작비,2025-03-01,-3.435E7
RTPU2503,지급수수료_제작비,2025-03-01,6500000.0
RTPU2502,지급수수료_제작비,2025-03-01,4200000.0
RIPU2501,지급수수료_제작비,2025-03-01,3000000.0
RCPU2516,지급수수료_제작비,2025-03-01,6615000.0
RCPU2517,지급수수료_제작비,2025-03-01,195000.0
RCPU2417,지급수수료_제작비,2025-03-01,180000.0
RTPU2514,지급수수료_제작비,2025-03-01,7318182.0
RCST2502,지급수수료_카드수수료,2025-03-01,513122.0
RCST2503,지급수수료_카드수수료,2025-03-01,368401.0
RCST2506,지급수수료_카드수수료,2025-03-01,349172.0
RCCP2507,지급수수료_카드수수료,2025-03-01,256458.0
RCST2507,지급수수료_카드수수료,2025-03-01,39153.0
RCST2501,지급수수료_카드수수료,2025-03-01,411560.0
RCCP2505,지급수수료_카드수수료,2025-03-01,261088.0
RXST2501,지급수수료_Working Tool,2025-03-01,76613.0
RROH3400,지급수수료_자문료,2025-03-01,2.5E7
RTPU2509,지급수수료_자문료,2025-03-01,403000.0
RCSO2402,지급수수료_기타,2025-03-01,2229.0
RXST2501,지급수수료_기타,2025-03-01,255822.0
RRPM2501,지급수수료_기타,2025-03-01,6.4177E7
RTPU2523,지급수수료_기타,2025-03-01,37219.0
RROH3400,지급수수료_기타,2025-03-01,54000.0
RCST2507,지급수수료_기타,2025-03-01,148467.0
RXOH3200,지급수수료_기타,2025-03-01,5000.0
RTSO2402,지급수수료_기타,2025-03-01,717.0
RCST2506,지급수수료_기타,2025-03-01,1712707.0
RXOH3200,지급수수료_티켓,2025-03-01,44000.0
RTOH3300,직원급여_본사,2025-04-01,6.0650591E7
RXOH3200,직원급여_본사,2025-04-01,3.2883373E7
RCOH3100,직원급여_본사,2025-04-01,9860001.0
RROH3400,직원급여_본사,2025-04-01,6.1430903E7
RIOH6100,직원급여_본사,2025-04-01,1.6250017E7
RXST2501,직원급여_매장,2025-04-01,2750001.0
RCST2503,직원급여_매장,2025-04-01,5549353.0
RCST2501,직원급여_매장,2025-04-01,5767247.0
RCST2505,직원급여_매장,2025-04-01,5561831.0
RCST2507,직원급여_매장,2025-04-01,6703628.0
RCST2502,직원급여_매장,2025-04-01,6251224.0
RCST2509,직원급여_매장,2025-04-01,7426218.0
RCST2506,직원급여_매장,2025-04-01,1.023188E7
RROH3400,상여금,2025-04-01,4.7511786E7
RTOH3300,잡급,2025-04-01,1572203.0
RXOH3200,잡급,2025-04-01,1572203.0
RROH3400,복리후생비_건강보험,2025-04-01,-580540.0
RCST2506,복리후생비_건강보험,2025-04-01,506570.0
RXOH3200,복리후생비_건강보험,2025-04-01,1262440.0
RCST2501,복리후생비_건강보험,2025-04-01,269110.0
RTOH3300,복리후생비_건강보험,2025-04-01,2568410.0
RIOH6100,복리후생비_건강보험,2025-04-01,433680.0
RCST2505,복리후생비_건강보험,2025-04-01,1136330.0
RCOH3100,복리후생비_건강보험,2025-04-01,718850.0
RCST2507,복리후생비_건강보험,2025-04-01,366750.0
RCST2503,복리후생비_건강보험,2025-04-01,162940.0
RCST2502,복리후생비_건강보험,2025-04-01,409930.0
RXST2501,복리후생비_건강보험,2025-04-01,102090.0
RCPU2519,복리후생비_식음료대,2025-04-01,18910.0
RCST2505,복리후생비_식음료대,2025-04-01,118182.0
RIPU2502,복리후생비_식음료대,2025-04-01,414306.0
RCPU2513,복리후생비_식음료대,2025-04-01,98916.0
RTPU2541,복리후생비_식음료대,2025-04-01,255180.0
RCPU2507,복리후생비_식음료대,2025-04-01,13637.0
RCPU2518,복리후생비_식음료대,2025-04-01,10000.0
RCPU2506,복리후생비_식음료대,2025-04-01,32818.0
RCPU2516,복리후생비_식음료대,2025-04-01,665313.0
RCPU2525,복리후생비_식음료대,2025-04-01,18638.0
RCOH3100,복리후생비_식음료대,2025-04-01,382365.0
RTOH3300,복리후생비_식음료대,2025-04-01,2216521.0
RTPU2527,복리후생비_식음료대,2025-04-01,589234.0
RCPU2510,복리후생비_식음료대,2025-04-01,136367.0
RIPU2501,복리후생비_식음료대,2025-04-01,98544.0
RTPU2515,복리후생비_식음료대,2025-04-01,4910.0
RRPM2402,복리후생비_식음료대,2025-04-01,19500.0
RTPU2524,복리후생비_식음료대,2025-04-01,28000.0
RIPU2504,복리후생비_식음료대,2025-04-01,21090.0
RCCP2512,복리후생비_식음료대,2025-04-01,14637.0
RROH3400,복리후생비_식음료대,2025-04-01,4080032.0
RTPU2521,복리후생비_식음료대,2025-04-01,435301.0
RXPU2506,복리후생비_식음료대,2025-04-01,75509.0
RCPU2523,복리후생비_식음료대,2025-04-01,55454.0
RCPU2515,복리후생비_식음료대,2025-04-01,139953.0
RCST2506,복리후생비_식음료대,2025-04-01,194821.0
RXPU2503,복리후생비_식음료대,2025-04-01,43549.0
RCCP2510,복리후생비_식음료대,2025-04-01,120364.0
RCST2502,복리후생비_식음료대,2025-04-01,9091.0
RXPU2502,복리후생비_식음료대,2025-04-01,240636.0
RTPU2538,복리후생비_식음료대,2025-04-01,62817.0
RXOH3200,복리후생비_식음료대,2025-04-01,1157478.0
RXPU2507,복리후생비_식음료대,2025-04-01,12546.0
RIOH6100,복리후생비_식음료대,2025-04-01,701252.0
RIPU2503,복리후생비_식음료대,2025-04-01,120452.0
RXPU2504,복리후생비_식음료대,2025-04-01,1702547.0
RCCP2511,복리후생비_식음료대,2025-04-01,37457.0
RTPU2523,복리후생비_식음료대,2025-04-01,367052.0
RTPU2528,복리후생비_식음료대,2025-04-01,248034.0
RCST2509,복리후생비_식음료대,2025-04-01,538242.0
RTPU2506,복리후생비_식음료대,2025-04-01,34090.0
RCPU2511,복리후생비_식음료대,2025-04-01,7272.0
RTPU2505,복리후생비_식음료대,2025-04-01,340590.0
RCPU2524,복리후생비_식음료대,2025-04-01,22181.0
RXST2501,복리후생비_식음료대,2025-04-01,341362.0
RCPU2514,복리후생비_식음료대,2025-04-01,59274.0
RTPU2522,복리후생비_식음료대,2025-04-01,53546.0
RCPU2517,복리후생비_식음료대,2025-04-01,11273.0
RTPU2530,복리후생비_식음료대,2025-04-01,42636.0
RTPU2519,복리후생비_식음료대,2025-04-01,539245.0
RCST2507,복리후생비_식음료대,2025-04-01,65000.0
RCCP2508,복리후생비_식음료대,2025-04-01,9182.0
RROH3400,복리후생비_회식대,2025-04-01,905717.0
RTPU2519,복리후생비_회식대,2025-04-01,10000.0
RXOH3200,복리후생비_회식대,2025-04-01,17273.0
RIOH6100,복리후생비_기타,2025-04-01,100000.0
RTOH3300,복리후생비_기타,2025-04-01,160000.0
RROH3400,복리후생비_기타,2025-04-01,274636.0
RCOH3100,복리후생비_기타,2025-04-01,290634.0
RTPU2522,여비교통비_야근,2025-04-01,30100.0
RCST2506,여비교통비_야근,2025-04-01,79600.0
RTPU2506,여비교통비_야근,2025-04-01,49400.0
RCPU2513,여비교통비_야근,2025-04-01,32900.0
RROH3400,여비교통비_야근,2025-04-01,207800.0
RCPU2510,여비교통비_야근,2025-04-01,123500.0
RCCP2510,여비교통비_야근,2025-04-01,58100.0
RCPU2514,여비교통비_야근,2025-04-01,80600.0
RCPU2518,여비교통비_야근,2025-04-01,29400.0
RCPU2516,여비교통비_야근,2025-04-01,114600.0
RTPU2516,여비교통비_야근,2025-04-01,40400.0
RTPU2519,여비교통비_야근,2025-04-01,236700.0
RCPU2507,여비교통비_야근,2025-04-01,26200.0
RTPU2541,여비교통비_야근,2025-04-01,17800.0
RTPU2505,여비교통비_야근,2025-04-01,50280.0
RCPU2506,여비교통비_야근,2025-04-01,16100.0
RTPU2528,여비교통비_야근,2025-04-01,214000.0
RTPU2521,여비교통비_야근,2025-04-01,543200.0
RXPU2507,여비교통비_야근,2025-04-01,25500.0
RXPU2504,여비교통비_야근,2025-04-01,9600.0
RCCP2511,여비교통비_야근,2025-04-01,38500.0
RCST2509,여비교통비_야근,2025-04-01,172700.0
RCPU2511,여비교통비_야근,2025-04-01,27400.0
RIPU2504,여비교통비_야근,2025-04-01,36900.0
RIOH6100,여비교통비_야근,2025-04-01,17900.0
RTPU2527,여비교통비_야근,2025-04-01,136800.0
RCOH3100,여비교통비_야근,2025-04-01,61700.0
RTOH3300,여비교통비_야근,2025-04-01,81800.0
RCPU2517,여비교통비_야근,2025-04-01,16200.0
RIPU2501,여비교통비_외근,2025-04-01,33600.0
RTPU2522,여비교통비_외근,2025-04-01,19000.0
RTOH3300,여비교통비_외근,2025-04-01,386140.0
RCPU2519,여비교통비_외근,2025-04-01,44800.0
RCST2502,여비교통비_외근,2025-04-01,25100.0
RCPU2513,여비교통비_외근,2025-04-01,20340.0
RTPU2507,여비교통비_외근,2025-04-01,23800.0
RTPU2519,여비교통비_외근,2025-04-01,386460.0
RTPU2527,여비교통비_외근,2025-04-01,101400.0
RIPU2502,여비교통비_외근,2025-04-01,69800.0
RROH3400,여비교통비_외근,2025-04-01,1061400.0
RXPU2504,여비교통비_외근,2025-04-01,148600.0
RCPU2516,여비교통비_외근,2025-04-01,345940.0
RTPU2506,여비교통비_외근,2025-04-01,28600.0
RCST2509,여비교통비_외근,2025-04-01,43000.0
RTPU2528,여비교통비_외근,2025-04-01,106600.0
RCPU2521,여비교통비_외근,2025-04-01,57700.0
RXST2501,여비교통비_외근,2025-04-01,53320.0
RTPU2523,여비교통비_외근,2025-04-01,181144.0
RXPU2503,여비교통비_외근,2025-04-01,18400.0
RCPU2507,여비교통비_외근,2025-04-01,34600.0
RCPU2515,여비교통비_외근,2025-04-01,55900.0
RCCP2508,여비교통비_외근,2025-04-01,46300.0
RCPU2523,여비교통비_외근,2025-04-01,119600.0
RTPU2524,여비교통비_외근,2025-04-01,10000.0
RCST2501,여비교통비_외근,2025-04-01,10600.0
RCPU2518,여비교통비_외근,2025-04-01,21800.0
RTPU2538,여비교통비_외근,2025-04-01,64300.0
RCCP2514,여비교통비_외근,2025-04-01,34800.0
RIOH6100,여비교통비_외근,2025-04-01,14100.0
RCPU2524,여비교통비_외근,2025-04-01,40400.0
RTPU2505,여비교통비_외근,2025-04-01,99900.0
RCPU2506,여비교통비_외근,2025-04-01,30300.0
RCST2505,여비교통비_외근,2025-04-01,31400.0
RIPU2504,여비교통비_외근,2025-04-01,22000.0
RRPM2402,여비교통비_외근,2025-04-01,18900.0
RCST2506,여비교통비_외근,2025-04-01,19400.0
RTPU2521,여비교통비_외근,2025-04-01,181400.0
RCPU2510,여비교통비_외근,2025-04-01,48000.0
RCOH3100,여비교통비_외근,2025-04-01,71400.0
RCPU2514,여비교통비_외근,2025-04-01,11700.0
RTPU2530,여비교통비_외근,2025-04-01,103300.0
RCST2502,여비교통비_국내출장,2025-04-01,59400.0
RXPU2504,여비교통비_국내출장,2025-04-01,5293355.0
RXST2501,여비교통비_국내출장,2025-04-01,78000.0
RCPU2513,여비교통비_국내출장,2025-04-01,63000.0
RCCP2511,여비교통비_국내출장,2025-04-01,82500.0
RTPU2541,여비교통비_국내출장,2025-04-01,386000.0
RCCP2508,여비교통비_국내출장,2025-04-01,146800.0
RIPU2502,여비교통비_국내출장,2025-04-01,458800.0
RTPU2505,여비교통비_국내출장,2025-04-01,2445666.0
RCPU2519,여비교통비_국내출장,2025-04-01,318000.0
RTPU2538,여비교통비_국내출장,2025-04-01,214100.0
RROH3400,여비교통비_국내출장,2025-04-01,282400.0
RXPU2503,여비교통비_국내출장,2025-04-01,8700.0
RIPU2501,여비교통비_국내출장,2025-04-01,53700.0
RTPU2523,여비교통비_해외출장,2025-04-01,957931.0
RTPU2514,여비교통비_해외출장,2025-04-01,-241600.0
RTPU2524,여비교통비_개인차량사용료,2025-04-01,69650.0
RTOH3300,여비교통비_개인차량사용료,2025-04-01,586850.0
RTPU2522,여비교통비_개인차량사용료,2025-04-01,55750.0
RTPU2538,여비교통비_개인차량사용료,2025-04-01,50000.0
RTPU2515,여비교통비_개인차량사용료,2025-04-01,14700.0
RCPU2516,여비교통비_개인차량사용료,2025-04-01,18600.0
RIOH6100,여비교통비_개인차량사용료,2025-04-01,525700.0
RCPU2515,여비교통비_개인차량사용료,2025-04-01,12900.0
RTPU2519,여비교통비_개인차량사용료,2025-04-01,96000.0
RROH3400,여비교통비_개인차량사용료,2025-04-01,2708000.0
RTPU2523,여비교통비_개인차량사용료,2025-04-01,18000.0
RXPU2502,여비교통비_개인차량사용료,2025-04-01,18000.0
RTPU2521,여비교통비_개인차량사용료,2025-04-01,195300.0
RCCP2512,여비교통비_개인차량사용료,2025-04-01,4000.0
RXOH3200,여비교통비_개인차량사용료,2025-04-01,130000.0
RXST2501,여비교통비_개인차량사용료,2025-04-01,134000.0
RTPU2519,여비교통비_기타,2025-04-01,35000.0
RROH3400,접대비,2025-04-01,7673920.0
RIOH6100,접대비,2025-04-01,364000.0
RCOH3100,접대비,2025-04-01,75900.0
RTOH3300,접대비,2025-04-01,830000.0
RCST2503,통신비,2025-04-01,35041.0
RROH3400,통신비,2025-04-01,90230.0
RCST2501,통신비,2025-04-01,49702.0
RIOH6100,통신비,2025-04-01,56364.0
RTPU2521,통신비,2025-04-01,12240.0
RXOH3200,통신비,2025-04-01,225454.0
RCST2504,통신비,2025-04-01,99065.0
RRPM2401,통신비,2025-04-01,11220.0
RTPU2530,통신비,2025-04-01,12600.0
RCOH3100,통신비,2025-04-01,112727.0
RXST2501,통신비,2025-04-01,236885.0
RCST2506,통신비,2025-04-01,67814.0
RCST2507,통신비,2025-04-01,35000.0
RTPU2522,통신비,2025-04-01,3860.0
RCST2502,통신비,2025-04-01,35000.0
RCPU2503,통신비,2025-04-01,4100.0
RRPM2501,수도광열비,2025-04-01,2349499.0
RIOH6100,세금과공과_국민연금,2025-04-01,695200.0
RCST2505,세금과공과_국민연금,2025-04-01,186660.0
RROH3400,세금과공과_국민연금,2025-04-01,2212180.0
RCOH3100,세금과공과_국민연금,2025-04-01,277650.0
RXOH3200,세금과공과_국민연금,2025-04-01,1299780.0
RCST2502,세금과공과_국민연금,2025-04-01,295960.0
RCST2501,세금과공과_국민연금,2025-04-01,256050.0
RCST2503,세금과공과_국민연금,2025-04-01,274540.0
RXST2501,세금과공과_국민연금,2025-04-01,114750.0
RTOH3300,세금과공과_국민연금,2025-04-01,2115470.0
RCST2507,세금과공과_국민연금,2025-04-01,597320.0
RCST2506,세금과공과_국민연금,2025-04-01,491850.0
RTOH3300,세금과공과_세금,2025-04-01,312989.0
RROH3400,세금과공과_세금,2025-04-01,215181.0
RCOH3100,세금과공과_세금,2025-04-01,19562.0
RIOH6100,세금과공과_세금,2025-04-01,78247.0
RXOH3200,세금과공과_세금,2025-04-01,176056.0
RCST2507,감가상각비,2025-04-01,3645281.0
RCST2503,감가상각비,2025-04-01,450751.0
RCST2505,감가상각비,2025-04-01,265926.0
RCST2506,감가상각비,2025-04-01,2622362.0
RCST2509,감가상각비,2025-04-01,2339037.0
RCST2501,감가상각비,2025-04-01,1512878.0
RXST2501,감가상각비,2025-04-01,5801545.0
RROH3400,감가상각비,2025-04-01,49071.0
RTOH3300,감가상각비,2025-04-01,150431.0
RCST2502,감가상각비,2025-04-01,521072.0
RRPM2501,지급임차료_건물,2025-04-01,6.9170751E7
RIOH6100,지급임차료_창고,2025-04-01,655655.0
RXOH3200,지급임차료_창고,2025-04-01,2250000.0
RTOH3300,지급임차료_창고,2025-04-01,3700000.0
RCPU2508,지급임차료_창고,2025-04-01,-295000.0
RCST2503,지급임차료_스테이션,2025-04-01,2702773.0
RCCP2507,지급임차료_스테이션,2025-04-01,2969027.0
RCST2502,지급임차료_스테이션,2025-04-01,5197638.0
RCST2506,지급임차료_스테이션,2025-04-01,1868619.0
RCST2501,지급임차료_스테이션,2025-04-01,3113382.0
RTPU2505,지급임차료_기타,2025-04-01,43200.0
RRPM2402,지급임차료_기타,2025-04-01,4.5530518E7
RCST2506,보험료_산재보험,2025-04-01,90300.0
RXST2501,보험료_산재보험,2025-04-01,15450.0
RCST2507,보험료_산재보험,2025-04-01,61760.0
RXOH3200,보험료_산재보험,2025-04-01,379175.0
RIOH6100,보험료_산재보험,2025-04-01,115870.0
RROH3400,보험료_산재보험,2025-04-01,443555.0
RCST2501,보험료_산재보험,2025-04-01,56725.0
RCOH3100,보험료_산재보험,2025-04-01,211000.0
RCST2503,보험료_산재보험,2025-04-01,43375.0
RTOH3300,보험료_산재보험,2025-04-01,689955.0
RCST2502,보험료_산재보험,2025-04-01,83940.0
RCST2505,보험료_산재보험,2025-04-01,139445.0
RIOH6100,보험료_고용보험,2025-04-01,252940.0
RCST2501,보험료_고용보험,2025-04-01,183765.0
RXST2501,보험료_고용보험,2025-04-01,29320.0
RCST2503,보험료_고용보험,2025-04-01,98045.0
RTOH3300,보험료_고용보험,2025-04-01,1789555.0
RCST2505,보험료_고용보험,2025-04-01,422675.0
RCOH3100,보험료_고용보험,2025-04-01,626975.0
RROH3400,보험료_고용보험,2025-04-01,541390.0
RCST2502,보험료_고용보험,2025-04-01,228945.0
RXOH3200,보험료_고용보험,2025-04-01,947945.0
RCST2506,보험료_고용보험,2025-04-01,216210.0
RCST2507,보험료_고용보험,2025-04-01,149935.0
RXST2501,보험료_프로젝트,2025-04-01,65070.0
RTPU2521,보험료_프로젝트,2025-04-01,299000.0
RCPU2516,보험료_프로젝트,2025-04-01,545000.0
RCPU2513,보험료_프로젝트,2025-04-01,956000.0
RTPU2506,보험료_프로젝트,2025-04-01,262080.0
RXPU2504,보험료_프로젝트,2025-04-01,306563.0
RIPU2501,보험료_프로젝트,2025-04-01,203760.0
RTPU2524,보험료_프로젝트,2025-04-01,287000.0
RTPU2530,보험료_프로젝트,2025-04-01,151000.0
RCPU2510,보험료_프로젝트,2025-04-01,443000.0
RCPU2507,보험료_프로젝트,2025-04-01,303800.0
RTPU2527,보험료_프로젝트,2025-04-01,994000.0
RROH3400,보험료_프로젝트,2025-04-01,5821.0
RIPU2502,보험료_프로젝트,2025-04-01,517300.0
RCST2501,보험료_기타,2025-04-01,9303.0
RCST2503,보험료_기타,2025-04-01,8492.0
RTPU2505,보험료_기타,2025-04-01,16800.0
RROH3400,보험료_기타,2025-04-01,257014.0
RCST2502,보험료_기타,2025-04-01,9008.0
RXOH3200,차량유지비_유류대,2025-04-01,30000.0
RXST2501,차량유지비_유류대,2025-04-01,120000.0
RCST2506,차량유지비_통행료,2025-04-01,5000.0
RCCP2511,차량유지비_통행료,2025-04-01,5000.0
RCST2505,차량유지비_통행료,2025-04-01,3000.0
RCCP2515,차량유지비_통행료,2025-04-01,10000.0
RXPU2507,차량유지비_기타,2025-04-01,2500.0
RXST2501,차량유지비_기타,2025-04-01,40000.0
RROH3400,차량유지비_기타,2025-04-01,40000.0
RXPU2506,차량유지비_기타,2025-04-01,10000.0
RCPU2515,차량유지비_기타,2025-04-01,18000.0
RCPU2516,차량유지비_기타,2025-04-01,2200.0
RCST2509,운반비_사업본부,2025-04-01,203300.0
RTPU2530,운반비_사업본부,2025-04-01,67000.0
RTPU2506,운반비_사업본부,2025-04-01,130000.0
RCST2507,운반비_사업본부,2025-04-01,18000.0
RRPM2401,운반비_사업본부,2025-04-01,39700.0
RCST2506,운반비_사업본부,2025-04-01,76000.0
RXPU2502,운반비_사업본부,2025-04-01,206500.0
RTOH3300,운반비_사업본부,2025-04-01,5617000.0
RCCP2505,운반비_사업본부,2025-04-01,260000.0
RIOH6100,운반비_사업본부,2025-04-01,126000.0
RTPU2514,운반비_사업본부,2025-04-01,3387933.0
RCPU2505,운반비_사업본부,2025-04-01,260000.0
RXPU2504,운반비_사업본부,2025-04-01,17728.0
RROH3400,운반비_사업본부,2025-04-01,279200.0
RTPU2524,운반비_사업본부,2025-04-01,4500000.0
RRPM2402,운반비_사업본부,2025-04-01,38600.0
RTPU2519,운반비_사업본부,2025-04-01,20000.0
RTPU2528,운반비_사업본부,2025-04-01,24000.0
RXOH3200,운반비_사업본부,2025-04-01,1682100.0
RCPU2517,교육훈련비,2025-04-01,60000.0
RCPU2510,교육훈련비,2025-04-01,240000.0
RCOH3100,도서인쇄비_도서구매,2025-04-01,26820.0
RIPU2502,도서인쇄비_행사출력물,2025-04-01,3175035.0
RXPU2507,도서인쇄비_행사출력물,2025-04-01,30900.0
RTPU2521,도서인쇄비_행사출력물,2025-04-01,617159.0
RROH3400,도서인쇄비_행사출력물,2025-04-01,22140.0
RTPU2527,도서인쇄비_행사출력물,2025-04-01,38000.0
RXPU2503,도서인쇄비_행사출력물,2025-04-01,1320000.0
RXPU2502,도서인쇄비_행사출력물,2025-04-01,142500.0
RCPU2513,도서인쇄비_행사출력물,2025-04-01,24000.0
RTPU2530,도서인쇄비_행사출력물,2025-04-01,239000.0
RTPU2519,도서인쇄비_행사출력물,2025-04-01,7634100.0
RTPU2528,도서인쇄비_행사출력물,2025-04-01,1862869.0
RXCP2505,도서인쇄비_행사출력물,2025-04-01,2740000.0
RXPU2504,도서인쇄비_행사출력물,2025-04-01,517949.0
RTOH3300,소모품비_본사,2025-04-01,324091.0
RXPU2504,소모품비_본사,2025-04-01,149819.0
RROH3400,소모품비_본사,2025-04-01,19999.0
RIPU2503,소모품비_현장,2025-04-01,181252.0
RIOH6100,소모품비_현장,2025-04-01,46179.0
RCPU2506,소모품비_현장,2025-04-01,577683.0
RTPU2513,소모품비_현장,2025-04-01,2.1156364E7
RCCP2515,소모품비_현장,2025-04-01,17009.0
RCPU2515,소모품비_현장,2025-04-01,35453.0
RTPU2538,소모품비_현장,2025-04-01,1207362.0
RTPU2505,소모품비_현장,2025-04-01,8333604.0
RCPU2513,소모품비_현장,2025-04-01,469475.0
RIPU2502,소모품비_현장,2025-04-01,677441.0
RIPU2504,소모품비_현장,2025-04-01,8749818.0
RCST2506,소모품비_현장,2025-04-01,771571.0
RXPU2504,소모품비_현장,2025-04-01,2827883.0
RTPU2530,소모품비_현장,2025-04-01,1964540.0
RTPU2541,소모품비_현장,2025-04-01,184571.0
RXPU2507,소모품비_현장,2025-04-01,1.9197162E7
RCST2503,소모품비_현장,2025-04-01,17300.0
RTPU2519,소모품비_현장,2025-04-01,4615688.0
RXST2501,소모품비_현장,2025-04-01,1166016.0
RXPU2503,소모품비_현장,2025-04-01,2101834.0
RTPU2524,소모품비_현장,2025-04-01,473561.0
RCCP2510,소모품비_현장,2025-04-01,13636.0
RCPU2510,소모품비_현장,2025-04-01,6494827.0
RCST2507,소모품비_현장,2025-04-01,1452434.0
RROH3400,소모품비_현장,2025-04-01,48400.0
RTPU2523,소모품비_현장,2025-04-01,143908.0
RXPU2506,소모품비_현장,2025-04-01,323145.0
RTPU2527,소모품비_현장,2025-04-01,3152098.0
RCPU2507,소모품비_현장,2025-04-01,205454.0
RCST2505,소모품비_현장,2025-04-01,27200.0
RXPU2502,소모품비_현장,2025-04-01,171219.0
RCCP2511,소모품비_현장,2025-04-01,4546.0
RCPU2516,소모품비_현장,2025-04-01,2197458.0
RTOH3300,소모품비_현장,2025-04-01,49637.0
RTPU2528,소모품비_현장,2025-04-01,5331590.0
RCST2501,소모품비_현장,2025-04-01,72117.0
RTPU2521,소모품비_현장,2025-04-01,1300366.0
RCST2509,소모품비_현장,2025-04-01,781581.0
RIPU2501,소모품비_현장,2025-04-01,5135481.0
RCPU2506,소모품비_기타,2025-04-01,22728.0
RXST2501,소모품비_기타,2025-04-01,1311200.0
RTPU2504,지급수수료_운영인건비,2025-04-01,2500000.0
RTPU2522,지급수수료_운영인건비,2025-04-01,1800000.0
RTPU2521,지급수수료_운영인건비,2025-04-01,1960000.0
RCPU2516,지급수수료_운영인건비,2025-04-01,4464000.0
RXPU2507,지급수수료_운영인건비,2025-04-01,2200000.0
RCPU2515,지급수수료_운영인건비,2025-04-01,4966000.0
RXPU2504,지급수수료_운영인건비,2025-04-01,5829180.0
RXST2501,지급수수료_운영인건비,2025-04-01,300000.0
RXPU2502,지급수수료_운영인건비,2025-04-01,1017000.0
RTPU2526,지급수수료_도급인건비,2025-04-01,650000.0
RIPU2501,지급수수료_도급인건비,2025-04-01,8120000.0
RTPU2521,지급수수료_도급인건비,2025-04-01,1.96232E7
RTPU2513,지급수수료_도급인건비,2025-04-01,4275580.0
RTPU2507,지급수수료_도급인건비,2025-04-01,1.3516E7
RTPU2524,지급수수료_도급인건비,2025-04-01,1685000.0
RCPU2516,지급수수료_도급인건비,2025-04-01,180000.0
RTPU2527,지급수수료_도급인건비,2025-04-01,5000000.0
RRPM2402,지급수수료_도급인건비,2025-04-01,600000.0
RTPU2519,지급수수료_도급인건비,2025-04-01,3902000.0
RTPU2504,지급수수료_도급인건비,2025-04-01,1.92E7
RXPU2507,지급수수료_도급인건비,2025-04-01,5565000.0
RTPU2501,지급수수료_도급인건비,2025-04-01,2.66E7
RTPU2503,지급수수료_도급인건비,2025-04-01,2332000.0
RTPU2522,지급수수료_도급인건비,2025-04-01,2700000.0
RTPU2506,지급수수료_도급인건비,2025-04-01,6.181E7
RRPM2401,지급수수료_도급인건비,2025-04-01,3.8680064E7
RXPU2502,지급수수료_디자인,2025-04-01,390909.0
RIPU2501,지급수수료_디자인,2025-04-01,2700000.0
RTPU2529,지급수수료_디자인,2025-04-01,3700000.0
RTPU2526,지급수수료_디자인,2025-04-01,1500000.0
RTPU2511,지급수수료_디자인,2025-04-01,2000000.0
RTPU2519,지급수수료_디자인,2025-04-01,3.56E7
RTPU2527,지급수수료_디자인,2025-04-01,3000000.0
RCPU2507,지급수수료_디자인,2025-04-01,2000000.0
RTPU2513,지급수수료_디자인,2025-04-01,2000000.0
RTPU2506,지급수수료_디자인,2025-04-01,4000000.0
RTPU2504,지급수수료_디자인,2025-04-01,3800000.0
RXST2501,지급수수료_서비스이용료,2025-04-01,20455.0
RCST2503,지급수수료_서비스이용료,2025-04-01,30000.0
RXPU2502,지급수수료_서비스이용료,2025-04-01,13681.0
RXOH3200,지급수수료_서비스이용료,2025-04-01,29661.0
RCST2501,지급수수료_서비스이용료,2025-04-01,30000.0
RCST2505,지급수수료_서비스이용료,2025-04-01,33400.0
RIOH6100,지급수수료_서비스이용료,2025-04-01,16369.0
RTPU2527,지급수수료_서비스이용료,2025-04-01,180000.0
RCST2506,지급수수료_서비스이용료,2025-04-01,34000.0
RCST2502,지급수수료_서비스이용료,2025-04-01,30000.0
RTOH3300,지급수수료_서비스이용료,2025-04-01,154268.0
RXPU2504,지급수수료_서비스이용료,2025-04-01,26273.0
RCPU2513,지급수수료_공간수수료,2025-04-01,76364.0
RCCP2513,지급수수료_공간수수료,2025-04-01,1007846.0
RCCP2510,지급수수료_공간수수료,2025-04-01,3066284.0
RCST2509,지급수수료_공간수수료,2025-04-01,6671536.0
RTPU2527,지급수수료_공간수수료,2025-04-01,2550000.0
RIPU2504,지급수수료_공간수수료,2025-04-01,7636364.0
RTPU2522,지급수수료_공간수수료,2025-04-01,4000000.0
RCST2506,지급수수료_공간수수료,2025-04-01,1.0861571E7
RCCP2512,지급수수료_공간수수료,2025-04-01,1064228.0
RCST2507,지급수수료_공간수수료,2025-04-01,4971041.0
RCCP2511,지급수수료_공간수수료,2025-04-01,2783380.0
RTPU2528,지급수수료_공간수수료,2025-04-01,1.0E7
RCCP2508,지급수수료_공간수수료,2025-04-01,2766096.0
RCST2505,지급수수료_공간수수료,2025-04-01,1.1584069E7
RCCP2516,지급수수료_공간수수료,2025-04-01,124520.0
RTPU2527,지급수수료_시공,2025-04-01,3.032E7
RCCP2511,지급수수료_시공,2025-04-01,640000.0
RIPU2501,지급수수료_시공,2025-04-01,7.24E7
RTPU2519,지급수수료_시공,2025-04-01,3.23E7
RTPU2522,지급수수료_시공,2025-04-01,3282000.0
RCPU2514,지급수수료_시공,2025-04-01,4164545.0
RXPU2506,지급수수료_시공,2025-04-01,2.2181819E7
RCPU2516,지급수수료_시공,2025-04-01,6283600.0
RTPU2524,지급수수료_시공,2025-04-01,1550000.0
RXPU2502,지급수수료_시공,2025-04-01,4900000.0
RTPU2504,지급수수료_시공,2025-04-01,2.37E7
RROH3400,지급수수료_시공,2025-04-01,200000.0
RTPU2506,지급수수료_시공,2025-04-01,7.2727273E7
RTPU2521,지급수수료_시공,2025-04-01,4.1E7
RTPU2513,지급수수료_시공,2025-04-01,2.6E8
RTPU2528,지급수수료_시공,2025-04-01,1400000.0
RCPU2510,지급수수료_시공,2025-04-01,2.8427534E7
RRPM2402,지급수수료_시공,2025-04-01,-160000.0
RTPU2523,지급수수료_시공,2025-04-01,9605165.0
RTPU2532,지급수수료_광고비,2025-04-01,3.3E7
RTPU2519,지급수수료_광고비,2025-04-01,4000000.0
RCPU2510,지급수수료_물품대여,2025-04-01,4770000.0
RTPU2521,지급수수료_물품대여,2025-04-01,42000.0
RTPU2527,지급수수료_물품대여,2025-04-01,2500000.0
RCCP2507,지급수수료_물품대여,2025-04-01,300000.0
RTPU2506,지급수수료_물품대여,2025-04-01,4228182.0
RTPU2538,지급수수료_물품대여,2025-04-01,110000.0
RXPU2502,지급수수료_물품대여,2025-04-01,2177273.0
RTPU2507,지급수수료_물품대여,2025-04-01,2300000.0
RCPU2506,지급수수료_물품대여,2025-04-01,1763636.0
RTPU2526,지급수수료_물품대여,2025-04-01,2100000.0
RIPU2502,지급수수료_물품대여,2025-04-01,1490000.0
RCPU2513,지급수수료_물품대여,2025-04-01,1190000.0
RXPU2506,지급수수료_물품대여,2025-04-01,36273.0
RCPU2516,지급수수료_물품대여,2025-04-01,1960000.0
RTPU2522,지급수수료_물품대여,2025-04-01,804200.0
RTPU2525,지급수수료_물품대여,2025-04-01,1100000.0
RTPU2513,지급수수료_물품대여,2025-04-01,1519500.0
RXPU2503,지급수수료_물품대여,2025-04-01,4002273.0
RTPU2541,지급수수료_물품대여,2025-04-01,765000.0
RXPU2507,지급수수료_물품대여,2025-04-01,4940000.0
RTPU2504,지급수수료_물품대여,2025-04-01,3100000.0
RCPU2507,지급수수료_물품대여,2025-04-01,1600000.0
RTPU2528,지급수수료_물품대여,2025-04-01,2200000.0
RTPU2519,지급수수료_물품대여,2025-04-01,5220000.0
RXPU2504,지급수수료_물품대여,2025-04-01,9680000.0
RIPU2501,지급수수료_물품대여,2025-04-01,390000.0
RTPU2526,지급수수료_제작비,2025-04-01,4500000.0
RTPU2541,지급수수료_제작비,2025-04-01,654000.0
RTPU2504,지급수수료_제작비,2025-04-01,3.1463636E7
RCPU2507,지급수수료_제작비,2025-04-01,2300000.0
RCPU2517,지급수수료_제작비,2025-04-01,9900000.0
RXPU2507,지급수수료_제작비,2025-04-01,3.294E7
RCPU2516,지급수수료_제작비,2025-04-01,4535000.0
RTPU2519,지급수수료_제작비,2025-04-01,1.043E7
RTPU2518,지급수수료_제작비,2025-04-01,3234000.0
RTPU2513,지급수수료_제작비,2025-04-01,4509433.0
RTPU2527,지급수수료_제작비,2025-04-01,9500000.0
RXPU2504,지급수수료_제작비,2025-04-01,228000.0
RIPU2502,지급수수료_제작비,2025-04-01,79200.0
RTPU2521,지급수수료_제작비,2025-04-01,1700000.0
RTPU2505,지급수수료_제작비,2025-04-01,2.0E7
RCST2503,지급수수료_카드수수료,2025-04-01,354490.0
RCST2509,지급수수료_카드수수료,2025-04-01,88668.0
RCST2501,지급수수료_카드수수료,2025-04-01,597530.0
RCCP2507,지급수수료_카드수수료,2025-04-01,347976.0
RCST2506,지급수수료_카드수수료,2025-04-01,284324.0
RTPU2519,지급수수료_카드수수료,2025-04-01,3671.0
RTPU2521,지급수수료_카드수수료,2025-04-01,1581385.0
RCST2502,지급수수료_카드수수료,2025-04-01,788415.0
RXPU2502,지급수수료_카드수수료,2025-04-01,603510.0
RCST2507,지급수수료_카드수수료,2025-04-01,24236.0
RXST2501,지급수수료_Working Tool,2025-04-01,344784.0
RXST2501,지급수수료_기타,2025-04-01,4574063.0
RXPU2503,지급수수료_기타,2025-04-01,35000.0
RRPM2402,지급수수료_기타,2025-04-01,200000.0
RXPU2504,지급수수료_기타,2025-04-01,3255.0
RTPU2523,지급수수료_기타,2025-04-01,127317.0
RIPU2502,지급수수료_기타,2025-04-01,160000.0
RCST2507,지급수수료_기타,2025-04-01,143678.0
RRPM2501,지급수수료_기타,2025-04-01,100000.0
RTOH3300,지급수수료_기타,2025-04-01,5000.0
RCOH3100,지급수수료_기타,2025-04-01,32206.0
RIOH6100,지급수수료_기타,2025-04-01,5000.0
RCST2506,지급수수료_기타,2025-04-01,165746.0
RTPU2519,지급수수료_라이선스,2025-04-01,2.2E7
RCOH3100,직원급여_본사,2025-05-01,9860001.0
RXOH3200,직원급여_본사,2025-05-01,3.1985789E7
RTOH3300,직원급여_본사,2025-05-01,6.1137345E7
RXST2501,직원급여_본사,2025-05-01,2750001.0
RIOH6100,직원급여_본사,2025-05-01,1.6250017E7
RROH3400,직원급여_본사,2025-05-01,6.1252176E7
RCST2506,직원급여_매장,2025-05-01,1.40307E7
RCST2503,직원급여_매장,2025-05-01,7332230.0
RCST2509,직원급여_매장,2025-05-01,8339053.0
RCST2501,직원급여_매장,2025-05-01,7657521.0
RCST2507,직원급여_매장,2025-05-01,8298717.0
RCST2502,직원급여_매장,2025-05-01,9521494.0
RCST2505,직원급여_매장,2025-05-01,7325528.0
RCST2501,상여금,2025-05-01,451331.0
RROH3400,상여금,2025-05-01,5.1540454E7
RCST2502,상여금,2025-05-01,575249.0
RCST2505,상여금,2025-05-01,509378.0
RCST2503,상여금,2025-05-01,252710.0
RTOH3300,잡급,2025-05-01,1572203.0
RXOH3200,잡급,2025-05-01,1572203.0
RTOH3300,퇴직급여_본사,2025-05-01,2.9538536E7
RROH3400,퇴직급여_본사,2025-05-01,7352245.0
RIOH6100,복리후생비_건강보험,2025-05-01,568630.0
RCST2507,복리후생비_건강보험,2025-05-01,296100.0
RCST2505,복리후생비_건강보험,2025-05-01,302410.0
RCST2502,복리후생비_건강보험,2025-05-01,302710.0
RXOH3200,복리후생비_건강보험,2025-05-01,2742790.0
RCST2506,복리후생비_건강보험,2025-05-01,432370.0
RTOH3300,복리후생비_건강보험,2025-05-01,2115100.0
RROH3400,복리후생비_건강보험,2025-05-01,2147310.0
RXST2501,복리후생비_건강보험,2025-05-01,102090.0
RCST2501,복리후생비_건강보험,2025-05-01,263980.0
RCST2509,복리후생비_건강보험,2025-05-01,250840.0
RCST2503,복리후생비_건강보험,2025-05-01,215700.0
RCOH3100,복리후생비_건강보험,2025-05-01,718820.0
RCST2507,복리후생비_식음료대,2025-05-01,226054.0
RTPU2546,복리후생비_식음료대,2025-05-01,188544.0
RIPU2505,복리후생비_식음료대,2025-05-01,30090.0
RIOH6100,복리후생비_식음료대,2025-05-01,622362.0
RTPU2518,복리후생비_식음료대,2025-05-01,74909.0
RCCP2514,복리후생비_식음료대,2025-05-01,67910.0
RTPU2515,복리후생비_식음료대,2025-05-01,369494.0
RTPU2545,복리후생비_식음료대,2025-05-01,3363.0
RCOH3100,복리후생비_식음료대,2025-05-01,195001.0
RTPU2541,복리후생비_식음료대,2025-05-01,140573.0
RCST2506,복리후생비_식음료대,2025-05-01,136629.0
RCPU2506,복리후생비_식음료대,2025-05-01,277355.0
RIPU2504,복리후생비_식음료대,2025-05-01,401839.0
RXPU2506,복리후생비_식음료대,2025-05-01,301876.0
RTPU2527,복리후생비_식음료대,2025-05-01,6736.0
RTPU2544,복리후생비_식음료대,2025-05-01,120908.0
RTOH3300,복리후생비_식음료대,2025-05-01,2453859.0
RCCP2517,복리후생비_식음료대,2025-05-01,8636.0
RXPU2504,복리후생비_식음료대,2025-05-01,790757.0
RXPU2507,복리후생비_식음료대,2025-05-01,796368.0
RCPU2507,복리후생비_식음료대,2025-05-01,167092.0
RCPU2523,복리후생비_식음료대,2025-05-01,112979.0
RCPU2524,복리후생비_식음료대,2025-05-01,61820.0
RTPU2519,복리후생비_식음료대,2025-05-01,403925.0
RTPU2528,복리후생비_식음료대,2025-05-01,188890.0
RTPU2543,복리후생비_식음료대,2025-05-01,225393.0
RCPU2521,복리후생비_식음료대,2025-05-01,6818.0
RCPU2510,복리후생비_식음료대,2025-05-01,213349.0
RCST2509,복리후생비_식음료대,2025-05-01,44365.0
RTPU2531,복리후생비_식음료대,2025-05-01,129999.0
RCCP2501,복리후생비_식음료대,2025-05-01,260548.0
RCPU2519,복리후생비_식음료대,2025-05-01,25090.0
RCCP2515,복리후생비_식음료대,2025-05-01,42727.0
RTPU2542,복리후생비_식음료대,2025-05-01,5000.0
RXOH3200,복리후생비_식음료대,2025-05-01,1216256.0
RXPU2508,복리후생비_식음료대,2025-05-01,57683.0
RTPU2521,복리후생비_식음료대,2025-05-01,42997.0
RROH3400,복리후생비_식음료대,2025-05-01,4357768.0
RTPU2523,복리후생비_식음료대,2025-05-01,222259.0
RTPU2538,복리후생비_식음료대,2025-05-01,146000.0
RTPU2534,복리후생비_식음료대,2025-05-01,205225.0
RCPU2527,복리후생비_식음료대,2025-05-01,4273.0
RCPU2514,복리후생비_식음료대,2025-05-01,1090651.0
RXST2501,복리후생비_식음료대,2025-05-01,427948.0
RCPU2513,복리후생비_식음료대,2025-05-01,164541.0
RTPU2505,복리후생비_식음료대,2025-05-01,153043.0
RCST2503,복리후생비_식음료대,2025-05-01,15364.0
RCPU2525,복리후생비_식음료대,2025-05-01,183958.0
RIOH6100,복리후생비_회식대,2025-05-01,39872.0
RTOH3300,복리후생비_회식대,2025-05-01,393912.0
RXOH3200,복리후생비_회식대,2025-05-01,501002.0
RCPU2514,복리후생비_회식대,2025-05-01,58181.0
RXOH3200,복리후생비_기타,2025-05-01,88402.0
RCOH3100,복리후생비_기타,2025-05-01,44545.0
RROH3400,복리후생비_기타,2025-05-01,74636.0
RIOH6100,복리후생비_기타,2025-05-01,60000.0
RTOH3300,복리후생비_기타,2025-05-01,232400.0
RTPU2543,여비교통비_야근,2025-05-01,160600.0
RTPU2519,여비교통비_야근,2025-05-01,12300.0
RTPU2544,여비교통비_야근,2025-05-01,15500.0
RCPU2521,여비교통비_야근,2025-05-01,53700.0
RCPU2526,여비교통비_야근,2025-05-01,14200.0
RCPU2514,여비교통비_야근,2025-05-01,456700.0
RCPU2507,여비교통비_야근,2025-05-01,20000.0
RIPU2504,여비교통비_야근,2025-05-01,52900.0
RCPU2519,여비교통비_야근,2025-05-01,17200.0
RTPU2518,여비교통비_야근,2025-05-01,65500.0
RCPU2506,여비교통비_야근,2025-05-01,147300.0
RCPU2523,여비교통비_야근,2025-05-01,156800.0
RCPU2525,여비교통비_야근,2025-05-01,22900.0
RCST2506,여비교통비_야근,2025-05-01,379900.0
RCOH3100,여비교통비_야근,2025-05-01,21900.0
RTPU2545,여비교통비_야근,2025-05-01,17600.0
RCPU2524,여비교통비_야근,2025-05-01,113000.0
RCPU2510,여비교통비_야근,2025-05-01,110400.0
RROH3400,여비교통비_야근,2025-05-01,305100.0
RCST2507,여비교통비_야근,2025-05-01,95800.0
RTPU2528,여비교통비_야근,2025-05-01,71900.0
RCPU2513,여비교통비_야근,2025-05-01,102600.0
RTOH3300,여비교통비_야근,2025-05-01,16100.0
RCPU2525,여비교통비_외근,2025-05-01,312400.0
RTPU2519,여비교통비_외근,2025-05-01,200900.0
RROH3400,여비교통비_외근,2025-05-01,233260.0
RCCP2515,여비교통비_외근,2025-05-01,5000.0
RCPU2507,여비교통비_외근,2025-05-01,88000.0
RCCP2501,여비교통비_외근,2025-05-01,7800.0
RCPU2506,여비교통비_외근,2025-05-01,146600.0
RCPU2523,여비교통비_외근,2025-05-01,246300.0
RTPU2523,여비교통비_외근,2025-05-01,87371.0
RTOH3300,여비교통비_외근,2025-05-01,324800.0
RCST2507,여비교통비_외근,2025-05-01,27400.0
RXOH3200,여비교통비_외근,2025-05-01,51300.0
RTPU2538,여비교통비_외근,2025-05-01,126200.0
RXPU2508,여비교통비_외근,2025-05-01,18000.0
RCPU2521,여비교통비_외근,2025-05-01,18300.0
RTPU2528,여비교통비_외근,2025-05-01,318800.0
RTPU2541,여비교통비_외근,2025-05-01,7900.0
RXST2501,여비교통비_외근,2025-05-01,60790.0
RTPU2546,여비교통비_외근,2025-05-01,25500.0
RTPU2515,여비교통비_외근,2025-05-01,4800.0
RCOH3100,여비교통비_외근,2025-05-01,78300.0
RIPU2501,여비교통비_외근,2025-05-01,22200.0
RXPU2504,여비교통비_외근,2025-05-01,137600.0
RTPU2518,여비교통비_외근,2025-05-01,52000.0
RCST2509,여비교통비_외근,2025-05-01,10200.0
RCPU2513,여비교통비_외근,2025-05-01,66700.0
RXPU2506,여비교통비_외근,2025-05-01,26100.0
RCPU2514,여비교통비_외근,2025-05-01,351800.0
RCPU2527,여비교통비_외근,2025-05-01,30800.0
RTPU2543,여비교통비_외근,2025-05-01,81900.0
RTPU2531,여비교통비_외근,2025-05-01,10800.0
RTPU2544,여비교통비_외근,2025-05-01,100800.0
RIPU2504,여비교통비_외근,2025-05-01,118600.0
RXPU2507,여비교통비_외근,2025-05-01,201200.0
RTPU2505,여비교통비_외근,2025-05-01,54220.0
RCPU2510,여비교통비_외근,2025-05-01,84300.0
RCST2506,여비교통비_외근,2025-05-01,19400.0
RCPU2519,여비교통비_외근,2025-05-01,17000.0
RCPU2514,여비교통비_국내출장,2025-05-01,70000.0
RTPU2539,여비교통비_국내출장,2025-05-01,143600.0
RTOH3300,여비교통비_국내출장,2025-05-01,342570.0
RTPU2518,여비교통비_국내출장,2025-05-01,84000.0
RTPU2505,여비교통비_국내출장,2025-05-01,730700.0
RTPU2538,여비교통비_국내출장,2025-05-01,54200.0
RCPU2506,여비교통비_국내출장,2025-05-01,20000.0
RXPU2504,여비교통비_국내출장,2025-05-01,188400.0
RROH3400,여비교통비_국내출장,2025-05-01,98800.0
RTPU2534,여비교통비_국내출장,2025-05-01,661200.0
RIPU2504,여비교통비_국내출장,2025-05-01,307412.0
RXPU2507,여비교통비_국내출장,2025-05-01,2345027.0
RTPU2523,여비교통비_해외출장,2025-05-01,274459.0
RXPU2507,여비교통비_개인차량사용료,2025-05-01,2600.0
RTPU2523,여비교통비_개인차량사용료,2025-05-01,97000.0
RTPU2546,여비교통비_개인차량사용료,2025-05-01,34500.0
RIPU2501,여비교통비_개인차량사용료,2025-05-01,32000.0
RXST2501,여비교통비_개인차량사용료,2025-05-01,282000.0
RCST2507,여비교통비_개인차량사용료,2025-05-01,4200.0
RIOH6100,여비교통비_개인차량사용료,2025-05-01,478000.0
RXOH3200,여비교통비_개인차량사용료,2025-05-01,153229.0
RTPU2545,여비교통비_개인차량사용료,2025-05-01,12000.0
RCPU2506,여비교통비_개인차량사용료,2025-05-01,42478.0
RIPU2504,여비교통비_개인차량사용료,2025-05-01,38800.0
RROH3400,여비교통비_개인차량사용료,2025-05-01,3060423.0
RTOH3300,여비교통비_개인차량사용료,2025-05-01,685000.0
RTPU2519,여비교통비_개인차량사용료,2025-05-01,50000.0
RCPU2525,여비교통비_개인차량사용료,2025-05-01,21000.0
RTPU2515,여비교통비_개인차량사용료,2025-05-01,55000.0
RTPU2505,여비교통비_개인차량사용료,2025-05-01,77000.0
RCST2506,여비교통비_기타,2025-05-01,17500.0
RTPU2519,여비교통비_기타,2025-05-01,19580.0
RXPU2508,여비교통비_기타,2025-05-01,3000.0
RTOH3300,접대비,2025-05-01,272000.0
RROH3400,접대비,2025-05-01,6593925.0
RCPU2524,접대비,2025-05-01,25400.0
RCST2507,통신비,2025-05-01,35000.0
RROH3400,통신비,2025-05-01,14080.0
RCST2506,통신비,2025-05-01,63000.0
RCOH3100,통신비,2025-05-01,112732.0
RXOH3200,통신비,2025-05-01,225451.0
RTPU2521,통신비,2025-05-01,53000.0
RTPU2519,통신비,2025-05-01,3400.0
RCST2509,통신비,2025-05-01,103600.0
RXST2501,통신비,2025-05-01,180000.0
RIOH6100,통신비,2025-05-01,56366.0
RTOH3300,통신비,2025-05-01,19091.0
RTPU2523,통신비,2025-05-01,14500.0
RRPM2401,통신비,2025-05-01,13410.0
RTPU2425,통신비,2025-05-01,2818.0
RRPM2501,수도광열비,2025-05-01,1521279.0
RCST2506,세금과공과_국민연금,2025-05-01,491850.0
RXOH3200,세금과공과_국민연금,2025-05-01,1299780.0
RTOH3300,세금과공과_국민연금,2025-05-01,2263970.0
RCST2509,세금과공과_국민연금,2025-05-01,281870.0
RIOH6100,세금과공과_국민연금,2025-05-01,695200.0
RCST2503,세금과공과_국민연금,2025-05-01,274540.0
RXST2501,세금과공과_국민연금,2025-05-01,114750.0
RCST2501,세금과공과_국민연금,2025-05-01,256050.0
RCST2505,세금과공과_국민연금,2025-05-01,186660.0
RCST2502,세금과공과_국민연금,2025-05-01,295960.0
RCOH3100,세금과공과_국민연금,2025-05-01,277650.0
RROH3400,세금과공과_국민연금,2025-05-01,2212180.0
RCST2507,세금과공과_국민연금,2025-05-01,320120.0
RXOH3200,세금과공과_세금,2025-05-01,138294.0
RROH3400,세금과공과_세금,2025-05-01,197563.0
RTOH3300,세금과공과_세금,2025-05-01,335857.0
RCOH3100,세금과공과_세금,2025-05-01,19756.0
RIOH6100,세금과공과_세금,2025-05-01,98781.0
RCST2503,감가상각비,2025-05-01,450751.0
RTOH3300,감가상각비,2025-05-01,150431.0
RCST2505,감가상각비,2025-05-01,265926.0
RCST2501,감가상각비,2025-05-01,1512878.0
RCST2506,감가상각비,2025-05-01,2622362.0
RCST2507,감가상각비,2025-05-01,3645281.0
RCST2509,감가상각비,2025-05-01,2339037.0
RXST2501,감가상각비,2025-05-01,5801545.0
RROH3400,감가상각비,2025-05-01,49071.0
RCST2502,감가상각비,2025-05-01,521072.0
RRPM2501,지급임차료_건물,2025-05-01,7.1476442E7
RIOH6100,지급임차료_창고,2025-05-01,655655.0
RXOH3200,지급임차료_창고,2025-05-01,2250000.0
RCPU2508,지급임차료_창고,2025-05-01,2860768.0
RTOH3300,지급임차료_창고,2025-05-01,3700000.0
RCST2503,지급임차료_스테이션,2025-05-01,3071389.0
RCST2501,지급임차료_스테이션,2025-05-01,3699131.0
RCST2506,지급임차료_스테이션,2025-05-01,2428682.0
RCST2502,지급임차료_스테이션,2025-05-01,6292468.0
RCCP2507,지급임차료_스테이션,2025-05-01,2685145.0
RRPM2402,지급임차료_기타,2025-05-01,3.5292174E7
RCST2506,보험료_산재보험,2025-05-01,77280.0
RCST2503,보험료_산재보험,2025-05-01,43375.0
RTOH3300,보험료_산재보험,2025-05-01,815130.0
RXST2501,보험료_산재보험,2025-05-01,15450.0
RROH3400,보험료_산재보험,2025-05-01,414625.0
RCOH3100,보험료_산재보험,2025-05-01,211000.0
RIOH6100,보험료_산재보험,2025-05-01,115870.0
RCST2509,보험료_산재보험,2025-05-01,44590.0
RCST2505,보험료_산재보험,2025-05-01,39260.0
RCST2501,보험료_산재보험,2025-05-01,56720.0
RXOH3200,보험료_산재보험,2025-05-01,495350.0
RCST2502,보험료_산재보험,2025-05-01,83940.0
RCST2507,보험료_산재보험,2025-05-01,46470.0
RCST2501,보험료_고용보험,2025-05-01,139150.0
RIOH6100,보험료_고용보험,2025-05-01,252940.0
RXST2501,보험료_고용보험,2025-05-01,29320.0
RTOH3300,보험료_고용보험,2025-05-01,1851535.0
RCOH3100,보험료_고용보험,2025-05-01,626975.0
RCST2502,보험료_고용보험,2025-05-01,194935.0
RCST2505,보험료_고용보험,2025-05-01,192475.0
RCST2509,보험료_고용보험,2025-05-01,10800.0
RCST2507,보험료_고용보험,2025-05-01,84425.0
RROH3400,보험료_고용보험,2025-05-01,506630.0
RXOH3200,보험료_고용보험,2025-05-01,1131775.0
RCST2503,보험료_고용보험,2025-05-01,80325.0
RCST2506,보험료_고용보험,2025-05-01,182610.0
RXPU2504,보험료_프로젝트,2025-05-01,238438.0
RXST2501,보험료_프로젝트,2025-05-01,160901.0
RCPU2507,보험료_프로젝트,2025-05-01,193000.0
RTPU2528,보험료_프로젝트,2025-05-01,537411.0
RCPU2523,보험료_프로젝트,2025-05-01,74097.0
RRPM2501,보험료_프로젝트,2025-05-01,451818.0
RROH3400,보험료_프로젝트,2025-05-01,6015.0
RIPU2501,보험료_프로젝트,2025-05-01,305640.0
RCPU2525,보험료_프로젝트,2025-05-01,592000.0
RCST2503,보험료_기타,2025-05-01,8775.0
RROH3400,보험료_기타,2025-05-01,265580.0
RCST2502,보험료_기타,2025-05-01,9308.0
RCST2501,보험료_기타,2025-05-01,9615.0
RXPU2507,차량유지비_유류대,2025-05-01,154000.0
RCCP2507,차량유지비_통행료,2025-05-01,7500.0
RCCP2501,차량유지비_통행료,2025-05-01,10400.0
RCCP2515,차량유지비_통행료,2025-05-01,26000.0
RCST2507,차량유지비_통행료,2025-05-01,600.0
RCST2509,차량유지비_통행료,2025-05-01,3000.0
RCPU2506,차량유지비_기타,2025-05-01,123000.0
RXPU2507,차량유지비_기타,2025-05-01,39500.0
RCPU2510,차량유지비_기타,2025-05-01,89000.0
RIOH6100,운반비_사업본부,2025-05-01,171000.0
RCPU2510,운반비_사업본부,2025-05-01,350000.0
RCST2506,운반비_사업본부,2025-05-01,411000.0
RROH3400,운반비_사업본부,2025-05-01,243900.0
RTPU2519,운반비_사업본부,2025-05-01,166000.0
RCPU2515,운반비_사업본부,2025-05-01,140000.0
RRPM2402,운반비_사업본부,2025-05-01,9200.0
RCST2503,운반비_사업본부,2025-05-01,160000.0
RTOH3300,운반비_사업본부,2025-05-01,5166600.0
RCST2509,운반비_사업본부,2025-05-01,9500.0
RCST2507,운반비_사업본부,2025-05-01,101000.0
RTPU2528,운반비_사업본부,2025-05-01,25000.0
RCPU2516,운반비_사업본부,2025-05-01,2140000.0
RIPU2501,운반비_사업본부,2025-05-01,200000.0
RXOH3200,운반비_사업본부,2025-05-01,1691600.0
RTOH3300,교육훈련비,2025-05-01,297643.0
RXOH3200,교육훈련비,2025-05-01,151726.0
RIOH6100,교육훈련비,2025-05-01,87542.0
RCOH3100,교육훈련비,2025-05-01,17508.0
RROH3400,교육훈련비,2025-05-01,175083.0
RXOH3200,도서인쇄비_도서구매,2025-05-01,90000.0
RTPU2521,도서인쇄비_행사출력물,2025-05-01,95200.0
RTPU2544,도서인쇄비_행사출력물,2025-05-01,3455.0
RCPU2514,도서인쇄비_행사출력물,2025-05-01,219474.0
RRPM2401,도서인쇄비_행사출력물,2025-05-01,1000000.0
RCPU2506,도서인쇄비_행사출력물,2025-05-01,88959.0
RTPU2541,도서인쇄비_행사출력물,2025-05-01,25000.0
RIPU2504,도서인쇄비_행사출력물,2025-05-01,1.05448E7
RCPU2525,도서인쇄비_행사출력물,2025-05-01,590640.0
RIPU2503,도서인쇄비_행사출력물,2025-05-01,1431000.0
RROH3400,도서인쇄비_행사출력물,2025-05-01,1680420.0
RTPU2518,도서인쇄비_행사출력물,2025-05-01,2181.0
RTPU2546,도서인쇄비_행사출력물,2025-05-01,74000.0
RTPU2515,도서인쇄비_행사출력물,2025-05-01,209600.0
RCPU2507,도서인쇄비_행사출력물,2025-05-01,18274.0
RCPU2510,도서인쇄비_행사출력물,2025-05-01,102490.0
RTPU2540,도서인쇄비_행사출력물,2025-05-01,270000.0
RTPU2519,도서인쇄비_행사출력물,2025-05-01,7175000.0
RXPU2504,도서인쇄비_행사출력물,2025-05-01,3184.0
RXPU2508,도서인쇄비_행사출력물,2025-05-01,21746.0
RXPU2507,도서인쇄비_행사출력물,2025-05-01,507009.0
RCPU2513,도서인쇄비_행사출력물,2025-05-01,30000.0
RTPU2528,도서인쇄비_행사출력물,2025-05-01,1119341.0
RIPU2501,도서인쇄비_행사출력물,2025-05-01,180000.0
RTPU2527,도서인쇄비_행사출력물,2025-05-01,950000.0
RROH3400,소모품비_본사,2025-05-01,10172.0
RROH3400,소모품비_현장,2025-05-01,62600.0
RTPU2545,소모품비_현장,2025-05-01,3483000.0
RXST2501,소모품비_현장,2025-05-01,421073.0
RCPU2506,소모품비_현장,2025-05-01,845263.0
RXPU2506,소모품비_현장,2025-05-01,706627.0
RCST2506,소모품비_현장,2025-05-01,350947.0
RTOH3300,소모품비_현장,2025-05-01,7818.0
RTPU2539,소모품비_현장,2025-05-01,1834999.0
RIPU2501,소모품비_현장,2025-05-01,9086745.0
RTPU2515,소모품비_현장,2025-05-01,726336.0
RCPU2525,소모품비_현장,2025-05-01,2.4027509E7
RCPU2523,소모품비_현장,2025-05-01,1.2159272E7
RIPU2504,소모품비_현장,2025-05-01,2479250.0
RXPU2507,소모품비_현장,2025-05-01,1.7345221E7
RCCP2514,소모품비_현장,2025-05-01,3636.0
RCST2509,소모품비_현장,2025-05-01,543165.0
RTPU2540,소모품비_현장,2025-05-01,310000.0
RCPU2510,소모품비_현장,2025-05-01,1268768.0
RTPU2519,소모품비_현장,2025-05-01,1.8527484E7
RCST2507,소모품비_현장,2025-05-01,1180019.0
RTPU2541,소모품비_현장,2025-05-01,54229.0
RXPU2504,소모품비_현장,2025-05-01,1861464.0
RTPU2544,소모품비_현장,2025-05-01,1298653.0
RTPU2410,소모품비_현장,2025-05-01,35454.0
RIPU2505,소모품비_현장,2025-05-01,57617.0
RCPU2513,소모품비_현장,2025-05-01,62337.0
RCST2505,소모품비_현장,2025-05-01,20000.0
RCPU2521,소모품비_현장,2025-05-01,1398182.0
RCPU2507,소모품비_현장,2025-05-01,306273.0
RTPU2518,소모품비_현장,2025-05-01,1159280.0
RCPU2511,소모품비_현장,2025-05-01,353600.0
RTPU2528,소모품비_현장,2025-05-01,3680483.0
RCST2503,소모품비_현장,2025-05-01,15500.0
RCPU2514,소모품비_현장,2025-05-01,2393694.0
RTPU2521,소모품비_현장,2025-05-01,9272.0
RTPU2543,소모품비_현장,2025-05-01,1069754.0
RTPU2546,소모품비_현장,2025-05-01,826452.0
RTPU2505,소모품비_현장,2025-05-01,560725.0
RCCP2515,소모품비_현장,2025-05-01,362446.0
RCST2507,소모품비_기타,2025-05-01,800000.0
RCST2509,소모품비_기타,2025-05-01,13000.0
RXST2501,지급수수료_운영인건비,2025-05-01,500000.0
RCPU2506,지급수수료_운영인건비,2025-05-01,5915000.0
RCPU2507,지급수수료_운영인건비,2025-05-01,300000.0
RCPU2514,지급수수료_운영인건비,2025-05-01,2.41985E7
RXPU2504,지급수수료_운영인건비,2025-05-01,6.32725E7
RCPU2510,지급수수료_운영인건비,2025-05-01,1.8098E7
RCPU2513,지급수수료_운영인건비,2025-05-01,1.559E7
RTPU2530,지급수수료_도급인건비,2025-05-01,470000.0
RTPU2519,지급수수료_도급인건비,2025-05-01,7.3712E7
RCPU2525,지급수수료_도급인건비,2025-05-01,9427125.0
RTPU2521,지급수수료_도급인건비,2025-05-01,830000.0
RTPU2543,지급수수료_도급인건비,2025-05-01,4.0E7
RCPU2513,지급수수료_도급인건비,2025-05-01,5890000.0
RIPU2502,지급수수료_도급인건비,2025-05-01,1.565E7
RTPU2527,지급수수료_도급인건비,2025-05-01,4.3195E7
RXPU2507,지급수수료_도급인건비,2025-05-01,1000000.0
RRPM2402,지급수수료_도급인건비,2025-05-01,600000.0
RTPU2506,지급수수료_도급인건비,2025-05-01,3200000.0
RRPM2401,지급수수료_도급인건비,2025-05-01,2.7326272E7
RCPU2507,지급수수료_도급인건비,2025-05-01,2820000.0
RTPU2532,지급수수료_도급인건비,2025-05-01,3.3E7
RTPU2530,지급수수료_디자인,2025-05-01,2000000.0
RIOH6100,지급수수료_디자인,2025-05-01,15804.0
RCPU2525,지급수수료_디자인,2025-05-01,2.1015182E7
RTPU2532,지급수수료_디자인,2025-05-01,1585435.0
RTPU2505,지급수수료_디자인,2025-05-01,6000000.0
RIPU2502,지급수수료_디자인,2025-05-01,3000000.0
RIPU2501,지급수수료_디자인,2025-05-01,1932782.0
RTPU2519,지급수수료_디자인,2025-05-01,650000.0
RTPU2513,지급수수료_디자인,2025-05-01,6500000.0
RIPU2503,지급수수료_디자인,2025-05-01,2.192E7
RTPU2513,지급수수료_서비스이용료,2025-05-01,1200000.0
RTOH3300,지급수수료_서비스이용료,2025-05-01,1312197.0
RCST2503,지급수수료_서비스이용료,2025-05-01,30000.0
RCST2502,지급수수료_서비스이용료,2025-05-01,30000.0
RCST2506,지급수수료_서비스이용료,2025-05-01,34000.0
RXPU2504,지급수수료_서비스이용료,2025-05-01,36364.0
RTPU2543,지급수수료_서비스이용료,2025-05-01,30972.0
RCST2501,지급수수료_서비스이용료,2025-05-01,30000.0
RCST2505,지급수수료_서비스이용료,2025-05-01,34700.0
RCST2506,지급수수료_공간수수료,2025-05-01,1.4760226E7
RCPU2525,지급수수료_공간수수료,2025-05-01,2.555E7
RCST2507,지급수수료_공간수수료,2025-05-01,7464125.0
RTPU2543,지급수수료_공간수수료,2025-05-01,1.888E8
RCCP2515,지급수수료_공간수수료,2025-05-01,1399792.0
RTPU2528,지급수수료_공간수수료,2025-05-01,1.3545455E7
RCST2509,지급수수료_공간수수료,2025-05-01,6516000.0
RCST2505,지급수수료_공간수수료,2025-05-01,1.2734365E7
RCCP2514,지급수수료_공간수수료,2025-05-01,6545185.0
RCCP2508,지급수수료_공간수수료,2025-05-01,2415437.0
RRPM2501,지급수수료_공간수수료,2025-05-01,1.1055E8
RIPU2504,지급수수료_공간수수료,2025-05-01,3.1818182E7
RTPU2515,지급수수료_공간수수료,2025-05-01,2000000.0
RIPU2501,지급수수료_시공,2025-05-01,2.34E7
RTPU2519,지급수수료_시공,2025-05-01,1.39354545E8
RTPU2528,지급수수료_시공,2025-05-01,580000.0
RCPU2510,지급수수료_시공,2025-05-01,2.6427534E7
RXPU2507,지급수수료_시공,2025-05-01,1.356E7
RTPU2543,지급수수료_시공,2025-05-01,8.0E7
RCPU2514,지급수수료_시공,2025-05-01,3.095E7
RXPU2506,지급수수료_시공,2025-05-01,3.3272727E7
RTPU2523,지급수수료_시공,2025-05-01,-324130.0
RIPU2502,지급수수료_시공,2025-05-01,7.965E7
RCPU2507,지급수수료_시공,2025-05-01,2.528063E7
RCPU2506,지급수수료_시공,2025-05-01,1.04E7
RCPU2521,지급수수료_시공,2025-05-01,6.64974E7
RCPU2507,지급수수료_광고비,2025-05-01,8000000.0
RCPU2521,지급수수료_물품대여,2025-05-01,2300000.0
RTPU2544,지급수수료_물품대여,2025-05-01,270000.0
RCPU2506,지급수수료_물품대여,2025-05-01,2959000.0
RCPU2513,지급수수료_물품대여,2025-05-01,450000.0
RCPU2510,지급수수료_물품대여,2025-05-01,2070000.0
RTPU2546,지급수수료_물품대여,2025-05-01,2635100.0
RXPU2506,지급수수료_물품대여,2025-05-01,4000.0
RXPU2507,지급수수료_물품대여,2025-05-01,1.271E7
RIPU2501,지급수수료_물품대여,2025-05-01,4980000.0
RXPU2509,지급수수료_물품대여,2025-05-01,1560000.0
RTPU2527,지급수수료_물품대여,2025-05-01,2772273.0
RCPU2514,지급수수료_물품대여,2025-05-01,726000.0
RCCP2515,지급수수료_물품대여,2025-05-01,375000.0
RCPU2523,지급수수료_물품대여,2025-05-01,350000.0
RTPU2518,지급수수료_물품대여,2025-05-01,3100000.0
RTPU2538,지급수수료_물품대여,2025-05-01,470000.0
RTPU2521,지급수수료_물품대여,2025-05-01,2300000.0
RIPU2504,지급수수료_물품대여,2025-05-01,1550000.0
RCCP2517,지급수수료_물품대여,2025-05-01,307200.0
RCPU2507,지급수수료_물품대여,2025-05-01,2040000.0
RTPU2541,지급수수료_물품대여,2025-05-01,50000.0
RTPU2519,지급수수료_물품대여,2025-05-01,7533900.0
RTPU2515,지급수수료_물품대여,2025-05-01,7637899.0
RTPU2541,지급수수료_제작비,2025-05-01,158636.0
RCPU2510,지급수수료_제작비,2025-05-01,2000000.0
RXPU2507,지급수수료_제작비,2025-05-01,727273.0
RCPU2507,지급수수료_제작비,2025-05-01,924520.0
RTPU2505,지급수수료_제작비,2025-05-01,2.0E7
RTPU2530,지급수수료_제작비,2025-05-01,2745000.0
RTPU2506,지급수수료_제작비,2025-05-01,384000.0
RTPU2519,지급수수료_제작비,2025-05-01,6470000.0
RTPU2543,지급수수료_제작비,2025-05-01,2.0E8
RTPU2544,지급수수료_제작비,2025-05-01,1185000.0
RCPU2516,지급수수료_제작비,2025-05-01,150000.0
RTPU2538,지급수수료_제작비,2025-05-01,121000.0
RTPU2523,지급수수료_제작비,2025-05-01,1872727.0
RTPU2541,지급수수료_카드수수료,2025-05-01,75871.0
RCST2502,지급수수료_카드수수료,2025-05-01,756315.0
RCST2507,지급수수료_카드수수료,2025-05-01,29722.0
RCST2503,지급수수료_카드수수료,2025-05-01,432081.0
RCST2501,지급수수료_카드수수료,2025-05-01,804406.0
RCST2506,지급수수료_카드수수료,2025-05-01,362794.0
RCST2509,지급수수료_카드수수료,2025-05-01,88054.0
RCCP2507,지급수수료_카드수수료,2025-05-01,291006.0
RTPU2519,지급수수료_카드수수료,2025-05-01,257047.0
RROH3400,지급수수료_Working Tool,2025-05-01,4400.0
RXST2501,지급수수료_Working Tool,2025-05-01,330434.0
RXOH3200,지급수수료_Working Tool,2025-05-01,28904.0
RROH3400,지급수수료_기타,2025-05-01,400.0
RTPU2519,지급수수료_기타,2025-05-01,7000.0
RRPM2402,지급수수료_기타,2025-05-01,2.2652577E7
RIPU2504,지급수수료_기타,2025-05-01,26950.0
RTSO2402,지급수수료_기타,2025-05-01,1683.0
RXST2501,지급수수료_기타,2025-05-01,6022271.0
RCST2507,지급수수료_기타,2025-05-01,148469.0
RCOH3100,지급수수료_기타,2025-05-01,31084.0
RCPU2506,지급수수료_기타,2025-05-01,27273.0
RXST2501,지급수수료_티켓,2025-05-01,5500.0
RTOH3300,지급수수료_티켓,2025-05-01,12000.0
RTOH3300,직원급여_본사,2025-06-01,5.9216059E7
RROH3400,직원급여_본사,2025-06-01,5.8660651E7
RCOH3100,직원급여_본사,2025-06-01,9860001.0
RIOH6100,직원급여_본사,2025-06-01,1.8500025E7
RXST2501,직원급여_본사,2025-06-01,2750001.0
RXOH3200,직원급여_본사,2025-06-01,2.7616706E7
RCST2503,직원급여_매장,2025-06-01,6230100.0
RCST2509,직원급여_매장,2025-06-01,8459886.0
RCST2506,직원급여_매장,2025-06-01,1.0405238E7
RCST2507,직원급여_매장,2025-06-01,8316576.0
RCST2501,직원급여_매장,2025-06-01,6636068.0
RCST2505,직원급여_매장,2025-06-01,5675194.0
RCST2502,직원급여_매장,2025-06-01,7393732.0
RCST2503,상여금,2025-06-01,151852.0
RCST2501,상여금,2025-06-01,412025.0
RCST2505,상여금,2025-06-01,483635.0
RCST2502,상여금,2025-06-01,456904.0
RTOH3300,잡급,2025-06-01,2043866.0
RIOH6100,잡급,2025-06-01,419255.0
RXOH3200,잡급,2025-06-01,1624611.0
RROH3400,잡급,2025-06-01,943324.0
RIOH6100,복리후생비_건강보험,2025-06-01,568630.0
RCST2506,복리후생비_건강보험,2025-06-01,556720.0
RCST2505,복리후생비_건강보험,2025-06-01,415170.0
RXOH3200,복리후생비_건강보험,2025-06-01,1874440.0
RROH3400,복리후생비_건강보험,2025-06-01,3011030.0
RCST2501,복리후생비_건강보험,2025-06-01,263980.0
RCOH3100,복리후생비_건강보험,2025-06-01,718820.0
RCST2507,복리후생비_건강보험,2025-06-01,296100.0
RCST2509,복리후생비_건강보험,2025-06-01,403250.0
RCST2503,복리후생비_건강보험,2025-06-01,253430.0
RXST2501,복리후생비_건강보험,2025-06-01,102090.0
RCST2502,복리후생비_건강보험,2025-06-01,370970.0
RTOH3300,복리후생비_건강보험,2025-06-01,4897520.0
RTPU2515,복리후생비_식음료대,2025-06-01,328739.0
RCPU2526,복리후생비_식음료대,2025-06-01,52182.0
RXPU2507,복리후생비_식음료대,2025-06-01,41819.0
RTPU2552,복리후생비_식음료대,2025-06-01,195435.0
RIOH6100,복리후생비_식음료대,2025-06-01,690320.0
RTOH3300,복리후생비_식음료대,2025-06-01,2779661.0
RCPU2528,복리후생비_식음료대,2025-06-01,95355.0
RTPU2545,복리후생비_식음료대,2025-06-01,150671.0
RCST2506,복리후생비_식음료대,2025-06-01,254456.0
RTPU2555,복리후생비_식음료대,2025-06-01,8181.0
RTPU2554,복리후생비_식음료대,2025-06-01,113271.0
RCPU2524,복리후생비_식음료대,2025-06-01,155622.0
RTPU2516,복리후생비_식음료대,2025-06-01,24481.0
RCPU2523,복리후생비_식음료대,2025-06-01,764904.0
RCST2507,복리후생비_식음료대,2025-06-01,20909.0
RTPU2548,복리후생비_식음료대,2025-06-01,83182.0
RTPU2543,복리후생비_식음료대,2025-06-01,168817.0
RCPU2521,복리후생비_식음료대,2025-06-01,136457.0
RXST2502,복리후생비_식음료대,2025-06-01,3090.0
RCCP2507,복리후생비_식음료대,2025-06-01,133637.0
RCPU2511,복리후생비_식음료대,2025-06-01,7281242.0
RCPU2519,복리후생비_식음료대,2025-06-01,52217.0
RCCP2518,복리후생비_식음료대,2025-06-01,25092.0
RTPU2518,복리후생비_식음료대,2025-06-01,773663.0
RXOH3200,복리후생비_식음료대,2025-06-01,1145130.0
RCCP2517,복리후생비_식음료대,2025-06-01,148094.0
RTPU2519,복리후생비_식음료대,2025-06-01,9636.0
RTPU2539,복리후생비_식음료대,2025-06-01,137270.0
RROH3400,복리후생비_식음료대,2025-06-01,3989631.0
RXST2501,복리후생비_식음료대,2025-06-01,633264.0
RTPU2505,복리후생비_식음료대,2025-06-01,122727.0
RCPU2535,복리후생비_식음료대,2025-06-01,10455.0
RIPU2501,복리후생비_식음료대,2025-06-01,174217.0
RCOH3100,복리후생비_식음료대,2025-06-01,216366.0
RIPU2504,복리후생비_식음료대,2025-06-01,78181.0
RTPU2525,복리후생비_식음료대,2025-06-01,6000.0
RIPU2506,복리후생비_식음료대,2025-06-01,155360.0
RIPU2507,복리후생비_식음료대,2025-06-01,93090.0
RCST2503,복리후생비_식음료대,2025-06-01,63401.0
RTPU2550,복리후생비_식음료대,2025-06-01,12273.0
RTOH3300,복리후생비_회식대,2025-06-01,79726.0
RCST2507,복리후생비_회식대,2025-06-01,32500.0
RIOH6100,복리후생비_회식대,2025-06-01,158181.0
RCOH3100,복리후생비_회식대,2025-06-01,471554.0
RXOH3200,복리후생비_회식대,2025-06-01,123729.0
RROH3400,복리후생비_회식대,2025-06-01,27000.0
RROH3400,복리후생비_기타,2025-06-01,25000.0
RCOH3100,복리후생비_기타,2025-06-01,71548.0
RTOH3300,복리후생비_기타,2025-06-01,30000.0
RCPU2523,여비교통비_야근,2025-06-01,336660.0
RCST2506,여비교통비_야근,2025-06-01,27200.0
RCPU2519,여비교통비_야근,2025-06-01,23400.0
RROH3400,여비교통비_야근,2025-06-01,134600.0
RTPU2518,여비교통비_야근,2025-06-01,189500.0
RTOH3300,여비교통비_야근,2025-06-01,38900.0
RCPU2511,여비교통비_야근,2025-06-01,718900.0
RCOH3100,여비교통비_야근,2025-06-01,102000.0
RCPU2528,여비교통비_야근,2025-06-01,91200.0
RXST2501,여비교통비_야근,2025-06-01,16200.0
RTPU2548,여비교통비_야근,2025-06-01,36900.0
RCPU2526,여비교통비_야근,2025-06-01,13000.0
RTPU2543,여비교통비_야근,2025-06-01,58500.0
RTPU2545,여비교통비_야근,2025-06-01,30400.0
RCPU2524,여비교통비_야근,2025-06-01,242500.0
RTPU2545,여비교통비_외근,2025-06-01,25000.0
RTPU2516,여비교통비_외근,2025-06-01,30500.0
RTPU2554,여비교통비_외근,2025-06-01,173700.0
RCST2509,여비교통비_외근,2025-06-01,24900.0
RTPU2519,여비교통비_외근,2025-06-01,114100.0
RCST2506,여비교통비_외근,2025-06-01,100900.0
RTPU2543,여비교통비_외근,2025-06-01,226500.0
RTPU2555,여비교통비_외근,2025-06-01,23900.0
RCPU2518,여비교통비_외근,2025-06-01,27000.0
RTOH3300,여비교통비_외근,2025-06-01,604700.0
RXOH3200,여비교통비_외근,2025-06-01,34000.0
RROH3400,여비교통비_외근,2025-06-01,335400.0
RCOH3100,여비교통비_외근,2025-06-01,96650.0
RCPU2526,여비교통비_외근,2025-06-01,14100.0
RIOH6100,여비교통비_외근,2025-06-01,29600.0
RTPU2552,여비교통비_외근,2025-06-01,72500.0
RTPU2505,여비교통비_외근,2025-06-01,89660.0
RCPU2524,여비교통비_외근,2025-06-01,158660.0
RTPU2518,여비교통비_외근,2025-06-01,644100.0
RCPU2511,여비교통비_외근,2025-06-01,244200.0
RTPU2539,여비교통비_외근,2025-06-01,64800.0
RCPU2523,여비교통비_외근,2025-06-01,221040.0
RCCP2518,여비교통비_외근,2025-06-01,5000.0
RCST2503,여비교통비_외근,2025-06-01,18000.0
RCPU2529,여비교통비_외근,2025-06-01,49900.0
RXST2501,여비교통비_외근,2025-06-01,76280.0
RTPU2544,여비교통비_외근,2025-06-01,15400.0
RCPU2521,여비교통비_외근,2025-06-01,28900.0
RCPU2528,여비교통비_외근,2025-06-01,13200.0
RIPU2501,여비교통비_외근,2025-06-01,119000.0
RTPU2515,여비교통비_외근,2025-06-01,24000.0
RTPU2525,여비교통비_외근,2025-06-01,5800.0
RTPU2554,여비교통비_국내출장,2025-06-01,349300.0
RROH3400,여비교통비_국내출장,2025-06-01,120200.0
RCST2503,여비교통비_국내출장,2025-06-01,170000.0
RTPU2539,여비교통비_국내출장,2025-06-01,31000.0
RTPU2525,여비교통비_국내출장,2025-06-01,77000.0
RTPU2505,여비교통비_국내출장,2025-06-01,375105.0
RIPU2501,여비교통비_국내출장,2025-06-01,185010.0
RTPU2518,여비교통비_국내출장,2025-06-01,390000.0
RXST2501,여비교통비_개인차량사용료,2025-06-01,283000.0
RTPU2547,여비교통비_개인차량사용료,2025-06-01,70000.0
RCPU2528,여비교통비_개인차량사용료,2025-06-01,35000.0
RTPU2518,여비교통비_개인차량사용료,2025-06-01,23000.0
RCPU2521,여비교통비_개인차량사용료,2025-06-01,31800.0
RTPU2519,여비교통비_개인차량사용료,2025-06-01,50000.0
RIOH6100,여비교통비_개인차량사용료,2025-06-01,455000.0
RCPU2524,여비교통비_개인차량사용료,2025-06-01,3200.0
RROH3400,여비교통비_개인차량사용료,2025-06-01,3087900.0
RXOH3200,여비교통비_개인차량사용료,2025-06-01,192000.0
RTPU2543,여비교통비_개인차량사용료,2025-06-01,114000.0
RTOH3300,여비교통비_개인차량사용료,2025-06-01,757000.0
RTPU2515,여비교통비_개인차량사용료,2025-06-01,130000.0
RTOH3300,접대비,2025-06-01,94300.0
RCOH3100,접대비,2025-06-01,33000.0
RXOH3200,접대비,2025-06-01,70400.0
RROH3400,접대비,2025-06-01,4262480.0
RXST2501,접대비,2025-06-01,56000.0
RCOH3100,통신비,2025-06-01,112731.0
RCST2505,통신비,2025-06-01,34600.0
RTOH3300,통신비,2025-06-01,95455.0
RIOH6100,통신비,2025-06-01,56365.0
RCST2501,통신비,2025-06-01,49702.0
RCST2502,통신비,2025-06-01,35217.0
RXST2501,통신비,2025-06-01,180000.0
RCST2509,통신비,2025-06-01,40000.0
RROH3400,통신비,2025-06-01,74310.0
RCST2506,통신비,2025-06-01,67907.0
RCPU2514,통신비,2025-06-01,2900.0
RCST2507,통신비,2025-06-01,35000.0
RTPU2515,통신비,2025-06-01,3900.0
RXOH3200,통신비,2025-06-01,225459.0
RCST2503,통신비,2025-06-01,36076.0
RTPU2548,통신비,2025-06-01,4000.0
RCST2507,세금과공과_국민연금,2025-06-01,320120.0
RXOH3200,세금과공과_국민연금,2025-06-01,1071810.0
RCST2506,세금과공과_국민연금,2025-06-01,422730.0
RCST2509,세금과공과_국민연금,2025-06-01,357150.0
RTOH3300,세금과공과_국민연금,2025-06-01,2637190.0
RCOH3100,세금과공과_국민연금,2025-06-01,277650.0
RCST2505,세금과공과_국민연금,2025-06-01,186660.0
RXST2501,세금과공과_국민연금,2025-06-01,114750.0
RCST2501,세금과공과_국민연금,2025-06-01,256050.0
RCST2503,세금과공과_국민연금,2025-06-01,274540.0
RIOH6100,세금과공과_국민연금,2025-06-01,695200.0
RCST2502,세금과공과_국민연금,2025-06-01,227560.0
RROH3400,세금과공과_국민연금,2025-06-01,2095810.0
RXOH3200,세금과공과_세금,2025-06-01,147625.0
RTOH3300,세금과공과_세금,2025-06-01,337430.0
RCOH3100,세금과공과_세금,2025-06-01,21089.0
RROH3400,세금과공과_세금,2025-06-01,210893.0
RIOH6100,세금과공과_세금,2025-06-01,126536.0
RROH3400,감가상각비,2025-06-01,91321.0
RXOH3200,감가상각비,2025-06-01,74676.0
RTOH3300,감가상각비,2025-06-01,150432.0
RCST2501,감가상각비,2025-06-01,1512878.0
RCST2503,감가상각비,2025-06-01,450751.0
RCST2502,감가상각비,2025-06-01,521072.0
RCST2509,감가상각비,2025-06-01,2339037.0
RCST2507,감가상각비,2025-06-01,3645282.0
RXST2501,감가상각비,2025-06-01,5833970.0
RCST2506,감가상각비,2025-06-01,2622362.0
RCST2505,감가상각비,2025-06-01,265926.0
RRPM2501,지급임차료_건물,2025-06-01,6.9170751E7
RTOH3300,지급임차료_창고,2025-06-01,3700000.0
RTPU2421,지급임차료_창고,2025-06-01,-2000000.0
RIOH6100,지급임차료_창고,2025-06-01,596050.0
RCPU2508,지급임차료_창고,2025-06-01,664780.0
RXOH3200,지급임차료_창고,2025-06-01,2250000.0
RCST2503,지급임차료_스테이션,2025-06-01,1937088.0
RCST2501,지급임차료_스테이션,2025-06-01,3457017.0
RCST2502,지급임차료_스테이션,2025-06-01,5850579.0
RCST2506,지급임차료_스테이션,2025-06-01,2385791.0
RRPM2402,지급임차료_기타,2025-06-01,2.0E7
RROH3400,보험료_산재보험,2025-06-01,466150.0
RIOH6100,보험료_산재보험,2025-06-01,87100.0
RCST2502,보험료_산재보험,2025-06-01,42180.0
RXST2501,보험료_산재보험,2025-06-01,15450.0
RCST2506,보험료_산재보험,2025-06-01,73510.0
RCST2503,보험료_산재보험,2025-06-01,36140.0
RTOH3300,보험료_산재보험,2025-06-01,409060.0
RCST2505,보험료_산재보험,2025-06-01,36310.0
RCST2509,보험료_산재보험,2025-06-01,48100.0
RCST2507,보험료_산재보험,2025-06-01,43770.0
RCOH3100,보험료_산재보험,2025-06-01,79570.0
RCST2501,보험료_산재보험,2025-06-01,41050.0
RXOH3200,보험료_산재보험,2025-06-01,180960.0
RCST2507,보험료_고용보험,2025-06-01,66970.0
RXST2501,보험료_고용보험,2025-06-01,29320.0
RCST2509,보험료_고용보험,2025-06-01,88390.0
RCST2505,보험료_고용보험,2025-06-01,-29350.0
RXOH3200,보험료_고용보험,2025-06-01,-53080.0
RTOH3300,보험료_고용보험,2025-06-01,206265.0
RCOH3100,보험료_고용보험,2025-06-01,-208270.0
RCST2506,보험료_고용보험,2025-06-01,111000.0
RCST2503,보험료_고용보험,2025-06-01,44650.0
RCST2502,보험료_고용보험,2025-06-01,-5670.0
RROH3400,보험료_고용보험,2025-06-01,779550.0
RIOH6100,보험료_고용보험,2025-06-01,51500.0
RCST2501,보험료_고용보험,2025-06-01,14590.0
RCPU2523,보험료_프로젝트,2025-06-01,105043.0
RROH3400,보험료_프로젝트,2025-06-01,1940.0
RIPU2501,보험료_프로젝트,2025-06-01,810353.0
RTPU2528,보험료_프로젝트,2025-06-01,3789.0
RCST2501,보험료_프로젝트,2025-06-01,9304.0
RCST2502,보험료_프로젝트,2025-06-01,9008.0
RCPU2511,보험료_프로젝트,2025-06-01,482000.0
RCPU2526,보험료_프로젝트,2025-06-01,172380.0
RXST2501,보험료_프로젝트,2025-06-01,100193.0
RTPU2547,보험료_프로젝트,2025-06-01,291000.0
RCST2503,보험료_프로젝트,2025-06-01,29475.0
RCPU2528,보험료_프로젝트,2025-06-01,84444.0
RTPU2543,보험료_프로젝트,2025-06-01,878000.0
RROH3400,보험료_기타,2025-06-01,257014.0
RXST2501,차량유지비_유류대,2025-06-01,160000.0
RXOH3200,차량유지비_유류대,2025-06-01,70000.0
RXOH3200,차량유지비_기타,2025-06-01,10000.0
RCST2503,차량유지비_기타,2025-06-01,13000.0
RCST2507,차량유지비_기타,2025-06-01,600.0
RXOH3200,운반비_사업본부,2025-06-01,94500.0
RCPU2506,운반비_사업본부,2025-06-01,520000.0
RCPU2511,운반비_사업본부,2025-06-01,1140000.0
RCPU2510,운반비_사업본부,2025-06-01,910000.0
RTOH3300,운반비_사업본부,2025-06-01,4092000.0
RROH3400,운반비_사업본부,2025-06-01,322800.0
RCPU2514,운반비_사업본부,2025-06-01,1430000.0
RCPU2513,운반비_사업본부,2025-06-01,130000.0
RCPU2524,운반비_사업본부,2025-06-01,-15600.0
RCST2509,운반비_사업본부,2025-06-01,21500.0
RCPU2507,운반비_사업본부,2025-06-01,260000.0
RIPU2501,운반비_사업본부,2025-06-01,1000000.0
RCPU2525,운반비_사업본부,2025-06-01,550000.0
RIOH6100,운반비_사업본부,2025-06-01,154800.0
RCPU2521,운반비_사업본부,2025-06-01,80000.0
RCST2506,운반비_사업본부,2025-06-01,190300.0
RCST2509,교육훈련비,2025-06-01,18182.0
RXOH3200,교육훈련비,2025-06-01,30436.0
RTPU2519,도서인쇄비_행사출력물,2025-06-01,200000.0
RCPU2511,도서인쇄비_행사출력물,2025-06-01,412800.0
RTPU2515,도서인쇄비_행사출력물,2025-06-01,25000.0
RTPU2518,도서인쇄비_행사출력물,2025-06-01,1412000.0
RROH3400,도서인쇄비_행사출력물,2025-06-01,35640.0
RCPU2521,도서인쇄비_행사출력물,2025-06-01,5454.0
RIPU2501,도서인쇄비_행사출력물,2025-06-01,80900.0
RCPU2524,도서인쇄비_행사출력물,2025-06-01,285181.0
RTPU2544,도서인쇄비_행사출력물,2025-06-01,310000.0
RCPU2523,도서인쇄비_행사출력물,2025-06-01,570100.0
RTPU2525,도서인쇄비_행사출력물,2025-06-01,200000.0
RTPU2505,도서인쇄비_행사출력물,2025-06-01,2710000.0
RTPU2531,도서인쇄비_행사출력물,2025-06-01,2090000.0
RCPU2521,소모품비_본사,2025-06-01,13363.0
RCST2506,소모품비_현장,2025-06-01,593986.0
RCCP2518,소모품비_현장,2025-06-01,319911.0
RXST2501,소모품비_현장,2025-06-01,198221.0
RTPU2547,소모품비_현장,2025-06-01,539546.0
RCPU2521,소모품비_현장,2025-06-01,58270.0
RCPU2524,소모품비_현장,2025-06-01,4614053.0
RCPU2523,소모품비_현장,2025-06-01,2.8104111E7
RTPU2540,소모품비_현장,2025-06-01,80000.0
RIPU2506,소모품비_현장,2025-06-01,17353.0
RTPU2548,소모품비_현장,2025-06-01,22999.0
RTPU2537,소모품비_현장,2025-06-01,266362.0
RTOH3300,소모품비_현장,2025-06-01,6900.0
RCCP2517,소모품비_현장,2025-06-01,1649817.0
RXST2502,소모품비_현장,2025-06-01,962726.0
RCST2509,소모품비_현장,2025-06-01,62022.0
RCPU2511,소모품비_현장,2025-06-01,7676864.0
RTPU2539,소모품비_현장,2025-06-01,79417.0
RTPU2519,소모품비_현장,2025-06-01,441818.0
RROH3400,소모품비_현장,2025-06-01,24200.0
RCPU2528,소모품비_현장,2025-06-01,1570912.0
RXPU2507,소모품비_현장,2025-06-01,1106545.0
RIPU2504,소모품비_현장,2025-06-01,2890908.0
RIPU2507,소모품비_현장,2025-06-01,266727.0
RTPU2505,소모품비_현장,2025-06-01,18499.0
RTPU2545,소모품비_현장,2025-06-01,196545.0
RCST2507,소모품비_현장,2025-06-01,659080.0
RTPU2543,소모품비_현장,2025-06-01,549584.0
RXPU2509,소모품비_현장,2025-06-01,325910.0
RCST2503,소모품비_현장,2025-06-01,50536.0
RTPU2518,소모품비_현장,2025-06-01,617002.0
RIPU2501,소모품비_현장,2025-06-01,8480670.0
RTPU2528,소모품비_기타,2025-06-01,1863728.0
RCST2506,지급수수료_운영인건비,2025-06-01,64000.0
RCPU2511,지급수수료_운영인건비,2025-06-01,2036200.0
RXPU2510,지급수수료_운영인건비,2025-06-01,1200000.0
RTPU2543,지급수수료_운영인건비,2025-06-01,1345140.0
RTOH3300,지급수수료_운영인건비,2025-06-01,1467389.0
RCST2503,지급수수료_운영인건비,2025-06-01,280500.0
RTPU2505,지급수수료_운영인건비,2025-06-01,200000.0
RCPU2523,지급수수료_운영인건비,2025-06-01,3820000.0
RCPU2521,지급수수료_운영인건비,2025-06-01,658000.0
RTPU2539,지급수수료_도급인건비,2025-06-01,1.024E7
RTPU2513,지급수수료_도급인건비,2025-06-01,5.248022E7
RTPU2515,지급수수료_도급인건비,2025-06-01,2.366E7
RTPU2538,지급수수료_도급인건비,2025-06-01,9310000.0
RTPU2546,지급수수료_도급인건비,2025-06-01,400000.0
RTPU2541,지급수수료_도급인건비,2025-06-01,1.595E7
RTPU2528,지급수수료_도급인건비,2025-06-01,2.7355E7
RTPU2505,지급수수료_도급인건비,2025-06-01,1.52E7
RTPU2544,지급수수료_도급인건비,2025-06-01,5720000.0
RTPU2527,지급수수료_도급인건비,2025-06-01,1.43665E7
RTPU2543,지급수수료_도급인건비,2025-06-01,9.5685E7
RCPU2511,지급수수료_도급인건비,2025-06-01,500000.0
RIPU2504,지급수수료_도급인건비,2025-06-01,4.0245E7
RTPU2523,지급수수료_도급인건비,2025-06-01,1.0795659E7
RRPM2401,지급수수료_도급인건비,2025-06-01,2.4832327E7
RTPU2519,지급수수료_도급인건비,2025-06-01,7700000.0
RIPU2501,지급수수료_도급인건비,2025-06-01,1.624E7
RRPM2402,지급수수료_도급인건비,2025-06-01,600000.0
RXPU2507,지급수수료_도급인건비,2025-06-01,1.0455E7
RTPU2528,지급수수료_디자인,2025-06-01,4000000.0
RIPU2501,지급수수료_디자인,2025-06-01,1512500.0
RIPU2504,지급수수료_디자인,2025-06-01,4000000.0
RTPU2518,지급수수료_디자인,2025-06-01,7000000.0
RCPU2524,지급수수료_디자인,2025-06-01,7800000.0
RTPU2548,지급수수료_디자인,2025-06-01,3.5E7
RTPU2541,지급수수료_디자인,2025-06-01,2500000.0
RCST2502,지급수수료_서비스이용료,2025-06-01,30000.0
RCST2509,지급수수료_서비스이용료,2025-06-01,18000.0
RTOH3300,지급수수료_서비스이용료,2025-06-01,107171.0
RCST2506,지급수수료_서비스이용료,2025-06-01,34000.0
RROH3400,지급수수료_서비스이용료,2025-06-01,400.0
RIOH6100,지급수수료_서비스이용료,2025-06-01,15362.0
RCST2503,지급수수료_서비스이용료,2025-06-01,30000.0
RCST2501,지급수수료_서비스이용료,2025-06-01,30000.0
RCST2509,지급수수료_공간수수료,2025-06-01,5075350.0
RCST2506,지급수수료_공간수수료,2025-06-01,1.6360828E7
RCST2507,지급수수료_공간수수료,2025-06-01,5393127.0
RCCP2507,지급수수료_공간수수료,2025-06-01,3022415.0
RTPU2518,지급수수료_공간수수료,2025-06-01,2.05206083E8
RXST2501,지급수수료_공간수수료,2025-06-01,5904900.0
RCST2505,지급수수료_공간수수료,2025-06-01,1.2090875E7
RCPU2511,지급수수료_공간수수료,2025-06-01,796291.0
RTPU2515,지급수수료_공간수수료,2025-06-01,8000000.0
RCCP2508,지급수수료_공간수수료,2025-06-01,3168222.0
RCCP2518,지급수수료_공간수수료,2025-06-01,47561.0
RCPU2528,지급수수료_시공,2025-06-01,3.51E7
RCPU2523,지급수수료_시공,2025-06-01,2.3941E7
RIPU2507,지급수수료_시공,2025-06-01,5.0E7
RTPU2543,지급수수료_시공,2025-06-01,6.5E7
RCPU2511,지급수수료_시공,2025-06-01,1.16E8
RIPU2506,지급수수료_시공,2025-06-01,3.117E7
RCPU2524,지급수수료_시공,2025-06-01,9.355E7
RTPU2527,지급수수료_시공,2025-06-01,4.05E7
RTPU2528,지급수수료_시공,2025-06-01,1.0685E7
RTPU2546,지급수수료_시공,2025-06-01,8000000.0
RCPU2521,지급수수료_시공,2025-06-01,900000.0
RIPU2504,지급수수료_시공,2025-06-01,8.41E7
RIPU2505,지급수수료_시공,2025-06-01,2.019E7
RTPU2531,지급수수료_광고비,2025-06-01,2900000.0
RCPU2523,지급수수료_광고비,2025-06-01,1000000.0
RCST2507,지급수수료_물품대여,2025-06-01,86363.0
RTPU2547,지급수수료_물품대여,2025-06-01,2242500.0
RXPU2509,지급수수료_물품대여,2025-06-01,3200000.0
RCPU2528,지급수수료_물품대여,2025-06-01,1.314E7
RTPU2515,지급수수료_물품대여,2025-06-01,8181.0
RIPU2504,지급수수료_물품대여,2025-06-01,785000.0
RXPU2507,지급수수료_물품대여,2025-06-01,2000000.0
RTPU2528,지급수수료_물품대여,2025-06-01,510000.0
RCPU2524,지급수수료_물품대여,2025-06-01,7900000.0
RTPU2546,지급수수료_물품대여,2025-06-01,5460000.0
RCPU2511,지급수수료_물품대여,2025-06-01,2.1614E7
RCPU2523,지급수수료_물품대여,2025-06-01,1.9793045E7
RTPU2552,지급수수료_제작비,2025-06-01,3550000.0
RCPU2528,지급수수료_제작비,2025-06-01,4300000.0
RTPU2518,지급수수료_제작비,2025-06-01,4.26E7
RCPU2527,지급수수료_제작비,2025-06-01,2593000.0
RTPU2513,지급수수료_제작비,2025-06-01,2.5E7
RCPU2524,지급수수료_제작비,2025-06-01,1700000.0
RXPU2507,지급수수료_제작비,2025-06-01,279000.0
RCST2509,지급수수료_카드수수료,2025-06-01,68418.0
RCCP2507,지급수수료_카드수수료,2025-06-01,353508.0
RCST2501,지급수수료_카드수수료,2025-06-01,767594.0
RCST2506,지급수수료_카드수수료,2025-06-01,385698.0
RCST2507,지급수수료_카드수수료,2025-06-01,25035.0
RTPU2539,지급수수료_카드수수료,2025-06-01,54073.0
RCCP2517,지급수수료_카드수수료,2025-06-01,2234074.0
RCST2503,지급수수료_카드수수료,2025-06-01,266318.0
RXST2501,지급수수료_Working Tool,2025-06-01,928485.0
RXOH3200,지급수수료_Working Tool,2025-06-01,27945.0
RCST2503,지급수수료_기타,2025-06-01,270000.0
RRPM2501,지급수수료_기타,2025-06-01,6.967E7
RCST2507,지급수수료_기타,2025-06-01,143678.0
RTPU2523,지급수수료_기타,2025-06-01,66365.0
RXOH3200,지급수수료_기타,2025-06-01,410000.0
RCOH3100,지급수수료_기타,2025-06-01,35688.0
RTSO2402,지급수수료_기타,2025-06-01,563.0
RTOH3300,지급수수료_기타,2025-06-01,20000.0
RTPU2543,지급수수료_기타,2025-06-01,300000.0
RROH3400,지급수수료_기타,2025-06-01,15000.0
RXST2501,지급수수료_기타,2025-06-01,8274288.0
RTPU2534,지급수수료_라이선스,2025-06-01,2.0E7
RCPU2437,대손상각비,2025-06-01,8042709.0
RXOH3200,직원급여_본사,2025-07-01,4.174581E7
RIOH6100,직원급여_본사,2025-07-01,1.8347996E7
RROH3400,직원급여_본사,2025-07-01,6.505637E7
RCOH3100,직원급여_본사,2025-07-01,9860010.0
RTOH3300,직원급여_본사,2025-07-01,6.129243E7
RXST2501,직원급여_본사,2025-07-01,2750010.0
RCST2502,직원급여_매장,2025-07-01,5693270.0
RCST2505,직원급여_매장,2025-07-01,6312490.0
RCST2507,직원급여_매장,2025-07-01,8499830.0
RCST2506,직원급여_매장,2025-07-01,1.269878E7
RCST2501,직원급여_매장,2025-07-01,4845330.0
RCST2509,직원급여_매장,2025-07-01,5006990.0
RCST2501,상여금,2025-07-01,183170.0
RROH3400,상여금,2025-07-01,5.512514E7
RXOH3200,상여금,2025-07-01,1800000.0
RCST2505,상여금,2025-07-01,594010.0
RCST2502,상여금,2025-07-01,214130.0
RROH3400,잡급,2025-07-01,4716609.0
RXOH3200,잡급,2025-07-01,1572203.0
RIOH6100,잡급,2025-07-01,1572203.0
RTOH3300,잡급,2025-07-01,3144406.0
RTOH3300,퇴직급여_본사,2025-07-01,1.0036034E7
RCST2501,퇴직급여_매장,2025-07-01,1.2800316E7
RCST2502,퇴직급여_매장,2025-07-01,1.1831234E7
RCST2505,퇴직급여_매장,2025-07-01,1.1580022E7
RROH3400,복리후생비_건강보험,2025-07-01,2513020.0
RTOH3300,복리후생비_건강보험,2025-07-01,2032060.0
RCST2509,복리후생비_건강보험,2025-07-01,247110.0
RCST2505,복리후생비_건강보험,2025-07-01,-135260.0
RCST2507,복리후생비_건강보험,2025-07-01,282300.0
RCST2502,복리후생비_건강보험,2025-07-01,64140.0
RIOH6100,복리후생비_건강보험,2025-07-01,901610.0
RXST2501,복리후생비_건강보험,2025-07-01,102090.0
RCST2501,복리후생비_건강보험,2025-07-01,456810.0
RCST2503,복리후생비_건강보험,2025-07-01,355940.0
RXOH3200,복리후생비_건강보험,2025-07-01,157150.0
RCST2506,복리후생비_건강보험,2025-07-01,583280.0
RCOH3100,복리후생비_건강보험,2025-07-01,718820.0
RXOH3200,복리후생비_식음료대,2025-07-01,1584605.0
RXPU2511,복리후생비_식음료대,2025-07-01,17364.0
RTPU2519,복리후생비_식음료대,2025-07-01,90453.0
RTPU2531,복리후생비_식음료대,2025-07-01,594584.0
RCST2501,복리후생비_식음료대,2025-07-01,35636.0
RTPU2553,복리후생비_식음료대,2025-07-01,55917.0
RTOH3300,복리후생비_식음료대,2025-07-01,3437240.0
RIOH6100,복리후생비_식음료대,2025-07-01,1155956.0
RTPU2505,복리후생비_식음료대,2025-07-01,119088.0
RCPU2541,복리후생비_식음료대,2025-07-01,10181.0
RCPU2534,복리후생비_식음료대,2025-07-01,63000.0
RTPU2560,복리후생비_식음료대,2025-07-01,40680.0
RXST2502,복리후생비_식음료대,2025-07-01,169687.0
RCPU2524,복리후생비_식음료대,2025-07-01,638258.0
RTPU2548,복리후생비_식음료대,2025-07-01,465989.0
RCPU2538,복리후생비_식음료대,2025-07-01,21909.0
RCPU2544,복리후생비_식음료대,2025-07-01,10909.0
RIPU2501,복리후생비_식음료대,2025-07-01,89121.0
RCPU2533,복리후생비_식음료대,2025-07-01,280923.0
RCST2506,복리후생비_식음료대,2025-07-01,322818.0
RCPU2519,복리후생비_식음료대,2025-07-01,22636.0
RTPU2421,복리후생비_식음료대,2025-07-01,46818.0
RCST2505,복리후생비_식음료대,2025-07-01,36727.0
RCPU2529,복리후생비_식음료대,2025-07-01,969309.0
RTPU2554,복리후생비_식음료대,2025-07-01,97727.0
RTPU2516,복리후생비_식음료대,2025-07-01,81463.0
RTPU2552,복리후생비_식음료대,2025-07-01,179452.0
RIPU2507,복리후생비_식음료대,2025-07-01,629711.0
RCOH3100,복리후생비_식음료대,2025-07-01,274085.0
RTSO2402,복리후생비_식음료대,2025-07-01,25272.0
RTPU2555,복리후생비_식음료대,2025-07-01,374002.0
RCPU2539,복리후생비_식음료대,2025-07-01,103726.0
RCPU2528,복리후생비_식음료대,2025-07-01,385327.0
RCPU2535,복리후생비_식음료대,2025-07-01,41636.0
RCPU2526,복리후생비_식음료대,2025-07-01,9636.0
RCST2507,복리후생비_식음료대,2025-07-01,19545.0
RROH3400,복리후생비_식음료대,2025-07-01,6512506.0
RXST2501,복리후생비_식음료대,2025-07-01,645506.0
RIPU2508,복리후생비_식음료대,2025-07-01,78090.0
RCST2502,복리후생비_식음료대,2025-07-01,11910.0
RTPU2547,복리후생비_식음료대,2025-07-01,5500.0
RXOH3200,복리후생비_회식대,2025-07-01,22728.0
RCPU2528,복리후생비_회식대,2025-07-01,25727.0
RTOH3300,복리후생비_회식대,2025-07-01,155091.0
RROH3400,복리후생비_회식대,2025-07-01,165100.0
RCOH3100,복리후생비_기타,2025-07-01,170538.0
RXOH3200,복리후생비_기타,2025-07-01,210364.0
RCST2506,복리후생비_기타,2025-07-01,2590818.0
RCPU2528,여비교통비_야근,2025-07-01,111000.0
RTPU2531,여비교통비_야근,2025-07-01,158300.0
RXST2502,여비교통비_야근,2025-07-01,55000.0
RCST2506,여비교통비_야근,2025-07-01,450000.0
RCPU2526,여비교통비_야근,2025-07-01,28900.0
RTOH3300,여비교통비_야근,2025-07-01,69200.0
RCPU2529,여비교통비_야근,2025-07-01,407400.0
RTPU2516,여비교통비_야근,2025-07-01,35800.0
RCST2501,여비교통비_야근,2025-07-01,48100.0
RIOH6100,여비교통비_야근,2025-07-01,128700.0
RTPU2519,여비교통비_야근,2025-07-01,81500.0
RCPU2535,여비교통비_야근,2025-07-01,21500.0
RIPU2507,여비교통비_야근,2025-07-01,80300.0
RXST2501,여비교통비_야근,2025-07-01,79000.0
RROH3400,여비교통비_야근,2025-07-01,206200.0
RTPU2543,여비교통비_야근,2025-07-01,35400.0
RCPU2533,여비교통비_야근,2025-07-01,46500.0
RTPU2505,여비교통비_야근,2025-07-01,5160.0
RTPU2552,여비교통비_야근,2025-07-01,139400.0
RCPU2534,여비교통비_야근,2025-07-01,53900.0
RCPU2537,여비교통비_야근,2025-07-01,14100.0
RTPU2554,여비교통비_야근,2025-07-01,40000.0
RIPU2501,여비교통비_야근,2025-07-01,38000.0
RCPU2542,여비교통비_야근,2025-07-01,31000.0
RTPU2553,여비교통비_야근,2025-07-01,16100.0
RCPU2539,여비교통비_야근,2025-07-01,61900.0
RCPU2528,여비교통비_외근,2025-07-01,30800.0
RCPU2546,여비교통비_외근,2025-07-01,7900.0
RCPU2524,여비교통비_외근,2025-07-01,166530.0
RCST2506,여비교통비_외근,2025-07-01,39200.0
RXST2501,여비교통비_외근,2025-07-01,79730.0
RTPU2531,여비교통비_외근,2025-07-01,421780.0
RTOH3300,여비교통비_외근,2025-07-01,576080.0
RIPU2501,여비교통비_외근,2025-07-01,104330.0
RIPU2507,여비교통비_외근,2025-07-01,105600.0
RIOH6100,여비교통비_외근,2025-07-01,121700.0
RCPU2508,여비교통비_외근,2025-07-01,29700.0
RTPU2558,여비교통비_외근,2025-07-01,11700.0
RROH3400,여비교통비_외근,2025-07-01,556100.0
RTPU2548,여비교통비_외근,2025-07-01,69400.0
RCPU2537,여비교통비_외근,2025-07-01,130200.0
RCPU2540,여비교통비_외근,2025-07-01,51100.0
RTPU2516,여비교통비_외근,2025-07-01,103400.0
RCST2509,여비교통비_외근,2025-07-01,7800.0
RTPU2519,여비교통비_외근,2025-07-01,147600.0
RTPU2552,여비교통비_외근,2025-07-01,17500.0
RTPU2554,여비교통비_외근,2025-07-01,47700.0
RIPU2508,여비교통비_외근,2025-07-01,22000.0
RCPU2519,여비교통비_외근,2025-07-01,14400.0
RCPU2542,여비교통비_외근,2025-07-01,41200.0
RCOH3100,여비교통비_외근,2025-07-01,211990.0
RCPU2526,여비교통비_외근,2025-07-01,12700.0
RTPU2543,여비교통비_외근,2025-07-01,14900.0
RXOH3200,여비교통비_외근,2025-07-01,23000.0
RTPU2505,여비교통비_외근,2025-07-01,94940.0
RTPU2555,여비교통비_외근,2025-07-01,121400.0
RCPU2534,여비교통비_외근,2025-07-01,55500.0
RXST2502,여비교통비_외근,2025-07-01,8800.0
RCPU2533,여비교통비_외근,2025-07-01,46500.0
RTPU2553,여비교통비_외근,2025-07-01,104300.0
RCPU2535,여비교통비_외근,2025-07-01,91400.0
RCPU2541,여비교통비_외근,2025-07-01,17700.0
RCPU2529,여비교통비_외근,2025-07-01,625840.0
RCST2502,여비교통비_국내출장,2025-07-01,80000.0
RIPU2501,여비교통비_국내출장,2025-07-01,603500.0
RCPU2519,여비교통비_국내출장,2025-07-01,114100.0
RXOH3200,여비교통비_국내출장,2025-07-01,880000.0
RTPU2555,여비교통비_국내출장,2025-07-01,1499200.0
RTPU2505,여비교통비_국내출장,2025-07-01,64000.0
RCST2505,여비교통비_국내출장,2025-07-01,72546.0
RCPU2524,여비교통비_국내출장,2025-07-01,291944.0
RTOH3300,여비교통비_국내출장,2025-07-01,1408600.0
RROH3400,여비교통비_국내출장,2025-07-01,143000.0
RCPU2537,여비교통비_국내출장,2025-07-01,-400.0
RXST2501,여비교통비_개인차량사용료,2025-07-01,272000.0
RTPU2557,여비교통비_개인차량사용료,2025-07-01,50000.0
RTPU2548,여비교통비_개인차량사용료,2025-07-01,321000.0
RTOH3300,여비교통비_개인차량사용료,2025-07-01,776000.0
RROH3400,여비교통비_개인차량사용료,2025-07-01,3575384.0
RCCP2518,여비교통비_개인차량사용료,2025-07-01,7000.0
RXOH3200,여비교통비_개인차량사용료,2025-07-01,85600.0
RTPU2519,여비교통비_개인차량사용료,2025-07-01,17000.0
RIPU2508,여비교통비_개인차량사용료,2025-07-01,13000.0
RCPU2528,여비교통비_개인차량사용료,2025-07-01,51000.0
RIOH6100,여비교통비_개인차량사용료,2025-07-01,602000.0
RCPU2538,여비교통비_개인차량사용료,2025-07-01,25000.0
RROH3400,여비교통비_기타,2025-07-01,28600.0
RXOH3200,접대비,2025-07-01,121600.0
RTPU2516,접대비,2025-07-01,223500.0
RROH3400,접대비,2025-07-01,6486000.0
RTOH3300,접대비,2025-07-01,1461900.0
RCST2509,통신비,2025-07-01,40000.0
RCST2501,통신비,2025-07-01,49702.0
RCST2507,통신비,2025-07-01,35000.0
RROH3400,통신비,2025-07-01,75800.0
RCOH3100,통신비,2025-07-01,112732.0
RCST2506,통신비,2025-07-01,98781.0
RTOH3300,통신비,2025-07-01,95456.0
RXOH3200,통신비,2025-07-01,225456.0
RCST2505,통신비,2025-07-01,34300.0
RIOH6100,통신비,2025-07-01,56365.0
RCST2502,통신비,2025-07-01,35000.0
RTSO2402,통신비,2025-07-01,3400.0
RCST2503,통신비,2025-07-01,380887.0
RCCP2507,통신비,2025-07-01,7960.0
RXST2501,통신비,2025-07-01,180000.0
RRPM2504,수도광열비,2025-07-01,1919355.0
RRPM2501,수도광열비,2025-07-01,6971389.0
RCOH3100,세금과공과_국민연금,2025-07-01,286650.0
RCST2505,세금과공과_국민연금,2025-07-01,110740.0
RXOH3200,세금과공과_국민연금,2025-07-01,1362640.0
RXST2501,세금과공과_국민연금,2025-07-01,114750.0
RCST2501,세금과공과_국민연금,2025-07-01,274400.0
RCST2506,세금과공과_국민연금,2025-07-01,536160.0
RROH3400,세금과공과_국민연금,2025-07-01,2187390.0
RTOH3300,세금과공과_국민연금,2025-07-01,2266810.0
RIOH6100,세금과공과_국민연금,2025-07-01,1087410.0
RCST2509,세금과공과_국민연금,2025-07-01,244650.0
RCST2502,세금과공과_국민연금,2025-07-01,265810.0
RCST2507,세금과공과_국민연금,2025-07-01,323540.0
RCOH3100,세금과공과_세금,2025-07-01,20946.0
RIOH6100,세금과공과_세금,2025-07-01,104728.0
RXOH3200,세금과공과_세금,2025-07-01,230402.0
RTOH3300,세금과공과_세금,2025-07-01,314184.0
RROH3400,세금과공과_세금,2025-07-01,230402.0
RTOH3300,감가상각비,2025-07-01,150431.0
RCST2506,감가상각비,2025-07-01,2622363.0
RCST2509,감가상각비,2025-07-01,2339036.0
RROH3400,감가상각비,2025-07-01,91321.0
RXST2502,감가상각비,2025-07-01,3288268.0
RCST2505,감가상각비,2025-07-01,265926.0
RXOH3200,감가상각비,2025-07-01,74675.0
RXST2501,감가상각비,2025-07-01,5833969.0
RCST2507,감가상각비,2025-07-01,3645282.0
RCST2502,감가상각비,2025-07-01,521072.0
RCST2501,감가상각비,2025-07-01,1512878.0
RRPM2501,지급임차료_건물,2025-07-01,7.1476443E7
RIOH6100,지급임차료_창고,2025-07-01,655655.0
RXOH3200,지급임차료_창고,2025-07-01,2250000.0
RTOH3300,지급임차료_창고,2025-07-01,3700000.0
RCST2506,지급임차료_스테이션,2025-07-01,3107110.0
RCST2502,지급임차료_스테이션,2025-07-01,2720325.0
RCST2501,지급임차료_스테이션,2025-07-01,1523998.0
RRPM2402,지급임차료_기타,2025-07-01,4.9861887E7
RRPM2502,지급임차료_기타,2025-07-01,5.0375E7
RCST2503,보험료_산재보험,2025-07-01,16430.0
RCST2505,보험료_산재보험,2025-07-01,22400.0
RCOH3100,보험료_산재보험,2025-07-01,79570.0
RCST2509,보험료_산재보험,2025-07-01,51430.0
RIOH6100,보험료_산재보험,2025-07-01,127160.0
RCST2507,보험료_산재보험,2025-07-01,43770.0
RCST2506,보험료_산재보험,2025-07-01,62270.0
RTOH3300,보험료_산재보험,2025-07-01,363180.0
RCST2502,보험료_산재보험,2025-07-01,36420.0
RROH3400,보험료_산재보험,2025-07-01,400350.0
RXOH3200,보험료_산재보험,2025-07-01,220570.0
RCST2501,보험료_산재보험,2025-07-01,41050.0
RXST2501,보험료_산재보험,2025-07-01,15450.0
RCST2509,보험료_고용보험,2025-07-01,128860.0
RCST2501,보험료_고용보험,2025-07-01,98980.0
RXST2501,보험료_고용보험,2025-07-01,29320.0
RXOH3200,보험료_고용보험,2025-07-01,101660.0
RCST2506,보험료_고용보험,2025-07-01,114830.0
RROH3400,보험료_고용보험,2025-07-01,187750.0
RIOH6100,보험료_고용보험,2025-07-01,235950.0
RCST2507,보험료_고용보험,2025-07-01,73390.0
RCST2502,보험료_고용보험,2025-07-01,70770.0
RCST2503,보험료_고용보험,2025-07-01,55290.0
RCOH3100,보험료_고용보험,2025-07-01,182240.0
RCST2505,보험료_고용보험,2025-07-01,15490.0
RTOH3300,보험료_고용보험,2025-07-01,483675.0
RCPU2535,보험료_프로젝트,2025-07-01,191000.0
RCST2502,보험료_프로젝트,2025-07-01,27850.0
RIPU2501,보험료_프로젝트,2025-07-01,197647.0
RTPU2548,보험료_프로젝트,2025-07-01,470000.0
RCPU2528,보험료_프로젝트,2025-07-01,654444.0
RXST2501,보험료_프로젝트,2025-07-01,103534.0
RCST2501,보험료_프로젝트,2025-07-01,28759.0
RCPU2524,보험료_프로젝트,2025-07-01,1321419.0
RROH3400,보험료_기타,2025-07-01,265581.0
RTOH3300,차량유지비_유류대,2025-07-01,182000.0
RXOH3200,차량유지비_유류대,2025-07-01,70000.0
RXST2501,차량유지비_유류대,2025-07-01,60000.0
RCPU2528,차량유지비_유류대,2025-07-01,73000.0
RCST2505,차량유지비_기타,2025-07-01,6000.0
RCST2509,차량유지비_기타,2025-07-01,5000.0
RCCP2507,차량유지비_기타,2025-07-01,15000.0
RTPU2555,운반비_사업본부,2025-07-01,83000.0
RCCP2517,운반비_사업본부,2025-07-01,520000.0
RTPU2539,운반비_사업본부,2025-07-01,48000.0
RCCP2518,운반비_사업본부,2025-07-01,130000.0
RTPU2505,운반비_사업본부,2025-07-01,233000.0
RTPU2516,운반비_사업본부,2025-07-01,120000.0
RIOH6100,운반비_사업본부,2025-07-01,460800.0
RCPU2523,운반비_사업본부,2025-07-01,1040000.0
RXOH3200,운반비_사업본부,2025-07-01,261000.0
RTPU2518,운반비_사업본부,2025-07-01,1040000.0
RCPU2511,운반비_사업본부,2025-07-01,905000.0
RTSO2402,운반비_사업본부,2025-07-01,300000.0
RCST2506,운반비_사업본부,2025-07-01,13400.0
RTPU2554,운반비_사업본부,2025-07-01,2494500.0
RTPU2548,운반비_사업본부,2025-07-01,569000.0
RTPU2553,운반비_사업본부,2025-07-01,460000.0
RCST2507,운반비_사업본부,2025-07-01,67000.0
RTPU2545,운반비_사업본부,2025-07-01,12000.0
RCPU2529,운반비_사업본부,2025-07-01,374000.0
RROH3400,운반비_사업본부,2025-07-01,212800.0
RXST2502,운반비_사업본부,2025-07-01,279181.0
RCPU2508,운반비_사업본부,2025-07-01,900000.0
RTPU2547,운반비_사업본부,2025-07-01,255000.0
RTPU2531,운반비_사업본부,2025-07-01,975000.0
RCST2509,운반비_사업본부,2025-07-01,39000.0
RTPU2552,운반비_사업본부,2025-07-01,94000.0
RXOH3200,교육훈련비,2025-07-01,26325.0
RXOH3200,도서인쇄비_도서구매,2025-07-01,169200.0
RTPU2548,도서인쇄비_행사출력물,2025-07-01,935908.0
RTPU2547,도서인쇄비_행사출력물,2025-07-01,35000.0
RCPU2528,도서인쇄비_행사출력물,2025-07-01,394163.0
RIPU2507,도서인쇄비_행사출력물,2025-07-01,1720226.0
RROH3400,도서인쇄비_행사출력물,2025-07-01,2700.0
RTPU2531,도서인쇄비_행사출력물,2025-07-01,88490.0
RCPU2530,도서인쇄비_행사출력물,2025-07-01,12000.0
RCPU2535,도서인쇄비_행사출력물,2025-07-01,1550910.0
RCPU2529,도서인쇄비_행사출력물,2025-07-01,16637.0
RCST2509,소모품비_현장,2025-07-01,10190.0
RCPU2538,소모품비_현장,2025-07-01,163772.0
RTPU2548,소모품비_현장,2025-07-01,3227349.0
RCST2506,소모품비_현장,2025-07-01,1632573.0
RCPU2528,소모품비_현장,2025-07-01,1598626.0
RCPU2519,소모품비_현장,2025-07-01,327272.0
RROH3400,소모품비_현장,2025-07-01,4600.0
RTPU2555,소모품비_현장,2025-07-01,1806806.0
RTPU2516,소모품비_현장,2025-07-01,1208631.0
RCST2507,소모품비_현장,2025-07-01,154244.0
RCST2501,소모품비_현장,2025-07-01,78890.0
RCPU2534,소모품비_현장,2025-07-01,125444.0
RXPU2512,소모품비_현장,2025-07-01,1200.0
RTPU2552,소모품비_현장,2025-07-01,641322.0
RCPU2524,소모품비_현장,2025-07-01,1356330.0
RXOH3200,소모품비_현장,2025-07-01,107636.0
RCPU2533,소모품비_현장,2025-07-01,5848440.0
RIPU2504,소모품비_현장,2025-07-01,171000.0
RTPU2553,소모품비_현장,2025-07-01,43909.0
RIPU2501,소모품비_현장,2025-07-01,141095.0
RCPU2526,소모품비_현장,2025-07-01,490909.0
RCPU2529,소모품비_현장,2025-07-01,1231125.0
RTOH3300,소모품비_현장,2025-07-01,1554.0
RTPU2505,소모품비_현장,2025-07-01,282981.0
RIPU2507,소모품비_현장,2025-07-01,2866752.0
RCST2502,소모품비_현장,2025-07-01,42718.0
RXST2502,소모품비_현장,2025-07-01,854432.0
RXST2501,소모품비_현장,2025-07-01,939278.0
RTPU2554,소모품비_현장,2025-07-01,121272.0
RCPU2535,소모품비_현장,2025-07-01,166890.0
RTPU2531,소모품비_현장,2025-07-01,509651.0
RXST2501,소모품비_기타,2025-07-01,640000.0
RXST2502,소모품비_기타,2025-07-01,1547000.0
RCST2506,지급수수료_운영인건비,2025-07-01,1203600.0
RCPU2530,지급수수료_운영인건비,2025-07-01,3835000.0
RCPU2524,지급수수료_운영인건비,2025-07-01,1.1755E7
RCPU2511,지급수수료_운영인건비,2025-07-01,8.329224E7
RCPU2528,지급수수료_운영인건비,2025-07-01,9543000.0
RCST2505,지급수수료_운영인건비,2025-07-01,882640.0
RCPU2529,지급수수료_운영인건비,2025-07-01,7.97825E7
RTPU2547,지급수수료_도급인건비,2025-07-01,1860000.0
RCPU2538,지급수수료_도급인건비,2025-07-01,940000.0
RRPM2402,지급수수료_도급인건비,2025-07-01,600000.0
RTPU2542,지급수수료_도급인건비,2025-07-01,7827000.0
RTPU2540,지급수수료_도급인건비,2025-07-01,860000.0
RRPM2401,지급수수료_도급인건비,2025-07-01,2.3794573E7
RTPU2548,지급수수료_도급인건비,2025-07-01,2.545E7
RIPU2507,지급수수료_도급인건비,2025-07-01,2.74035E7
RTPU2543,지급수수료_도급인건비,2025-07-01,3000000.0
RTPU2539,지급수수료_디자인,2025-07-01,3000000.0
RTPU2540,지급수수료_디자인,2025-07-01,1500000.0
RTPU2519,지급수수료_디자인,2025-07-01,1000000.0
RCPU2534,지급수수료_디자인,2025-07-01,10000.0
RTPU2548,지급수수료_디자인,2025-07-01,2000000.0
RTPU2552,지급수수료_디자인,2025-07-01,1000000.0
RTOH3300,지급수수료_디자인,2025-07-01,1800000.0
RTPU2560,지급수수료_서비스이용료,2025-07-01,465000.0
RCST2501,지급수수료_서비스이용료,2025-07-01,30000.0
RCST2506,지급수수료_서비스이용료,2025-07-01,34000.0
RCST2502,지급수수료_서비스이용료,2025-07-01,30000.0
RCPU2529,지급수수료_서비스이용료,2025-07-01,300000.0
RIOH6100,지급수수료_서비스이용료,2025-07-01,15438.0
RCST2509,지급수수료_서비스이용료,2025-07-01,18000.0
RTPU2516,지급수수료_서비스이용료,2025-07-01,50000.0
RTPU2552,지급수수료_서비스이용료,2025-07-01,2640.0
RTOH3300,지급수수료_서비스이용료,2025-07-01,310389.0
RTPU2548,지급수수료_서비스이용료,2025-07-01,5000000.0
RCCP2507,지급수수료_공간수수료,2025-07-01,2690235.0
RCST2505,지급수수료_공간수수료,2025-07-01,1.4864842E7
RCST2507,지급수수료_공간수수료,2025-07-01,5429674.0
RCPU2536,지급수수료_공간수수료,2025-07-01,1.08E7
RCCP2518,지급수수료_공간수수료,2025-07-01,670653.0
RTPU2554,지급수수료_공간수수료,2025-07-01,7696000.0
RTPU2518,지급수수료_공간수수료,2025-07-01,-22210.0
RCST2509,지급수수료_공간수수료,2025-07-01,5602310.0
RCPU2529,지급수수료_공간수수료,2025-07-01,114546.0
RCST2506,지급수수료_공간수수료,2025-07-01,5.3012851E7
RCCP2517,지급수수료_공간수수료,2025-07-01,7111625.0
RCPU2528,지급수수료_시공,2025-07-01,3.51E7
RCPU2517,지급수수료_시공,2025-07-01,1709600.0
RTPU2515,지급수수료_시공,2025-07-01,3.8E7
RTPU2505,지급수수료_시공,2025-07-01,2.1E7
RTPU2540,지급수수료_시공,2025-07-01,4155000.0
RTPU2519,지급수수료_시공,2025-07-01,7.6545455E7
RTPU2538,지급수수료_시공,2025-07-01,1297000.0
RTPU2541,지급수수료_시공,2025-07-01,2775000.0
RXPU2511,지급수수료_시공,2025-07-01,3.185028E7
RTOH3300,지급수수료_시공,2025-07-01,800000.0
RCPU2535,지급수수료_시공,2025-07-01,2.6334E7
RTPU2548,지급수수료_시공,2025-07-01,2.384E7
RCPU2511,지급수수료_시공,2025-07-01,1000000.0
RTPU2547,지급수수료_시공,2025-07-01,4300000.0
RIPU2501,지급수수료_시공,2025-07-01,7.18E7
RTPU2539,지급수수료_시공,2025-07-01,2.3095E7
RCPU2533,지급수수료_시공,2025-07-01,2.678E7
RXST2502,지급수수료_시공,2025-07-01,350000.0
RTPU2505,지급수수료_광고비,2025-07-01,5050000.0
RTPU2518,지급수수료_물품대여,2025-07-01,5390000.0
RTPU2516,지급수수료_물품대여,2025-07-01,812000.0
RCPU2535,지급수수료_물품대여,2025-07-01,460000.0
RCPU2528,지급수수료_물품대여,2025-07-01,2695000.0
RTPU2541,지급수수료_물품대여,2025-07-01,200000.0
RIPU2501,지급수수료_물품대여,2025-07-01,1000000.0
RCPU2529,지급수수료_물품대여,2025-07-01,4391250.0
RCPU2533,지급수수료_물품대여,2025-07-01,5994727.0
RTPU2531,지급수수료_물품대여,2025-07-01,22000.0
RXPU2511,지급수수료_물품대여,2025-07-01,4620000.0
RIPU2507,지급수수료_물품대여,2025-07-01,1.6849456E7
RTPU2547,지급수수료_물품대여,2025-07-01,3545.0
RIPU2504,지급수수료_물품대여,2025-07-01,2000000.0
RTPU2548,지급수수료_물품대여,2025-07-01,7340000.0
RCPU2511,지급수수료_물품대여,2025-07-01,468170.0
RTPU2539,지급수수료_물품대여,2025-07-01,2000000.0
RTPU2540,지급수수료_제작비,2025-07-01,360000.0
RTPU2505,지급수수료_제작비,2025-07-01,3.2E7
RCPU2527,지급수수료_제작비,2025-07-01,-593000.0
RTPU2556,지급수수료_제작비,2025-07-01,1.095977E7
RTPU2518,지급수수료_제작비,2025-07-01,3.2E7
RCPU2526,지급수수료_제작비,2025-07-01,2560000.0
RTPU2555,지급수수료_제작비,2025-07-01,1833636.0
RCPU2528,지급수수료_제작비,2025-07-01,1.13145E7
RCPU2524,지급수수료_제작비,2025-07-01,7990000.0
RCST2507,지급수수료_카드수수료,2025-07-01,36772.0
RCST2506,지급수수료_카드수수료,2025-07-01,528776.0
RCCP2517,지급수수료_카드수수료,2025-07-01,-2968.0
RCST2501,지급수수료_카드수수료,2025-07-01,343887.0
RCCP2507,지급수수료_카드수수료,2025-07-01,344697.0
RCST2509,지급수수료_카드수수료,2025-07-01,61266.0
RIPU2507,지급수수료_카드수수료,2025-07-01,74537.0
RTPU2553,지급수수료_카드수수료,2025-07-01,6283.0
RXOH3200,지급수수료_Working Tool,2025-07-01,31313.0
RXST2501,지급수수료_Working Tool,2025-07-01,869947.0
RROH3400,지급수수료_자문료,2025-07-01,1500000.0
RTPU2521,지급수수료_기타,2025-07-01,25000.0
RTSO2402,지급수수료_기타,2025-07-01,1624.0
RRPM2501,지급수수료_기타,2025-07-01,6510000.0
RXST2502,지급수수료_기타,2025-07-01,1579784.0
RROH3400,지급수수료_기타,2025-07-01,69800.0
RCOH3100,지급수수료_기타,2025-07-01,-1948.0
RCST2502,지급수수료_기타,2025-07-01,210000.0
RCST2507,지급수수료_기타,2025-07-01,148467.0
RXOH3200,지급수수료_기타,2025-07-01,4746.0
RXST2501,지급수수료_기타,2025-07-01,1.1406425E7
RRPM2504,지급수수료_기타,2025-07-01,5.36E7
RTPU2556,지급수수료_기타,2025-07-01,60065.0
RTSO2402,광고선전비,2025-07-01,2180.0
RIOH6100,직원급여_본사,2025-08-01,1.716671E7
RTOH3300,직원급여_본사,2025-08-01,5.764045E7
RXOH3200,직원급여_본사,2025-08-01,4.37001E7
RCOH3100,직원급여_본사,2025-08-01,9860010.0
RROH3400,직원급여_본사,2025-08-01,6.2577377E7
RCST2506,직원급여_매장,2025-08-01,1.21043E7
RCST2509,직원급여_매장,2025-08-01,3169490.0
RCST2507,직원급여_매장,2025-08-01,8317700.0
RXST2501,직원급여_매장,2025-08-01,2750010.0
RROH3400,상여금,2025-08-01,1.71619343E8
RROH3400,잡급,2025-08-01,4716609.0
RIOH6100,잡급,2025-08-01,1572203.0
RTOH3300,잡급,2025-08-01,3144406.0
RXOH3200,잡급,2025-08-01,1572203.0
RTOH3300,복리후생비_건강보험,2025-08-01,3376160.0
RXST2501,복리후생비_건강보험,2025-08-01,102090.0
RROH3400,복리후생비_건강보험,2025-08-01,2456510.0
RIOH6100,복리후생비_건강보험,2025-08-01,334810.0
RCST2502,복리후생비_건강보험,2025-08-01,976660.0
RCST2505,복리후생비_건강보험,2025-08-01,938960.0
RCST2509,복리후생비_건강보험,2025-08-01,217750.0
RCOH3100,복리후생비_건강보험,2025-08-01,911850.0
RXOH3200,복리후생비_건강보험,2025-08-01,2300160.0
RCST2506,복리후생비_건강보험,2025-08-01,552030.0
RCST2501,복리후생비_건강보험,2025-08-01,142300.0
RCST2507,복리후생비_건강보험,2025-08-01,296040.0
RIPU2508,복리후생비_식음료대,2025-08-01,130090.0
RTPU2561,복리후생비_식음료대,2025-08-01,18363.0
RCPU2524,복리후생비_식음료대,2025-08-01,71455.0
RIPU2509,복리후생비_식음료대,2025-08-01,171541.0
RCPU2539,복리후생비_식음료대,2025-08-01,172716.0
RCOH3100,복리후생비_식음료대,2025-08-01,158816.0
RTPU2557,복리후생비_식음료대,2025-08-01,204587.0
RROH3400,복리후생비_식음료대,2025-08-01,4445262.0
RCPU2533,복리후생비_식음료대,2025-08-01,245114.0
RCPU2554,복리후생비_식음료대,2025-08-01,39998.0
RCPU2519,복리후생비_식음료대,2025-08-01,594105.0
RCPU2535,복리후생비_식음료대,2025-08-01,40089.0
RCPU2528,복리후생비_식음료대,2025-08-01,27908.0
RCPU2548,복리후생비_식음료대,2025-08-01,17091.0
RTPU2505,복리후생비_식음료대,2025-08-01,75998.0
RIPU2501,복리후생비_식음료대,2025-08-01,100889.0
RIPU2510,복리후생비_식음료대,2025-08-01,37727.0
RCPU2526,복리후생비_식음료대,2025-08-01,239792.0
RCPU2547,복리후생비_식음료대,2025-08-01,21808.0
RTOH3300,복리후생비_식음료대,2025-08-01,3147947.0
RIOH6100,복리후생비_식음료대,2025-08-01,617648.0
RTPU2516,복리후생비_식음료대,2025-08-01,1129695.0
RCPU2525,복리후생비_식음료대,2025-08-01,26363.0
RXST2502,복리후생비_식음료대,2025-08-01,200835.0
RCPU2542,복리후생비_식음료대,2025-08-01,89089.0
RCPU2534,복리후생비_식음료대,2025-08-01,138568.0
RXST2503,복리후생비_식음료대,2025-08-01,224705.0
RXOH3200,복리후생비_식음료대,2025-08-01,1659758.0
RTPU2562,복리후생비_식음료대,2025-08-01,41818.0
RXST2501,복리후생비_식음료대,2025-08-01,435981.0
RXPU2511,복리후생비_식음료대,2025-08-01,265696.0
RTPU2519,복리후생비_식음료대,2025-08-01,15454.0
RTPU2554,복리후생비_식음료대,2025-08-01,45454.0
RCPU2546,복리후생비_식음료대,2025-08-01,1602837.0
RTPU2531,복리후생비_식음료대,2025-08-01,374040.0
RCST2506,복리후생비_식음료대,2025-08-01,148157.0
RCST2509,복리후생비_식음료대,2025-08-01,73189.0
RXOH3200,복리후생비_회식대,2025-08-01,514545.0
RROH3400,복리후생비_회식대,2025-08-01,763636.0
RIOH6100,복리후생비_회식대,2025-08-01,160909.0
RTOH3300,복리후생비_회식대,2025-08-01,318817.0
RCOH3100,복리후생비_기타,2025-08-01,205085.0
RCST2506,복리후생비_기타,2025-08-01,221400.0
RXPU2511,여비교통비_야근,2025-08-01,23400.0
RCPU2539,여비교통비_야근,2025-08-01,102600.0
RCPU2519,여비교통비_야근,2025-08-01,37000.0
RCPU2546,여비교통비_야근,2025-08-01,138600.0
RCOH3100,여비교통비_야근,2025-08-01,39800.0
RTPU2516,여비교통비_야근,2025-08-01,346400.0
RCST2506,여비교통비_야근,2025-08-01,229300.0
RCPU2528,여비교통비_야근,2025-08-01,13000.0
RXST2503,여비교통비_야근,2025-08-01,102900.0
RTOH3300,여비교통비_야근,2025-08-01,411300.0
RCPU2554,여비교통비_야근,2025-08-01,30700.0
RXOH3200,여비교통비_야근,2025-08-01,11900.0
RCPU2542,여비교통비_야근,2025-08-01,79600.0
RCST2509,여비교통비_야근,2025-08-01,160400.0
RTPU2531,여비교통비_야근,2025-08-01,63600.0
RCPU2534,여비교통비_야근,2025-08-01,74600.0
RCPU2547,여비교통비_야근,2025-08-01,88600.0
RCPU2526,여비교통비_야근,2025-08-01,147000.0
RXST2501,여비교통비_야근,2025-08-01,105380.0
RROH3400,여비교통비_야근,2025-08-01,105400.0
RCPU2535,여비교통비_야근,2025-08-01,65600.0
RTPU2519,여비교통비_외근,2025-08-01,106000.0
RTPU2550,여비교통비_외근,2025-08-01,28200.0
RXOH3200,여비교통비_외근,2025-08-01,29600.0
RCOH3100,여비교통비_외근,2025-08-01,95100.0
RCPU2539,여비교통비_외근,2025-08-01,44700.0
RCPU2548,여비교통비_외근,2025-08-01,21600.0
RCPU2554,여비교통비_외근,2025-08-01,18500.0
RCST2509,여비교통비_외근,2025-08-01,97300.0
RTPU2557,여비교통비_외근,2025-08-01,74900.0
RROH3400,여비교통비_외근,2025-08-01,574840.0
RCPU2535,여비교통비_외근,2025-08-01,18800.0
RTOH3300,여비교통비_외근,2025-08-01,374700.0
RCPU2534,여비교통비_외근,2025-08-01,69400.0
RCPU2543,여비교통비_외근,2025-08-01,56800.0
RCPU2542,여비교통비_외근,2025-08-01,71100.0
RCPU2526,여비교통비_외근,2025-08-01,409900.0
RTPU2505,여비교통비_외근,2025-08-01,124800.0
RXPU2511,여비교통비_외근,2025-08-01,22600.0
RTPU2558,여비교통비_외근,2025-08-01,16000.0
RTPU2531,여비교통비_외근,2025-08-01,84400.0
RCPU2528,여비교통비_외근,2025-08-01,82400.0
RCPU2551,여비교통비_외근,2025-08-01,22800.0
RXST2501,여비교통비_외근,2025-08-01,94070.0
RCPU2525,여비교통비_외근,2025-08-01,33200.0
RCPU2546,여비교통비_외근,2025-08-01,192700.0
RTPU2516,여비교통비_외근,2025-08-01,620400.0
RCPU2519,여비교통비_외근,2025-08-01,169200.0
RTPU2561,여비교통비_외근,2025-08-01,11200.0
RCPU2524,여비교통비_외근,2025-08-01,81190.0
RTOH3300,여비교통비_국내출장,2025-08-01,82240.0
RIPU2501,여비교통비_국내출장,2025-08-01,241860.0
RCPU2519,여비교통비_국내출장,2025-08-01,1620530.0
RCST2509,여비교통비_국내출장,2025-08-01,84821.0
RROH3400,여비교통비_국내출장,2025-08-01,814491.0
RCPU2547,여비교통비_국내출장,2025-08-01,550000.0
RXPU2511,여비교통비_국내출장,2025-08-01,431458.0
RXST2501,여비교통비_국내출장,2025-08-01,63000.0
RTPU2516,여비교통비_국내출장,2025-08-01,321600.0
RTPU2534,여비교통비_국내출장,2025-08-01,76000.0
RXOH3200,여비교통비_국내출장,2025-08-01,-209500.0
RTPU2531,여비교통비_국내출장,2025-08-01,2514996.0
RCPU2526,여비교통비_국내출장,2025-08-01,174980.0
RROH3400,여비교통비_해외출장,2025-08-01,1041872.0
RTPU2550,여비교통비_해외출장,2025-08-01,3261791.0
RXPU2511,여비교통비_개인차량사용료,2025-08-01,20500.0
RXST2501,여비교통비_개인차량사용료,2025-08-01,477659.0
RIOH6100,여비교통비_개인차량사용료,2025-08-01,302375.0
RTOH3300,여비교통비_개인차량사용료,2025-08-01,819817.0
RROH3400,여비교통비_개인차량사용료,2025-08-01,2776493.0
RTPU2516,여비교통비_개인차량사용료,2025-08-01,600.0
RXOH3200,여비교통비_개인차량사용료,2025-08-01,469709.0
RTPU2557,여비교통비_개인차량사용료,2025-08-01,146500.0
RTPU2561,여비교통비_개인차량사용료,2025-08-01,54000.0
RXST2501,접대비,2025-08-01,232500.0
RROH3400,접대비,2025-08-01,4495310.0
RTOH3300,접대비,2025-08-01,837600.0
RTPU2548,접대비,2025-08-01,321000.0
RTPU2531,접대비,2025-08-01,262000.0
RTPU2550,통신비,2025-08-01,3400.0
RCPU2524,통신비,2025-08-01,93400.0
RCST2501,통신비,2025-08-01,31315.0
RCST2509,통신비,2025-08-01,40000.0
RCST2506,통신비,2025-08-01,88442.0
RXOH3200,통신비,2025-08-01,225456.0
RCOH3100,통신비,2025-08-01,112731.0
RROH3400,통신비,2025-08-01,65227.0
RXST2502,통신비,2025-08-01,70264.0
RTPU2552,통신비,2025-08-01,164930.0
RTPU2557,통신비,2025-08-01,4400.0
RCST2505,통신비,2025-08-01,34100.0
RIOH6100,통신비,2025-08-01,56365.0
RCST2502,통신비,2025-08-01,35000.0
RTOH3300,통신비,2025-08-01,99335.0
RCST2507,통신비,2025-08-01,35000.0
RXST2501,통신비,2025-08-01,195000.0
RRPM2504,수도광열비,2025-08-01,1676291.0
RRPM2501,수도광열비,2025-08-01,4545455.0
RCST2506,세금과공과_국민연금,2025-08-01,442710.0
RCOH3100,세금과공과_국민연금,2025-08-01,286650.0
RXOH3200,세금과공과_국민연금,2025-08-01,1812770.0
RXST2501,세금과공과_국민연금,2025-08-01,114750.0
RIOH6100,세금과공과_국민연금,2025-08-01,745410.0
RROH3400,세금과공과_국민연금,2025-08-01,2354610.0
RCST2507,세금과공과_국민연금,2025-08-01,323540.0
RTOH3300,세금과공과_국민연금,2025-08-01,2215740.0
RCST2509,세금과공과_국민연금,2025-08-01,244650.0
RROH3400,세금과공과_세금,2025-08-01,259468.0
RXOH3200,세금과공과_세금,2025-08-01,235879.0
RIOH6100,세금과공과_세금,2025-08-01,117940.0
RCOH3100,세금과공과_세금,2025-08-01,23588.0
RTOH3300,세금과공과_세금,2025-08-01,353820.0
RXOH3200,감가상각비,2025-08-01,74675.0
RROH3400,감가상각비,2025-08-01,91322.0
RXST2502,감가상각비,2025-08-01,3288268.0
RCST2506,감가상각비,2025-08-01,2622363.0
RCST2509,감가상각비,2025-08-01,2339036.0
RCST2507,감가상각비,2025-08-01,3645282.0
RXST2501,감가상각비,2025-08-01,5833969.0
RTOH3300,감가상각비,2025-08-01,189828.0
RXST2503,감가상각비,2025-08-01,4730991.0
RRPM2501,지급임차료_건물,2025-08-01,7.1476443E7
RIOH6100,지급임차료_창고,2025-08-01,655655.0
RTOH3300,지급임차료_창고,2025-08-01,3700000.0
RXOH3200,지급임차료_창고,2025-08-01,2250000.0
RCST2506,지급임차료_스테이션,2025-08-01,3194355.0
RRPM2402,지급임차료_기타,2025-08-01,4.7431719E7
RRPM2502,지급임차료_기타,2025-08-01,5.445E7
RROH3400,보험료_산재보험,2025-08-01,377830.0
RCST2509,보험료_산재보험,2025-08-01,32950.0
RTOH3300,보험료_산재보험,2025-08-01,287980.0
RCST2507,보험료_산재보험,2025-08-01,43770.0
RIOH6100,보험료_산재보험,2025-08-01,125180.0
RCST2506,보험료_산재보험,2025-08-01,68550.0
RCOH3100,보험료_산재보험,2025-08-01,79570.0
RCST2502,보험료_산재보험,2025-08-01,30600.0
RCST2501,보험료_산재보험,2025-08-01,-2650.0
RXOH3200,보험료_산재보험,2025-08-01,290240.0
RXST2501,보험료_산재보험,2025-08-01,15450.0
RCST2505,보험료_산재보험,2025-08-01,33570.0
RTOH3300,보험료_고용보험,2025-08-01,369250.0
RCST2509,보험료_고용보험,2025-08-01,82960.0
RXOH3200,보험료_고용보험,2025-08-01,532840.0
RCST2507,보험료_고용보험,2025-08-01,76840.0
RCOH3100,보험료_고용보험,2025-08-01,182240.0
RCST2506,보험료_고용보험,2025-08-01,128340.0
RCST2502,보험료_고용보험,2025-08-01,103360.0
RROH3400,보험료_고용보험,2025-08-01,-936890.0
RCST2501,보험료_고용보험,2025-08-01,-11270.0
RIOH6100,보험료_고용보험,2025-08-01,234810.0
RCST2505,보험료_고용보험,2025-08-01,113610.0
RXST2501,보험료_고용보험,2025-08-01,29320.0
RXST2501,보험료_프로젝트,2025-08-01,103534.0
RCPU2539,보험료_프로젝트,2025-08-01,398000.0
RTPU2557,보험료_프로젝트,2025-08-01,292000.0
RCPU2534,보험료_프로젝트,2025-08-01,191000.0
RCPU2526,보험료_프로젝트,2025-08-01,147333.0
RIPU2501,보험료_프로젝트,2025-08-01,825433.0
RXPU2511,보험료_프로젝트,2025-08-01,364000.0
RXPU2514,보험료_프로젝트,2025-08-01,2143.0
RCPU2519,보험료_프로젝트,2025-08-01,191000.0
RCPU2528,보험료_프로젝트,2025-08-01,211111.0
RCPU2524,보험료_프로젝트,2025-08-01,141581.0
RXST2502,보험료_프로젝트,2025-08-01,816800.0
RROH3400,보험료_기타,2025-08-01,265581.0
RXOH3200,차량유지비_유류대,2025-08-01,20000.0
RXST2501,차량유지비_기타,2025-08-01,5400.0
RXOH3200,차량유지비_기타,2025-08-01,17000.0
RCPU2546,운반비_사업본부,2025-08-01,1298000.0
RCPU2528,운반비_사업본부,2025-08-01,1180000.0
RIPU2501,운반비_사업본부,2025-08-01,400000.0
RCPU2519,운반비_사업본부,2025-08-01,1590000.0
RCPU2535,운반비_사업본부,2025-08-01,860000.0
RCST2509,운반비_사업본부,2025-08-01,451500.0
RIOH6100,운반비_사업본부,2025-08-01,361300.0
RROH3400,운반비_사업본부,2025-08-01,144300.0
RCPU2539,운반비_사업본부,2025-08-01,220000.0
RCPU2533,운반비_사업본부,2025-08-01,1750000.0
RCCP2518,운반비_사업본부,2025-08-01,150000.0
RXOH3200,운반비_사업본부,2025-08-01,387900.0
RCPU2551,운반비_사업본부,2025-08-01,6200000.0
RCPU2529,운반비_사업본부,2025-08-01,400000.0
RCPU2526,운반비_사업본부,2025-08-01,840000.0
RCST2507,운반비_사업본부,2025-08-01,68000.0
RTPU2516,운반비_사업본부,2025-08-01,5958500.0
RCPU2534,운반비_사업본부,2025-08-01,629300.0
RCST2501,운반비_사업본부,2025-08-01,130000.0
RTPU2555,운반비_사업본부,2025-08-01,14000.0
RCPU2524,운반비_사업본부,2025-08-01,580000.0
RTPU2552,운반비_사업본부,2025-08-01,104000.0
RCST2506,운반비_사업본부,2025-08-01,42000.0
RTPU2531,운반비_사업본부,2025-08-01,3907000.0
RTPU2557,운반비_사업본부,2025-08-01,542000.0
RCPU2519,도서인쇄비_행사출력물,2025-08-01,521000.0
RIPU2501,도서인쇄비_행사출력물,2025-08-01,79400.0
RTPU2516,도서인쇄비_행사출력물,2025-08-01,62000.0
RXST2501,도서인쇄비_행사출력물,2025-08-01,15400.0
RCPU2526,도서인쇄비_행사출력물,2025-08-01,434871.0
RROH3400,도서인쇄비_행사출력물,2025-08-01,4900.0
RTOH3300,도서인쇄비_행사출력물,2025-08-01,33600.0
RCPU2524,도서인쇄비_행사출력물,2025-08-01,445.0
RXPU2511,도서인쇄비_행사출력물,2025-08-01,1309000.0
RCPU2534,도서인쇄비_행사출력물,2025-08-01,2726.0
RTPU2531,도서인쇄비_행사출력물,2025-08-01,142000.0
RIPU2509,도서인쇄비_행사출력물,2025-08-01,632000.0
RXPU2511,소모품비_본사,2025-08-01,20909.0
RIOH6100,소모품비_본사,2025-08-01,18000.0
RXOH3200,소모품비_본사,2025-08-01,17909.0
RROH3400,소모품비_본사,2025-08-01,11818.0
RCST2507,소모품비_현장,2025-08-01,60636.0
RXST2501,소모품비_현장,2025-08-01,397564.0
RCPU2524,소모품비_현장,2025-08-01,15454.0
RIPU2509,소모품비_현장,2025-08-01,288998.0
RCPU2529,소모품비_현장,2025-08-01,-58182.0
RCST2506,소모품비_현장,2025-08-01,639662.0
RXST2502,소모품비_현장,2025-08-01,673716.0
RTPU2516,소모품비_현장,2025-08-01,5163160.0
RCST2509,소모품비_현장,2025-08-01,439226.0
RTPU2561,소모품비_현장,2025-08-01,3670000.0
RTPU2531,소모품비_현장,2025-08-01,561596.0
RTPU2534,소모품비_현장,2025-08-01,8454.0
RXOH3200,소모품비_현장,2025-08-01,172909.0
RCPU2526,소모품비_현장,2025-08-01,7253873.0
RCPU2539,소모품비_현장,2025-08-01,5903436.0
RCPU2548,소모품비_현장,2025-08-01,612781.0
RCPU2534,소모품비_현장,2025-08-01,287149.0
RCPU2533,소모품비_현장,2025-08-01,175217.0
RIPU2501,소모품비_현장,2025-08-01,357435.0
RCPU2535,소모품비_현장,2025-08-01,21998.0
RXPU2511,소모품비_현장,2025-08-01,2668069.0
RTOH3300,소모품비_현장,2025-08-01,95453.0
RTPU2557,소모품비_현장,2025-08-01,2852746.0
RCPU2519,소모품비_현장,2025-08-01,3153370.0
RCPU2528,소모품비_현장,2025-08-01,141223.0
RIPU2510,소모품비_현장,2025-08-01,12281.0
RCPU2546,소모품비_현장,2025-08-01,1129456.0
RTPU2550,소모품비_현장,2025-08-01,590471.0
RROH3400,소모품비_현장,2025-08-01,92000.0
RXST2503,소모품비_현장,2025-08-01,3966418.0
RXST2502,소모품비_기타,2025-08-01,1698600.0
RXST2503,소모품비_기타,2025-08-01,2487273.0
RXPU2511,지급수수료_운영인건비,2025-08-01,1100000.0
RCST2509,지급수수료_운영인건비,2025-08-01,80000.0
RIPU2509,지급수수료_운영인건비,2025-08-01,120000.0
RCPU2546,지급수수료_운영인건비,2025-08-01,7111252.0
RCPU2533,지급수수료_운영인건비,2025-08-01,6331925.0
RTPU2560,지급수수료_운영인건비,2025-08-01,900000.0
RCST2505,지급수수료_운영인건비,2025-08-01,1203600.0
RCPU2534,지급수수료_운영인건비,2025-08-01,7689500.0
RCPU2535,지급수수료_운영인건비,2025-08-01,4489400.0
RCPU2528,지급수수료_운영인건비,2025-08-01,6060000.0
RCPU2526,지급수수료_운영인건비,2025-08-01,168000.0
RCPU2524,지급수수료_운영인건비,2025-08-01,2.144E7
RCPU2519,지급수수료_운영인건비,2025-08-01,1.3308E7
RRPM2402,지급수수료_도급인건비,2025-08-01,600000.0
RCPU2526,지급수수료_도급인건비,2025-08-01,1.2560854E7
RIPU2509,지급수수료_도급인건비,2025-08-01,4700000.0
RRPM2401,지급수수료_도급인건비,2025-08-01,2.32718E7
RTPU2557,지급수수료_도급인건비,2025-08-01,1.31525E7
RCPU2539,지급수수료_도급인건비,2025-08-01,2.5404563E7
RIPU2508,지급수수료_도급인건비,2025-08-01,1.71E7
RTPU2553,지급수수료_디자인,2025-08-01,1500000.0
RTPU2552,지급수수료_디자인,2025-08-01,4000000.0
RTPU2519,지급수수료_디자인,2025-08-01,500000.0
RIPU2501,지급수수료_디자인,2025-08-01,4733000.0
RXST2503,지급수수료_디자인,2025-08-01,454545.0
RIPU2507,지급수수료_디자인,2025-08-01,6000000.0
RTPU2531,지급수수료_디자인,2025-08-01,4500000.0
RIPU2508,지급수수료_디자인,2025-08-01,2500000.0
RTPU2555,지급수수료_디자인,2025-08-01,3000000.0
RIOH6100,지급수수료_디자인,2025-08-01,15644.0
RTPU2557,지급수수료_디자인,2025-08-01,5000000.0
RTPU2545,지급수수료_디자인,2025-08-01,3500000.0
RTPU2568,지급수수료_디자인,2025-08-01,1500000.0
RCST2506,지급수수료_서비스이용료,2025-08-01,34000.0
RXST2503,지급수수료_서비스이용료,2025-08-01,20454.0
RTPU2518,지급수수료_서비스이용료,2025-08-01,635930.0
RXPU2511,지급수수료_서비스이용료,2025-08-01,1960000.0
RTOH3300,지급수수료_서비스이용료,2025-08-01,110715.0
RXPU2514,지급수수료_서비스이용료,2025-08-01,158400.0
RCST2509,지급수수료_서비스이용료,2025-08-01,18000.0
RROH3400,지급수수료_서비스이용료,2025-08-01,400.0
RXOH3200,지급수수료_서비스이용료,2025-08-01,59483.0
RCST2505,지급수수료_공간수수료,2025-08-01,-14773.0
RXPU2511,지급수수료_공간수수료,2025-08-01,600000.0
RCST2507,지급수수료_공간수수료,2025-08-01,4544729.0
RCST2506,지급수수료_공간수수료,2025-08-01,1.8159206E7
RTPU2552,지급수수료_공간수수료,2025-08-01,2640.0
RCPU2536,지급수수료_공간수수료,2025-08-01,2.52E7
RCST2509,지급수수료_공간수수료,2025-08-01,2043286.0
RTPU2560,지급수수료_공간수수료,2025-08-01,9090909.0
RCPU2528,지급수수료_시공,2025-08-01,6.1164206E7
RIPU2507,지급수수료_시공,2025-08-01,1.2E8
RXST2503,지급수수료_시공,2025-08-01,381818.0
RCPU2533,지급수수료_시공,2025-08-01,2.678E7
RRPM2402,지급수수료_시공,2025-08-01,130000.0
RCPU2535,지급수수료_시공,2025-08-01,1.1286E7
RCPU2539,지급수수료_시공,2025-08-01,4.08E7
RCPU2534,지급수수료_시공,2025-08-01,1.987E7
RTPU2545,지급수수료_시공,2025-08-01,2.078E7
RTPU2531,지급수수료_시공,2025-08-01,4.83E7
RCPU2524,지급수수료_시공,2025-08-01,8.78E7
RTPU2552,지급수수료_시공,2025-08-01,3.4E7
RTPU2519,지급수수료_시공,2025-08-01,735000.0
RTPU2557,지급수수료_시공,2025-08-01,9575000.0
RROH3400,지급수수료_광고비,2025-08-01,1725000.0
RIPU2508,지급수수료_물품대여,2025-08-01,300000.0
RCPU2534,지급수수료_물품대여,2025-08-01,418000.0
RTPU2552,지급수수료_물품대여,2025-08-01,522727.0
RXPU2511,지급수수료_물품대여,2025-08-01,2659091.0
RCPU2526,지급수수료_물품대여,2025-08-01,1939000.0
RCCP2507,지급수수료_물품대여,2025-08-01,-100000.0
RCPU2519,지급수수료_물품대여,2025-08-01,5050000.0
RCPU2548,지급수수료_물품대여,2025-08-01,3010000.0
RTPU2561,지급수수료_물품대여,2025-08-01,1.1145E7
RCPU2547,지급수수료_물품대여,2025-08-01,1670000.0
RIPU2510,지급수수료_물품대여,2025-08-01,445455.0
RTPU2550,지급수수료_물품대여,2025-08-01,3700000.0
RCPU2524,지급수수료_물품대여,2025-08-01,20000.0
RTPU2557,지급수수료_물품대여,2025-08-01,6719000.0
RCPU2539,지급수수료_물품대여,2025-08-01,9286727.0
RCPU2546,지급수수료_물품대여,2025-08-01,1961000.0
RTPU2550,지급수수료_제작비,2025-08-01,2500000.0
RTPU2561,지급수수료_제작비,2025-08-01,1200000.0
RCPU2519,지급수수료_제작비,2025-08-01,9.0901E7
RCPU2526,지급수수료_제작비,2025-08-01,624000.0
RIPU2510,지급수수료_제작비,2025-08-01,6250000.0
RTPU2552,지급수수료_제작비,2025-08-01,820000.0
RIPU2501,지급수수료_제작비,2025-08-01,2.6625E7
RTPU2531,지급수수료_제작비,2025-08-01,5000000.0
RCST2509,지급수수료_카드수수료,2025-08-01,19845.0
RCST2506,지급수수료_카드수수료,2025-08-01,414495.0
RCST2507,지급수수료_카드수수료,2025-08-01,38492.0
RXST2501,지급수수료_Working Tool,2025-08-01,734896.0
RXST2503,지급수수료_기타,2025-08-01,3483442.0
RCOH3100,지급수수료_기타,2025-08-01,15640.0
RXPU2511,지급수수료_기타,2025-08-01,330000.0
RXST2501,지급수수료_기타,2025-08-01,7751654.0
RCST2507,지급수수료_기타,2025-08-01,148467.0
RXOH3200,지급수수료_기타,2025-08-01,10000.0
RIOH6100,지급수수료_기타,2025-08-01,10000.0
RCPU2547,지급수수료_기타,2025-08-01,240000.0
RRPM2502,지급수수료_기타,2025-08-01,2750000.0
RRPM2402,지급수수료_기타,2025-08-01,1900000.0
RCPU2546,지급수수료_기타,2025-08-01,717421.0
RROH3400,지급수수료_기타,2025-08-01,5000.0
RCPU2548,지급수수료_기타,2025-08-01,589545.0
RCPU2536,지급수수료_기타,2025-08-01,3600000.0
RXST2502,지급수수료_기타,2025-08-01,2296340.0
RXOH3200,지급수수료_티켓,2025-08-01,20000.0
RCOH3100,직원급여_본사,2025-09-01,9860010.0
RROH3400,직원급여_본사,2025-09-01,7.198937E7
RXOH3200,직원급여_본사,2025-09-01,4.27001E7
RXST2501,직원급여_본사,2025-09-01,3333350.0
RIOH6100,직원급여_본사,2025-09-01,2.060562E7
RTOH3300,직원급여_본사,2025-09-01,5.764045E7
RCST2506,직원급여_매장,2025-09-01,1.205033E7
RCST2507,직원급여_매장,2025-09-01,7811070.0
RROH3400,상여금,2025-09-01,6.5989363E7
RTOH3300,잡급,2025-09-01,5551606.0
RCST2501,복리후생비_건강보험,2025-09-01,41160.0
RXOH3200,복리후생비_건강보험,2025-09-01,2001810.0
RCST2507,복리후생비_건강보험,2025-09-01,292650.0
RCST2509,복리후생비_건강보험,2025-09-01,-175780.0
RXST2501,복리후생비_건강보험,2025-09-01,102090.0
RCOH3100,복리후생비_건강보험,2025-09-01,718820.0
RCST2506,복리후생비_건강보험,2025-09-01,541440.0
RROH3400,복리후생비_건강보험,2025-09-01,2513020.0
RTOH3300,복리후생비_건강보험,2025-09-01,2584940.0
RIOH6100,복리후생비_건강보험,2025-09-01,597310.0
RCPU2554,복리후생비_식음료대,2025-09-01,20453.0
RIPU2516,복리후생비_식음료대,2025-09-01,390271.0
RTPU2562,복리후생비_식음료대,2025-09-01,85998.0
RCPU2536,복리후생비_식음료대,2025-09-01,704156.0
RXPU2513,복리후생비_식음료대,2025-09-01,89599.0
RTPU2560,복리후생비_식음료대,2025-09-01,231763.0
RTPU2561,복리후생비_식음료대,2025-09-01,179598.0
RCPU2549,복리후생비_식음료대,2025-09-01,820881.0
RXST2502,복리후생비_식음료대,2025-09-01,45500.0
RROH3400,복리후생비_식음료대,2025-09-01,4611205.0
RCPU2539,복리후생비_식음료대,2025-09-01,37544.0
RIOH6100,복리후생비_식음료대,2025-09-01,880562.0
RTPU2568,복리후생비_식음료대,2025-09-01,34545.0
RCPU2548,복리후생비_식음료대,2025-09-01,908021.0
RCPU2550,복리후생비_식음료대,2025-09-01,4727.0
RXST2505,복리후생비_식음료대,2025-09-01,169669.0
RTOH3300,복리후생비_식음료대,2025-09-01,3246635.0
RTPU2550,복리후생비_식음료대,2025-09-01,10090.0
RIPU2510,복리후생비_식음료대,2025-09-01,104998.0
RTPU2570,복리후생비_식음료대,2025-09-01,56363.0
RIPU2515,복리후생비_식음료대,2025-09-01,16363.0
RCPU2544,복리후생비_식음료대,2025-09-01,27273.0
RIPU2518,복리후생비_식음료대,2025-09-01,29999.0
RTPU2569,복리후생비_식음료대,2025-09-01,15400.0
RTPU2534,복리후생비_식음료대,2025-09-01,642492.0
RTPU2564,복리후생비_식음료대,2025-09-01,16026.0
RCST2507,복리후생비_식음료대,2025-09-01,9090.0
RCPU2542,복리후생비_식음료대,2025-09-01,166359.0
RXPU2514,복리후생비_식음료대,2025-09-01,160815.0
RCPU2526,복리후생비_식음료대,2025-09-01,89407.0
RTPU2516,복리후생비_식음료대,2025-09-01,249634.0
RIPU2512,복리후생비_식음료대,2025-09-01,48635.0
RXOH3200,복리후생비_식음료대,2025-09-01,1240314.0
RCOH3100,복리후생비_식음료대,2025-09-01,336951.0
RCPU2547,복리후생비_식음료대,2025-09-01,1499497.0
RCPU2543,복리후생비_식음료대,2025-09-01,52544.0
RTPU2567,복리후생비_식음료대,2025-09-01,15272.0
RXST2501,복리후생비_식음료대,2025-09-01,555415.0
RCST2506,복리후생비_식음료대,2025-09-01,160308.0
RXST2504,복리후생비_식음료대,2025-09-01,482568.0
RTPU2558,복리후생비_식음료대,2025-09-01,29999.0
RTPU2572,복리후생비_식음료대,2025-09-01,2454.0
RTPU2565,복리후생비_식음료대,2025-09-01,117663.0
RTPU2505,복리후생비_식음료대,2025-09-01,35309.0
RCPU2560,복리후생비_식음료대,2025-09-01,22636.0
RCPU2553,복리후생비_식음료대,2025-09-01,271596.0
RIPU2501,복리후생비_식음료대,2025-09-01,12000.0
RXPU2515,복리후생비_식음료대,2025-09-01,28909.0
RCPU2519,복리후생비_식음료대,2025-09-01,23272.0
RCPU2540,복리후생비_식음료대,2025-09-01,106961.0
RXST2503,복리후생비_식음료대,2025-09-01,103372.0
RCPU2548,복리후생비_회식대,2025-09-01,67185.0
RCOH3100,복리후생비_회식대,2025-09-01,688545.0
RTOH3300,복리후생비_회식대,2025-09-01,156363.0
RROH3400,복리후생비_회식대,2025-09-01,33400.0
RXOH3200,복리후생비_회식대,2025-09-01,124545.0
RTOH3300,복리후생비_기타,2025-09-01,1677176.0
RROH3400,복리후생비_기타,2025-09-01,1046758.0
RIOH6100,복리후생비_기타,2025-09-01,745411.0
RCOH3100,복리후생비_기타,2025-09-01,223464.0
RXOH3200,복리후생비_기타,2025-09-01,993764.0
RXST2501,여비교통비_야근,2025-09-01,201300.0
RTPU2516,여비교통비_야근,2025-09-01,95600.0
RTPU2556,여비교통비_야근,2025-09-01,78400.0
RCPU2548,여비교통비_야근,2025-09-01,136700.0
RXPU2511,여비교통비_야근,2025-09-01,57100.0
RTPU2570,여비교통비_야근,2025-09-01,53200.0
RCPU2544,여비교통비_야근,2025-09-01,52500.0
RTPU2560,여비교통비_야근,2025-09-01,19600.0
RIPU2512,여비교통비_야근,2025-09-01,60620.0
RIPU2510,여비교통비_야근,2025-09-01,38400.0
RTPU2554,여비교통비_야근,2025-09-01,16200.0
RCPU2539,여비교통비_야근,2025-09-01,29700.0
RCPU2547,여비교통비_야근,2025-09-01,187500.0
RTPU2565,여비교통비_야근,2025-09-01,66900.0
RROH3400,여비교통비_야근,2025-09-01,53300.0
RCPU2555,여비교통비_야근,2025-09-01,92700.0
RIPU2516,여비교통비_야근,2025-09-01,75800.0
RTPU2561,여비교통비_야근,2025-09-01,71200.0
RCPU2549,여비교통비_야근,2025-09-01,245700.0
RIPU2520,여비교통비_야근,2025-09-01,22900.0
RTPU2572,여비교통비_야근,2025-09-01,16800.0
RCPU2553,여비교통비_야근,2025-09-01,58600.0
RTPU2569,여비교통비_야근,2025-09-01,87000.0
RCPU2542,여비교통비_야근,2025-09-01,82300.0
RCOH3100,여비교통비_야근,2025-09-01,77500.0
RCPU2526,여비교통비_야근,2025-09-01,84000.0
RXST2505,여비교통비_야근,2025-09-01,89400.0
RTOH3300,여비교통비_야근,2025-09-01,309260.0
RIOH6100,여비교통비_야근,2025-09-01,101700.0
RTPU2545,여비교통비_야근,2025-09-01,62600.0
RXST2503,여비교통비_야근,2025-09-01,62500.0
RXST2504,여비교통비_야근,2025-09-01,123700.0
RXPU2515,여비교통비_야근,2025-09-01,61000.0
RCST2506,여비교통비_야근,2025-09-01,21100.0
RCPU2540,여비교통비_야근,2025-09-01,92600.0
RCPU2543,여비교통비_야근,2025-09-01,16500.0
RTPU2534,여비교통비_야근,2025-09-01,22000.0
RCPU2536,여비교통비_야근,2025-09-01,356800.0
RCPU2547,여비교통비_외근,2025-09-01,120200.0
RXST2503,여비교통비_외근,2025-09-01,20000.0
RTPU2561,여비교통비_외근,2025-09-01,186100.0
RIPU2517,여비교통비_외근,2025-09-01,17300.0
RTPU2550,여비교통비_외근,2025-09-01,26400.0
RXPU2515,여비교통비_외근,2025-09-01,66000.0
RIPU2510,여비교통비_외근,2025-09-01,83400.0
RCPU2559,여비교통비_외근,2025-09-01,5700.0
RIPU2512,여비교통비_외근,2025-09-01,12500.0
RCPU2540,여비교통비_외근,2025-09-01,98100.0
RTPU2572,여비교통비_외근,2025-09-01,30600.0
RIPU2515,여비교통비_외근,2025-09-01,6600.0
RCPU2550,여비교통비_외근,2025-09-01,19500.0
RTPU2569,여비교통비_외근,2025-09-01,27000.0
RCPU2544,여비교통비_외근,2025-09-01,16300.0
RCPU2561,여비교통비_외근,2025-09-01,66000.0
RCPU2548,여비교통비_외근,2025-09-01,317250.0
RXST2504,여비교통비_외근,2025-09-01,55600.0
RTPU2505,여비교통비_외근,2025-09-01,84100.0
RTPU2545,여비교통비_외근,2025-09-01,15700.0
RIPU2516,여비교통비_외근,2025-09-01,37800.0
RXPU2514,여비교통비_외근,2025-09-01,218420.0
RXOH3200,여비교통비_외근,2025-09-01,26000.0
RXST2501,여비교통비_외근,2025-09-01,72660.0
RTOH3300,여비교통비_외근,2025-09-01,636060.0
RCPU2542,여비교통비_외근,2025-09-01,18100.0
RTPU2534,여비교통비_외근,2025-09-01,84800.0
RTPU2516,여비교통비_외근,2025-09-01,58500.0
RCPU2560,여비교통비_외근,2025-09-01,32000.0
RCPU2553,여비교통비_외근,2025-09-01,57700.0
RCPU2555,여비교통비_외근,2025-09-01,86900.0
RCPU2519,여비교통비_외근,2025-09-01,40700.0
RIOH6100,여비교통비_외근,2025-09-01,49100.0
RCPU2549,여비교통비_외근,2025-09-01,147700.0
RCPU2526,여비교통비_외근,2025-09-01,29900.0
RIPU2507,여비교통비_외근,2025-09-01,99320.0
RCST2506,여비교통비_외근,2025-09-01,5200.0
RCOH3100,여비교통비_외근,2025-09-01,122460.0
RTPU2560,여비교통비_외근,2025-09-01,68000.0
RCPU2554,여비교통비_외근,2025-09-01,45900.0
RIPU2518,여비교통비_외근,2025-09-01,65000.0
RROH3400,여비교통비_외근,2025-09-01,1198200.0
RCPU2536,여비교통비_외근,2025-09-01,156600.0
RTPU2531,여비교통비_외근,2025-09-01,77140.0
RCPU2558,여비교통비_외근,2025-09-01,28500.0
RTPU2567,여비교통비_외근,2025-09-01,92100.0
RTPU2505,여비교통비_국내출장,2025-09-01,365600.0
RXST2504,여비교통비_국내출장,2025-09-01,83900.0
RTPU2516,여비교통비_국내출장,2025-09-01,26600.0
RROH3400,여비교통비_국내출장,2025-09-01,233650.0
RCPU2519,여비교통비_국내출장,2025-09-01,150400.0
RTPU2569,여비교통비_국내출장,2025-09-01,5256363.0
RIPU2517,여비교통비_국내출장,2025-09-01,473200.0
RCPU2536,여비교통비_국내출장,2025-09-01,180000.0
RXST2501,여비교통비_국내출장,2025-09-01,83900.0
RTPU2534,여비교통비_국내출장,2025-09-01,4151154.0
RXST2503,여비교통비_국내출장,2025-09-01,83900.0
RTOH3300,여비교통비_국내출장,2025-09-01,772206.0
RIPU2510,여비교통비_국내출장,2025-09-01,273870.0
RTPU2562,여비교통비_개인차량사용료,2025-09-01,47000.0
RIOH6100,여비교통비_개인차량사용료,2025-09-01,382886.0
RROH3400,여비교통비_개인차량사용료,2025-09-01,2314061.0
RTPU2567,여비교통비_개인차량사용료,2025-09-01,15600.0
RIPU2517,여비교통비_개인차량사용료,2025-09-01,12000.0
RXST2503,여비교통비_개인차량사용료,2025-09-01,3000.0
RCPU2553,여비교통비_개인차량사용료,2025-09-01,1206.0
RXST2504,여비교통비_개인차량사용료,2025-09-01,8800.0
RXST2501,여비교통비_개인차량사용료,2025-09-01,398259.0
RXST2505,여비교통비_개인차량사용료,2025-09-01,13000.0
RIPU2501,여비교통비_개인차량사용료,2025-09-01,15000.0
RCPU2561,여비교통비_개인차량사용료,2025-09-01,5000.0
RXOH3200,여비교통비_개인차량사용료,2025-09-01,227309.0
RCPU2555,여비교통비_개인차량사용료,2025-09-01,3671.0
RTOH3300,여비교통비_개인차량사용료,2025-09-01,596273.0
RTPU2559,여비교통비_개인차량사용료,2025-09-01,7800.0
RCPU2548,여비교통비_개인차량사용료,2025-09-01,11601.0
RIPU2510,여비교통비_개인차량사용료,2025-09-01,13200.0
RXPU2514,여비교통비_개인차량사용료,2025-09-01,27000.0
RTPU2558,여비교통비_개인차량사용료,2025-09-01,25000.0
RCPU2547,여비교통비_개인차량사용료,2025-09-01,20000.0
RXPU2513,여비교통비_개인차량사용료,2025-09-01,20000.0
RTPU2534,여비교통비_개인차량사용료,2025-09-01,25500.0
RTPU2564,여비교통비_개인차량사용료,2025-09-01,20000.0
RCPU2549,여비교통비_개인차량사용료,2025-09-01,1206.0
RCPU2555,여비교통비_기타,2025-09-01,900.0
RXOH3200,접대비,2025-09-01,850899.0
RXST2504,접대비,2025-09-01,94810.0
RXST2502,접대비,2025-09-01,89100.0
RCPU2560,접대비,2025-09-01,90456.0
RIPU2510,접대비,2025-09-01,226500.0
RTOH3300,접대비,2025-09-01,802500.0
RTPU2554,접대비,2025-09-01,209000.0
RXST2503,접대비,2025-09-01,141550.0
RROH3400,접대비,2025-09-01,7727300.0
RCOH3100,통신비,2025-09-01,117011.0
RCST2507,통신비,2025-09-01,35000.0
RROH3400,통신비,2025-09-01,94220.0
RCST2501,통신비,2025-09-01,20000.0
RXST2501,통신비,2025-09-01,180000.0
RCST2506,통신비,2025-09-01,92041.0
RXOH3200,통신비,2025-09-01,225456.0
RXST2502,통신비,2025-09-01,40000.0
RCST2509,통신비,2025-09-01,15400.0
RCST2502,통신비,2025-09-01,35000.0
RTOH3300,통신비,2025-09-01,95455.0
RCPU2539,통신비,2025-09-01,176000.0
RTPU2560,통신비,2025-09-01,909084.0
RIOH6100,통신비,2025-09-01,56365.0
RXST2503,통신비,2025-09-01,109436.0
RXOH3200,수도광열비,2025-09-01,2260.0
RRPM2501,수도광열비,2025-09-01,4545455.0
RRPM2504,수도광열비,2025-09-01,1971356.0
RTOH3300,세금과공과_국민연금,2025-09-01,2436600.0
RXOH3200,세금과공과_국민연금,2025-09-01,1812770.0
RXST2501,세금과공과_국민연금,2025-09-01,114750.0
RIOH6100,세금과공과_국민연금,2025-09-01,505290.0
RCST2507,세금과공과_국민연금,2025-09-01,323540.0
RROH3400,세금과공과_국민연금,2025-09-01,2354610.0
RCOH3100,세금과공과_국민연금,2025-09-01,286650.0
RCST2506,세금과공과_국민연금,2025-09-01,581310.0
RXOH3200,세금과공과_세금,2025-09-01,299897.0
RROH3400,세금과공과_세금,2025-09-01,329887.0
RXST2501,세금과공과_세금,2025-09-01,62500.0
RIOH6100,세금과공과_세금,2025-09-01,179939.0
RCOH3100,세금과공과_세금,2025-09-01,29990.0
RTOH3300,세금과공과_세금,2025-09-01,449846.0
RRPM2504,세금과공과_세금,2025-09-01,54000.0
RCST2506,감가상각비,2025-09-01,2622363.0
RCST2507,감가상각비,2025-09-01,3645282.0
RXST2502,감가상각비,2025-09-01,3288268.0
RTOH3300,감가상각비,2025-09-01,189828.0
RXST2503,감가상각비,2025-09-01,5078808.0
RROH3400,감가상각비,2025-09-01,91323.0
RXST2504,감가상각비,2025-09-01,1708333.0
RRPM2504,감가상각비,2025-09-01,447242.0
RXOH3200,감가상각비,2025-09-01,74674.0
RXST2501,감가상각비,2025-09-01,5833969.0
RRPM2501,지급임차료_건물,2025-09-01,2.3056916E7
RTOH3300,지급임차료_창고,2025-09-01,3700000.0
RIOH6100,지급임차료_창고,2025-09-01,655655.0
RXOH3200,지급임차료_창고,2025-09-01,2250000.0
RCST2506,지급임차료_스테이션,2025-09-01,2262655.0
RRPM2502,지급임차료_기타,2025-09-01,4.95E7
RRPM2501,지급임차료_기타,2025-09-01,1.5E8
RRPM2402,지급임차료_기타,2025-09-01,5.70276E7
RRPM2506,지급임차료_기타,2025-09-01,6000000.0
RCST2507,보험료_산재보험,2025-09-01,43770.0
RXST2501,보험료_산재보험,2025-09-01,15450.0
RCOH3100,보험료_산재보험,2025-09-01,79570.0
RCST2501,보험료_산재보험,2025-09-01,3150.0
RROH3400,보험료_산재보험,2025-09-01,400350.0
RTOH3300,보험료_산재보험,2025-09-01,387700.0
RCST2509,보험료_산재보험,2025-09-01,15600.0
RIOH6100,보험료_산재보험,2025-09-01,112310.0
RCST2506,보험료_산재보험,2025-09-01,78700.0
RXOH3200,보험료_산재보험,2025-09-01,285300.0
RTOH3300,보험료_고용보험,2025-09-01,653490.0
RXOH3200,보험료_고용보험,2025-09-01,525120.0
RCST2507,보험료_고용보험,2025-09-01,81390.0
RCOH3100,보험료_고용보험,2025-09-01,182240.0
RCST2501,보험료_고용보험,2025-09-01,10500.0
RROH3400,보험료_고용보험,2025-09-01,89970.0
RCST2506,보험료_고용보험,2025-09-01,163270.0
RCST2509,보험료_고용보험,2025-09-01,52900.0
RXST2501,보험료_고용보험,2025-09-01,24070.0
RIOH6100,보험료_고용보험,2025-09-01,161520.0
RCPU2536,보험료_프로젝트,2025-09-01,962000.0
RCPU2526,보험료_프로젝트,2025-09-01,73668.0
RIPU2510,보험료_프로젝트,2025-09-01,2444000.0
RIPU2501,보험료_프로젝트,2025-09-01,209767.0
RTPU2562,보험료_프로젝트,2025-09-01,871000.0
RRPM2504,보험료_프로젝트,2025-09-01,3948.0
RTPU2561,보험료_프로젝트,2025-09-01,906000.0
RXST2501,보험료_프로젝트,2025-09-01,514990.0
RXPU2514,보험료_프로젝트,2025-09-01,17295.0
RIPU2518,보험료_프로젝트,2025-09-01,817000.0
RCPU2553,보험료_프로젝트,2025-09-01,392000.0
RROH3400,보험료_기타,2025-09-01,257014.0
RXST2504,차량유지비_유류대,2025-09-01,15000.0
RXOH3200,차량유지비_유류대,2025-09-01,150000.0
RXST2502,차량유지비_유류대,2025-09-01,20000.0
RCPU2549,차량유지비_유류대,2025-09-01,90000.0
RTPU2516,차량유지비_유류대,2025-09-01,40000.0
RCPU2553,차량유지비_유류대,2025-09-01,67000.0
RXST2501,차량유지비_유류대,2025-09-01,30000.0
RCST2506,차량유지비_기타,2025-09-01,2600.0
RCPU2544,차량유지비_기타,2025-09-01,18000.0
RCPU2536,차량유지비_기타,2025-09-01,17000.0
RXPU2515,차량유지비_기타,2025-09-01,7500.0
RCPU2526,차량유지비_기타,2025-09-01,40000.0
RCPU2548,운반비_사업본부,2025-09-01,2520000.0
RTPU2558,운반비_사업본부,2025-09-01,14000.0
RXOH3200,운반비_사업본부,2025-09-01,1338300.0
RTPU2561,운반비_사업본부,2025-09-01,1854000.0
RCPU2546,운반비_사업본부,2025-09-01,640000.0
RTPU2523,운반비_사업본부,2025-09-01,205000.0
RCPU2536,운반비_사업본부,2025-09-01,260000.0
RCPU2547,운반비_사업본부,2025-09-01,306000.0
RCPU2539,운반비_사업본부,2025-09-01,280000.0
RCST2506,운반비_사업본부,2025-09-01,73000.0
RTPU2550,운반비_사업본부,2025-09-01,2762630.0
RCST2507,운반비_사업본부,2025-09-01,57000.0
RIOH6100,운반비_사업본부,2025-09-01,306900.0
RTPU2560,운반비_사업본부,2025-09-01,279000.0
RCPU2549,운반비_사업본부,2025-09-01,286000.0
RTPU2562,운반비_사업본부,2025-09-01,331000.0
RTPU2531,운반비_사업본부,2025-09-01,4900000.0
RROH3400,운반비_사업본부,2025-09-01,145200.0
RTPU2516,운반비_사업본부,2025-09-01,4200000.0
RTPU2534,운반비_사업본부,2025-09-01,1808700.0
RCPU2553,운반비_사업본부,2025-09-01,130000.0
RCPU2526,운반비_사업본부,2025-09-01,130000.0
RTPU2555,운반비_사업본부,2025-09-01,14000.0
RCPU2540,운반비_사업본부,2025-09-01,300000.0
RTPU2571,운반비_사업본부,2025-09-01,8000.0
RXST2503,도서인쇄비_행사출력물,2025-09-01,36410.0
RTPU2563,도서인쇄비_행사출력물,2025-09-01,1476477.0
RXPU2514,도서인쇄비_행사출력물,2025-09-01,22600.0
RTOH3300,도서인쇄비_행사출력물,2025-09-01,33000.0
RTPU2534,도서인쇄비_행사출력물,2025-09-01,2272.0
RCST2507,도서인쇄비_행사출력물,2025-09-01,244000.0
RTPU2550,도서인쇄비_행사출력물,2025-09-01,45000.0
RCPU2536,도서인쇄비_행사출력물,2025-09-01,30000.0
RCST2506,도서인쇄비_행사출력물,2025-09-01,355000.0
RXST2502,도서인쇄비_행사출력물,2025-09-01,17757.0
RTPU2560,도서인쇄비_행사출력물,2025-09-01,97000.0
RXST2501,도서인쇄비_행사출력물,2025-09-01,105000.0
RIPU2518,도서인쇄비_행사출력물,2025-09-01,3260727.0
RCPU2526,도서인쇄비_행사출력물,2025-09-01,4090.0
RIPU2510,도서인쇄비_행사출력물,2025-09-01,614600.0
RXST2504,도서인쇄비_행사출력물,2025-09-01,126500.0
RCPU2554,도서인쇄비_행사출력물,2025-09-01,254545.0
RTPU2572,도서인쇄비_행사출력물,2025-09-01,87000.0
RROH3400,도서인쇄비_행사출력물,2025-09-01,100000.0
RIOH6100,소모품비_본사,2025-09-01,61526.0
RIPU2507,소모품비_본사,2025-09-01,13818.0
RCPU2549,소모품비_현장,2025-09-01,876803.0
RCPU2542,소모품비_현장,2025-09-01,1.557861E7
RXST2501,소모품비_현장,2025-09-01,625896.0
RCPU2547,소모품비_현장,2025-09-01,594238.0
RTPU2562,소모품비_현장,2025-09-01,910134.0
RCPU2543,소모품비_현장,2025-09-01,2255681.0
RTPU2566,소모품비_현장,2025-09-01,700.0
RTOH3300,소모품비_현장,2025-09-01,199589.0
RTPU2563,소모품비_현장,2025-09-01,340000.0
RIOH6100,소모품비_현장,2025-09-01,18035.0
RCPU2536,소모품비_현장,2025-09-01,1115582.0
RTPU2559,소모품비_현장,2025-09-01,1551716.0
RCPU2539,소모품비_현장,2025-09-01,101635.0
RTPU2558,소모품비_현장,2025-09-01,155890.0
RIPU2510,소모품비_현장,2025-09-01,1029035.0
RIPU2516,소모품비_현장,2025-09-01,409923.0
RTPU2570,소모품비_현장,2025-09-01,133181.0
RCPU2526,소모품비_현장,2025-09-01,-909746.0
RXST2503,소모품비_현장,2025-09-01,368425.0
RIPU2518,소모품비_현장,2025-09-01,1943358.0
RROH3400,소모품비_현장,2025-09-01,27000.0
RXST2504,소모품비_현장,2025-09-01,5115314.0
RXST2502,소모품비_현장,2025-09-01,11645.0
RCPU2544,소모품비_현장,2025-09-01,27272.0
RIPU2517,소모품비_현장,2025-09-01,90000.0
RXST2505,소모품비_현장,2025-09-01,660526.0
RTPU2572,소모품비_현장,2025-09-01,1097435.0
RCPU2540,소모품비_현장,2025-09-01,15363.0
RCST2507,소모품비_현장,2025-09-01,129846.0
RCPU2555,소모품비_현장,2025-09-01,21672.0
RTPU2564,소모품비_현장,2025-09-01,75962.0
RXOH3200,소모품비_현장,2025-09-01,38364.0
RXPU2514,소모품비_현장,2025-09-01,2.0019345E7
RCPU2553,소모품비_현장,2025-09-01,272461.0
RTPU2560,소모품비_현장,2025-09-01,661253.0
RTPU2534,소모품비_현장,2025-09-01,789668.0
RTPU2550,소모품비_현장,2025-09-01,355290.0
RTPU2516,소모품비_현장,2025-09-01,574655.0
RCST2506,소모품비_현장,2025-09-01,558815.0
RCPU2546,소모품비_현장,2025-09-01,51117.0
RCPU2548,소모품비_현장,2025-09-01,1531535.0
RTPU2561,소모품비_현장,2025-09-01,6001703.0
RIPU2515,소모품비_현장,2025-09-01,43790.0
RCPU2554,소모품비_현장,2025-09-01,626452.0
RXST2503,소모품비_기타,2025-09-01,2624500.0
RCPU2549,지급수수료_운영인건비,2025-09-01,5.250935E7
RCPU2547,지급수수료_운영인건비,2025-09-01,4.4311E7
RCPU2553,지급수수료_운영인건비,2025-09-01,8957000.0
RTPU2559,지급수수료_운영인건비,2025-09-01,800000.0
RTPU2562,지급수수료_운영인건비,2025-09-01,1350000.0
RCPU2542,지급수수료_운영인건비,2025-09-01,3000000.0
RCPU2536,지급수수료_운영인건비,2025-09-01,1.332298E7
RTOH3300,지급수수료_운영인건비,2025-09-01,206820.0
RXPU2514,지급수수료_운영인건비,2025-09-01,1000000.0
RTPU2531,지급수수료_운영인건비,2025-09-01,900000.0
RTPU2564,지급수수료_운영인건비,2025-09-01,500000.0
RCPU2526,지급수수료_운영인건비,2025-09-01,405000.0
RCPU2519,지급수수료_운영인건비,2025-09-01,270000.0
RCPU2546,지급수수료_운영인건비,2025-09-01,6.7956075E7
RTPU2516,지급수수료_운영인건비,2025-09-01,800000.0
RTPU2561,지급수수료_운영인건비,2025-09-01,4000000.0
RXST2501,지급수수료_운영인건비,2025-09-01,6000000.0
RCPU2548,지급수수료_운영인건비,2025-09-01,4.1465372E7
RTPU2562,지급수수료_도급인건비,2025-09-01,3780000.0
RTPU2552,지급수수료_도급인건비,2025-09-01,1.94E7
RTPU2550,지급수수료_도급인건비,2025-09-01,2000000.0
RTPU2558,지급수수료_도급인건비,2025-09-01,2690000.0
RIPU2510,지급수수료_도급인건비,2025-09-01,2843700.0
RTPU2560,지급수수료_도급인건비,2025-09-01,3600000.0
RXST2505,지급수수료_도급인건비,2025-09-01,840000.0
RTPU2559,지급수수료_도급인건비,2025-09-01,1470000.0
RTPU2554,지급수수료_도급인건비,2025-09-01,2.75E7
RTPU2516,지급수수료_도급인건비,2025-09-01,2.1035E8
RTPU2555,지급수수료_도급인건비,2025-09-01,2300000.0
RCPU2536,지급수수료_도급인건비,2025-09-01,3800000.0
RCPU2539,지급수수료_도급인건비,2025-09-01,2.0342E7
RTPU2564,지급수수료_도급인건비,2025-09-01,430000.0
RCPU2526,지급수수료_도급인건비,2025-09-01,9130875.0
RXPU2511,지급수수료_도급인건비,2025-09-01,1.298E7
RIPU2518,지급수수료_도급인건비,2025-09-01,880300.0
RRPM2401,지급수수료_도급인건비,2025-09-01,2.31552E7
RTPU2561,지급수수료_도급인건비,2025-09-01,1.6998182E7
RRPM2402,지급수수료_도급인건비,2025-09-01,600000.0
RTPU2534,지급수수료_도급인건비,2025-09-01,4.0E7
RTPU2531,지급수수료_도급인건비,2025-09-01,5.7135E7
RIPU2516,지급수수료_도급인건비,2025-09-01,1.57E7
RTPU2518,지급수수료_도급인건비,2025-09-01,1.3622E8
RTPU2553,지급수수료_도급인건비,2025-09-01,4000000.0
RTPU2561,지급수수료_디자인,2025-09-01,2000000.0
RTPU2516,지급수수료_디자인,2025-09-01,1.24E7
RTPU2519,지급수수료_디자인,2025-09-01,7.1955E7
RTPU2562,지급수수료_디자인,2025-09-01,3000000.0
RTPU2558,지급수수료_디자인,2025-09-01,1000000.0
RTPU2550,지급수수료_디자인,2025-09-01,5000000.0
RXPU2513,지급수수료_디자인,2025-09-01,1.4E7
RTPU2569,지급수수료_디자인,2025-09-01,3000000.0
RTPU2564,지급수수료_디자인,2025-09-01,1000000.0
RTPU2559,지급수수료_디자인,2025-09-01,1500000.0
RTPU2531,지급수수료_디자인,2025-09-01,3000000.0
RTOH3300,지급수수료_디자인,2025-09-01,1200000.0
RCPU2549,지급수수료_서비스이용료,2025-09-01,450000.0
RCPU2546,지급수수료_서비스이용료,2025-09-01,949683.0
RCPU2548,지급수수료_서비스이용료,2025-09-01,450000.0
RTOH3300,지급수수료_서비스이용료,2025-09-01,111757.0
RCPU2539,지급수수료_서비스이용료,2025-09-01,450000.0
RXPU2514,지급수수료_서비스이용료,2025-09-01,20240.0
RCPU2547,지급수수료_서비스이용료,2025-09-01,300000.0
RXOH3200,지급수수료_서비스이용료,2025-09-01,1132520.0
RIOH6100,지급수수료_서비스이용료,2025-09-01,15624.0
RCPU2536,지급수수료_서비스이용료,2025-09-01,550000.0
RCOH3100,지급수수료_서비스이용료,2025-09-01,15647.0
RCST2506,지급수수료_서비스이용료,2025-09-01,34000.0
RCPU2544,지급수수료_서비스이용료,2025-09-01,250000.0
RXST2502,지급수수료_공간수수료,2025-09-01,1525935.0
RTPU2562,지급수수료_공간수수료,2025-09-01,3000000.0
RIPU2520,지급수수료_공간수수료,2025-09-01,750000.0
RXST2503,지급수수료_공간수수료,2025-09-01,2131432.0
RTPU2534,지급수수료_공간수수료,2025-09-01,3.0865208E7
RCST2507,지급수수료_공간수수료,2025-09-01,3846995.0
RCST2506,지급수수료_공간수수료,2025-09-01,1.3600683E7
RXST2501,지급수수료_공간수수료,2025-09-01,5904900.0
RCPU2536,지급수수료_공간수수료,2025-09-01,2614546.0
RTPU2560,지급수수료_공간수수료,2025-09-01,9090909.0
RTPU2550,지급수수료_시공,2025-09-01,2.8116796E7
RTPU2561,지급수수료_시공,2025-09-01,4.08E7
RXPU2511,지급수수료_시공,2025-09-01,5.7997325E7
RTPU2516,지급수수료_시공,2025-09-01,6.3126E7
RTPU2562,지급수수료_시공,2025-09-01,1.3E7
RCPU2519,지급수수료_시공,2025-09-01,1.98E7
RTPU2564,지급수수료_시공,2025-09-01,5500000.0
RCPU2540,지급수수료_시공,2025-09-01,6363636.0
RIPU2501,지급수수료_시공,2025-09-01,4.11E7
RXPU2514,지급수수료_시공,2025-09-01,2.1854E8
RCPU2554,지급수수료_시공,2025-09-01,7.0E7
RTPU2573,지급수수료_시공,2025-09-01,1120000.0
RCPU2539,지급수수료_시공,2025-09-01,8620000.0
RCPU2552,지급수수료_시공,2025-09-01,6808800.0
RTPU2553,지급수수료_시공,2025-09-01,636364.0
RTPU2531,지급수수료_시공,2025-09-01,2.1485E7
RRPM2501,지급수수료_시공,2025-09-01,250000.0
RCPU2526,지급수수료_시공,2025-09-01,2.133E7
RROH3400,지급수수료_광고비,2025-09-01,925000.0
RCPU2554,지급수수료_물품대여,2025-09-01,8469545.0
RIPU2518,지급수수료_물품대여,2025-09-01,650000.0
RCPU2548,지급수수료_물품대여,2025-09-01,460000.0
RTPU2553,지급수수료_물품대여,2025-09-01,2100000.0
RCPU2526,지급수수료_물품대여,2025-09-01,1700000.0
RTPU2561,지급수수료_물품대여,2025-09-01,4.0886E7
RCPU2536,지급수수료_물품대여,2025-09-01,2250000.0
RIPU2510,지급수수료_물품대여,2025-09-01,7430000.0
RXPU2511,지급수수료_물품대여,2025-09-01,335000.0
RTPU2572,지급수수료_물품대여,2025-09-01,2342000.0
RTPU2560,지급수수료_물품대여,2025-09-01,994000.0
RTPU2554,지급수수료_물품대여,2025-09-01,5300000.0
RCPU2549,지급수수료_물품대여,2025-09-01,1800000.0
RCPU2547,지급수수료_물품대여,2025-09-01,1277000.0
RCPU2553,지급수수료_물품대여,2025-09-01,1260000.0
RTPU2562,지급수수료_물품대여,2025-09-01,9500.0
RCPU2555,지급수수료_물품대여,2025-09-01,2.4660654E7
RTPU2531,지급수수료_물품대여,2025-09-01,3.3E7
RCPU2540,지급수수료_물품대여,2025-09-01,1770000.0
RTPU2559,지급수수료_물품대여,2025-09-01,442000.0
RTPU2516,지급수수료_물품대여,2025-09-01,1.6989E7
RTPU2534,지급수수료_제작비,2025-09-01,214000.0
RCPU2555,지급수수료_제작비,2025-09-01,1200000.0
RCPU2554,지급수수료_제작비,2025-09-01,5000000.0
RTPU2562,지급수수료_제작비,2025-09-01,1213000.0
RIPU2518,지급수수료_제작비,2025-09-01,9350.0
RTPU2570,지급수수료_제작비,2025-09-01,700000.0
RTPU2561,지급수수료_제작비,2025-09-01,8361000.0
RIPU2509,지급수수료_제작비,2025-09-01,4600000.0
RIPU2515,지급수수료_제작비,2025-09-01,213636.0
RCST2506,지급수수료_제작비,2025-09-01,765000.0
RTPU2516,지급수수료_제작비,2025-09-01,1.0E7
RIPU2510,지급수수료_제작비,2025-09-01,3.6785E7
RCPU2540,지급수수료_제작비,2025-09-01,1284000.0
RTPU2554,지급수수료_제작비,2025-09-01,3.256E7
RTPU2556,지급수수료_제작비,2025-09-01,1.3220161E7
RTPU2550,지급수수료_제작비,2025-09-01,4515000.0
RCST2506,지급수수료_카드수수료,2025-09-01,302303.0
RCPU2544,지급수수료_카드수수료,2025-09-01,50719.0
RCST2507,지급수수료_카드수수료,2025-09-01,25841.0
RXST2501,지급수수료_Working Tool,2025-09-01,788619.0
RIOH6100,지급수수료_Working Tool,2025-09-01,62578.0
RROH3400,지급수수료_자문료,2025-09-01,1.3E7
RTPU2556,지급수수료_기타,2025-09-01,30103.0
RXST2503,지급수수료_기타,2025-09-01,8498952.0
RIPU2510,지급수수료_기타,2025-09-01,121727.0
RXST2502,지급수수료_기타,2025-09-01,2811040.0
RRPM2506,지급수수료_기타,2025-09-01,800000.0
RXST2501,지급수수료_기타,2025-09-01,1.1146772E7
RTPU2550,지급수수료_기타,2025-09-01,33209.0
RXST2504,지급수수료_기타,2025-09-01,5376400.0
RRPM2502,지급수수료_기타,2025-09-01,80000.0
RCST2507,지급수수료_기타,2025-09-01,143678.0
RTPU2561,지급수수료_기타,2025-09-01,1.6565447E7
RRPM2402,지급수수료_기타,2025-09-01,-2030000.0
RXST2505,지급수수료_기타,2025-09-01,521724.0
RTOH3300,지급수수료_티켓,2025-09-01,30000.0
RCPU2503,대손상각비,2025-09-01,4.4E7
RIOH6100,직원급여_본사,2025-10-01,2.3500037E7
RROH3400,직원급여_본사,2025-10-01,6.178946E7
RCOH3100,직원급여_본사,2025-10-01,9860010.0
RXOH3200,직원급여_본사,2025-10-01,4.27001E7
RTOH3300,직원급여_본사,2025-10-01,5.790295E7
RXST2501,직원급여_매장,2025-10-01,3333350.0
RCST2507,직원급여_매장,2025-10-01,9270280.0
RCST2506,직원급여_매장,2025-10-01,1.405166E7
RROH3400,상여금,2025-10-01,6.0043929E7
RTOH3300,잡급,2025-10-01,5551606.0
RROH3400,퇴직급여_본사,2025-10-01,9511528.0
RROH3400,복리후생비_건강보험,2025-10-01,1954890.0
RCST2507,복리후생비_건강보험,2025-10-01,289260.0
RTOH3300,복리후생비_건강보험,2025-10-01,2037000.0
RIOH6100,복리후생비_건강보험,2025-10-01,836210.0
RCST2506,복리후생비_건강보험,2025-10-01,458490.0
RCOH3100,복리후생비_건강보험,2025-10-01,525790.0
RCST2509,복리후생비_건강보험,2025-10-01,305640.0
RXOH3200,복리후생비_건강보험,2025-10-01,1703460.0
RXST2501,복리후생비_건강보험,2025-10-01,102090.0
RXPU2515,복리후생비_식음료대,2025-10-01,98652.0
RCPU2557,복리후생비_식음료대,2025-10-01,54909.0
RTOH3300,복리후생비_식음료대,2025-10-01,2357074.0
ROOH3500,복리후생비_식음료대,2025-10-01,10000.0
RXST2504,복리후생비_식음료대,2025-10-01,416159.0
RTPU2565,복리후생비_식음료대,2025-10-01,5454.0
RIOH6100,복리후생비_식음료대,2025-10-01,611937.0
RTPU2570,복리후생비_식음료대,2025-10-01,97408.0
RXST2502,복리후생비_식음료대,2025-10-01,15000.0
RTPU2572,복리후생비_식음료대,2025-10-01,122088.0
RCPU2556,복리후생비_식음료대,2025-10-01,753355.0
RTPU2534,복리후생비_식음료대,2025-10-01,673220.0
RCST2506,복리후생비_식음료대,2025-10-01,114403.0
RCPU2542,복리후생비_식음료대,2025-10-01,1466553.0
RCPU2561,복리후생비_식음료대,2025-10-01,96634.0
RCPU2543,복리후생비_식음료대,2025-10-01,246267.0
RTPU2577,복리후생비_식음료대,2025-10-01,33000.0
RXPU2514,복리후생비_식음료대,2025-10-01,328266.0
RCPU2560,복리후생비_식음료대,2025-10-01,12272.0
RTPU2550,복리후생비_식음료대,2025-10-01,481843.0
RIPU2520,복리후생비_식음료대,2025-10-01,203932.0
RROH3400,복리후생비_식음료대,2025-10-01,4444562.0
RTPU2567,복리후생비_식음료대,2025-10-01,339991.0
RCOH3100,복리후생비_식음료대,2025-10-01,322358.0
RTPU2579,복리후생비_식음료대,2025-10-01,86119.0
RCPU2554,복리후생비_식음료대,2025-10-01,576920.0
RXOH3200,복리후생비_식음료대,2025-10-01,1442494.0
RTPU2531,복리후생비_식음료대,2025-10-01,257452.0
RTPU2578,복리후생비_식음료대,2025-10-01,32727.0
RTPU2582,복리후생비_식음료대,2025-10-01,62544.0
RTPU2556,복리후생비_식음료대,2025-10-01,428152.0
RCPU2550,복리후생비_식음료대,2025-10-01,538922.0
RTPU2574,복리후생비_식음료대,2025-10-01,135453.0
RIPU2501,복리후생비_식음료대,2025-10-01,33945.0
RTPU2505,복리후생비_식음료대,2025-10-01,9636.0
RIPU2517,복리후생비_식음료대,2025-10-01,193542.0
RCPU2555,복리후생비_식음료대,2025-10-01,2982964.0
RXST2503,복리후생비_식음료대,2025-10-01,112481.0
RTPU2576,복리후생비_식음료대,2025-10-01,9636.0
RCPU2559,복리후생비_식음료대,2025-10-01,292775.0
RTPU2563,복리후생비_식음료대,2025-10-01,58544.0
RCPU2558,복리후생비_식음료대,2025-10-01,17181.0
RXST2501,복리후생비_식음료대,2025-10-01,298589.0
RIPU2515,복리후생비_식음료대,2025-10-01,60454.0
RTPU2575,복리후생비_식음료대,2025-10-01,19363.0
RIPU2521,복리후생비_식음료대,2025-10-01,394268.0
RTPU2581,복리후생비_식음료대,2025-10-01,184908.0
RTOH3300,복리후생비_회식대,2025-10-01,300000.0
RXOH3200,복리후생비_기타,2025-10-01,46000.0
RXST2501,복리후생비_기타,2025-10-01,43000.0
RCOH3100,복리후생비_기타,2025-10-01,70087.0
RCPU2555,여비교통비_야근,2025-10-01,844700.0
RCPU2563,여비교통비_야근,2025-10-01,113900.0
RTPU2531,여비교통비_야근,2025-10-01,85400.0
RIPU2520,여비교통비_야근,2025-10-01,42900.0
RTPU2581,여비교통비_야근,2025-10-01,4900.0
RXST2504,여비교통비_야근,2025-10-01,62600.0
RTPU2556,여비교통비_야근,2025-10-01,136400.0
RXST2501,여비교통비_야근,2025-10-01,159500.0
RXPU2514,여비교통비_야근,2025-10-01,121190.0
RXPU2511,여비교통비_야근,2025-10-01,21400.0
RXOH3200,여비교통비_야근,2025-10-01,14500.0
RCPU2556,여비교통비_야근,2025-10-01,396000.0
RIPU2509,여비교통비_야근,2025-10-01,16400.0
RIPU2522,여비교통비_야근,2025-10-01,92400.0
RXPU2515,여비교통비_야근,2025-10-01,29700.0
RCOH3100,여비교통비_야근,2025-10-01,224600.0
RTPU2579,여비교통비_야근,2025-10-01,16600.0
RCPU2542,여비교통비_야근,2025-10-01,280300.0
RCPU2550,여비교통비_야근,2025-10-01,101500.0
RTPU2505,여비교통비_야근,2025-10-01,36500.0
RTPU2534,여비교통비_야근,2025-10-01,29800.0
RTOH3300,여비교통비_야근,2025-10-01,257900.0
RCPU2559,여비교통비_야근,2025-10-01,428140.0
RCPU2543,여비교통비_야근,2025-10-01,13400.0
RTPU2565,여비교통비_야근,2025-10-01,99200.0
RCPU2560,여비교통비_야근,2025-10-01,27600.0
RXST2503,여비교통비_야근,2025-10-01,51200.0
RTPU2572,여비교통비_야근,2025-10-01,35300.0
RCPU2561,여비교통비_야근,2025-10-01,60500.0
RCPU2554,여비교통비_야근,2025-10-01,63000.0
RCPU2563,여비교통비_외근,2025-10-01,31900.0
RIPU2520,여비교통비_외근,2025-10-01,34900.0
RTPU2531,여비교통비_외근,2025-10-01,125800.0
RCST2506,여비교통비_외근,2025-10-01,54000.0
RCPU2556,여비교통비_외근,2025-10-01,470150.0
RCPU2543,여비교통비_외근,2025-10-01,200100.0
RTPU2570,여비교통비_외근,2025-10-01,70400.0
RTPU2563,여비교통비_외근,2025-10-01,73600.0
RTPU2574,여비교통비_외근,2025-10-01,52100.0
RTPU2565,여비교통비_외근,2025-10-01,28400.0
RTPU2534,여비교통비_외근,2025-10-01,233060.0
RIPU2517,여비교통비_외근,2025-10-01,149100.0
RCPU2558,여비교통비_외근,2025-10-01,85000.0
RXPU2515,여비교통비_외근,2025-10-01,69100.0
RCPU2554,여비교통비_외근,2025-10-01,154000.0
RIOH6100,여비교통비_외근,2025-10-01,31500.0
RCPU2542,여비교통비_외근,2025-10-01,332300.0
RTPU2572,여비교통비_외근,2025-10-01,93600.0
RCOH3100,여비교통비_외근,2025-10-01,352360.0
RXST2504,여비교통비_외근,2025-10-01,90950.0
RTOH3300,여비교통비_외근,2025-10-01,247710.0
RTPU2577,여비교통비_외근,2025-10-01,19100.0
RTPU2567,여비교통비_외근,2025-10-01,220800.0
RIPU2522,여비교통비_외근,2025-10-01,5500.0
RROH3400,여비교통비_외근,2025-10-01,856200.0
RIPU2501,여비교통비_외근,2025-10-01,49200.0
RXPU2514,여비교통비_외근,2025-10-01,956570.0
RCPU2540,여비교통비_외근,2025-10-01,70700.0
RTPU2556,여비교통비_외근,2025-10-01,147600.0
RCPU2559,여비교통비_외근,2025-10-01,87300.0
RIPU2521,여비교통비_외근,2025-10-01,108100.0
RXST2501,여비교통비_외근,2025-10-01,303088.0
RCPU2562,여비교통비_외근,2025-10-01,32700.0
RCPU2555,여비교통비_외근,2025-10-01,416600.0
RTPU2550,여비교통비_외근,2025-10-01,85493.0
RCPU2550,여비교통비_외근,2025-10-01,413400.0
RTPU2582,여비교통비_외근,2025-10-01,14700.0
RXOH3200,여비교통비_외근,2025-10-01,64400.0
RCPU2556,여비교통비_국내출장,2025-10-01,498972.0
RROH3400,여비교통비_국내출장,2025-10-01,191800.0
RTOH3300,여비교통비_국내출장,2025-10-01,104737.0
RXPU2515,여비교통비_국내출장,2025-10-01,243000.0
RTPU2569,여비교통비_국내출장,2025-10-01,2684204.0
RTPU2556,여비교통비_국내출장,2025-10-01,282456.0
RTPU2572,여비교통비_국내출장,2025-10-01,142800.0
RCPU2550,여비교통비_국내출장,2025-10-01,270000.0
RTPU2580,여비교통비_국내출장,2025-10-01,437600.0
RXPU2514,여비교통비_국내출장,2025-10-01,120000.0
RTPU2534,여비교통비_국내출장,2025-10-01,776705.0
RCPU2543,여비교통비_국내출장,2025-10-01,266000.0
RTPU2567,여비교통비_국내출장,2025-10-01,150000.0
RIPU2501,여비교통비_국내출장,2025-10-01,375600.0
RTPU2570,여비교통비_국내출장,2025-10-01,50000.0
RCPU2559,여비교통비_국내출장,2025-10-01,199403.0
RIPU2517,여비교통비_국내출장,2025-10-01,254272.0
RTPU2550,여비교통비_해외출장,2025-10-01,11692.0
RTPU2563,여비교통비_개인차량사용료,2025-10-01,13400.0
RIPU2517,여비교통비_개인차량사용료,2025-10-01,40200.0
RXOH3200,여비교통비_개인차량사용료,2025-10-01,292112.0
RTPU2567,여비교통비_개인차량사용료,2025-10-01,124600.0
RXPU2514,여비교통비_개인차량사용료,2025-10-01,25000.0
RROH3400,여비교통비_개인차량사용료,2025-10-01,2005177.0
RTPU2575,여비교통비_개인차량사용료,2025-10-01,15000.0
RXST2504,여비교통비_개인차량사용료,2025-10-01,7000.0
RCPU2556,여비교통비_개인차량사용료,2025-10-01,22100.0
RTOH3300,여비교통비_개인차량사용료,2025-10-01,664713.0
RCPU2555,여비교통비_개인차량사용료,2025-10-01,24320.0
RTPU2550,여비교통비_개인차량사용료,2025-10-01,77000.0
RCPU2554,여비교통비_개인차량사용료,2025-10-01,14367.0
RIOH6100,여비교통비_개인차량사용료,2025-10-01,233691.0
RXST2501,여비교통비_개인차량사용료,2025-10-01,277738.0
RTPU2549,여비교통비_개인차량사용료,2025-10-01,21000.0
RIPU2521,여비교통비_개인차량사용료,2025-10-01,7000.0
RCPU2555,여비교통비_기타,2025-10-01,24550.0
RCPU2554,여비교통비_기타,2025-10-01,1050.0
RTOH3300,접대비,2025-10-01,720900.0
RROH3400,접대비,2025-10-01,6445300.0
RCOH3100,접대비,2025-10-01,40000.0
RXOH3200,접대비,2025-10-01,180000.0
RXST2503,통신비,2025-10-01,116978.0
RCST2506,통신비,2025-10-01,88442.0
RROH3400,통신비,2025-10-01,69980.0
RTPU2565,통신비,2025-10-01,4040.0
RXST2501,통신비,2025-10-01,78000.0
RXOH3200,통신비,2025-10-01,289091.0
RXST2502,통신비,2025-10-01,40000.0
RCST2502,통신비,2025-10-01,35000.0
RCST2501,통신비,2025-10-01,20000.0
RCST2507,통신비,2025-10-01,35080.0
RTOH3300,통신비,2025-10-01,95455.0
RTPU2534,통신비,2025-10-01,7240.0
RCOH3100,통신비,2025-10-01,112727.0
RIPU2510,통신비,2025-10-01,15880.0
RXST2504,통신비,2025-10-01,80004.0
RIOH6100,통신비,2025-10-01,56364.0
RRPM2504,수도광열비,2025-10-01,1876824.0
RTOH3300,세금과공과_국민연금,2025-10-01,2215740.0
RCST2507,세금과공과_국민연금,2025-10-01,323540.0
RIOH6100,세금과공과_국민연금,2025-10-01,1226910.0
RCOH3100,세금과공과_국민연금,2025-10-01,286650.0
RXOH3200,세금과공과_국민연금,2025-10-01,1812770.0
RXST2501,세금과공과_국민연금,2025-10-01,114750.0
RCST2506,세금과공과_국민연금,2025-10-01,848160.0
RROH3400,세금과공과_국민연금,2025-10-01,2354610.0
RIOH6100,세금과공과_세금,2025-10-01,145438.0
RCST2507,세금과공과_세금,2025-10-01,62500.0
RCST2506,세금과공과_세금,2025-10-01,62500.0
RCOH3100,세금과공과_세금,2025-10-01,24240.0
RXOH3200,세금과공과_세금,2025-10-01,242395.0
RROH3400,세금과공과_세금,2025-10-01,266636.0
RTOH3300,세금과공과_세금,2025-10-01,363596.0
RRPM2504,세금과공과_기타,2025-10-01,859500.0
RRPM2504,감가상각비,2025-10-01,9767909.0
RXST2501,감가상각비,2025-10-01,5801545.0
RTOH3300,감가상각비,2025-10-01,189828.0
RXST2502,감가상각비,2025-10-01,3288268.0
RXOH3200,감가상각비,2025-10-01,100382.0
RCST2507,감가상각비,2025-10-01,3645282.0
RXST2504,감가상각비,2025-10-01,1740757.0
RROH3400,감가상각비,2025-10-01,91323.0
RCST2506,감가상각비,2025-10-01,2622363.0
RXST2503,감가상각비,2025-10-01,5111232.0
RIOH6100,지급임차료_창고,2025-10-01,655655.0
RTOH3300,지급임차료_창고,2025-10-01,3700000.0
RXOH3200,지급임차료_창고,2025-10-01,2250000.0
RCST2506,지급임차료_스테이션,2025-10-01,1843291.0
RRPM2505,지급임차료_기타,2025-10-01,1.225E7
RRPM2402,지급임차료_기타,2025-10-01,5.6039782E7
RRPM2506,지급임차료_기타,2025-10-01,2.025E7
RXST2501,보험료_산재보험,2025-10-01,15450.0
RXOH3200,보험료_산재보험,2025-10-01,285300.0
RCST2506,보험료_산재보험,2025-10-01,69370.0
RIOH6100,보험료_산재보험,2025-10-01,148460.0
RCOH3100,보험료_산재보험,2025-10-01,79570.0
RTOH3300,보험료_산재보험,2025-10-01,389990.0
RROH3400,보험료_산재보험,2025-10-01,1005970.0
RCST2507,보험료_산재보험,2025-10-01,43770.0
RCST2506,보험료_고용보험,2025-10-01,113700.0
RXST2501,보험료_고용보험,2025-10-01,24070.0
RXOH3200,보험료_고용보험,2025-10-01,525120.0
RTOH3300,보험료_고용보험,2025-10-01,600830.0
RROH3400,보험료_고용보험,2025-10-01,2176990.0
RCOH3100,보험료_고용보험,2025-10-01,182240.0
RIOH6100,보험료_고용보험,2025-10-01,258620.0
RCST2507,보험료_고용보험,2025-10-01,68260.0
RTPU2567,보험료_프로젝트,2025-10-01,298314.0
RCPU2560,보험료_프로젝트,2025-10-01,2569.0
RRPM2504,보험료_프로젝트,2025-10-01,8741.0
RXPU2514,보험료_프로젝트,2025-10-01,42945.0
RXST2503,보험료_프로젝트,2025-10-01,42861.0
RCPU2543,보험료_프로젝트,2025-10-01,19800.0
RCPU2550,보험료_프로젝트,2025-10-01,60923.0
RCPU2559,보험료_프로젝트,2025-10-01,183892.0
RCPU2542,보험료_프로젝트,2025-10-01,353778.0
RIPU2501,보험료_프로젝트,2025-10-01,32414.0
RIPU2517,보험료_프로젝트,2025-10-01,270565.0
RCPU2554,보험료_프로젝트,2025-10-01,472000.0
RCPU2555,보험료_프로젝트,2025-10-01,1253000.0
RCPU2556,보험료_프로젝트,2025-10-01,965000.0
RXPU2515,보험료_프로젝트,2025-10-01,224500.0
RXST2501,보험료_프로젝트,2025-10-01,167191.0
RROH3400,보험료_기타,2025-10-01,265581.0
RXOH3200,차량유지비_유류대,2025-10-01,139000.0
RXST2502,차량유지비_유류대,2025-10-01,30000.0
RXST2501,차량유지비_기타,2025-10-01,20000.0
RXPU2514,차량유지비_기타,2025-10-01,6000.0
RCPU2555,차량유지비_기타,2025-10-01,85500.0
RIPU2507,운반비_사업본부,2025-10-01,900000.0
RTPU2582,운반비_사업본부,2025-10-01,60000.0
RCST2506,운반비_사업본부,2025-10-01,161000.0
RTPU2570,운반비_사업본부,2025-10-01,835000.0
RTPU2572,운반비_사업본부,2025-10-01,190000.0
RTPU2556,운반비_사업본부,2025-10-01,1027000.0
RXPU2514,운반비_사업본부,2025-10-01,106400.0
RTPU2563,운반비_사업본부,2025-10-01,365000.0
RTPU2577,운반비_사업본부,2025-10-01,256000.0
RTPU2580,운반비_사업본부,2025-10-01,95000.0
RCPU2554,운반비_사업본부,2025-10-01,500000.0
RCPU2542,운반비_사업본부,2025-10-01,15000.0
RTPU2550,운반비_사업본부,2025-10-01,4510938.0
RTPU2534,운반비_사업본부,2025-10-01,1.02521E7
RROH3400,운반비_사업본부,2025-10-01,43200.0
RIOH6100,운반비_사업본부,2025-10-01,1136700.0
RTPU2573,운반비_사업본부,2025-10-01,264000.0
RCPU2555,운반비_사업본부,2025-10-01,498700.0
RTPU2558,운반비_사업본부,2025-10-01,289000.0
RXOH3200,운반비_사업본부,2025-10-01,965700.0
RCST2507,운반비_사업본부,2025-10-01,17000.0
RXOH3200,교육훈련비,2025-10-01,32018.0
RTOH3300,교육훈련비,2025-10-01,260000.0
RIPU2510,도서인쇄비_행사출력물,2025-10-01,853700.0
RTPU2516,도서인쇄비_행사출력물,2025-10-01,3500000.0
RTPU2573,도서인쇄비_행사출력물,2025-10-01,362000.0
RTPU2567,도서인쇄비_행사출력물,2025-10-01,45090.0
RXPU2515,도서인쇄비_행사출력물,2025-10-01,255090.0
RCPU2554,도서인쇄비_행사출력물,2025-10-01,242727.0
RTPU2531,도서인쇄비_행사출력물,2025-10-01,5090000.0
RTPU2556,도서인쇄비_행사출력물,2025-10-01,16000.0
RCPU2556,도서인쇄비_행사출력물,2025-10-01,6250.0
RCST2507,도서인쇄비_행사출력물,2025-10-01,20000.0
RXST2501,도서인쇄비_행사출력물,2025-10-01,41900.0
RIPU2501,도서인쇄비_행사출력물,2025-10-01,29900.0
RROH3400,도서인쇄비_행사출력물,2025-10-01,11455.0
RCST2506,도서인쇄비_행사출력물,2025-10-01,165000.0
RTPU2563,도서인쇄비_행사출력물,2025-10-01,91000.0
RXST2503,도서인쇄비_행사출력물,2025-10-01,180580.0
RIPU2522,도서인쇄비_행사출력물,2025-10-01,92600.0
RXST2502,도서인쇄비_행사출력물,2025-10-01,7700.0
RCPU2542,도서인쇄비_행사출력물,2025-10-01,5454.0
RCPU2555,도서인쇄비_행사출력물,2025-10-01,36131.0
RXPU2514,도서인쇄비_행사출력물,2025-10-01,59171.0
RCPU2543,도서인쇄비_행사출력물,2025-10-01,3000.0
RXST2504,도서인쇄비_행사출력물,2025-10-01,199020.0
RTPU2574,소모품비_현장,2025-10-01,3.0995E7
RCST2506,소모품비_현장,2025-10-01,45000.0
RXPU2515,소모품비_현장,2025-10-01,8350624.0
RCPU2555,소모품비_현장,2025-10-01,3754792.0
RTPU2572,소모품비_현장,2025-10-01,8000.0
RTPU2534,소모품비_현장,2025-10-01,553313.0
RIPU2522,소모품비_현장,2025-10-01,63280.0
RCPU2543,소모품비_현장,2025-10-01,3951149.0
RTPU2556,소모품비_현장,2025-10-01,2613099.0
RXPU2514,소모품비_현장,2025-10-01,9717111.0
RIPU2517,소모품비_현장,2025-10-01,294350.0
RTPU2567,소모품비_현장,2025-10-01,2777993.0
RIPU2521,소모품비_현장,2025-10-01,1848105.0
RCPU2550,소모품비_현장,2025-10-01,714437.0
RCPU2556,소모품비_현장,2025-10-01,2158495.0
RTPU2563,소모품비_현장,2025-10-01,505242.0
RXST2504,소모품비_현장,2025-10-01,1207222.0
RXST2502,소모품비_현장,2025-10-01,549545.0
RTPU2550,소모품비_현장,2025-10-01,344380.0
RTPU2570,소모품비_현장,2025-10-01,8673272.0
RCST2507,소모품비_현장,2025-10-01,66560.0
RXST2501,소모품비_현장,2025-10-01,2594612.0
RIPU2514,소모품비_현장,2025-10-01,59909.0
RTPU2582,소모품비_현장,2025-10-01,1406416.0
RIPU2501,소모품비_현장,2025-10-01,27200.0
RCPU2559,소모품비_현장,2025-10-01,105172.0
RTPU2577,소모품비_현장,2025-10-01,384170.0
RCPU2557,소모품비_현장,2025-10-01,1523154.0
RCPU2554,소모품비_현장,2025-10-01,1254591.0
RTPU2581,소모품비_현장,2025-10-01,1751351.0
RTPU2580,소모품비_현장,2025-10-01,426235.0
RIPU2520,소모품비_현장,2025-10-01,2755868.0
RCPU2542,소모품비_현장,2025-10-01,4002039.0
RXOH3200,소모품비_현장,2025-10-01,3272.0
RXST2503,소모품비_현장,2025-10-01,61490.0
RTOH3300,소모품비_현장,2025-10-01,239431.0
RIPU2509,소모품비_현장,2025-10-01,13100.0
RTPU2531,소모품비_현장,2025-10-01,146988.0
RIPU2520,지급수수료_운영인건비,2025-10-01,1260000.0
RIPU2515,지급수수료_운영인건비,2025-10-01,1788000.0
RCPU2543,지급수수료_운영인건비,2025-10-01,414000.0
RTPU2573,지급수수료_운영인건비,2025-10-01,155110.0
RXST2501,지급수수료_운영인건비,2025-10-01,3000000.0
RCPU2559,지급수수료_운영인건비,2025-10-01,1.1708278E7
RXPU2514,지급수수료_운영인건비,2025-10-01,4555000.0
RCPU2542,지급수수료_운영인건비,2025-10-01,240000.0
RCPU2550,지급수수료_운영인건비,2025-10-01,690000.0
RCPU2556,지급수수료_운영인건비,2025-10-01,3.345245E7
RCPU2555,지급수수료_운영인건비,2025-10-01,1.247479E8
RCPU2554,지급수수료_운영인건비,2025-10-01,5.097675E7
RXST2504,지급수수료_도급인건비,2025-10-01,3038094.0
RRPM2402,지급수수료_도급인건비,2025-10-01,600000.0
RTPU2563,지급수수료_도급인건비,2025-10-01,6905000.0
RTPU2534,지급수수료_도급인건비,2025-10-01,3750000.0
RXPU2515,지급수수료_도급인건비,2025-10-01,3000000.0
RRPM2505,지급수수료_도급인건비,2025-10-01,125000.0
RRPM2401,지급수수료_도급인건비,2025-10-01,3.6255109E7
RTPU2567,지급수수료_도급인건비,2025-10-01,2.289E7
RCPU2555,지급수수료_도급인건비,2025-10-01,1.59E7
RXOH3200,지급수수료_도급인건비,2025-10-01,564802.0
RCPU2556,지급수수료_도급인건비,2025-10-01,7320000.0
RIPU2521,지급수수료_도급인건비,2025-10-01,4315000.0
RCPU2542,지급수수료_디자인,2025-10-01,3000000.0
RIPU2513,지급수수료_디자인,2025-10-01,2500000.0
RTPU2560,지급수수료_디자인,2025-10-01,1500000.0
RTOH3300,지급수수료_디자인,2025-10-01,3000000.0
RIPU2518,지급수수료_디자인,2025-10-01,1.28E7
RIPU2512,지급수수료_디자인,2025-10-01,1.090909E7
RCPU2554,지급수수료_서비스이용료,2025-10-01,727000.0
RXPU2514,지급수수료_서비스이용료,2025-10-01,348728.0
RIPU2522,지급수수료_서비스이용료,2025-10-01,1153046.0
RCPU2550,지급수수료_서비스이용료,2025-10-01,15400.0
RCST2506,지급수수료_서비스이용료,2025-10-01,34000.0
RCPU2542,지급수수료_서비스이용료,2025-10-01,450000.0
RCPU2549,지급수수료_서비스이용료,2025-10-01,301826.0
RCPU2559,지급수수료_서비스이용료,2025-10-01,15400.0
RCPU2556,지급수수료_서비스이용료,2025-10-01,711600.0
RCPU2548,지급수수료_서비스이용료,2025-10-01,334334.0
RIPU2521,지급수수료_서비스이용료,2025-10-01,90000.0
RIOH6100,지급수수료_서비스이용료,2025-10-01,-16167.0
RCPU2555,지급수수료_서비스이용료,2025-10-01,924200.0
RTOH3300,지급수수료_서비스이용료,2025-10-01,79722.0
RXST2501,지급수수료_서비스이용료,2025-10-01,99000.0
RCPU2554,지급수수료_공간수수료,2025-10-01,240000.0
RCPU2557,지급수수료_공간수수료,2025-10-01,599554.0
RCST2507,지급수수료_공간수수료,2025-10-01,3801941.0
RTPU2534,지급수수료_공간수수료,2025-10-01,3.1137301E7
RTPU2549,지급수수료_공간수수료,2025-10-01,2.42E7
RCPU2555,지급수수료_공간수수료,2025-10-01,480000.0
RCPU2556,지급수수료_공간수수료,2025-10-01,298456.0
RCST2506,지급수수료_공간수수료,2025-10-01,1.5024872E7
RCPU2542,지급수수료_공간수수료,2025-10-01,218181.0
RCPU2559,지급수수료_공간수수료,2025-10-01,208183.0
RIPU2517,지급수수료_시공,2025-10-01,3.0E7
RTPU2569,지급수수료_시공,2025-10-01,1.116E8
RTPU2560,지급수수료_시공,2025-10-01,1672000.0
RTPU2566,지급수수료_시공,2025-10-01,3.5E7
RTPU2550,지급수수료_시공,2025-10-01,7123491.0
RCPU2542,지급수수료_시공,2025-10-01,3.98E7
RCPU2558,지급수수료_시공,2025-10-01,6.4E7
RTPU2574,지급수수료_시공,2025-10-01,4.7E7
RTPU2563,지급수수료_시공,2025-10-01,1.98E7
RXPU2515,지급수수료_시공,2025-10-01,5.5E7
RCPU2554,지급수수료_시공,2025-10-01,7.6E7
RIPU2510,지급수수료_시공,2025-10-01,5.25E7
RCPU2550,지급수수료_시공,2025-10-01,6.3E7
RTPU2567,지급수수료_시공,2025-10-01,1.66E7
RTPU2556,지급수수료_시공,2025-10-01,4.45E7
RRPM2502,지급수수료_시공,2025-10-01,700000.0
RRPM2501,지급수수료_시공,2025-10-01,70000.0
RIPU2515,지급수수료_광고비,2025-10-01,5000000.0
RXPU2514,지급수수료_광고비,2025-10-01,8230000.0
RCPU2543,지급수수료_물품대여,2025-10-01,1880000.0
RTPU2572,지급수수료_물품대여,2025-10-01,2760000.0
RTPU2549,지급수수료_물품대여,2025-10-01,4400000.0
RTPU2577,지급수수료_물품대여,2025-10-01,1564000.0
RCPU2554,지급수수료_물품대여,2025-10-01,1.0015E7
RCPU2550,지급수수료_물품대여,2025-10-01,1760000.0
RTPU2563,지급수수료_물품대여,2025-10-01,1841800.0
RCPU2542,지급수수료_물품대여,2025-10-01,1700000.0
RTPU2581,지급수수료_물품대여,2025-10-01,955000.0
RTPU2555,지급수수료_물품대여,2025-10-01,2000000.0
RTPU2570,지급수수료_물품대여,2025-10-01,1800000.0
RTPU2567,지급수수료_물품대여,2025-10-01,4.5E7
RIPU2510,지급수수료_물품대여,2025-10-01,8010000.0
RXPU2514,지급수수료_물품대여,2025-10-01,42000.0
RXPU2515,지급수수료_물품대여,2025-10-01,1.1845E7
RIPU2520,지급수수료_물품대여,2025-10-01,1690000.0
RCPU2555,지급수수료_물품대여,2025-10-01,2.5887E7
RIPU2514,지급수수료_물품대여,2025-10-01,2375000.0
RCPU2556,지급수수료_물품대여,2025-10-01,5015000.0
RTPU2534,지급수수료_물품대여,2025-10-01,1024000.0
RTPU2580,지급수수료_제작비,2025-10-01,3200000.0
RTPU2577,지급수수료_제작비,2025-10-01,4900000.0
RIPU2521,지급수수료_제작비,2025-10-01,1160000.0
RTPU2518,지급수수료_제작비,2025-10-01,2.4576172E7
RTPU2571,지급수수료_제작비,2025-10-01,1.94E7
RTPU2565,지급수수료_제작비,2025-10-01,2.0E7
RCST2506,지급수수료_카드수수료,2025-10-01,267562.0
RTPU2570,지급수수료_카드수수료,2025-10-01,129509.0
RCST2507,지급수수료_카드수수료,2025-10-01,24703.0
RXOH3200,지급수수료_Working Tool,2025-10-01,65630.0
RXST2501,지급수수료_Working Tool,2025-10-01,894809.0
RCOH3100,지급수수료_Working Tool,2025-10-01,15782.0
RIOH6100,지급수수료_Working Tool,2025-10-01,31987.0
RTOH3300,지급수수료_Working Tool,2025-10-01,32183.0
RCPU2550,지급수수료_기타,2025-10-01,31041.0
RIOH6100,지급수수료_기타,2025-10-01,5000.0
RXST2504,지급수수료_기타,2025-10-01,1.5068445E7
RCPU2554,지급수수료_기타,2025-10-01,15400.0
RTPU2550,지급수수료_기타,2025-10-01,66652.0
RCPU2559,지급수수료_기타,2025-10-01,170600.0
RCOH3100,지급수수료_기타,2025-10-01,1500000.0
RXST2501,지급수수료_기타,2025-10-01,6591119.0
RCST2507,지급수수료_기타,2025-10-01,148467.0
RTPU2534,지급수수료_기타,2025-10-01,3293182.0
RXST2502,지급수수료_기타,2025-10-01,3290580.0
RXST2503,지급수수료_기타,2025-10-01,4695774.0
RTPU2518,지급수수료_기타,2025-10-01,33192.0
ROOH3500,직원급여_본사,2025-11-01,7741950.0
RIOH6100,직원급여_본사,2025-11-01,2.3500037E7
RCOH3100,직원급여_본사,2025-11-01,9860010.0
RXOH3200,직원급여_본사,2025-11-01,4.27001E7
RROH3400,직원급여_본사,2025-11-01,6.272736E7
RTOH3300,직원급여_본사,2025-11-01,5.790295E7
RXST2501,직원급여_매장,2025-11-01,3333350.0
RXST2503,직원급여_매장,2025-11-01,1600010.0
RCST2506,직원급여_매장,2025-11-01,1.163944E7
RCST2507,직원급여_매장,2025-11-01,7907360.0
RROH3400,상여금,2025-11-01,6.9704738E7
RTOH3300,잡급,2025-11-01,4107286.0
RIOH6100,복리후생비_건강보험,2025-11-01,836210.0
RCOH3100,복리후생비_건강보험,2025-11-01,718820.0
RCST2507,복리후생비_건강보험,2025-11-01,292650.0
ROOH3500,복리후생비_건강보험,2025-11-01,258920.0
RXST2501,복리후생비_건강보험,2025-11-01,102090.0
RTOH3300,복리후생비_건강보험,2025-11-01,2388420.0
RXOH3200,복리후생비_건강보험,2025-11-01,2001810.0
RROH3400,복리후생비_건강보험,2025-11-01,3543390.0
RCST2506,복리후생비_건강보험,2025-11-01,528720.0
RTPU2574,복리후생비_식음료대,2025-11-01,472401.0
RIPU2501,복리후생비_식음료대,2025-11-01,83683.0
RTPU2579,복리후생비_식음료대,2025-11-01,50135.0
RXOH3200,복리후생비_식음료대,2025-11-01,1597510.0
RCPU2562,복리후생비_식음료대,2025-11-01,368926.0
RXST2501,복리후생비_식음료대,2025-11-01,646483.0
RCPU2542,복리후생비_식음료대,2025-11-01,126100.0
RCPU2564,복리후생비_식음료대,2025-11-01,939279.0
RTPU2583,복리후생비_식음료대,2025-11-01,105092.0
RTPU2575,복리후생비_식음료대,2025-11-01,259506.0
RCPU2563,복리후생비_식음료대,2025-11-01,931210.0
RIOH6100,복리후생비_식음료대,2025-11-01,527515.0
RTPU2549,복리후생비_식음료대,2025-11-01,100800.0
RCPU2609,복리후생비_식음료대,2025-11-01,130364.0
RXPU2513,복리후생비_식음료대,2025-11-01,284675.0
RTPU2534,복리후생비_식음료대,2025-11-01,45000.0
RCPU2557,복리후생비_식음료대,2025-11-01,3978277.0
RXPU2515,복리후생비_식음료대,2025-11-01,260895.0
RTPU2588,복리후생비_식음료대,2025-11-01,154909.0
RCPU2555,복리후생비_식음료대,2025-11-01,54000.0
RTPU2569,복리후생비_식음료대,2025-11-01,530197.0
RIPU2511,복리후생비_식음료대,2025-11-01,28817.0
RTPU2565,복리후생비_식음료대,2025-11-01,168182.0
ROPU2501,복리후생비_식음료대,2025-11-01,47000.0
RXPU2514,복리후생비_식음료대,2025-11-01,143000.0
RXST2503,복리후생비_식음료대,2025-11-01,259339.0
RCPU2568,복리후생비_식음료대,2025-11-01,7800.0
RTPU2581,복리후생비_식음료대,2025-11-01,264146.0
RCPU2543,복리후생비_식음료대,2025-11-01,189034.0
RXST2502,복리후생비_식음료대,2025-11-01,37290.0
RTPU2602,복리후생비_식음료대,2025-11-01,100000.0
RCPU2550,복리후생비_식음료대,2025-11-01,255100.0
RTOH3300,복리후생비_식음료대,2025-11-01,3212150.0
RIPU2523,복리후생비_식음료대,2025-11-01,89403.0
RTPU2580,복리후생비_식음료대,2025-11-01,444384.0
RIPU2514,복리후생비_식음료대,2025-11-01,42647.0
RCPU2566,복리후생비_식음료대,2025-11-01,1042891.0
RIPU2522,복리후생비_식음료대,2025-11-01,283441.0
RTPU2567,복리후생비_식음료대,2025-11-01,325558.0
RCPU2559,복리후생비_식음료대,2025-11-01,139810.0
RCPU2560,복리후생비_식음료대,2025-11-01,33636.0
RCPU2561,복리후생비_식음료대,2025-11-01,1031765.0
RROH3400,복리후생비_식음료대,2025-11-01,5367898.0
RCST2506,복리후생비_식음료대,2025-11-01,89680.0
RTPU2556,복리후생비_식음료대,2025-11-01,205809.0
RIPU2517,복리후생비_식음료대,2025-11-01,332500.0
ROOH3500,복리후생비_식음료대,2025-11-01,285459.0
RIPU2519,복리후생비_식음료대,2025-11-01,385358.0
RTPU2505,복리후생비_식음료대,2025-11-01,108229.0
RCOH3100,복리후생비_식음료대,2025-11-01,331740.0
RTPU2576,복리후생비_식음료대,2025-11-01,16000.0
RCST2507,복리후생비_식음료대,2025-11-01,20650.0
RXST2504,복리후생비_식음료대,2025-11-01,353509.0
RCOH3100,복리후생비_회식대,2025-11-01,360002.0
RTOH3300,복리후생비_회식대,2025-11-01,90000.0
RROH3400,복리후생비_회식대,2025-11-01,275636.0
RCOH3100,복리후생비_기타,2025-11-01,100375.0
RCST2506,복리후생비_기타,2025-11-01,100000.0
RXST2504,여비교통비_야근,2025-11-01,64700.0
RTPU2579,여비교통비_야근,2025-11-01,55100.0
RTPU2569,여비교통비_야근,2025-11-01,32990.0
RXST2503,여비교통비_야근,2025-11-01,86800.0
RIPU2517,여비교통비_야근,2025-11-01,35800.0
RCPU2563,여비교통비_야근,2025-11-01,365500.0
RCPU2559,여비교통비_야근,2025-11-01,330100.0
RCOH3100,여비교통비_야근,2025-11-01,82700.0
RCPU2609,여비교통비_야근,2025-11-01,111400.0
RXST2501,여비교통비_야근,2025-11-01,172700.0
RCPU2561,여비교통비_야근,2025-11-01,220140.0
RTPU2581,여비교통비_야근,2025-11-01,35100.0
RCPU2562,여비교통비_야근,2025-11-01,374500.0
RCPU2550,여비교통비_야근,2025-11-01,41800.0
RCPU2560,여비교통비_야근,2025-11-01,55700.0
RROH3400,여비교통비_야근,2025-11-01,84100.0
RTPU2556,여비교통비_야근,2025-11-01,15100.0
RCPU2566,여비교통비_야근,2025-11-01,363900.0
RCST2506,여비교통비_야근,2025-11-01,22900.0
RIPU2522,여비교통비_야근,2025-11-01,147500.0
RIPU2501,여비교통비_야근,2025-11-01,41600.0
RCPU2557,여비교통비_야근,2025-11-01,420500.0
RTPU2565,여비교통비_야근,2025-11-01,164900.0
RTPU2588,여비교통비_야근,2025-11-01,39000.0
RXOH3200,여비교통비_야근,2025-11-01,30200.0
RCPU2542,여비교통비_야근,2025-11-01,63800.0
RCPU2564,여비교통비_야근,2025-11-01,214600.0
RTPU2582,여비교통비_야근,2025-11-01,18000.0
RTPU2580,여비교통비_야근,2025-11-01,61860.0
RTOH3300,여비교통비_야근,2025-11-01,65500.0
RTPU2534,여비교통비_야근,2025-11-01,61500.0
RIPU2519,여비교통비_야근,2025-11-01,97100.0
RCPU2543,여비교통비_야근,2025-11-01,123400.0
RIPU2501,여비교통비_외근,2025-11-01,53400.0
RCPU2564,여비교통비_외근,2025-11-01,34600.0
RTPU2583,여비교통비_외근,2025-11-01,11900.0
RIPU2517,여비교통비_외근,2025-11-01,76200.0
RCPU2550,여비교통비_외근,2025-11-01,44900.0
RTPU2531,여비교통비_외근,2025-11-01,55200.0
RTPU2588,여비교통비_외근,2025-11-01,47000.0
RCPU2557,여비교통비_외근,2025-11-01,141526.0
RTPU2579,여비교통비_외근,2025-11-01,46600.0
RCPU2569,여비교통비_외근,2025-11-01,11400.0
RIPU2514,여비교통비_외근,2025-11-01,15200.0
RTPU2505,여비교통비_외근,2025-11-01,72100.0
RCPU2609,여비교통비_외근,2025-11-01,139570.0
RIPU2522,여비교통비_외근,2025-11-01,79900.0
RROH3400,여비교통비_외근,2025-11-01,700000.0
RTPU2549,여비교통비_외근,2025-11-01,19100.0
RTPU2567,여비교통비_외근,2025-11-01,70500.0
RXPU2515,여비교통비_외근,2025-11-01,23900.0
RCOH3100,여비교통비_외근,2025-11-01,157200.0
RTPU2569,여비교통비_외근,2025-11-01,293310.0
RCPU2566,여비교통비_외근,2025-11-01,230300.0
RTPU2580,여비교통비_외근,2025-11-01,183300.0
RXST2501,여비교통비_외근,2025-11-01,255628.0
RCPU2561,여비교통비_외근,2025-11-01,706800.0
RTPU2582,여비교통비_외근,2025-11-01,51680.0
RCPU2559,여비교통비_외근,2025-11-01,13307.0
RTPU2581,여비교통비_외근,2025-11-01,112400.0
RXPU2513,여비교통비_외근,2025-11-01,9500.0
RCPU2562,여비교통비_외근,2025-11-01,118400.0
RIPU2519,여비교통비_외근,2025-11-01,45700.0
RTPU2556,여비교통비_외근,2025-11-01,106400.0
RXST2504,여비교통비_외근,2025-11-01,134911.0
RTPU2602,여비교통비_외근,2025-11-01,13400.0
RCPU2542,여비교통비_외근,2025-11-01,9700.0
RTPU2575,여비교통비_외근,2025-11-01,45700.0
RCPU2563,여비교통비_외근,2025-11-01,328758.0
RXOH3200,여비교통비_외근,2025-11-01,183760.0
RTOH3300,여비교통비_외근,2025-11-01,365602.0
RXPU2514,여비교통비_외근,2025-11-01,338020.0
RCPU2543,여비교통비_외근,2025-11-01,97200.0
RTPU2587,여비교통비_외근,2025-11-01,237600.0
RXST2502,여비교통비_외근,2025-11-01,10500.0
RXST2503,여비교통비_외근,2025-11-01,37900.0
RTPU2574,여비교통비_외근,2025-11-01,19100.0
RCST2506,여비교통비_외근,2025-11-01,46700.0
RTOH3300,여비교통비_국내출장,2025-11-01,55900.0
RROH3400,여비교통비_국내출장,2025-11-01,194400.0
RTPU2505,여비교통비_국내출장,2025-11-01,153500.0
RCPU2557,여비교통비_국내출장,2025-11-01,207000.0
RXPU2513,여비교통비_국내출장,2025-11-01,1226250.0
RCPU2561,여비교통비_국내출장,2025-11-01,315780.0
RTPU2556,여비교통비_국내출장,2025-11-01,190947.0
RXPU2515,여비교통비_국내출장,2025-11-01,280000.0
RTPU2569,여비교통비_국내출장,2025-11-01,119600.0
RIPU2517,여비교통비_국내출장,2025-11-01,816100.0
RTPU2579,여비교통비_국내출장,2025-11-01,45100.0
RTOH3300,여비교통비_해외출장,2025-11-01,1182392.0
RCPU2563,여비교통비_개인차량사용료,2025-11-01,13500.0
RIPU2519,여비교통비_개인차량사용료,2025-11-01,90000.0
RTPU2602,여비교통비_개인차량사용료,2025-11-01,2400.0
RXPU2514,여비교통비_개인차량사용료,2025-11-01,58000.0
ROOH3500,여비교통비_개인차량사용료,2025-11-01,73395.0
RCPU2557,여비교통비_개인차량사용료,2025-11-01,24000.0
RXST2503,여비교통비_개인차량사용료,2025-11-01,28151.0
RTPU2575,여비교통비_개인차량사용료,2025-11-01,68400.0
RTOH3300,여비교통비_개인차량사용료,2025-11-01,677411.0
RCPU2561,여비교통비_개인차량사용료,2025-11-01,74167.0
RTPU2576,여비교통비_개인차량사용료,2025-11-01,2800.0
RXST2501,여비교통비_개인차량사용료,2025-11-01,577516.0
RTPU2567,여비교통비_개인차량사용료,2025-11-01,77900.0
RIPU2601,여비교통비_개인차량사용료,2025-11-01,1000.0
RXOH3200,여비교통비_개인차량사용료,2025-11-01,164216.0
RXPU2513,여비교통비_개인차량사용료,2025-11-01,20000.0
RROH3400,여비교통비_개인차량사용료,2025-11-01,2337764.0
RCPU2566,여비교통비_개인차량사용료,2025-11-01,5000.0
RTPU2549,여비교통비_개인차량사용료,2025-11-01,35000.0
RTPU2574,여비교통비_개인차량사용료,2025-11-01,64900.0
RCPU2550,여비교통비_개인차량사용료,2025-11-01,17842.0
RTPU2588,여비교통비_개인차량사용료,2025-11-01,24000.0
RCOH3100,접대비,2025-11-01,39900.0
RTOH3300,접대비,2025-11-01,211000.0
RTPU2580,접대비,2025-11-01,480000.0
RROH3400,접대비,2025-11-01,6950172.0
RTPU2582,접대비,2025-11-01,234000.0
RXOH3200,접대비,2025-11-01,130000.0
RTPU2579,접대비,2025-11-01,386000.0
RXST2502,통신비,2025-11-01,40000.0
RCST2502,통신비,2025-11-01,35000.0
RXST2503,통신비,2025-11-01,86670.0
RXOH3200,통신비,2025-11-01,289091.0
RCST2506,통신비,2025-11-01,92508.0
RXST2501,통신비,2025-11-01,188000.0
RIPU2519,통신비,2025-11-01,13000.0
RXST2504,통신비,2025-11-01,120000.0
RTPU2579,통신비,2025-11-01,22120.0
RIPU2524,통신비,2025-11-01,40000.0
RCST2507,통신비,2025-11-01,35000.0
RTOH3300,통신비,2025-11-01,95455.0
RIOH6100,통신비,2025-11-01,56364.0
RIPU2521,통신비,2025-11-01,745000.0
RXOH3200,수도광열비,2025-11-01,2240.0
RRPM2504,수도광열비,2025-11-01,1897424.0
RCST2506,세금과공과_국민연금,2025-11-01,512010.0
RCOH3100,세금과공과_국민연금,2025-11-01,286650.0
RXST2501,세금과공과_국민연금,2025-11-01,114750.0
RCST2507,세금과공과_국민연금,2025-11-01,323540.0
ROOH3500,세금과공과_국민연금,2025-11-01,286650.0
RXOH3200,세금과공과_국민연금,2025-11-01,1812770.0
RROH3400,세금과공과_국민연금,2025-11-01,2405550.0
RIOH6100,세금과공과_국민연금,2025-11-01,1013880.0
RTOH3300,세금과공과_국민연금,2025-11-01,2215740.0
RIPU2523,세금과공과_세금,2025-11-01,150000.0
RIOH6100,세금과공과_세금,2025-11-01,140723.0
ROOH3500,세금과공과_세금,2025-11-01,23454.0
RRPM2402,세금과공과_세금,2025-11-01,235370.0
RXOH3200,세금과공과_세금,2025-11-01,257992.0
RCOH3100,세금과공과_세금,2025-11-01,23454.0
RTOH3300,세금과공과_세금,2025-11-01,351806.0
RROH3400,세금과공과_세금,2025-11-01,257991.0
RROH3400,감가상각비,2025-11-01,91323.0
RCST2507,감가상각비,2025-11-01,3645282.0
RXST2501,감가상각비,2025-11-01,5801545.0
RXST2502,감가상각비,2025-11-01,3288268.0
RTOH3300,감가상각비,2025-11-01,189828.0
RRPM2505,감가상각비,2025-11-01,736634.0
RRPM2504,감가상각비,2025-11-01,1.0724822E7
ROOH3500,감가상각비,2025-11-01,143665.0
RXST2504,감가상각비,2025-11-01,1740757.0
RXST2503,감가상각비,2025-11-01,5111232.0
RCST2506,감가상각비,2025-11-01,2622363.0
RXOH3200,감가상각비,2025-11-01,190548.0
RXOH3200,지급임차료_창고,2025-11-01,3483863.0
RTOH3300,지급임차료_창고,2025-11-01,3700000.0
RIPU2507,지급임차료_창고,2025-11-01,2000000.0
RTPU2569,지급임차료_창고,2025-11-01,3000000.0
RCST2506,지급임차료_스테이션,2025-11-01,1577864.0
RRPM2402,지급임차료_기타,2025-11-01,6.2823955E7
RRPM2505,지급임차료_기타,2025-11-01,4.025E7
RRPM2504,지급임차료_기타,2025-11-01,3.0E7
RRPM2506,지급임차료_기타,2025-11-01,1.5E7
RRPM2501,지급임차료_기타,2025-11-01,6.3E7
RIOH6100,보험료_산재보험,2025-11-01,148460.0
RROH3400,보험료_산재보험,2025-11-01,598960.0
ROOH3500,보험료_산재보험,2025-11-01,39180.0
RCOH3100,보험료_산재보험,2025-11-01,79570.0
RXOH3200,보험료_산재보험,2025-11-01,285300.0
RCST2507,보험료_산재보험,2025-11-01,43770.0
RCST2506,보험료_산재보험,2025-11-01,69370.0
RTOH3300,보험료_산재보험,2025-11-01,381410.0
RXST2501,보험료_산재보험,2025-11-01,15450.0
RROH3400,보험료_고용보험,2025-11-01,726860.0
ROOH3500,보험료_고용보험,2025-11-01,64690.0
RCST2506,보험료_고용보험,2025-11-01,135380.0
RCOH3100,보험료_고용보험,2025-11-01,182240.0
RXOH3200,보험료_고용보험,2025-11-01,525120.0
RIOH6100,보험료_고용보험,2025-11-01,258620.0
RXST2501,보험료_고용보험,2025-11-01,24070.0
RCST2507,보험료_고용보험,2025-11-01,80520.0
RTOH3300,보험료_고용보험,2025-11-01,600830.0
RIPU2523,보험료_프로젝트,2025-11-01,8890.0
RCPU2561,보험료_프로젝트,2025-11-01,270188.0
RXST2503,보험료_프로젝트,2025-11-01,85721.0
RCPU2559,보험료_프로젝트,2025-11-01,302108.0
RTPU2567,보험료_프로젝트,2025-11-01,858171.0
RCPU2550,보험료_프로젝트,2025-11-01,137077.0
RCPU2557,보험료_프로젝트,2025-11-01,487000.0
RTPU2569,보험료_프로젝트,2025-11-01,1935000.0
RRPM2504,보험료_프로젝트,2025-11-01,8459.0
RCPU2543,보험료_프로젝트,2025-11-01,178200.0
RCPU2560,보험료_프로젝트,2025-11-01,77080.0
RXPU2515,보험료_프로젝트,2025-11-01,224500.0
RCPU2542,보험료_프로젝트,2025-11-01,44222.0
RIPU2519,보험료_프로젝트,2025-11-01,3588380.0
RCPU2564,보험료_프로젝트,2025-11-01,141000.0
RTPU2549,보험료_프로젝트,2025-11-01,293000.0
RXST2501,보험료_프로젝트,2025-11-01,161797.0
RIPU2517,보험료_프로젝트,2025-11-01,654465.0
RXST2504,보험료_프로젝트,2025-11-01,28564.0
RIPU2501,보험료_프로젝트,2025-11-01,644417.0
RXPU2514,보험료_프로젝트,2025-11-01,223346.0
RROH3400,보험료_기타,2025-11-01,257014.0
RTOH3300,차량유지비_유류대,2025-11-01,93000.0
RCPU2561,차량유지비_유류대,2025-11-01,40000.0
RXOH3200,차량유지비_유류대,2025-11-01,356546.0
RCPU2561,차량유지비_기타,2025-11-01,143000.0
RCPU2564,차량유지비_기타,2025-11-01,54000.0
RXPU2514,차량유지비_기타,2025-11-01,12000.0
RXST2501,차량유지비_기타,2025-11-01,20000.0
RTPU2569,운반비_사업본부,2025-11-01,2010000.0
RXPU2513,운반비_사업본부,2025-11-01,15000.0
RCPU2550,운반비_사업본부,2025-11-01,1290000.0
RCPU2566,운반비_사업본부,2025-11-01,160000.0
RTPU2582,운반비_사업본부,2025-11-01,80000.0
RCPU2561,운반비_사업본부,2025-11-01,930000.0
RCPU2556,운반비_사업본부,2025-11-01,260000.0
RCPU2564,운반비_사업본부,2025-11-01,149800.0
RIOH6100,운반비_사업본부,2025-11-01,743400.0
RXPU2514,운반비_사업본부,2025-11-01,17000.0
RTPU2549,운반비_사업본부,2025-11-01,70000.0
RTPU2584,운반비_사업본부,2025-11-01,43000.0
RIPU2517,운반비_사업본부,2025-11-01,1590000.0
RCPU2542,운반비_사업본부,2025-11-01,260000.0
RCST2507,운반비_사업본부,2025-11-01,4000.0
RTPU2587,운반비_사업본부,2025-11-01,120000.0
RCPU2560,운반비_사업본부,2025-11-01,3900.0
RTPU2583,운반비_사업본부,2025-11-01,50000.0
RROH3400,운반비_사업본부,2025-11-01,223800.0
RCPU2543,운반비_사업본부,2025-11-01,390000.0
RTPU2574,운반비_사업본부,2025-11-01,327000.0
RTPU2565,운반비_사업본부,2025-11-01,221000.0
RTPU2558,운반비_사업본부,2025-11-01,450000.0
RTPU2576,운반비_사업본부,2025-11-01,20000.0
RTPU2577,운반비_사업본부,2025-11-01,320000.0
RCPU2555,운반비_사업본부,2025-11-01,520000.0
RTPU2579,운반비_사업본부,2025-11-01,1601000.0
RIPU2514,운반비_사업본부,2025-11-01,25000.0
RTPU2588,운반비_사업본부,2025-11-01,272000.0
RTPU2581,운반비_사업본부,2025-11-01,408000.0
RCPU2554,운반비_사업본부,2025-11-01,520000.0
RXST2504,운반비_사업본부,2025-11-01,170000.0
RTPU2534,운반비_사업본부,2025-11-01,3155400.0
RTPU2531,운반비_사업본부,2025-11-01,3400.0
RTPU2556,운반비_사업본부,2025-11-01,630000.0
RCPU2557,운반비_사업본부,2025-11-01,2338000.0
RTOH3300,운반비_사업본부,2025-11-01,132000.0
RXOH3200,운반비_사업본부,2025-11-01,1535700.0
RCST2506,운반비_사업본부,2025-11-01,43400.0
RCPU2563,운반비_사업본부,2025-11-01,260000.0
RTPU2580,운반비_사업본부,2025-11-01,1773000.0
RXOH3200,교육훈련비,2025-11-01,149000.0
RXPU2513,도서인쇄비_행사출력물,2025-11-01,51600.0
RXST2502,도서인쇄비_행사출력물,2025-11-01,53100.0
RXPU2514,도서인쇄비_행사출력물,2025-11-01,1785872.0
RXST2504,도서인쇄비_행사출력물,2025-11-01,64700.0
RTPU2586,도서인쇄비_행사출력물,2025-11-01,1600000.0
RCPU2561,도서인쇄비_행사출력물,2025-11-01,7000.0
RIPU2514,도서인쇄비_행사출력물,2025-11-01,727500.0
RIPU2517,도서인쇄비_행사출력물,2025-11-01,51640.0
RTPU2569,도서인쇄비_행사출력물,2025-11-01,133540.0
RTPU2579,도서인쇄비_행사출력물,2025-11-01,272163.0
RTPU2577,도서인쇄비_행사출력물,2025-11-01,250000.0
RROH3400,도서인쇄비_행사출력물,2025-11-01,608700.0
RXST2501,도서인쇄비_행사출력물,2025-11-01,20300.0
RTPU2574,도서인쇄비_행사출력물,2025-11-01,3248500.0
RXOH3200,소모품비_본사,2025-11-01,79900.0
RXPU2514,소모품비_현장,2025-11-01,1.0930695E7
RTPU2580,소모품비_현장,2025-11-01,842644.0
RCPU2550,소모품비_현장,2025-11-01,330492.0
RXPU2513,소모품비_현장,2025-11-01,8130235.0
RCPU2559,소모품비_현장,2025-11-01,89636.0
RXPU2515,소모품비_현장,2025-11-01,5681206.0
RXST2504,소모품비_현장,2025-11-01,1576606.0
RXOH3200,소모품비_현장,2025-11-01,196364.0
RTPU2579,소모품비_현장,2025-11-01,597840.0
RCPU2601,소모품비_현장,2025-11-01,110000.0
RIPU2519,소모품비_현장,2025-11-01,1.0985574E7
RXST2503,소모품비_현장,2025-11-01,1418314.0
RCST2506,소모품비_현장,2025-11-01,387280.0
RTPU2588,소모품비_현장,2025-11-01,869802.0
RIPU2501,소모품비_현장,2025-11-01,254628.0
RTPU2586,소모품비_현장,2025-11-01,1585454.0
RTPU2505,소모품비_현장,2025-11-01,20100.0
RTPU2549,소모품비_현장,2025-11-01,767154.0
RCPU2561,소모품비_현장,2025-11-01,7529487.0
RTPU2581,소모품비_현장,2025-11-01,191573.0
RTOH3300,소모품비_현장,2025-11-01,192325.0
RTPU2583,소모품비_현장,2025-11-01,176630.0
RXST2501,소모품비_현장,2025-11-01,404609.0
RCPU2560,소모품비_현장,2025-11-01,1.0169545E7
RIPU2523,소모품비_현장,2025-11-01,63800.0
RIPU2521,소모품비_현장,2025-11-01,244230.0
RCPU2557,소모품비_현장,2025-11-01,3512420.0
RCPU2563,소모품비_현장,2025-11-01,1244810.0
RIPU2514,소모품비_현장,2025-11-01,179330.0
RTPU2565,소모품비_현장,2025-11-01,155454.0
RROH3400,소모품비_현장,2025-11-01,41600.0
RCPU2609,소모품비_현장,2025-11-01,10140.0
RCST2507,소모품비_현장,2025-11-01,41900.0
RTPU2569,소모품비_현장,2025-11-01,1561882.0
RCPU2562,소모품비_현장,2025-11-01,186327.0
RCPU2566,소모품비_현장,2025-11-01,542135.0
RIPU2522,소모품비_현장,2025-11-01,79431.0
RIPU2520,소모품비_현장,2025-11-01,4890.0
RTPU2567,소모품비_현장,2025-11-01,173635.0
RTPU2574,소모품비_현장,2025-11-01,1372222.0
RIPU2515,소모품비_현장,2025-11-01,7900.0
RTPU2582,소모품비_현장,2025-11-01,764691.0
RCPU2543,소모품비_현장,2025-11-01,126860.0
RCPU2564,소모품비_현장,2025-11-01,2604998.0
RIPU2517,소모품비_현장,2025-11-01,247840.0
RXST2502,소모품비_현장,2025-11-01,80454.0
RTPU2575,소모품비_현장,2025-11-01,180234.0
RCPU2543,지급수수료_운영인건비,2025-11-01,7687950.0
RTPU2560,지급수수료_운영인건비,2025-11-01,2550000.0
RCPU2555,지급수수료_운영인건비,2025-11-01,156800.0
RTPU2569,지급수수료_운영인건비,2025-11-01,5900000.0
RCPU2563,지급수수료_운영인건비,2025-11-01,960000.0
RIPU2521,지급수수료_운영인건비,2025-11-01,1.034125E7
RCPU2542,지급수수료_운영인건비,2025-11-01,4.029737E7
RCPU2562,지급수수료_운영인건비,2025-11-01,6480000.0
RCPU2566,지급수수료_운영인건비,2025-11-01,952500.0
RCPU2561,지급수수료_운영인건비,2025-11-01,1.0854375E7
RCPU2559,지급수수료_운영인건비,2025-11-01,2.0482111E7
RCPU2550,지급수수료_운영인건비,2025-11-01,2.324681E7
RXPU2515,지급수수료_운영인건비,2025-11-01,7500000.0
RCOH3100,지급수수료_운영인건비,2025-11-01,250000.0
RCPU2557,지급수수료_운영인건비,2025-11-01,5.7265568E7
RIPU2517,지급수수료_도급인건비,2025-11-01,1.929E7
RIPU2521,지급수수료_도급인건비,2025-11-01,5003700.0
RXST2504,지급수수료_도급인건비,2025-11-01,4484805.0
RIPU2520,지급수수료_도급인건비,2025-11-01,4.222E7
RRPM2504,지급수수료_도급인건비,2025-11-01,400000.0
RTPU2570,지급수수료_도급인건비,2025-11-01,1.09E7
RXPU2514,지급수수료_도급인건비,2025-11-01,1.222E7
RRPM2505,지급수수료_도급인건비,2025-11-01,250000.0
RIPU2522,지급수수료_도급인건비,2025-11-01,1.289221E7
RTPU2569,지급수수료_도급인건비,2025-11-01,8000000.0
RXOH3200,지급수수료_도급인건비,2025-11-01,3501773.0
RTPU2574,지급수수료_도급인건비,2025-11-01,1.961E7
RRPM2402,지급수수료_도급인건비,2025-11-01,600000.0
RXPU2513,지급수수료_도급인건비,2025-11-01,1080000.0
RXPU2515,지급수수료_도급인건비,2025-11-01,2.67E7
RIPU2514,지급수수료_도급인건비,2025-11-01,5310000.0
RTPU2549,지급수수료_도급인건비,2025-11-01,400000.0
RRPM2401,지급수수료_도급인건비,2025-11-01,3.9036461E7
RIPU2519,지급수수료_디자인,2025-11-01,2000000.0
RTPU2570,지급수수료_디자인,2025-11-01,3200000.0
RTPU2567,지급수수료_디자인,2025-11-01,7000000.0
RTOH3300,지급수수료_디자인,2025-11-01,1000000.0
RIPU2501,지급수수료_디자인,2025-11-01,4.535E7
RTPU2602,지급수수료_디자인,2025-11-01,1000000.0
RTPU2581,지급수수료_디자인,2025-11-01,3000000.0
RCPU2560,지급수수료_디자인,2025-11-01,4000000.0
RTPU2565,지급수수료_디자인,2025-11-01,300000.0
RXPU2515,지급수수료_디자인,2025-11-01,2800000.0
RCPU2609,지급수수료_서비스이용료,2025-11-01,14960.0
RCPU2550,지급수수료_서비스이용료,2025-11-01,665400.0
RCPU2563,지급수수료_서비스이용료,2025-11-01,650000.0
RIPU2517,지급수수료_서비스이용료,2025-11-01,38300.0
RCST2506,지급수수료_서비스이용료,2025-11-01,34000.0
RIPU2521,지급수수료_서비스이용료,2025-11-01,250000.0
RIPU2522,지급수수료_서비스이용료,2025-11-01,420000.0
RCPU2566,지급수수료_서비스이용료,2025-11-01,46200.0
RXPU2514,지급수수료_서비스이용료,2025-11-01,220590.0
RIOH6100,지급수수료_서비스이용료,2025-11-01,300000.0
RTOH3300,지급수수료_서비스이용료,2025-11-01,80513.0
RCPU2557,지급수수료_서비스이용료,2025-11-01,400000.0
RRPM2504,지급수수료_서비스이용료,2025-11-01,93336.0
RXOH3200,지급수수료_서비스이용료,2025-11-01,37256.0
RTPU2575,지급수수료_공간수수료,2025-11-01,3796048.0
RCST2506,지급수수료_공간수수료,2025-11-01,1.2304253E7
RCPU2563,지급수수료_공간수수료,2025-11-01,327272.0
RXPU2513,지급수수료_공간수수료,2025-11-01,538181.0
RCPU2566,지급수수료_공간수수료,2025-11-01,218181.0
RCST2507,지급수수료_공간수수료,2025-11-01,4151618.0
RXPU2515,지급수수료_시공,2025-11-01,6.2E7
RXPU2514,지급수수료_시공,2025-11-01,1.1075091E8
RIPU2501,지급수수료_시공,2025-11-01,1.44E7
RTPU2555,지급수수료_시공,2025-11-01,1.0E7
RTPU2579,지급수수료_시공,2025-11-01,6.2200001E7
RTPU2580,지급수수료_시공,2025-11-01,5.895E7
RCPU2560,지급수수료_시공,2025-11-01,1.351E7
RIPU2521,지급수수료_시공,2025-11-01,6.2E7
RTPU2569,지급수수료_시공,2025-11-01,1.625E7
RCPU2561,지급수수료_시공,2025-11-01,3.85E7
RTPU2581,지급수수료_시공,2025-11-01,1.1956E7
RIPU2519,지급수수료_시공,2025-11-01,3.0E7
RTPU2570,지급수수료_시공,2025-11-01,1.02E7
RTPU2572,지급수수료_시공,2025-11-01,7700000.0
RXOH3200,지급수수료_시공,2025-11-01,1700000.0
RCPU2543,지급수수료_시공,2025-11-01,8109600.0
RCPU2542,지급수수료_시공,2025-11-01,3.68E7
RIPU2514,지급수수료_광고비,2025-11-01,1000000.0
RXPU2514,지급수수료_광고비,2025-11-01,8141596.0
RTPU2569,지급수수료_광고비,2025-11-01,485455.0
RTPU2577,지급수수료_물품대여,2025-11-01,1155000.0
RTPU2549,지급수수료_물품대여,2025-11-01,1772000.0
RIPU2514,지급수수료_물품대여,2025-11-01,2675000.0
RTPU2570,지급수수료_물품대여,2025-11-01,2200000.0
RIPU2521,지급수수료_물품대여,2025-11-01,868000.0
RCPU2566,지급수수료_물품대여,2025-11-01,3580000.0
RTPU2584,지급수수료_물품대여,2025-11-01,495000.0
RCPU2609,지급수수료_물품대여,2025-11-01,2.15E7
RCPU2560,지급수수료_물품대여,2025-11-01,4930000.0
RXPU2515,지급수수료_물품대여,2025-11-01,7800000.0
RTPU2580,지급수수료_물품대여,2025-11-01,1650000.0
RCPU2562,지급수수료_물품대여,2025-11-01,1197045.0
RCPU2557,지급수수료_물품대여,2025-11-01,2320000.0
RTPU2574,지급수수료_물품대여,2025-11-01,2260000.0
RIPU2522,지급수수료_물품대여,2025-11-01,1714000.0
RCPU2564,지급수수료_물품대여,2025-11-01,6775000.0
RCPU2563,지급수수료_물품대여,2025-11-01,1910000.0
RTPU2569,지급수수료_물품대여,2025-11-01,1895000.0
RTPU2581,지급수수료_물품대여,2025-11-01,2500000.0
RTPU2575,지급수수료_물품대여,2025-11-01,632000.0
RCPU2555,지급수수료_물품대여,2025-11-01,-500091.0
RTPU2580,지급수수료_제작비,2025-11-01,3200000.0
RTPU2586,지급수수료_제작비,2025-11-01,8381000.0
RTPU2581,지급수수료_제작비,2025-11-01,2750000.0
RTPU2565,지급수수료_제작비,2025-11-01,1900000.0
RCPU2560,지급수수료_제작비,2025-11-01,3060000.0
RCST2507,지급수수료_카드수수료,2025-11-01,21873.0
RTPU2581,지급수수료_카드수수료,2025-11-01,568300.0
RTPU2577,지급수수료_카드수수료,2025-11-01,84400.0
RTPU2580,지급수수료_카드수수료,2025-11-01,226150.0
RCST2506,지급수수료_카드수수료,2025-11-01,207892.0
RCOH3100,지급수수료_Working Tool,2025-11-01,16122.0
RTOH3300,지급수수료_Working Tool,2025-11-01,33128.0
RXST2501,지급수수료_Working Tool,2025-11-01,1043373.0
RIOH6100,지급수수료_Working Tool,2025-11-01,32774.0
RXOH3200,지급수수료_Working Tool,2025-11-01,32905.0
RXOH3200,지급수수료_채용,2025-11-01,5390000.0
RXST2501,지급수수료_기타,2025-11-01,4824102.0
ROOH3500,지급수수료_기타,2025-11-01,5000.0
RCST2507,지급수수료_기타,2025-11-01,143678.0
RXST2504,지급수수료_기타,2025-11-01,8420480.0
RTPU2556,지급수수료_기타,2025-11-01,100000.0
RXPU2514,지급수수료_기타,2025-11-01,3697500.0
RCPU2550,지급수수료_기타,2025-11-01,170853.0
RXST2502,지급수수료_기타,2025-11-01,3140123.0
RXST2503,지급수수료_기타,2025-11-01,5743160.0
RXOH3200,지급수수료_기타,2025-11-01,2000000.0
RTOH3300,지급수수료_기타,2025-11-01,39019.0
RROH3400,지급수수료_기타,2025-11-01,3920.0
RTPU2587,지급수수료_라이선스,2025-11-01,1.0E7
ROOH3500,직원급여_본사,2025-12-01,1.3875004E7
RIOH6100,직원급여_본사,2025-12-01,2.4306507E7
RTOH3300,직원급여_본사,2025-12-01,5.739221E7
RCOH3100,직원급여_본사,2025-12-01,9860010.0
RXOH3200,직원급여_본사,2025-12-01,5.1554777E7
RROH3400,직원급여_본사,2025-12-01,6.7557927E7
RCST2507,직원급여_매장,2025-12-01,8027720.0
RCST2506,직원급여_매장,2025-12-01,1.1800429E7
RXST2501,직원급여_매장,2025-12-01,3333350.0
RXST2503,직원급여_매장,2025-12-01,3870980.0
RTOH3300,잡급,2025-12-01,2130082.0
RCOH3100,퇴직급여_본사,2025-12-01,2.9119183E7
RROH3400,퇴직급여_본사,2025-12-01,1.18426394E8
RXOH3200,퇴직급여_본사,2025-12-01,1.5480064E7
RIOH6100,퇴직급여_본사,2025-12-01,5685459.0
RTOH3300,퇴직급여_본사,2025-12-01,2.9840626E7
RCST2501,퇴직급여_매장,2025-12-01,-1.0150155E7
RCST2504,퇴직급여_매장,2025-12-01,-2581180.0
RCST2502,퇴직급여_매장,2025-12-01,-8569593.0
RCST2505,퇴직급여_매장,2025-12-01,-8076466.0
RCSN2414,퇴직급여_매장,2025-12-01,-2.2474496E7
ROOH3500,연차수당_본사,2025-12-01,1622978.0
RCOH3100,연차수당_본사,2025-12-01,1386813.0
RTOH3300,연차수당_본사,2025-12-01,7054546.0
RXOH3200,연차수당_본사,2025-12-01,6435897.0
RIOH6100,연차수당_본사,2025-12-01,2834607.0
RROH3400,연차수당_본사,2025-12-01,9499464.0
RCST2507,연차수당_매장,2025-12-01,855030.0
RCSN2417,연차수당_매장,2025-12-01,1060112.0
RXST2501,복리후생비_건강보험,2025-12-01,102090.0
RXOH3200,복리후생비_건강보험,2025-12-01,1338930.0
RCST2506,복리후생비_건강보험,2025-12-01,301350.0
RIOH6100,복리후생비_건강보험,2025-12-01,869310.0
RXST2503,복리후생비_건강보험,2025-12-01,98760.0
RTOH3300,복리후생비_건강보험,2025-12-01,2465490.0
RCOH3100,복리후생비_건강보험,2025-12-01,718820.0
ROOH3500,복리후생비_건강보험,2025-12-01,-29690.0
RCST2507,복리후생비_건강보험,2025-12-01,292650.0
RROH3400,복리후생비_건강보험,2025-12-01,2454910.0
RCST2501,복리후생비_건강보험,2025-12-01,-20580.0
RTPU2556,복리후생비_식음료대,2025-12-01,191393.0
RCPU2568,복리후생비_식음료대,2025-12-01,40909.0
RCPU2610,복리후생비_식음료대,2025-12-01,26817.0
RCPU2565,복리후생비_식음료대,2025-12-01,290551.0
RTPU2565,복리후생비_식음료대,2025-12-01,130463.0
RTPU2587,복리후생비_식음료대,2025-12-01,28274.0
RTPU2608,복리후생비_식음료대,2025-12-01,16273.0
RIPU2517,복리후생비_식음료대,2025-12-01,51126.0
RIOH6100,복리후생비_식음료대,2025-12-01,697252.0
RTPU2602,복리후생비_식음료대,2025-12-01,51547.0
RTPU2567,복리후생비_식음료대,2025-12-01,9636.0
RTPU2586,복리후생비_식음료대,2025-12-01,54909.0
RXST2506,복리후생비_식음료대,2025-12-01,250106.0
RXST2503,복리후생비_식음료대,2025-12-01,189137.0
RXPU2514,복리후생비_식음료대,2025-12-01,-632081.0
RCPU2609,복리후생비_식음료대,2025-12-01,341933.0
RXPU2513,복리후생비_식음료대,2025-12-01,74819.0
RXOH3200,복리후생비_식음료대,2025-12-01,1435067.0
RIPU2501,복리후생비_식음료대,2025-12-01,8636.0
ROOH3500,복리후생비_식음료대,2025-12-01,321118.0
RTPU2591,복리후생비_식음료대,2025-12-01,91044.0
RCPU2564,복리후생비_식음료대,2025-12-01,530726.0
RXST2504,복리후생비_식음료대,2025-12-01,72345.0
RCPU2569,복리후생비_식음료대,2025-12-01,93638.0
RCPU2566,복리후생비_식음료대,2025-12-01,100445.0
RCPU2602,복리후생비_식음료대,2025-12-01,80456.0
RCOH3100,복리후생비_식음료대,2025-12-01,274733.0
RXST2502,복리후생비_식음료대,2025-12-01,13545.0
ROPU2501,복리후생비_식음료대,2025-12-01,258306.0
RIPU2601,복리후생비_식음료대,2025-12-01,39093.0
RROH3400,복리후생비_식음료대,2025-12-01,3488614.0
RCPU2561,복리후생비_식음료대,2025-12-01,354987.0
RCPU2601,복리후생비_식음료대,2025-12-01,26909.0
RXST2501,복리후생비_식음료대,2025-12-01,412418.0
RTPU2576,복리후생비_식음료대,2025-12-01,179993.0
RIPU2523,복리후생비_식음료대,2025-12-01,501188.0
RCPU2606,복리후생비_식음료대,2025-12-01,931215.0
RTPU2572,복리후생비_식음료대,2025-12-01,12100.0
RCPU2560,복리후생비_식음료대,2025-12-01,282908.0
RTPU2604,복리후생비_식음료대,2025-12-01,110181.0
RIPU2525,복리후생비_식음료대,2025-12-01,253183.0
RCST2506,복리후생비_식음료대,2025-12-01,170223.0
RCST2507,복리후생비_식음료대,2025-12-01,51812.0
RTOH3300,복리후생비_식음료대,2025-12-01,2330652.0
RTOH3300,복리후생비_회식대,2025-12-01,521758.0
ROOH3500,복리후생비_회식대,2025-12-01,81184.0
RROH3400,복리후생비_회식대,2025-12-01,790615.0
RXOH3200,복리후생비_회식대,2025-12-01,406362.0
RIOH6100,복리후생비_회식대,2025-12-01,246364.0
RCOH3100,복리후생비_기타,2025-12-01,202955.0
RCPU2560,여비교통비_야근,2025-12-01,99500.0
RCPU2609,여비교통비_야근,2025-12-01,28300.0
RXST2501,여비교통비_야근,2025-12-01,61100.0
RCPU2561,여비교통비_야근,2025-12-01,363770.0
RTPU2556,여비교통비_야근,2025-12-01,48000.0
RCPU2568,여비교통비_야근,2025-12-01,13800.0
RXPU2514,여비교통비_야근,2025-12-01,-121190.0
RCST2506,여비교통비_야근,2025-12-01,44200.0
RTPU2587,여비교통비_야근,2025-12-01,8900.0
RTOH3300,여비교통비_야근,2025-12-01,30400.0
RTPU2565,여비교통비_야근,2025-12-01,164900.0
RTPU2591,여비교통비_야근,2025-12-01,117700.0
RCPU2566,여비교통비_야근,2025-12-01,84300.0
RROH3400,여비교통비_야근,2025-12-01,132400.0
RCPU2564,여비교통비_야근,2025-12-01,73700.0
RCPU2606,여비교통비_야근,2025-12-01,485600.0
RCPU2601,여비교통비_야근,2025-12-01,43500.0
RTPU2602,여비교통비_야근,2025-12-01,12200.0
RCPU2565,여비교통비_야근,2025-12-01,143500.0
RCPU2569,여비교통비_야근,2025-12-01,75200.0
RIPU2601,여비교통비_야근,2025-12-01,40100.0
RCPU2610,여비교통비_야근,2025-12-01,63100.0
RTPU2586,여비교통비_야근,2025-12-01,17300.0
RCPU2563,여비교통비_야근,2025-12-01,33400.0
RIPU2523,여비교통비_야근,2025-12-01,73200.0
RCPU2602,여비교통비_외근,2025-12-01,15400.0
RCPU2605,여비교통비_외근,2025-12-01,18500.0
RXOH3200,여비교통비_외근,2025-12-01,23400.0
RCPU2569,여비교통비_외근,2025-12-01,15290.0
RCPU2610,여비교통비_외근,2025-12-01,16700.0
RTPU2602,여비교통비_외근,2025-12-01,24700.0
RTPU2572,여비교통비_외근,2025-12-01,89400.0
RCPU2566,여비교통비_외근,2025-12-01,61900.0
RTPU2565,여비교통비_외근,2025-12-01,138900.0
RTPU2575,여비교통비_외근,2025-12-01,22800.0
RCPU2565,여비교통비_외근,2025-12-01,293280.0
RCPU2561,여비교통비_외근,2025-12-01,69500.0
RXST2506,여비교통비_외근,2025-12-01,57800.0
ROPU2501,여비교통비_외근,2025-12-01,15200.0
RIPU2523,여비교통비_외근,2025-12-01,49100.0
RTPU2586,여비교통비_외근,2025-12-01,31000.0
RTPU2587,여비교통비_외근,2025-12-01,24700.0
RCST2506,여비교통비_외근,2025-12-01,110100.0
RTPU2591,여비교통비_외근,2025-12-01,360520.0
ROOH3500,여비교통비_외근,2025-12-01,36000.0
RCPU2609,여비교통비_외근,2025-12-01,255322.0
RCPU2607,여비교통비_외근,2025-12-01,8000.0
RTOH3300,여비교통비_외근,2025-12-01,231700.0
RIOH6100,여비교통비_외근,2025-12-01,11800.0
RTPU2556,여비교통비_외근,2025-12-01,109800.0
RXST2502,여비교통비_외근,2025-12-01,17600.0
RTPU2607,여비교통비_외근,2025-12-01,40500.0
RTPU2579,여비교통비_외근,2025-12-01,16700.0
RCPU2606,여비교통비_외근,2025-12-01,488030.0
RXST2504,여비교통비_외근,2025-12-01,117500.0
RTPU2589,여비교통비_외근,2025-12-01,24200.0
RIPU2601,여비교통비_외근,2025-12-01,44300.0
RROH3400,여비교통비_외근,2025-12-01,562900.0
RTPU2604,여비교통비_외근,2025-12-01,28400.0
RXPU2514,여비교통비_외근,2025-12-01,-1513010.0
RCPU2560,여비교통비_외근,2025-12-01,175600.0
RCOH3100,여비교통비_외근,2025-12-01,191400.0
RXST2501,여비교통비_외근,2025-12-01,150900.0
RXST2503,여비교통비_외근,2025-12-01,15600.0
ROPU2501,여비교통비_국내출장,2025-12-01,251910.0
RIPU2517,여비교통비_국내출장,2025-12-01,906400.0
RCPU2561,여비교통비_국내출장,2025-12-01,19800.0
RCPU2609,여비교통비_국내출장,2025-12-01,2200000.0
RTPU2586,여비교통비_국내출장,2025-12-01,50000.0
RXPU2514,여비교통비_국내출장,2025-12-01,-120000.0
RTPU2556,여비교통비_국내출장,2025-12-01,348200.0
RXPU2513,여비교통비_국내출장,2025-12-01,2669834.0
RROH3400,여비교통비_국내출장,2025-12-01,85900.0
RCPU2606,여비교통비_국내출장,2025-12-01,992970.0
RTPU2587,여비교통비_국내출장,2025-12-01,40000.0
RTPU2523,여비교통비_해외출장,2025-12-01,-3200.0
RTPU2604,여비교통비_해외출장,2025-12-01,3071265.0
RXPU2514,여비교통비_개인차량사용료,2025-12-01,-110000.0
RCPU2561,여비교통비_개인차량사용료,2025-12-01,36500.0
ROPU2501,여비교통비_개인차량사용료,2025-12-01,500.0
RXOH3200,여비교통비_개인차량사용료,2025-12-01,208538.0
RTOH3300,여비교통비_개인차량사용료,2025-12-01,751049.0
RTPU2606,여비교통비_개인차량사용료,2025-12-01,18000.0
RCPU2564,여비교통비_개인차량사용료,2025-12-01,3000.0
RROH3400,여비교통비_개인차량사용료,2025-12-01,2511014.0
RIOH6100,여비교통비_개인차량사용료,2025-12-01,9000.0
RCPU2609,여비교통비_개인차량사용료,2025-12-01,43176.0
RTPU2607,여비교통비_개인차량사용료,2025-12-01,13300.0
ROOH3500,여비교통비_개인차량사용료,2025-12-01,263641.0
RXST2502,여비교통비_개인차량사용료,2025-12-01,20000.0
RXST2501,여비교통비_개인차량사용료,2025-12-01,404807.0
RCPU2560,여비교통비_개인차량사용료,2025-12-01,23000.0
RTPU2556,여비교통비_개인차량사용료,2025-12-01,65138.0
RTPU2576,여비교통비_개인차량사용료,2025-12-01,61300.0
RCPU2606,여비교통비_개인차량사용료,2025-12-01,234462.0
RXST2506,여비교통비_개인차량사용료,2025-12-01,14763.0
RROH3400,접대비,2025-12-01,3214654.0
RXPU2513,접대비,2025-12-01,1049000.0
RTOH3300,접대비,2025-12-01,918000.0
RCST2507,통신비,2025-12-01,35000.0
ROPU2501,통신비,2025-12-01,4040.0
RXST2501,통신비,2025-12-01,180000.0
RCST2502,통신비,2025-12-01,35000.0
RXST2502,통신비,2025-12-01,40000.0
RCST2506,통신비,2025-12-01,88496.0
RXST2503,통신비,2025-12-01,81269.0
RXOH3200,통신비,2025-12-01,298867.0
RXST2504,통신비,2025-12-01,120000.0
RIOH6100,통신비,2025-12-01,59773.0
RRPM2504,통신비,2025-12-01,109642.0
RTOH3300,통신비,2025-12-01,89660.0
RCOH3100,통신비,2025-12-01,119547.0
RRPM2504,수도광열비,2025-12-01,568010.0
RCPU2564,수도광열비,2025-12-01,484364.0
RRPM2501,수도광열비,2025-12-01,642551.0
RROH3400,세금과공과_국민연금,2025-12-01,2229330.0
RTOH3300,세금과공과_국민연금,2025-12-01,2215740.0
RIOH6100,세금과공과_국민연금,2025-12-01,1013880.0
RCST2506,세금과공과_국민연금,2025-12-01,474390.0
RCOH3100,세금과공과_국민연금,2025-12-01,286650.0
RXST2501,세금과공과_국민연금,2025-12-01,114750.0
ROOH3500,세금과공과_국민연금,2025-12-01,-37710.0
RCST2507,세금과공과_국민연금,2025-12-01,323540.0
RXOH3200,세금과공과_국민연금,2025-12-01,1526120.0
RXST2503,세금과공과_국민연금,2025-12-01,110969.0
RTOH3300,세금과공과_세금,2025-12-01,341330.0
RROH3400,세금과공과_세금,2025-12-01,273066.0
RIPU2525,세금과공과_세금,2025-12-01,150000.0
RTPU2608,세금과공과_세금,2025-12-01,40000.0
ROOH3500,세금과공과_세금,2025-12-01,68267.0
RIOH6100,세금과공과_세금,2025-12-01,159288.0
RXOH3200,세금과공과_세금,2025-12-01,295820.0
RCOH3100,세금과공과_세금,2025-12-01,22755.0
RCST2506,감가상각비,2025-12-01,2622363.0
RRPM2504,감가상각비,2025-12-01,1.0724819E7
RTOH3300,감가상각비,2025-12-01,189831.0
RXST2502,감가상각비,2025-12-01,3288270.0
RRPM2505,감가상각비,2025-12-01,736633.0
RXST2504,감가상각비,2025-12-01,1786883.0
RROH3400,감가상각비,2025-12-01,91323.0
RXST2501,감가상각비,2025-12-01,5801546.0
RXOH3200,감가상각비,2025-12-01,265645.0
ROOH3500,감가상각비,2025-12-01,143663.0
RXST2503,감가상각비,2025-12-01,5111227.0
RCST2507,감가상각비,2025-12-01,3645293.0
RXOH3200,지급임차료_창고,2025-12-01,2250000.0
RTOH3300,지급임차료_창고,2025-12-01,3700000.0
RCST2506,지급임차료_스테이션,2025-12-01,1784746.0
RRPM2505,지급임차료_기타,2025-12-01,2.20706E7
RRPM2402,지급임차료_기타,2025-12-01,5.85E7
RCST2506,보험료_산재보험,2025-12-01,60070.0
RIOH6100,보험료_산재보험,2025-12-01,148460.0
ROOH3500,보험료_산재보험,2025-12-01,39180.0
RXST2501,보험료_산재보험,2025-12-01,175480.0
RXST2503,보험료_산재보험,2025-12-01,14940.0
RTOH3300,보험료_산재보험,2025-12-01,351000.0
RROH3400,보험료_산재보험,2025-12-01,368650.0
RXOH3200,보험료_산재보험,2025-12-01,272620.0
RCOH3100,보험료_산재보험,2025-12-01,79570.0
RCST2507,보험료_산재보험,2025-12-01,43770.0
RTOH3300,보험료_고용보험,2025-12-01,605140.0
RIOH6100,보험료_고용보험,2025-12-01,247240.0
ROOH3500,보험료_고용보험,2025-12-01,13090.0
RROH3400,보험료_고용보험,2025-12-01,1073980.0
RXST2501,보험료_고용보험,2025-12-01,24070.0
RCST2507,보험료_고용보험,2025-12-01,79430.0
RXOH3200,보험료_고용보험,2025-12-01,439900.0
RCST2506,보험료_고용보험,2025-12-01,88450.0
RCST2501,보험료_고용보험,2025-12-01,-4620.0
RXST2503,보험료_고용보험,2025-12-01,5140.0
RCOH3100,보험료_고용보험,2025-12-01,182240.0
RTPU2607,보험료_프로젝트,2025-12-01,292000.0
RXST2504,보험료_프로젝트,2025-12-01,67488.0
RXPU2514,보험료_프로젝트,2025-12-01,-285729.0
RCPU2601,보험료_프로젝트,2025-12-01,47672.0
RRPM2504,보험료_프로젝트,2025-12-01,8741.0
RCPU2561,보험료_프로젝트,2025-12-01,515812.0
RCPU2606,보험료_프로젝트,2025-12-01,268636.0
RXST2503,보험료_프로젝트,2025-12-01,88579.0
RXST2501,보험료_프로젝트,2025-12-01,167191.0
RCPU2560,보험료_프로젝트,2025-12-01,216971.0
RIPU2501,보험료_프로젝트,2025-12-01,173469.0
RTPU2567,보험료_프로젝트,2025-12-01,886776.0
RIPU2517,보험료_프로젝트,2025-12-01,297570.0
RCPU2564,보험료_프로젝트,2025-12-01,329000.0
RIPU2523,보험료_프로젝트,2025-12-01,6562.0
RROH3400,보험료_기타,2025-12-01,264220.0
RXOH3200,차량유지비_유류대,2025-12-01,179000.0
RCPU2606,차량유지비_유류대,2025-12-01,50000.0
RTPU2587,차량유지비_유류대,2025-12-01,99000.0
RCPU2609,차량유지비_유류대,2025-12-01,50000.0
RXST2504,차량유지비_유류대,2025-12-01,60000.0
RCPU2606,차량유지비_기타,2025-12-01,7000.0
RXPU2514,차량유지비_기타,2025-12-01,-18000.0
RCPU2561,차량유지비_기타,2025-12-01,12000.0
RXOH3200,차량유지비_기타,2025-12-01,20000.0
RCPU2560,차량유지비_기타,2025-12-01,15000.0
RCPU2565,운반비_사업본부,2025-12-01,260000.0
RTPU2556,운반비_사업본부,2025-12-01,2350000.0
RTPU2558,운반비_사업본부,2025-12-01,181000.0
RTOH3300,운반비_사업본부,2025-12-01,363600.0
RCPU2609,운반비_사업본부,2025-12-01,720000.0
RCST2507,운반비_사업본부,2025-12-01,39000.0
RCPU2566,운반비_사업본부,2025-12-01,130000.0
RTPU2572,운반비_사업본부,2025-12-01,200000.0
RTPU2569,운반비_사업본부,2025-12-01,35000.0
RXOH3200,운반비_사업본부,2025-12-01,623700.0
RTPU2503,운반비_사업본부,2025-12-01,18000.0
RCST2506,운반비_사업본부,2025-12-01,210000.0
RCPU2564,운반비_사업본부,2025-12-01,260000.0
RXST2501,운반비_사업본부,2025-12-01,38500.0
RTPU2586,운반비_사업본부,2025-12-01,640000.0
RCPU2561,운반비_사업본부,2025-12-01,398600.0
RCPU2606,운반비_사업본부,2025-12-01,390000.0
RTPU2583,운반비_사업본부,2025-12-01,500000.0
RTPU2592,운반비_사업본부,2025-12-01,75000.0
RTPU2591,운반비_사업본부,2025-12-01,130000.0
RTPU2603,운반비_사업본부,2025-12-01,64000.0
RXPU2513,운반비_사업본부,2025-12-01,40000.0
RROH3400,운반비_사업본부,2025-12-01,151200.0
RIPU2517,운반비_사업본부,2025-12-01,604000.0
RIOH6100,운반비_사업본부,2025-12-01,231300.0
RTPU2576,운반비_사업본부,2025-12-01,130000.0
RXPU2514,운반비_사업본부,2025-12-01,-123400.0
RCPU2560,운반비_사업본부,2025-12-01,730000.0
RTPU2579,도서인쇄비_행사출력물,2025-12-01,4872000.0
RTPU2586,도서인쇄비_행사출력물,2025-12-01,2270000.0
RTPU2584,도서인쇄비_행사출력물,2025-12-01,450000.0
RTPU2565,도서인쇄비_행사출력물,2025-12-01,1.166E7
RROH3400,도서인쇄비_행사출력물,2025-12-01,700.0
RCST2506,도서인쇄비_행사출력물,2025-12-01,55000.0
RTPU2569,도서인쇄비_행사출력물,2025-12-01,4500000.0
ROPU2501,도서인쇄비_행사출력물,2025-12-01,2182.0
RCST2507,도서인쇄비_행사출력물,2025-12-01,10000.0
RTPU2605,도서인쇄비_행사출력물,2025-12-01,204000.0
RTPU2580,도서인쇄비_행사출력물,2025-12-01,1796000.0
RCPU2569,도서인쇄비_행사출력물,2025-12-01,226400.0
RTPU2549,도서인쇄비_행사출력물,2025-12-01,540000.0
RCPU2606,도서인쇄비_행사출력물,2025-12-01,19546.0
RXPU2514,도서인쇄비_행사출력물,2025-12-01,-1867643.0
RCPU2560,도서인쇄비_행사출력물,2025-12-01,1365.0
RTPU2587,도서인쇄비_행사출력물,2025-12-01,900000.0
RTPU2576,도서인쇄비_행사출력물,2025-12-01,3270000.0
RIPU2523,도서인쇄비_행사출력물,2025-12-01,939000.0
RTPU2556,도서인쇄비_행사출력물,2025-12-01,3822500.0
RTPU2572,도서인쇄비_행사출력물,2025-12-01,50000.0
RROH3400,소모품비_본사,2025-12-01,28545.0
RTPU2604,소모품비_현장,2025-12-01,776262.0
RIPU2519,소모품비_현장,2025-12-01,1296500.0
RTPU2603,소모품비_현장,2025-12-01,111200.0
RTPU2591,소모품비_현장,2025-12-01,572595.0
RTPU2589,소모품비_현장,2025-12-01,50581.0
RCPU2564,소모품비_현장,2025-12-01,329743.0
RCPU2569,소모품비_현장,2025-12-01,2845759.0
RCPU2561,소모품비_현장,2025-12-01,515235.0
RCPU2601,소모품비_현장,2025-12-01,3208500.0
RTPU2565,소모품비_현장,2025-12-01,31635.0
RXPU2513,소모품비_현장,2025-12-01,2410499.0
RTPU2556,소모품비_현장,2025-12-01,56345.0
RROH3400,소모품비_현장,2025-12-01,10000.0
RCPU2560,소모품비_현장,2025-12-01,1.4381845E7
RCST2507,소모품비_현장,2025-12-01,470254.0
RCPU2606,소모품비_현장,2025-12-01,1249165.0
RIPU2523,소모품비_현장,2025-12-01,2683378.0
RXST2502,소모품비_현장,2025-12-01,40100.0
RCPU2565,소모품비_현장,2025-12-01,395869.0
RXST2501,소모품비_현장,2025-12-01,2182472.0
RCPU2609,소모품비_현장,2025-12-01,1958314.0
RXST2504,소모품비_현장,2025-12-01,837899.0
RCPU2566,소모품비_현장,2025-12-01,33008.0
RXST2503,소모품비_현장,2025-12-01,107563.0
RIPU2517,소모품비_현장,2025-12-01,147917.0
RTPU2587,소모품비_현장,2025-12-01,1768798.0
RTOH3300,소모품비_현장,2025-12-01,40817.0
RTPU2586,소모품비_현장,2025-12-01,369084.0
RCPU2610,소모품비_현장,2025-12-01,313636.0
ROPU2501,소모품비_현장,2025-12-01,443556.0
RCPU2602,소모품비_현장,2025-12-01,98745.0
RCST2506,소모품비_현장,2025-12-01,595320.0
RXPU2514,소모품비_현장,2025-12-01,-4.0667151E7
RTPU2576,소모품비_현장,2025-12-01,208781.0
RTPU2565,지급수수료_운영인건비,2025-12-01,4400000.0
RCPU2565,지급수수료_운영인건비,2025-12-01,3540000.0
RCPU2561,지급수수료_운영인건비,2025-12-01,1.7874375E7
RCPU2563,지급수수료_운영인건비,2025-12-01,7.9316538E7
RTOH3300,지급수수료_운영인건비,2025-12-01,5740000.0
RCPU2602,지급수수료_운영인건비,2025-12-01,1.60312E7
RCPU2569,지급수수료_운영인건비,2025-12-01,1371710.0
RXPU2514,지급수수료_운영인건비,2025-12-01,-5555000.0
RXST2501,지급수수료_운영인건비,2025-12-01,2086000.0
RCPU2560,지급수수료_운영인건비,2025-12-01,3435400.0
RCPU2564,지급수수료_운영인건비,2025-12-01,4.14274E7
RTPU2582,지급수수료_운영인건비,2025-12-01,206820.0
RCPU2566,지급수수료_운영인건비,2025-12-01,3.575856E7
RXST2504,지급수수료_운영인건비,2025-12-01,1680000.0
RTPU2575,지급수수료_운영인건비,2025-12-01,1500000.0
RTPU2582,지급수수료_도급인건비,2025-12-01,2.2286E7
RTPU2580,지급수수료_도급인건비,2025-12-01,1.71728E7
RIPU2523,지급수수료_도급인건비,2025-12-01,1.6195E7
RTPU2586,지급수수료_도급인건비,2025-12-01,2.39703E7
RRPM2504,지급수수료_도급인건비,2025-12-01,400000.0
RTPU2534,지급수수료_도급인건비,2025-12-01,1.57E8
RTPU2573,지급수수료_도급인건비,2025-12-01,1.0036E7
RRPM2401,지급수수료_도급인건비,2025-12-01,6.8727723E7
RXPU2514,지급수수료_도급인건비,2025-12-01,-1.222E7
RTPU2549,지급수수료_도급인건비,2025-12-01,4950000.0
RCPU2564,지급수수료_도급인건비,2025-12-01,5280000.0
RTPU2556,지급수수료_도급인건비,2025-12-01,8.0888E7
RIPU2519,지급수수료_도급인건비,2025-12-01,4.1E7
RRPM2402,지급수수료_도급인건비,2025-12-01,600000.0
RXOH3200,지급수수료_도급인건비,2025-12-01,3500000.0
RTPU2579,지급수수료_도급인건비,2025-12-01,1.40779E7
RIPU2517,지급수수료_도급인건비,2025-12-01,1.60234E7
RTPU2605,지급수수료_도급인건비,2025-12-01,4000000.0
RTPU2588,지급수수료_도급인건비,2025-12-01,1.08E7
RTPU2584,지급수수료_도급인건비,2025-12-01,6985000.0
RTPU2569,지급수수료_도급인건비,2025-12-01,5.40492E7
RTPU2575,지급수수료_도급인건비,2025-12-01,1.49E7
RTPU2587,지급수수료_도급인건비,2025-12-01,4310000.0
RTPU2570,지급수수료_도급인건비,2025-12-01,2000000.0
RTPU2542,지급수수료_도급인건비,2025-12-01,5635000.0
RXST2504,지급수수료_도급인건비,2025-12-01,7422839.0
RTPU2576,지급수수료_도급인건비,2025-12-01,860000.0
RTPU2567,지급수수료_도급인건비,2025-12-01,1.887539E7
RRPM2505,지급수수료_도급인건비,2025-12-01,250000.0
RTPU2583,지급수수료_도급인건비,2025-12-01,4503000.0
RTPU2580,지급수수료_디자인,2025-12-01,500000.0
RIPU2523,지급수수료_디자인,2025-12-01,3000000.0
RTPU2591,지급수수료_디자인,2025-12-01,2000000.0
RIPU2524,지급수수료_디자인,2025-12-01,1.129E7
RTPU2582,지급수수료_디자인,2025-12-01,500000.0
RTPU2605,지급수수료_디자인,2025-12-01,1000000.0
RTPU2556,지급수수료_디자인,2025-12-01,8000000.0
RTPU2534,지급수수료_디자인,2025-12-01,1.2E7
RIPU2511,지급수수료_디자인,2025-12-01,7000000.0
RTPU2577,지급수수료_디자인,2025-12-01,2500000.0
RTPU2579,지급수수료_디자인,2025-12-01,1000000.0
RTPU2584,지급수수료_디자인,2025-12-01,1500000.0
RTPU2587,지급수수료_디자인,2025-12-01,3000000.0
RTPU2606,지급수수료_디자인,2025-12-01,2000000.0
RTPU2586,지급수수료_디자인,2025-12-01,3000000.0
RIPU2510,지급수수료_디자인,2025-12-01,1500000.0
RTPU2565,지급수수료_디자인,2025-12-01,1.0E7
RTPU2569,지급수수료_디자인,2025-12-01,2500000.0
RCPU2561,지급수수료_서비스이용료,2025-12-01,450000.0
RCPU2562,지급수수료_서비스이용료,2025-12-01,272677.0
RCPU2566,지급수수료_서비스이용료,2025-12-01,450000.0
RTOH3300,지급수수료_서비스이용료,2025-12-01,29591.0
RRPM2504,지급수수료_서비스이용료,2025-12-01,280000.0
RCST2506,지급수수료_서비스이용료,2025-12-01,34000.0
RCPU2564,지급수수료_서비스이용료,2025-12-01,550000.0
RCPU2560,지급수수료_서비스이용료,2025-12-01,28869.0
RROH3400,지급수수료_서비스이용료,2025-12-01,173000.0
RIPU2517,지급수수료_서비스이용료,2025-12-01,37500.0
RXPU2514,지급수수료_서비스이용료,2025-12-01,-747958.0
RCPU2565,지급수수료_서비스이용료,2025-12-01,150000.0
RCPU2601,지급수수료_공간수수료,2025-12-01,2.1E7
RIPU2601,지급수수료_공간수수료,2025-12-01,1.5E8
RXST2501,지급수수료_공간수수료,2025-12-01,5904900.0
ROPU2501,지급수수료_공간수수료,2025-12-01,2631549.0
RTPU2605,지급수수료_공간수수료,2025-12-01,1500000.0
RCST2507,지급수수료_공간수수료,2025-12-01,5505915.0
RCST2506,지급수수료_공간수수료,2025-12-01,1.8780844E7
RXST2502,지급수수료_공간수수료,2025-12-01,1944000.0
RXST2503,지급수수료_공간수수료,2025-12-01,5216400.0
RRPM2501,지급수수료_시공,2025-12-01,90000.0
RTPU2586,지급수수료_시공,2025-12-01,3.8896E7
RTPU2534,지급수수료_시공,2025-12-01,4.2E7
RTPU2573,지급수수료_시공,2025-12-01,2.2E7
RTPU2585,지급수수료_시공,2025-12-01,3.37906E7
RCPU2606,지급수수료_시공,2025-12-01,1.5E7
RTPU2603,지급수수료_시공,2025-12-01,8300000.0
RIPU2523,지급수수료_시공,2025-12-01,1.145E8
RTPU2583,지급수수료_시공,2025-12-01,1.15E8
RTPU2556,지급수수료_시공,2025-12-01,6.2054E7
RIPU2517,지급수수료_시공,2025-12-01,7.0E7
RTPU2582,지급수수료_시공,2025-12-01,134000.0
RTPU2549,지급수수료_시공,2025-12-01,1.9E7
RTPU2567,지급수수료_시공,2025-12-01,4.4E7
RTPU2576,지급수수료_시공,2025-12-01,5.488E7
RTPU2578,지급수수료_시공,2025-12-01,1.6E7
RTPU2591,지급수수료_시공,2025-12-01,5000000.0
RIPU2525,지급수수료_시공,2025-12-01,1.05E8
RTPU2605,지급수수료_시공,2025-12-01,845000.0
RTPU2604,지급수수료_시공,2025-12-01,3.3635895E7
RCPU2565,지급수수료_시공,2025-12-01,3250000.0
RTPU2575,지급수수료_시공,2025-12-01,2.8E7
RXPU2514,지급수수료_시공,2025-12-01,-3.2929091E8
RXPU2513,지급수수료_시공,2025-12-01,1.134E8
RTPU2505,지급수수료_시공,2025-12-01,1.09E7
RIPU2519,지급수수료_시공,2025-12-01,1.7E8
RIPU2511,지급수수료_시공,2025-12-01,6400000.0
RIPU2501,지급수수료_시공,2025-12-01,2.09E7
RTPU2587,지급수수료_시공,2025-12-01,1.251E7
RCPU2560,지급수수료_시공,2025-12-01,1.351E7
RCPU2561,지급수수료_시공,2025-12-01,4.05668E7
RCPU2569,지급수수료_시공,2025-12-01,8350000.0
RCPU2609,지급수수료_시공,2025-12-01,7.81109E7
RTPU2565,지급수수료_시공,2025-12-01,3.875E7
RXST2502,지급수수료_시공,2025-12-01,350000.0
RIPU2514,지급수수료_시공,2025-12-01,1.02E7
RTPU2579,지급수수료_시공,2025-12-01,-3.2E7
RIPU2525,지급수수료_광고비,2025-12-01,1.15E7
RTPU2594,지급수수료_광고비,2025-12-01,5.325E7
RCPU2560,지급수수료_광고비,2025-12-01,1400000.0
RXPU2514,지급수수료_광고비,2025-12-01,-1.6371596E7
RIPU2523,지급수수료_광고비,2025-12-01,1.4E7
ROPU2501,지급수수료_광고비,2025-12-01,3400000.0
RTPU2579,지급수수료_물품대여,2025-12-01,8728000.0
RCPU2564,지급수수료_물품대여,2025-12-01,1600000.0
RTPU2534,지급수수료_물품대여,2025-12-01,1.2739E7
RXPU2514,지급수수료_물품대여,2025-12-01,-42000.0
RIPU2519,지급수수료_물품대여,2025-12-01,6121000.0
RTPU2516,지급수수료_물품대여,2025-12-01,938000.0
RTPU2572,지급수수료_물품대여,2025-12-01,800000.0
RTPU2587,지급수수료_물품대여,2025-12-01,110000.0
RTPU2569,지급수수료_물품대여,2025-12-01,1746000.0
RTPU2573,지급수수료_물품대여,2025-12-01,145000.0
RTPU2546,지급수수료_물품대여,2025-12-01,-35100.0
RTPU2531,지급수수료_물품대여,2025-12-01,1132727.0
RTPU2605,지급수수료_물품대여,2025-12-01,2440000.0
RTPU2586,지급수수료_물품대여,2025-12-01,4917000.0
RTPU2577,지급수수료_물품대여,2025-12-01,177000.0
RCPU2569,지급수수료_물품대여,2025-12-01,660000.0
RIPU2523,지급수수료_물품대여,2025-12-01,4619000.0
RTPU2576,지급수수료_물품대여,2025-12-01,3220000.0
RTPU2581,지급수수료_물품대여,2025-12-01,179000.0
RCPU2560,지급수수료_물품대여,2025-12-01,760000.0
RCPU2523,지급수수료_물품대여,2025-12-01,-350000.0
RTPU2556,지급수수료_물품대여,2025-12-01,1.095E7
RTPU2580,지급수수료_물품대여,2025-12-01,7346000.0
RTPU2567,지급수수료_물품대여,2025-12-01,2.82E7
RTPU2580,지급수수료_제작비,2025-12-01,679545.0
RCPU2560,지급수수료_제작비,2025-12-01,5200000.0
RTPU2592,지급수수료_제작비,2025-12-01,5380000.0
RIPU2523,지급수수료_제작비,2025-12-01,1200000.0
RCPU2609,지급수수료_제작비,2025-12-01,3.3983636E7
RTPU2583,지급수수료_제작비,2025-12-01,1.9E7
RIPU2525,지급수수료_제작비,2025-12-01,1000000.0
RIPU2601,지급수수료_제작비,2025-12-01,2.92E7
RTPU2588,지급수수료_제작비,2025-12-01,1.2128182E7
RTPU2565,지급수수료_제작비,2025-12-01,1640000.0
RTPU2569,지급수수료_제작비,2025-12-01,1909091.0
RTPU2593,지급수수료_제작비,2025-12-01,3240000.0
RTPU2584,지급수수료_제작비,2025-12-01,7120000.0
RCST2506,지급수수료_카드수수료,2025-12-01,295116.0
RXST2501,지급수수료_카드수수료,2025-12-01,119107.0
RCST2507,지급수수료_카드수수료,2025-12-01,31957.0
RXOH3200,지급수수료_Working Tool,2025-12-01,32147.0
RROH3400,지급수수료_Working Tool,2025-12-01,127397.0
RTOH3300,지급수수료_Working Tool,2025-12-01,33142.0
RXST2501,지급수수료_Working Tool,2025-12-01,1826763.0
RXST2504,지급수수료_Working Tool,2025-12-01,73790.0
RCOH3100,지급수수료_Working Tool,2025-12-01,16502.0
RIOH6100,지급수수료_Working Tool,2025-12-01,33073.0
RCPU2602,지급수수료_기타,2025-12-01,333179.0
RCST2507,지급수수료_기타,2025-12-01,148468.0
ROOH3500,지급수수료_기타,2025-12-01,10000.0
RROH3400,지급수수료_기타,2025-12-01,3200.0
RIPU2523,지급수수료_기타,2025-12-01,50000.0
RXST2502,지급수수료_기타,2025-12-01,2620170.0
RXST2504,지급수수료_기타,2025-12-01,1.0759145E7
RRPM2501,지급수수료_기타,2025-12-01,37270.0
RTOH3300,지급수수료_기타,2025-12-01,-5000.0
RXOH3200,지급수수료_기타,2025-12-01,10000.0
RXPU2514,지급수수료_기타,2025-12-01,-3697500.0
RXST2501,지급수수료_기타,2025-12-01,4400646.0
RIPU2601,지급수수료_기타,2025-12-01,1.2E7
RXST2503,지급수수료_기타,2025-12-01,5365227.0
RXOH3200,지급수수료_티켓,2025-12-01,15000.0
RTOH3300,직원급여_본사,2026-01-01,5.8526469E7
RRLC3410,직원급여_본사,2026-01-01,2.2910568E7
RRPM3430,직원급여_본사,2026-01-01,2.4370047E7
RROH3400,직원급여_본사,2026-01-01,9893334.0
RXOH3200,직원급여_본사,2026-01-01,7166667.0
ROOH3500,직원급여_본사,2026-01-01,1.3875001E7
RRCO3420,직원급여_본사,2026-01-01,1.4913549E7
RCOH3100,직원급여_본사,2026-01-01,9860000.0
RIOH6100,직원급여_본사,2026-01-01,2.3362899E7
RXST2501,직원급여_매장,2026-01-01,3333334.0
RXST2502,직원급여_매장,2026-01-01,2333334.0
RXST2503,직원급여_매장,2026-01-01,2666667.0
RCST2507,직원급여_매장,2026-01-01,7870678.0
RCST2506,직원급여_매장,2026-01-01,1.1264104E7
RRCO3420,상여금,2026-01-01,3.5303265E7
RRLC3410,상여금,2026-01-01,1.1255437E7
RROH3400,상여금,2026-01-01,2.8086323E7
RIOH6100,잡급,2026-01-01,2139486.0
RTOH3300,잡급,2026-01-01,4278972.0
RXOH3200,잡급,2026-01-01,2139486.0
RRPM3430,잡급,2026-01-01,2139486.0
RRCO3420,복리후생비_건강보험,2026-01-01,513410.0
RTOH3300,복리후생비_건강보험,2026-01-01,1994040.0
RXST2502,복리후생비_건강보험,2026-01-01,86760.0
RXST2501,복리후생비_건강보험,2026-01-01,103710.0
RCST2506,복리후생비_건강보험,2026-01-01,465760.0
RIOH6100,복리후생비_건강보험,2026-01-01,752960.0
RXOH3200,복리후생비_건강보험,2026-01-01,360120.0
RRPM3430,복리후생비_건강보험,2026-01-01,1132020.0
RXST2503,복리후생비_건강보험,2026-01-01,100320.0
RRLC3410,복리후생비_건강보험,2026-01-01,940670.0
RROH3400,복리후생비_건강보험,2026-01-01,392620.0
RCOH3100,복리후생비_건강보험,2026-01-01,534110.0
ROOH3500,복리후생비_건강보험,2026-01-01,1133400.0
RCST2507,복리후생비_건강보험,2026-01-01,350510.0
RCST2506,복리후생비_식음료대,2026-01-01,134626.0
RCPU2604,복리후생비_식음료대,2026-01-01,11818.0
RXST2505,복리후생비_식음료대,2026-01-01,34181.0
RRLC3410,복리후생비_식음료대,2026-01-01,1977223.0
RXST2506,복리후생비_식음료대,2026-01-01,100444.0
RXST2501,복리후생비_식음료대,2026-01-01,120179.0
RTOH3300,복리후생비_식음료대,2026-01-01,2505869.0
RXST2502,복리후생비_식음료대,2026-01-01,37657.0
RRCO3420,복리후생비_식음료대,2026-01-01,324291.0
RIPU2604,복리후생비_식음료대,2026-01-01,63636.0
RCPU2605,복리후생비_식음료대,2026-01-01,21453.0
ROOH3500,복리후생비_식음료대,2026-01-01,328308.0
RXPU2513,복리후생비_식음료대,2026-01-01,76273.0
RRPM3430,복리후생비_식음료대,2026-01-01,1885453.0
RTPU2606,복리후생비_식음료대,2026-01-01,102906.0
RXST2504,복리후생비_식음료대,2026-01-01,115303.0
RXST2503,복리후생비_식음료대,2026-01-01,107954.0
RIOH6100,복리후생비_식음료대,2026-01-01,977350.0
RTPU2604,복리후생비_식음료대,2026-01-01,461640.0
RXOH3200,복리후생비_식음료대,2026-01-01,2405833.0
RCPU2612,복리후생비_식음료대,2026-01-01,16181.0
RCPU2602,복리후생비_식음료대,2026-01-01,363000.0
ROPU2501,복리후생비_식음료대,2026-01-01,4454.0
RCPU2610,복리후생비_식음료대,2026-01-01,103818.0
RTPU2602,복리후생비_식음료대,2026-01-01,12546.0
RCOH3100,복리후생비_식음료대,2026-01-01,214422.0
RTPU2603,복리후생비_식음료대,2026-01-01,15909.0
RTPU2614,복리후생비_식음료대,2026-01-01,30001.0
RTPU2605,복리후생비_식음료대,2026-01-01,74273.0
RIPU2601,복리후생비_식음료대,2026-01-01,38545.0
RTPU2611,복리후생비_식음료대,2026-01-01,196590.0
RCPU2606,복리후생비_식음료대,2026-01-01,534348.0
RROH3400,복리후생비_식음료대,2026-01-01,678981.0
RXPU2514,복리후생비_식음료대,2026-01-01,732082.0
RCPU2601,복리후생비_식음료대,2026-01-01,365270.0
RCST2507,복리후생비_식음료대,2026-01-01,17271.0
RIOH6100,복리후생비_회식대,2026-01-01,272728.0
RTOH3300,복리후생비_회식대,2026-01-01,584545.0
RCOH3100,복리후생비_기타,2026-01-01,118362.0
RIPU2601,여비교통비_야근,2026-01-01,54100.0
RXST2503,여비교통비_야근,2026-01-01,24000.0
RCPU2613,여비교통비_야근,2026-01-01,153500.0
RCPU2604,여비교통비_야근,2026-01-01,36700.0
RTPU2605,여비교통비_야근,2026-01-01,47900.0
RTPU2606,여비교통비_야근,2026-01-01,135700.0
RCPU2606,여비교통비_야근,2026-01-01,162720.0
RTPU2613,여비교통비_야근,2026-01-01,60000.0
RCPU2601,여비교통비_야근,2026-01-01,124300.0
RCPU2605,여비교통비_야근,2026-01-01,30600.0
RCPU2602,여비교통비_야근,2026-01-01,43800.0
RTOH3300,여비교통비_야근,2026-01-01,429100.0
RCPU2607,여비교통비_야근,2026-01-01,345600.0
RRPM3430,여비교통비_야근,2026-01-01,340100.0
RCOH3100,여비교통비_야근,2026-01-01,19900.0
RIPU2604,여비교통비_야근,2026-01-01,46200.0
RXOH3200,여비교통비_야근,2026-01-01,43300.0
RRCO3420,여비교통비_야근,2026-01-01,42200.0
RXST2501,여비교통비_야근,2026-01-01,28700.0
RCST2506,여비교통비_야근,2026-01-01,43100.0
RTPU2611,여비교통비_야근,2026-01-01,202700.0
RXST2504,여비교통비_야근,2026-01-01,29300.0
RXPU2514,여비교통비_야근,2026-01-01,121190.0
RCPU2610,여비교통비_야근,2026-01-01,31000.0
RXST2503,여비교통비_외근,2026-01-01,19700.0
ROPU2501,여비교통비_외근,2026-01-01,6800.0
RXST2506,여비교통비_외근,2026-01-01,47000.0
RTPU2604,여비교통비_외근,2026-01-01,89081.0
RXPU2514,여비교통비_외근,2026-01-01,1934410.0
RTPU2606,여비교통비_외근,2026-01-01,135200.0
RXST2505,여비교통비_외근,2026-01-01,22900.0
RTPU2605,여비교통비_외근,2026-01-01,15700.0
RCPU2605,여비교통비_외근,2026-01-01,17500.0
RTOH3300,여비교통비_외근,2026-01-01,394740.0
RIPU2604,여비교통비_외근,2026-01-01,56900.0
RCPU2613,여비교통비_외근,2026-01-01,30400.0
RCPU2610,여비교통비_외근,2026-01-01,57200.0
RRLC3410,여비교통비_외근,2026-01-01,139600.0
RCPU2606,여비교통비_외근,2026-01-01,238560.0
ROPU2603,여비교통비_외근,2026-01-01,22400.0
RCPU2607,여비교통비_외근,2026-01-01,70200.0
RROH3400,여비교통비_외근,2026-01-01,403900.0
RTPU2603,여비교통비_외근,2026-01-01,105800.0
RTPU2556,여비교통비_외근,2026-01-01,17800.0
RRPM3430,여비교통비_외근,2026-01-01,108000.0
RCPU2612,여비교통비_외근,2026-01-01,26200.0
RXST2501,여비교통비_외근,2026-01-01,179626.0
RXST2504,여비교통비_외근,2026-01-01,38300.0
RXOH3200,여비교통비_외근,2026-01-01,305300.0
RCPU2609,여비교통비_외근,2026-01-01,42300.0
RCPU2602,여비교통비_외근,2026-01-01,34797.0
ROOH3500,여비교통비_외근,2026-01-01,40100.0
RTPU2614,여비교통비_외근,2026-01-01,32600.0
RCPU2601,여비교통비_외근,2026-01-01,101700.0
RCST2506,여비교통비_외근,2026-01-01,65800.0
RTPU2611,여비교통비_외근,2026-01-01,83800.0
ROPU2602,여비교통비_외근,2026-01-01,20200.0
RCOH3100,여비교통비_외근,2026-01-01,171105.0
RRPM3430,여비교통비_국내출장,2026-01-01,127800.0
RIPU2517,여비교통비_국내출장,2026-01-01,-14500.0
ROPU2501,여비교통비_국내출장,2026-01-01,12000.0
RXPU2513,여비교통비_국내출장,2026-01-01,271000.0
RIPU2604,여비교통비_국내출장,2026-01-01,248930.0
RCPU2606,여비교통비_국내출장,2026-01-01,375467.0
RXPU2514,여비교통비_국내출장,2026-01-01,120000.0
RXOH3200,여비교통비_국내출장,2026-01-01,542100.0
RTPU2611,여비교통비_국내출장,2026-01-01,170000.0
RCPU2604,여비교통비_국내출장,2026-01-01,224100.0
RTOH3300,여비교통비_국내출장,2026-01-01,209600.0
RRLC3410,여비교통비_해외출장,2026-01-01,2223900.0
RROH3400,여비교통비_해외출장,2026-01-01,3896385.0
RRPM3430,여비교통비_해외출장,2026-01-01,771079.0
RCOH3100,여비교통비_해외출장,2026-01-01,684629.0
RTPU2604,여비교통비_해외출장,2026-01-01,4560687.0
RRCO3420,여비교통비_해외출장,2026-01-01,1307100.0
RXOH3200,여비교통비_개인차량사용료,2026-01-01,470964.0
RRPM3430,여비교통비_개인차량사용료,2026-01-01,822842.0
RXST2506,여비교통비_개인차량사용료,2026-01-01,25400.0
ROOH3500,여비교통비_개인차량사용료,2026-01-01,70369.0
RRLC3410,여비교통비_개인차량사용료,2026-01-01,588934.0
RTOH3300,여비교통비_개인차량사용료,2026-01-01,586125.0
RIOH6100,여비교통비_개인차량사용료,2026-01-01,5000.0
RCPU2606,여비교통비_개인차량사용료,2026-01-01,216129.0
RTPU2604,여비교통비_개인차량사용료,2026-01-01,25000.0
RTPU2605,여비교통비_개인차량사용료,2026-01-01,13000.0
RXPU2514,여비교통비_개인차량사용료,2026-01-01,260750.0
RRCO3420,여비교통비_개인차량사용료,2026-01-01,901350.0
RROH3400,여비교통비_개인차량사용료,2026-01-01,29600.0
RROH3400,접대비,2026-01-01,1884000.0
RXST2501,접대비,2026-01-01,246800.0
RRCO3420,접대비,2026-01-01,936400.0
RIOH6100,접대비,2026-01-01,386000.0
RCOH3100,접대비,2026-01-01,425810.0
RTOH3300,접대비,2026-01-01,508000.0
RXST2502,통신비,2026-01-01,40000.0
RTPU2611,통신비,2026-01-01,52350.0
RXST2503,통신비,2026-01-01,81370.0
RRPM2504,통신비,2026-01-01,62220.0
RTPU2615,통신비,2026-01-01,4700.0
RTOH3300,통신비,2026-01-01,89660.0
RIPU2602,통신비,2026-01-01,19090.0
RXST2504,통신비,2026-01-01,120000.0
RCST2506,통신비,2026-01-01,92778.0
RXPU2514,통신비,2026-01-01,42300.0
RCPU2601,통신비,2026-01-01,61300.0
RCOH3100,통신비,2026-01-01,119547.0
RCST2507,통신비,2026-01-01,40100.0
RTPU2604,통신비,2026-01-01,19500.0
RXOH3200,통신비,2026-01-01,298867.0
RTPU2608,통신비,2026-01-01,7920.0
RXST2501,통신비,2026-01-01,180000.0
RIOH6100,통신비,2026-01-01,59773.0
RRPM2504,수도광열비,2026-01-01,2164835.0
RCST2507,세금과공과_국민연금,2026-01-01,414670.0
RRCO3420,세금과공과_국민연금,2026-01-01,510760.0
RXST2503,세금과공과_국민연금,2026-01-01,117130.0
RXST2502,세금과공과_국민연금,2026-01-01,101310.0
RXOH3200,세금과공과_국민연금,2026-01-01,302570.0
RXST2501,세금과공과_국민연금,2026-01-01,121120.0
RCOH3100,세금과공과_국민연금,2026-01-01,302570.0
RROH3400,세금과공과_국민연금,2026-01-01,302570.0
RRPM3430,세금과공과_국민연금,2026-01-01,1215880.0
RIOH6100,세금과공과_국민연금,2026-01-01,1083690.0
RTOH3300,세금과공과_국민연금,2026-01-01,2431050.0
RRLC3410,세금과공과_국민연금,2026-01-01,1048410.0
ROOH3500,세금과공과_국민연금,2026-01-01,1293670.0
RCST2506,세금과공과_국민연금,2026-01-01,540440.0
ROOH3500,세금과공과_세금,2026-01-01,60305.0
RRCO3420,세금과공과_세금,2026-01-01,40204.0
RCOH3100,세금과공과_세금,2026-01-01,20101.0
RXOH3200,세금과공과_세금,2026-01-01,20102.0
RTOH3300,세금과공과_세금,2026-01-01,301522.0
RIOH6100,세금과공과_세금,2026-01-01,140711.0
RRLC3410,세금과공과_세금,2026-01-01,100508.0
RRPM3430,세금과공과_세금,2026-01-01,80407.0
RROH3400,세금과공과_세금,2026-01-01,20101.0
RXST2506,세금과공과_기타,2026-01-01,55240.0
RRPM2504,세금과공과_기타,2026-01-01,17400.0
RRLC3410,감가상각비,2026-01-01,31135.0
RXST2504,감가상각비,2026-01-01,2722467.0
RXST2503,감가상각비,2026-01-01,4161381.0
RCST2507,감가상각비,2026-01-01,2138262.0
RRPM2504,감가상각비,2026-01-01,9534752.0
RCST2506,감가상각비,2026-01-01,1442601.0
RTOH3300,감가상각비,2026-01-01,150718.0
RXST2502,감가상각비,2026-01-01,2546764.0
ROOH3500,감가상각비,2026-01-01,132866.0
RRCO3420,감가상각비,2026-01-01,32473.0
RRPM2505,감가상각비,2026-01-01,681263.0
RXST2501,감가상각비,2026-01-01,3622658.0
RXOH3200,감가상각비,2026-01-01,225069.0
RTOH3300,지급임차료_창고,2026-01-01,3700000.0
RCST2506,지급임차료_스테이션,2026-01-01,2950946.0
RRPM2505,지급임차료_기타,2026-01-01,8.2298364E7
RRPM2402,지급임차료_기타,2026-01-01,5.875E7
RRPM2504,지급임차료_기타,2026-01-01,6.0E7
RXST2504,지급임차료_기타,2026-01-01,266000.0
RXST2503,보험료_산재보험,2026-01-01,15680.0
RTOH3300,보험료_산재보험,2026-01-01,417740.0
RRPM3430,보험료_산재보험,2026-01-01,151680.0
RXST2501,보험료_산재보험,2026-01-01,16210.0
RCST2506,보험료_산재보험,2026-01-01,67480.0
RIOH6100,보험료_산재보험,2026-01-01,170350.0
RRCO3420,보험료_산재보험,2026-01-01,80270.0
RCOH3100,보험료_산재보험,2026-01-01,83510.0
RROH3400,보험료_산재보험,2026-01-01,232990.0
ROOH3500,보험료_산재보험,2026-01-01,130640.0
RCST2507,보험료_산재보험,2026-01-01,45930.0
RRLC3410,보험료_산재보험,2026-01-01,147070.0
RXST2502,보험료_산재보험,2026-01-01,13560.0
RXOH3200,보험료_산재보험,2026-01-01,56310.0
RTOH3300,보험료_고용보험,2026-01-01,600250.0
RROH3400,보험료_고용보험,2026-01-01,506390.0
RRLC3410,보험료_고용보험,2026-01-01,276880.0
RCOH3100,보험료_고용보험,2026-01-01,182240.0
RCST2506,보험료_고용보험,2026-01-01,116220.0
RRCO3420,보험료_고용보험,2026-01-01,129680.0
RRPM3430,보험료_고용보험,2026-01-01,283980.0
RCST2507,보험료_고용보험,2026-01-01,77260.0
RXOH3200,보험료_고용보험,2026-01-01,118790.0
RXST2501,보험료_고용보험,2026-01-01,24070.0
RIOH6100,보험료_고용보험,2026-01-01,278770.0
RXST2502,보험료_고용보험,2026-01-01,22730.0
ROOH3500,보험료_고용보험,2026-01-01,308610.0
RXST2503,보험료_고용보험,2026-01-01,26560.0
RRPM2504,보험료_프로젝트,2026-01-01,8741.0
RCPU2606,보험료_프로젝트,2026-01-01,520364.0
RCPU2601,보험료_프로젝트,2026-01-01,261838.0
RIPU2523,보험료_프로젝트,2026-01-01,1058.0
RXST2503,보험료_프로젝트,2026-01-01,88579.0
RXST2501,보험료_프로젝트,2026-01-01,160068.0
RXPU2514,보험료_프로젝트,2026-01-01,842303.0
RXST2504,보험료_프로젝트,2026-01-01,196856.0
RRPM3430,보험료_기타,2026-01-01,254183.0
RXOH3200,차량유지비_유류대,2026-01-01,131000.0
RXOH3200,차량유지비_기타,2026-01-01,21900.0
RIPU2601,차량유지비_기타,2026-01-01,30000.0
RCPU2606,차량유지비_기타,2026-01-01,27200.0
RXST2501,차량유지비_기타,2026-01-01,27000.0
RCPU2613,차량유지비_기타,2026-01-01,12000.0
RXPU2514,차량유지비_기타,2026-01-01,18000.0
RTPU2611,운반비_사업본부,2026-01-01,18000.0
RRCO3420,운반비_사업본부,2026-01-01,72000.0
RXPU2514,운반비_사업본부,2026-01-01,199654.0
RTPU2605,운반비_사업본부,2026-01-01,105000.0
RCST2506,운반비_사업본부,2026-01-01,264100.0
RCST2507,운반비_사업본부,2026-01-01,22000.0
RRPM3430,운반비_사업본부,2026-01-01,49800.0
RCPU2601,운반비_사업본부,2026-01-01,130000.0
RCPU2610,운반비_사업본부,2026-01-01,130000.0
RTPU2505,운반비_사업본부,2026-01-01,800000.0
RTOH3300,운반비_사업본부,2026-01-01,10800.0
RXOH3200,운반비_사업본부,2026-01-01,844500.0
RRLC3410,운반비_사업본부,2026-01-01,25200.0
RIOH6100,운반비_사업본부,2026-01-01,281700.0
RTPU2615,운반비_사업본부,2026-01-01,30000.0
RCPU2606,운반비_사업본부,2026-01-01,1530000.0
RTPU2614,운반비_사업본부,2026-01-01,1112000.0
RTPU2606,운반비_사업본부,2026-01-01,371000.0
RTPU2565,운반비_사업본부,2026-01-01,30000.0
RIOH6100,교육훈련비,2026-01-01,189000.0
RXOH3200,교육훈련비,2026-01-01,60000.0
RCOH3100,도서인쇄비_도서구매,2026-01-01,12850.0
RCPU2601,도서인쇄비_행사출력물,2026-01-01,318000.0
RCST2506,도서인쇄비_행사출력물,2026-01-01,165000.0
RTPU2603,도서인쇄비_행사출력물,2026-01-01,2000.0
RXST2502,도서인쇄비_행사출력물,2026-01-01,8300.0
RXST2501,도서인쇄비_행사출력물,2026-01-01,2018050.0
RXPU2514,도서인쇄비_행사출력물,2026-01-01,1988770.0
RCST2507,도서인쇄비_행사출력물,2026-01-01,20000.0
RXST2503,도서인쇄비_행사출력물,2026-01-01,31200.0
RXST2506,도서인쇄비_행사출력물,2026-01-01,175391.0
RCPU2609,도서인쇄비_행사출력물,2026-01-01,650000.0
RXST2504,도서인쇄비_행사출력물,2026-01-01,100000.0
RTPU2591,도서인쇄비_행사출력물,2026-01-01,953000.0
RRPM2504,도서인쇄비_행사출력물,2026-01-01,4265000.0
RRPM3430,도서인쇄비_행사출력물,2026-01-01,998700.0
RIOH6100,소모품비_본사,2026-01-01,78818.0
RTPU2606,소모품비_현장,2026-01-01,938707.0
RCST2506,소모품비_현장,2026-01-01,483065.0
RCST2507,소모품비_현장,2026-01-01,18000.0
RCPU2602,소모품비_현장,2026-01-01,122564.0
RXST2506,소모품비_현장,2026-01-01,2515434.0
RCPU2610,소모품비_현장,2026-01-01,629907.0
RTPU2605,소모품비_현장,2026-01-01,284372.0
RCPU2606,소모품비_현장,2026-01-01,209854.0
RTOH3300,소모품비_현장,2026-01-01,14809.0
RXST2501,소모품비_현장,2026-01-01,1716516.0
RXST2504,소모품비_현장,2026-01-01,205025.0
RXST2503,소모품비_현장,2026-01-01,140909.0
RRPM3430,소모품비_현장,2026-01-01,11000.0
RTPU2611,소모품비_현장,2026-01-01,102817.0
RXPU2514,소모품비_현장,2026-01-01,4.7264143E7
RIPU2601,소모품비_현장,2026-01-01,1.7483978E7
RTPU2610,소모품비_현장,2026-01-01,2299690.0
RTPU2604,소모품비_현장,2026-01-01,20636.0
RCPU2607,소모품비_현장,2026-01-01,3314290.0
RCPU2601,소모품비_현장,2026-01-01,4779004.0
RCPU2602,지급수수료_운영인건비,2026-01-01,1.209404E7
RTPU2587,지급수수료_운영인건비,2026-01-01,3000000.0
RTPU2565,지급수수료_운영인건비,2026-01-01,2500000.0
RCPU2606,지급수수료_운영인건비,2026-01-01,2.759665E7
RXPU2514,지급수수료_운영인건비,2026-01-01,6255000.0
RTPU2604,지급수수료_운영인건비,2026-01-01,1330000.0
RCPU2601,지급수수료_운영인건비,2026-01-01,1768800.0
RXOH3200,지급수수료_도급인건비,2026-01-01,3510963.0
RXPU2514,지급수수료_도급인건비,2026-01-01,1.973E7
RRPM2402,지급수수료_도급인건비,2026-01-01,600000.0
RTPU2606,지급수수료_도급인건비,2026-01-01,7930000.0
RRPM3430,지급수수료_도급인건비,2026-01-01,9.5741763E7
RXST2504,지급수수료_도급인건비,2026-01-01,8305507.0
ROPU2501,지급수수료_도급인건비,2026-01-01,1.339E7
RRPM2504,지급수수료_도급인건비,2026-01-01,400000.0
RCPU2601,지급수수료_도급인건비,2026-01-01,1000000.0
RTPU2609,지급수수료_도급인건비,2026-01-01,2500000.0
RRPM2505,지급수수료_도급인건비,2026-01-01,250000.0
RTPU2591,지급수수료_디자인,2026-01-01,900000.0
RIPU2517,지급수수료_서비스이용료,2026-01-01,7000.0
RROH3400,지급수수료_서비스이용료,2026-01-01,-173000.0
RRPM2504,지급수수료_서비스이용료,2026-01-01,280000.0
RCPU2606,지급수수료_서비스이용료,2026-01-01,600000.0
RCST2506,지급수수료_서비스이용료,2026-01-01,34000.0
RTOH3300,지급수수료_서비스이용료,2026-01-01,79997.0
RCPU2566,지급수수료_서비스이용료,2026-01-01,406525.0
RXPU2514,지급수수료_서비스이용료,2026-01-01,2178652.0
RCST2506,지급수수료_공간수수료,2026-01-01,1.5961122E7
RIPU2602,지급수수료_공간수수료,2026-01-01,8.64E7
RCST2507,지급수수료_공간수수료,2026-01-01,4323686.0
RCPU2601,지급수수료_공간수수료,2026-01-01,2.244E7
RTPU2591,지급수수료_시공,2026-01-01,9320000.0
RTPU2604,지급수수료_시공,2026-01-01,1.4213998E7
RXPU2514,지급수수료_시공,2026-01-01,3.3049091E8
RCPU2601,지급수수료_시공,2026-01-01,5000000.0
ROPU2501,지급수수료_시공,2026-01-01,1.5E7
RTPU2606,지급수수료_시공,2026-01-01,2720000.0
RCPU2609,지급수수료_시공,2026-01-01,4.656654E7
RRPM2505,지급수수료_시공,2026-01-01,65000.0
RCPU2606,지급수수료_시공,2026-01-01,1.946E7
RTPU2603,지급수수료_시공,2026-01-01,2.1E7
RCPU2610,지급수수료_시공,2026-01-01,2.47E7
RXPU2514,지급수수료_광고비,2026-01-01,1.8679148E7
ROPU2501,지급수수료_광고비,2026-01-01,480000.0
RCPU2610,지급수수료_광고비,2026-01-01,7400000.0
RXOH3200,지급수수료_물품대여,2026-01-01,-4840000.0
RTPU2606,지급수수료_물품대여,2026-01-01,5095455.0
RTPU2605,지급수수료_물품대여,2026-01-01,380000.0
RIPU2601,지급수수료_물품대여,2026-01-01,1050000.0
RXPU2514,지급수수료_물품대여,2026-01-01,42000.0
RCPU2601,지급수수료_물품대여,2026-01-01,1500000.0
RCPU2610,지급수수료_물품대여,2026-01-01,1740000.0
ROPU2601,지급수수료_물품대여,2026-01-01,2900000.0
RTPU2591,지급수수료_물품대여,2026-01-01,2038000.0
RIPU2601,지급수수료_제작비,2026-01-01,909091.0
RIPU2519,지급수수료_제작비,2026-01-01,1.0E7
RTPU2614,지급수수료_제작비,2026-01-01,2.5E7
RCPU2610,지급수수료_제작비,2026-01-01,2500000.0
RTPU2606,지급수수료_제작비,2026-01-01,6000000.0
RXST2501,지급수수료_카드수수료,2026-01-01,319008.0
RCST2507,지급수수료_카드수수료,2026-01-01,26513.0
RCST2506,지급수수료_카드수수료,2026-01-01,102436.0
RXOH3200,지급수수료_Working Tool,2026-01-01,32236.0
RTPU2614,지급수수료_Working Tool,2026-01-01,29361.0
RCOH3100,지급수수료_Working Tool,2026-01-01,16209.0
RTOH3300,지급수수료_Working Tool,2026-01-01,113048.0
ROOH3500,지급수수료_Working Tool,2026-01-01,90063.0
RIOH6100,지급수수료_Working Tool,2026-01-01,32705.0
RROH3400,지급수수료_Working Tool,2026-01-01,127397.0
RRCO3420,지급수수료_자문료,2026-01-01,3.0E7
RRLC3410,지급수수료_자문료,2026-01-01,1500000.0
RXPU2514,지급수수료_기타,2026-01-01,1.3187728E7
RXST2502,지급수수료_기타,2026-01-01,2804987.0
RTPU2604,지급수수료_기타,2026-01-01,93599.0
RXST2506,지급수수료_기타,2026-01-01,2170684.0
RXST2503,지급수수료_기타,2026-01-01,5187209.0
RRPM3430,지급수수료_기타,2026-01-01,173000.0
RXOH3200,지급수수료_기타,2026-01-01,5000.0
RXST2504,지급수수료_기타,2026-01-01,1.2851603E7
RTPU2601,지급수수료_기타,2026-01-01,33336.0
RCST2507,지급수수료_기타,2026-01-01,148468.0
RRPM2504,지급수수료_기타,2026-01-01,106300.0
RXST2501,지급수수료_기타,2026-01-01,5653726.0
RCOH3100,지급수수료_기타,2026-01-01,35200.0
RXOH3200,직원급여_본사,2026-02-01,7166667.0
ROOH3500,직원급여_본사,2026-02-01,1.3875001E7
RCOH3100,직원급여_본사,2026-02-01,9860000.0
RRPM3430,직원급여_본사,2026-02-01,2.7864669E7
RROH3400,직원급여_본사,2026-02-01,9893334.0
RTOH3300,직원급여_본사,2026-02-01,5.8652812E7
RRCO3420,직원급여_본사,2026-02-01,1.5225376E7
RIOH6100,직원급여_본사,2026-02-01,2.7273812E7
RRLM3411,직원급여_본사,2026-02-01,1.4010567E7
RRLM3412,직원급여_본사,2026-02-01,9900001.0
RCST2506,직원급여_매장,2026-02-01,1.2355037E7
RXST2501,직원급여_매장,2026-02-01,4333334.0
RXST2503,직원급여_매장,2026-02-01,2666667.0
RXST2502,직원급여_매장,2026-02-01,2333334.0
RCST2507,직원급여_매장,2026-02-01,7438180.0
RROH3400,상여금,2026-02-01,5373918.0
RRCO3420,상여금,2026-02-01,4911011.0
RRLM3411,상여금,2026-02-01,9419436.0
RIOH6100,잡급,2026-02-01,1617660.0
RXOH3200,잡급,2026-02-01,1617660.0
RTOH3300,잡급,2026-02-01,3235320.0
RRPM3430,잡급,2026-02-01,1617660.0
RCOH3100,복리후생비_건강보험,2026-02-01,534110.0
RXST2503,복리후생비_건강보험,2026-02-01,100320.0
RXST2501,복리후생비_건강보험,2026-02-01,103710.0
RCST2507,복리후생비_건강보험,2026-02-01,-1180.0
RRPM3430,복리후생비_건강보험,2026-02-01,966150.0
RXOH3200,복리후생비_건강보험,2026-02-01,360120.0
RRLM3411,복리후생비_건강보험,2026-02-01,531760.0
ROOH3500,복리후생비_건강보험,2026-02-01,556180.0
RXST2502,복리후생비_건강보험,2026-02-01,86760.0
RRCO3420,복리후생비_건강보험,2026-02-01,603560.0
RRLM3412,복리후생비_건강보험,2026-02-01,408910.0
RROH3400,복리후생비_건강보험,2026-02-01,392620.0
RTOH3300,복리후생비_건강보험,2026-02-01,2299340.0
RCST2506,복리후생비_건강보험,2026-02-01,594680.0
RIOH6100,복리후생비_건강보험,2026-02-01,860960.0
RTPU2621,복리후생비_식음료대,2026-02-01,14636.0
RCPU2615,복리후생비_식음료대,2026-02-01,65989.0
RXST2503,복리후생비_식음료대,2026-02-01,95419.0
RTPU2614,복리후생비_식음료대,2026-02-01,673935.0
RRPM3430,복리후생비_식음료대,2026-02-01,1526334.0
RXST2505,복리후생비_식음료대,2026-02-01,149908.0
RRLM3411,복리후생비_식음료대,2026-02-01,529209.0
RXST2504,복리후생비_식음료대,2026-02-01,49364.0
RRCO3420,복리후생비_식음료대,2026-02-01,910462.0
RXST2506,복리후생비_식음료대,2026-02-01,63998.0
RIPU2605,복리후생비_식음료대,2026-02-01,1092831.0
RTPU2617,복리후생비_식음료대,2026-02-01,76726.0
ROPU2604,복리후생비_식음료대,2026-02-01,53355.0
RCPU2617,복리후생비_식음료대,2026-02-01,27272.0
RTPU2612,복리후생비_식음료대,2026-02-01,18800.0
RROH3400,복리후생비_식음료대,2026-02-01,756358.0
RXOH3200,복리후생비_식음료대,2026-02-01,2049265.0
RIPU2601,복리후생비_식음료대,2026-02-01,717322.0
RXPU2601,복리후생비_식음료대,2026-02-01,30000.0
RXST2502,복리후생비_식음료대,2026-02-01,25000.0
RCPU2613,복리후생비_식음료대,2026-02-01,416270.0
RCST2507,복리후생비_식음료대,2026-02-01,4000.0
RXST2501,복리후생비_식음료대,2026-02-01,256813.0
RCPU2607,복리후생비_식음료대,2026-02-01,3722303.0
RCOH3100,복리후생비_식음료대,2026-02-01,266273.0
RCPU2618,복리후생비_식음료대,2026-02-01,25727.0
RIPU2602,복리후생비_식음료대,2026-02-01,120000.0
RTPU2565,복리후생비_식음료대,2026-02-01,20408.0
RRLM3412,복리후생비_식음료대,2026-02-01,782655.0
RCST2506,복리후생비_식음료대,2026-02-01,163299.0
ROOH3500,복리후생비_식음료대,2026-02-01,398498.0
RTPU2616,복리후생비_식음료대,2026-02-01,40454.0
RCPU2605,복리후생비_식음료대,2026-02-01,265127.0
RIOH6100,복리후생비_식음료대,2026-02-01,822572.0
RTPU2611,복리후생비_식음료대,2026-02-01,387400.0
RXPU2514,복리후생비_식음료대,2026-02-01,5363.0
RIPU2606,복리후생비_식음료대,2026-02-01,10910.0
RTOH3300,복리후생비_식음료대,2026-02-01,2222463.0
RCPU2609,복리후생비_식음료대,2026-02-01,5000.0
RCPU2614,복리후생비_식음료대,2026-02-01,134364.0
RCPU2604,복리후생비_식음료대,2026-02-01,22636.0
RXOH3200,복리후생비_회식대,2026-02-01,114455.0
RIOH6100,복리후생비_회식대,2026-02-01,147127.0
RTOH3300,복리후생비_회식대,2026-02-01,339911.0
RIOH6100,복리후생비_기타,2026-02-01,756000.0
RCOH3100,복리후생비_기타,2026-02-01,1110905.0
RROH3400,복리후생비_기타,2026-02-01,1420000.0
RXOH3200,복리후생비_기타,2026-02-01,1330637.0
RTOH3300,복리후생비_기타,2026-02-01,1560000.0
ROOH3500,복리후생비_기타,2026-02-01,200000.0
RTPU2624,여비교통비_야근,2026-02-01,28300.0
RCPU2615,여비교통비_야근,2026-02-01,176200.0
RTPU2616,여비교통비_야근,2026-02-01,68200.0
RCPU2605,여비교통비_야근,2026-02-01,122300.0
RXST2503,여비교통비_야근,2026-02-01,55000.0
RXOH3200,여비교통비_야근,2026-02-01,294800.0
RXST2505,여비교통비_야근,2026-02-01,69500.0
RTPU2627,여비교통비_야근,2026-02-01,25300.0
RCPU2618,여비교통비_야근,2026-02-01,14900.0
RIPU2605,여비교통비_야근,2026-02-01,232900.0
RRCO3420,여비교통비_야근,2026-02-01,38700.0
RIPU2604,여비교통비_야근,2026-02-01,65600.0
RRPM3430,여비교통비_야근,2026-02-01,263500.0
RTPU2614,여비교통비_야근,2026-02-01,386800.0
RCPU2607,여비교통비_야근,2026-02-01,2331870.0
RTPU2611,여비교통비_야근,2026-02-01,219900.0
RCPU2613,여비교통비_야근,2026-02-01,217400.0
RCST2506,여비교통비_야근,2026-02-01,40600.0
RIPU2601,여비교통비_야근,2026-02-01,345300.0
RTPU2612,여비교통비_야근,2026-02-01,140700.0
RCPU2614,여비교통비_야근,2026-02-01,72500.0
ROOH3500,여비교통비_야근,2026-02-01,86600.0
RTOH3300,여비교통비_야근,2026-02-01,195900.0
RCOH3100,여비교통비_외근,2026-02-01,193500.0
RXPU2601,여비교통비_외근,2026-02-01,18900.0
RTPU2611,여비교통비_외근,2026-02-01,36500.0
ROOH3500,여비교통비_외근,2026-02-01,111700.0
RIPU2604,여비교통비_외근,2026-02-01,52700.0
RROH3400,여비교통비_외근,2026-02-01,90000.0
RXST2503,여비교통비_외근,2026-02-01,43600.0
RTPU2616,여비교통비_외근,2026-02-01,44500.0
RXST2504,여비교통비_외근,2026-02-01,57820.0
ROPU2601,여비교통비_외근,2026-02-01,51200.0
RIPU2605,여비교통비_외근,2026-02-01,21600.0
RIOH6100,여비교통비_외근,2026-02-01,18400.0
RCPU2615,여비교통비_외근,2026-02-01,127300.0
RIPU2601,여비교통비_외근,2026-02-01,264800.0
RCPU2613,여비교통비_외근,2026-02-01,23700.0
RCPU2617,여비교통비_외근,2026-02-01,53600.0
RCST2506,여비교통비_외근,2026-02-01,87300.0
RXST2501,여비교통비_외근,2026-02-01,369400.0
RTPU2627,여비교통비_외근,2026-02-01,27600.0
RTOH3300,여비교통비_외근,2026-02-01,347500.0
RCPU2604,여비교통비_외근,2026-02-01,69300.0
ROPU2604,여비교통비_외근,2026-02-01,46700.0
RCPU2607,여비교통비_외근,2026-02-01,748800.0
RXOH3200,여비교통비_외근,2026-02-01,648500.0
RXST2505,여비교통비_외근,2026-02-01,277900.0
RRPM3430,여비교통비_외근,2026-02-01,276900.0
RRLM3412,여비교통비_외근,2026-02-01,53700.0
RCPU2605,여비교통비_외근,2026-02-01,145100.0
RTPU2614,여비교통비_외근,2026-02-01,146300.0
RXPU2514,여비교통비_외근,2026-02-01,130700.0
RTPU2612,여비교통비_국내출장,2026-02-01,51840.0
RCPU2604,여비교통비_국내출장,2026-02-01,118400.0
RRPM3430,여비교통비_국내출장,2026-02-01,339100.0
RXPU2514,여비교통비_국내출장,2026-02-01,698000.0
RCPU2607,여비교통비_국내출장,2026-02-01,207000.0
RTPU2611,여비교통비_국내출장,2026-02-01,84200.0
RTPU2615,여비교통비_국내출장,2026-02-01,278150.0
RRCO3420,여비교통비_해외출장,2026-02-01,1141354.0
RCPU2607,여비교통비_개인차량사용료,2026-02-01,13000.0
RXST2506,여비교통비_개인차량사용료,2026-02-01,20000.0
RXOH3200,여비교통비_개인차량사용료,2026-02-01,291234.0
RRPM3430,여비교통비_개인차량사용료,2026-02-01,721625.0
RXPU2601,여비교통비_개인차량사용료,2026-02-01,14800.0
RTOH3300,여비교통비_개인차량사용료,2026-02-01,608204.0
RRCO3420,여비교통비_개인차량사용료,2026-02-01,426474.0
RCPU2605,여비교통비_개인차량사용료,2026-02-01,33007.0
RTPU2617,여비교통비_개인차량사용료,2026-02-01,37000.0
RIPU2606,여비교통비_개인차량사용료,2026-02-01,53000.0
RXST2501,여비교통비_개인차량사용료,2026-02-01,140000.0
RROH3400,여비교통비_개인차량사용료,2026-02-01,59100.0
RRLM3412,여비교통비_개인차량사용료,2026-02-01,330754.0
RTPU2611,여비교통비_개인차량사용료,2026-02-01,56184.0
RTPU2614,여비교통비_개인차량사용료,2026-02-01,32000.0
RIPU2601,여비교통비_개인차량사용료,2026-02-01,3500.0
RTPU2616,여비교통비_개인차량사용료,2026-02-01,11300.0
RRLM3411,여비교통비_개인차량사용료,2026-02-01,200000.0
RCPU2607,접대비,2026-02-01,58000.0
RROH3400,접대비,2026-02-01,631900.0
RRCO3420,접대비,2026-02-01,865900.0
RIOH6100,접대비,2026-02-01,650000.0
RXOH3200,접대비,2026-02-01,1355100.0
RCOH3100,접대비,2026-02-01,35000.0
RTOH3300,접대비,2026-02-01,686910.0
RIOH6100,통신비,2026-02-01,59773.0
RXST2504,통신비,2026-02-01,120000.0
RRPM3430,통신비,2026-02-01,54400.0
RXST2503,통신비,2026-02-01,83127.0
RRPM2504,통신비,2026-02-01,62000.0
RXOH3200,통신비,2026-02-01,629215.0
RCST2506,통신비,2026-02-01,88441.0
RXST2501,통신비,2026-02-01,180000.0
RXST2502,통신비,2026-02-01,40000.0
RCOH3100,통신비,2026-02-01,119547.0
RCST2507,통신비,2026-02-01,35040.0
RTOH3300,통신비,2026-02-01,89660.0
RRPM2504,수도광열비,2026-02-01,1876816.0
RXST2502,세금과공과_국민연금,2026-02-01,101310.0
RXOH3200,세금과공과_국민연금,2026-02-01,302570.0
RROH3400,세금과공과_국민연금,2026-02-01,302570.0
RCOH3100,세금과공과_국민연금,2026-02-01,302570.0
RTOH3300,세금과공과_국민연금,2026-02-01,2607200.0
RIOH6100,세금과공과_국민연금,2026-02-01,1083690.0
RRLM3411,세금과공과_국민연금,2026-02-01,586050.0
RCST2506,세금과공과_국민연금,2026-02-01,381600.0
RRLM3412,세금과공과_국민연금,2026-02-01,462360.0
ROOH3500,세금과공과_국민연금,2026-02-01,644950.0
RXST2501,세금과공과_국민연금,2026-02-01,121120.0
RRPM3430,세금과공과_국민연금,2026-02-01,1036000.0
RXST2503,세금과공과_국민연금,2026-02-01,117130.0
RCST2507,세금과공과_국민연금,2026-02-01,8730.0
RRCO3420,세금과공과_국민연금,2026-02-01,616020.0
RRPM3430,세금과공과_세금,2026-02-01,99740.0
RRCO3420,세금과공과_세금,2026-02-01,59844.0
RROH3400,세금과공과_세금,2026-02-01,19948.0
RRLM3412,세금과공과_세금,2026-02-01,19948.0
RXOH3200,세금과공과_세금,2026-02-01,19948.0
RTOH3300,세금과공과_세금,2026-02-01,299219.0
RXST2501,세금과공과_세금,2026-02-01,19948.0
RXST2503,세금과공과_세금,2026-02-01,19948.0
RIOH6100,세금과공과_세금,2026-02-01,119688.0
ROOH3500,세금과공과_세금,2026-02-01,59844.0
RRLM3411,세금과공과_세금,2026-02-01,79791.0
RXST2504,세금과공과_세금,2026-02-01,19948.0
RCOH3100,세금과공과_세금,2026-02-01,19947.0
RCST2507,감가상각비,2026-02-01,2138262.0
RRCO3420,감가상각비,2026-02-01,32473.0
RXST2504,감가상각비,2026-02-01,2722467.0
RXOH3200,감가상각비,2026-02-01,225069.0
ROOH3500,감가상각비,2026-02-01,184413.0
RRPM2505,감가상각비,2026-02-01,681263.0
RXST2505,감가상각비,2026-02-01,3143334.0
RXST2503,감가상각비,2026-02-01,4161381.0
RXST2502,감가상각비,2026-02-01,2546764.0
RTOH3300,감가상각비,2026-02-01,150718.0
RCST2506,감가상각비,2026-02-01,1442601.0
RRLM3411,감가상각비,2026-02-01,31135.0
RRPM2504,감가상각비,2026-02-01,9534752.0
RXST2501,감가상각비,2026-02-01,3622658.0
ROOH3500,지급임차료_건물,2026-02-01,1430929.0
RCOH3100,지급임차료_건물,2026-02-01,5365980.0
RTOH3300,지급임차료_건물,2026-02-01,6081444.0
RROH3400,지급임차료_건물,2026-02-01,5365980.0
RIOH6100,지급임차료_건물,2026-02-01,2861856.0
RXOH3200,지급임차료_건물,2026-02-01,3577320.0
RTOH3300,지급임차료_창고,2026-02-01,3700000.0
RCST2506,지급임차료_스테이션,2026-02-01,2929246.0
RXST2504,지급임차료_기타,2026-02-01,308000.0
RRPM2402,지급임차료_기타,2026-02-01,5.875E7
RRPM2504,지급임차료_기타,2026-02-01,6.0E7
RRPM2505,지급임차료_기타,2026-02-01,2153509.0
RRPM2506,지급임차료_기타,2026-02-01,1.5E7
RTOH3300,보험료_산재보험,2026-02-01,138080.0
RRPM3430,보험료_산재보험,2026-02-01,-45890.0
RRLM3411,보험료_산재보험,2026-02-01,83140.0
RXST2503,보험료_산재보험,2026-02-01,15680.0
RXOH3200,보험료_산재보험,2026-02-01,56310.0
RROH3400,보험료_산재보험,2026-02-01,184170.0
RRLM3412,보험료_산재보험,2026-02-01,63930.0
ROOH3500,보험료_산재보험,2026-02-01,86960.0
RCST2506,보험료_산재보험,2026-02-01,60350.0
RRCO3420,보험료_산재보험,2026-02-01,94360.0
RCST2507,보험료_산재보험,2026-02-01,45090.0
RCOH3100,보험료_산재보험,2026-02-01,83510.0
RXST2501,보험료_산재보험,2026-02-01,16210.0
RXST2502,보험료_산재보험,2026-02-01,13560.0
RIOH6100,보험료_산재보험,2026-02-01,85150.0
RRPM3430,보험료_고용보험,2026-02-01,246950.0
RRLM3412,보험료_고용보험,2026-02-01,89320.0
RCST2506,보험료_고용보험,2026-02-01,89380.0
RXST2503,보험료_고용보험,2026-02-01,28360.0
RXST2501,보험료_고용보험,2026-02-01,15070.0
ROOH3500,보험료_고용보험,2026-02-01,160850.0
RCOH3100,보험료_고용보험,2026-02-01,182240.0
RXOH3200,보험료_고용보험,2026-02-01,118790.0
RRCO3420,보험료_고용보험,2026-02-01,-189390.0
RXST2502,보험료_고용보험,2026-02-01,24530.0
RIOH6100,보험료_고용보험,2026-02-01,232210.0
RCST2507,보험료_고용보험,2026-02-01,84910.0
RTOH3300,보험료_고용보험,2026-02-01,659750.0
RRLM3411,보험료_고용보험,2026-02-01,-7510.0
RROH3400,보험료_고용보험,2026-02-01,205250.0
RXST2504,보험료_프로젝트,2026-02-01,177805.0
RRPM2504,보험료_프로젝트,2026-02-01,7895.0
RCPU2614,보험료_프로젝트,2026-02-01,125600.0
RCPU2613,보험료_프로젝트,2026-02-01,480000.0
RCPU2605,보험료_프로젝트,2026-02-01,324231.0
RXST2503,보험료_프로젝트,2026-02-01,80007.0
RXST2505,보험료_프로젝트,2026-02-01,2521.0
RXST2501,보험료_프로젝트,2026-02-01,144577.0
RIPU2601,보험료_프로젝트,2026-02-01,2259260.0
RXPU2514,보험료_프로젝트,2026-02-01,251357.0
RRPM3430,보험료_기타,2026-02-01,229585.0
RXOH3200,차량유지비_유류대,2026-02-01,120000.0
RCPU2607,차량유지비_기타,2026-02-01,309000.0
RXOH3200,차량유지비_기타,2026-02-01,24000.0
RTPU2616,운반비,2026-02-01,3300.0
RCST2506,운반비_사업본부,2026-02-01,237600.0
ROOH3500,운반비_사업본부,2026-02-01,261000.0
RRCO3420,운반비_사업본부,2026-02-01,9000.0
RTPU2627,운반비_사업본부,2026-02-01,12000.0
RTPU2616,운반비_사업본부,2026-02-01,16000.0
RXST2502,운반비_사업본부,2026-02-01,2800.0
RTPU2615,운반비_사업본부,2026-02-01,65000.0
RTPU2614,운반비_사업본부,2026-02-01,341000.0
RXOH3200,운반비_사업본부,2026-02-01,897300.0
RCPU2613,운반비_사업본부,2026-02-01,260000.0
RCPU2607,운반비_사업본부,2026-02-01,3180000.0
RTPU2611,운반비_사업본부,2026-02-01,912000.0
RCPU2615,운반비_사업본부,2026-02-01,25000.0
RIOH6100,운반비_사업본부,2026-02-01,927900.0
RCST2507,운반비_사업본부,2026-02-01,41000.0
RTPU2606,운반비_사업본부,2026-02-01,10000.0
RTOH3300,운반비_사업본부,2026-02-01,45900.0
RTPU2622,운반비_사업본부,2026-02-01,83000.0
RRPM3430,운반비_사업본부,2026-02-01,114300.0
RXST2504,운반비_사업본부,2026-02-01,5100.0
RIPU2601,운반비_사업본부,2026-02-01,215000.0
RTPU2625,운반비_사업본부,2026-02-01,30000.0
RTPU2611,도서인쇄비_행사출력물,2026-02-01,124764.0
ROPU2604,도서인쇄비_행사출력물,2026-02-01,79955.0
RTPU2614,도서인쇄비_행사출력물,2026-02-01,8894000.0
RXST2505,도서인쇄비_행사출력물,2026-02-01,366000.0
RXST2503,도서인쇄비_행사출력물,2026-02-01,381000.0
RTPU2616,도서인쇄비_행사출력물,2026-02-01,20000.0
RIPU2605,도서인쇄비_행사출력물,2026-02-01,6137.0
RXST2506,도서인쇄비_행사출력물,2026-02-01,120000.0
RIPU2601,도서인쇄비_행사출력물,2026-02-01,4660764.0
RXST2504,도서인쇄비_행사출력물,2026-02-01,199500.0
RTOH3300,도서인쇄비_행사출력물,2026-02-01,90000.0
RXPU2514,도서인쇄비_행사출력물,2026-02-01,180000.0
ROPU2601,도서인쇄비_행사출력물,2026-02-01,1083431.0
RCPU2607,도서인쇄비_행사출력물,2026-02-01,30000.0
RXST2502,도서인쇄비_행사출력물,2026-02-01,5500.0
RRPM3430,도서인쇄비_기타,2026-02-01,121300.0
RCST2506,소모품비_현장,2026-02-01,442506.0
RXST2505,소모품비_현장,2026-02-01,5481707.0
RIPU2605,소모품비_현장,2026-02-01,354294.0
RXST2506,소모품비_현장,2026-02-01,82017.0
RCST2507,소모품비_현장,2026-02-01,63500.0
RIPU2606,소모품비_현장,2026-02-01,3417499.0
ROPU2601,소모품비_현장,2026-02-01,9049272.0
RTPU2612,소모품비_현장,2026-02-01,1213338.0
RTPU2614,소모품비_현장,2026-02-01,4083909.0
RTPU2616,소모품비_현장,2026-02-01,162370.0
RCPU2615,소모품비_현장,2026-02-01,1093329.0
RCPU2605,소모품비_현장,2026-02-01,99217.0
RXST2501,소모품비_현장,2026-02-01,218508.0
RCPU2607,소모품비_현장,2026-02-01,2500563.0
RXST2503,소모품비_현장,2026-02-01,920779.0
RCPU2614,소모품비_현장,2026-02-01,212618.0
RTPU2611,소모품비_현장,2026-02-01,64726.0
ROPU2604,소모품비_현장,2026-02-01,922091.0
RTPU2617,소모품비_현장,2026-02-01,5454545.0
RRPM3430,소모품비_현장,2026-02-01,1400.0
ROPU2602,소모품비_현장,2026-02-01,350000.0
RIPU2601,소모품비_현장,2026-02-01,7.8933367E7
RTPU2627,소모품비_현장,2026-02-01,248145.0
RXST2504,소모품비_현장,2026-02-01,432388.0
RCPU2613,소모품비_현장,2026-02-01,541870.0
RXPU2514,소모품비_현장,2026-02-01,4094585.0
RTPU2614,지급수수료_운영인건비,2026-02-01,6000000.0
RCPU2607,지급수수료_운영인건비,2026-02-01,1.26504768E8
RCPU2613,지급수수료_운영인건비,2026-02-01,1056000.0
ROOH3500,지급수수료_운영인건비,2026-02-01,1400000.0
RXST2504,지급수수료_도급인건비,2026-02-01,9027717.0
RXPU2514,지급수수료_도급인건비,2026-02-01,7450000.0
RTPU2604,지급수수료_도급인건비,2026-02-01,582000.0
RRPM2505,지급수수료_도급인건비,2026-02-01,250000.0
RCPU2613,지급수수료_도급인건비,2026-02-01,1300000.0
RTPU2614,지급수수료_도급인건비,2026-02-01,5.4340819E7
RRPM3430,지급수수료_도급인건비,2026-02-01,8.4835105E7
RTPU2616,지급수수료_도급인건비,2026-02-01,6770000.0
RRPM2402,지급수수료_도급인건비,2026-02-01,375000.0
RXOH3200,지급수수료_도급인건비,2026-02-01,3510963.0
RRPM2504,지급수수료_도급인건비,2026-02-01,250000.0
RTPU2614,지급수수료_디자인,2026-02-01,6000000.0
RTPU2611,지급수수료_디자인,2026-02-01,3200000.0
RTPU2616,지급수수료_디자인,2026-02-01,500000.0
RTPU2604,지급수수료_디자인,2026-02-01,4500000.0
RIPU2517,지급수수료_서비스이용료,2026-02-01,7000.0
RCST2506,지급수수료_서비스이용료,2026-02-01,34000.0
ROPU2604,지급수수료_서비스이용료,2026-02-01,33000.0
RRPM3430,지급수수료_서비스이용료,2026-02-01,173000.0
RRPM2504,지급수수료_서비스이용료,2026-02-01,280000.0
RTPU2614,지급수수료_서비스이용료,2026-02-01,29467.0
RCPU2607,지급수수료_서비스이용료,2026-02-01,450000.0
RXPU2514,지급수수료_서비스이용료,2026-02-01,58990.0
RXST2505,지급수수료_서비스이용료,2026-02-01,3429.0
ROPU2601,지급수수료_서비스이용료,2026-02-01,877800.0
RXST2504,지급수수료_서비스이용료,2026-02-01,110000.0
RCPU2607,지급수수료_공간수수료,2026-02-01,360000.0
RTPU2611,지급수수료_공간수수료,2026-02-01,2.4813155E7
RCST2507,지급수수료_공간수수료,2026-02-01,6197459.0
RCST2506,지급수수료_공간수수료,2026-02-01,1.4868066E7
RCPU2613,지급수수료_공간수수료,2026-02-01,3.0E7
RTPU2616,지급수수료_시공,2026-02-01,2310000.0
RCPU2613,지급수수료_시공,2026-02-01,1.3254E7
RTPU2611,지급수수료_시공,2026-02-01,1.35E7
RTPU2607,지급수수료_시공,2026-02-01,1200000.0
RXPU2601,지급수수료_시공,2026-02-01,1.225E8
RCPU2605,지급수수료_시공,2026-02-01,4.593E7
RCPU2609,지급수수료_시공,2026-02-01,1.11956E7
RXPU2513,지급수수료_시공,2026-02-01,2.79E8
RXST2505,지급수수료_시공,2026-02-01,600000.0
RIPU2519,지급수수료_시공,2026-02-01,5.0E7
RIPU2601,지급수수료_시공,2026-02-01,5.6E7
RTPU2614,지급수수료_시공,2026-02-01,3.822E8
RTPU2617,지급수수료_광고비,2026-02-01,1.2E7
RXPU2514,지급수수료_광고비,2026-02-01,808285.0
RTPU2607,지급수수료_물품대여,2026-02-01,1.8E7
RCPU2607,지급수수료_물품대여,2026-02-01,7093500.0
RTPU2616,지급수수료_물품대여,2026-02-01,2037300.0
RCPU2613,지급수수료_물품대여,2026-02-01,1.1559E7
RIPU2601,지급수수료_물품대여,2026-02-01,1918709.0
RTPU2614,지급수수료_물품대여,2026-02-01,6386818.0
RCPU2615,지급수수료_물품대여,2026-02-01,55000.0
RIPU2605,지급수수료_물품대여,2026-02-01,255000.0
RTPU2611,지급수수료_물품대여,2026-02-01,2780000.0
RTPU2622,지급수수료_제작비,2026-02-01,2078011.0
RTPU2614,지급수수료_제작비,2026-02-01,7334909.0
RIPU2601,지급수수료_제작비,2026-02-01,1.08E7
RIPU2601,지급수수료_카드수수료,2026-02-01,3538168.0
RIPU2605,지급수수료_카드수수료,2026-02-01,46073.0
RCST2507,지급수수료_카드수수료,2026-02-01,25513.0
RCPU2607,지급수수료_카드수수료,2026-02-01,4582000.0
RCST2506,지급수수료_카드수수료,2026-02-01,407829.0
RTOH3300,지급수수료_Working Tool,2026-02-01,112421.0
RCOH3100,지급수수료_Working Tool,2026-02-01,16344.0
RXOH3200,지급수수료_Working Tool,2026-02-01,32248.0
RIPU2606,지급수수료_Working Tool,2026-02-01,31221.0
ROOH3500,지급수수료_Working Tool,2026-02-01,90284.0
RIOH6100,지급수수료_Working Tool,2026-02-01,32879.0
RXST2501,지급수수료_Working Tool,2026-02-01,1499108.0
RROH3400,지급수수료_Working Tool,2026-02-01,115068.0
RRLM3411,지급수수료_자문료,2026-02-01,1500000.0
RXOH3200,지급수수료_채용,2026-02-01,490909.0
RXST2505,지급수수료_기타,2026-02-01,245.0
RIPU2604,지급수수료_기타,2026-02-01,1363636.0
RTPU2607,지급수수료_기타,2026-02-01,160000.0
RCST2507,지급수수료_기타,2026-02-01,134100.0
RXST2502,지급수수료_기타,2026-02-01,2105824.0
RXST2501,지급수수료_기타,2026-02-01,6775266.0
RXST2504,지급수수료_기타,2026-02-01,1.2875324E7
RXST2503,지급수수료_기타,2026-02-01,5047229.0
RXST2506,지급수수료_기타,2026-02-01,902957.0
RIPU2601,지급수수료_기타,2026-02-01,73173.0
RIPU2605,지급수수료_기타,2026-02-01,7204.0
RRPM2505,지급수수료_기타,2026-02-01,9400000.0
RXPU2514,지급수수료_기타,2026-02-01,1180000.0
RIOH6100,건물관리비,2026-02-01,799885.0
ROOH3500,건물관리비,2026-02-01,399943.0
RROH3400,건물관리비,2026-02-01,1499785.0
RXOH3200,건물관리비,2026-02-01,999856.0
RTOH3300,건물관리비,2026-02-01,1699755.0
RCOH3100,건물관리비,2026-02-01,1499785.0
RIOH6100,직원급여_본사,2026-03-01,3.2916669E7
RROH3400,직원급여_본사,2026-03-01,1.3619334E7
RRLM3412,직원급여_본사,2026-03-01,1.1384998E7
RRCO3420,직원급여_본사,2026-03-01,1.99903E7
RTOH3300,직원급여_본사,2026-03-01,6.7435738E7
RRPM3430,직원급여_본사,2026-03-01,2.8171185E7
RRLM3411,직원급여_본사,2026-03-01,1.5767069E7
ROOH3500,직원급여_본사,2026-03-01,2.0148811E7
RCOH3100,직원급여_본사,2026-03-01,1.1264E7
RXOH3200,직원급여_본사,2026-03-01,9666666.0
RXST2502,직원급여_매장,2026-03-01,2333334.0
RCST2506,직원급여_매장,2026-03-01,1.147062E7
RXST2503,직원급여_매장,2026-03-01,2666667.0
RCST2507,직원급여_매장,2026-03-01,7273614.0
RXST2501,직원급여_매장,2026-03-01,4333334.0
RCPU2614,직원급여_매장,2026-03-01,3667930.0
RRPM3430,잡급,2026-03-01,1617660.0
RXOH3200,잡급,2026-03-01,3130955.0
RTOH3300,잡급,2026-03-01,1617660.0
RRCO3420,퇴직급여_본사,2026-03-01,1.7917676E7
RCST2506,퇴직급여_본사,2026-03-01,4930171.0
RCST2507,퇴직급여_본사,2026-03-01,2256610.0
RROH3400,퇴직급여_본사,2026-03-01,4827935.0
RRLM3412,퇴직급여_본사,2026-03-01,1004989.0
RXOH3200,퇴직급여_본사,2026-03-01,2867172.0
RCOH3100,퇴직급여_본사,2026-03-01,3933123.0
RRPM3430,퇴직급여_본사,2026-03-01,6149057.0
RRLM3411,퇴직급여_본사,2026-03-01,-695543.0
RTOH3300,퇴직급여_본사,2026-03-01,1.425805E7
RIOH6100,퇴직급여_본사,2026-03-01,3846789.0
RXST2501,퇴직급여_본사,2026-03-01,1813699.0
RRLM3411,연차수당_본사,2026-03-01,-310634.0
RROH3400,연차수당_본사,2026-03-01,-166240.0
RIOH6100,연차수당_본사,2026-03-01,-355561.0
RXOH3200,연차수당_본사,2026-03-01,-106862.0
RCST2507,연차수당_본사,2026-03-01,-137470.0
RRPM3430,연차수당_본사,2026-03-01,-347465.0
RRCO3420,연차수당_본사,2026-03-01,-206673.0
ROOH3500,연차수당_본사,2026-03-01,-265159.0
RTOH3300,연차수당_본사,2026-03-01,-761533.0
RCOH3100,연차수당_본사,2026-03-01,-154187.0
RXST2501,연차수당_본사,2026-03-01,-116530.0
RCST2506,연차수당_본사,2026-03-01,-168494.0
RRCO3420,복리후생비_건강보험,2026-03-01,603560.0
RIOH6100,복리후생비_건강보험,2026-03-01,1015520.0
RROH3400,복리후생비_건강보험,2026-03-01,392620.0
RCOH3100,복리후생비_건강보험,2026-03-01,534110.0
RCST2506,복리후생비_건강보험,2026-03-01,-81880.0
ROOH3500,복리후생비_건강보험,2026-03-01,354170.0
RCST2507,복리후생비_건강보험,2026-03-01,442170.0
RXST2501,복리후생비_건강보험,2026-03-01,103710.0
RRPM3430,복리후생비_건강보험,2026-03-01,966150.0
RXST2503,복리후생비_건강보험,2026-03-01,100320.0
RRLM3412,복리후생비_건강보험,2026-03-01,408910.0
RXST2502,복리후생비_건강보험,2026-03-01,86760.0
RXOH3200,복리후생비_건강보험,2026-03-01,360120.0
RCPU2614,복리후생비_건강보험,2026-03-01,87320.0
RTOH3300,복리후생비_건강보험,2026-03-01,2299340.0
RRLM3411,복리후생비_건강보험,2026-03-01,531760.0
RCST2507,복리후생비_식음료대,2026-03-01,16754.0
ROPU2601,복리후생비_식음료대,2026-03-01,1377638.0
RXOH3200,복리후생비_식음료대,2026-03-01,2310047.0
ROPU2608,복리후생비_식음료대,2026-03-01,4546.0
RIOH6100,복리후생비_식음료대,2026-03-01,960496.0
RCPU2625,복리후생비_식음료대,2026-03-01,4455.0
RCPU2617,복리후생비_식음료대,2026-03-01,59726.0
RCPU2616,복리후생비_식음료대,2026-03-01,15182.0
RTPU2617,복리후생비_식음료대,2026-03-01,268092.0
RCPU2624,복리후생비_식음료대,2026-03-01,15818.0
RXST2504,복리후생비_식음료대,2026-03-01,56637.0
RCOH3100,복리후생비_식음료대,2026-03-01,492661.0
RTPU2627,복리후생비_식음료대,2026-03-01,51180.0
RTPU2565,복리후생비_식음료대,2026-03-01,30000.0
ROPU2605,복리후생비_식음료대,2026-03-01,10728.0
RIPU2603,복리후생비_식음료대,2026-03-01,322553.0
RRCO3420,복리후생비_식음료대,2026-03-01,659994.0
RROH3400,복리후생비_식음료대,2026-03-01,334448.0
RTPU2628,복리후생비_식음료대,2026-03-01,75636.0
RCPU2614,복리후생비_식음료대,2026-03-01,439971.0
RCPU2604,복리후생비_식음료대,2026-03-01,34545.0
RRLM3412,복리후생비_식음료대,2026-03-01,869392.0
RXST2607,복리후생비_식음료대,2026-03-01,24545.0
RXST2501,복리후생비_식음료대,2026-03-01,79725.0
ROPU2603,복리후생비_식음료대,2026-03-01,276906.0
RXST2505,복리후생비_식음료대,2026-03-01,165337.0
RTOH3300,복리후생비_식음료대,2026-03-01,2567514.0
ROOH3500,복리후생비_식음료대,2026-03-01,669402.0
RXST2502,복리후생비_식음료대,2026-03-01,20749.0
RCPU2613,복리후생비_식음료대,2026-03-01,57909.0
RRLM3411,복리후생비_식음료대,2026-03-01,1091634.0
RTPU2614,복리후생비_식음료대,2026-03-01,939943.0
RTPU2632,복리후생비_식음료대,2026-03-01,115545.0
RIPU2606,복리후생비_식음료대,2026-03-01,126940.0
RCST2506,복리후생비_식음료대,2026-03-01,83805.0
RIPU2601,복리후생비_식음료대,2026-03-01,650555.0
RTPU2638,복리후생비_식음료대,2026-03-01,41900.0
ROPU2602,복리후생비_식음료대,2026-03-01,24409.0
RTPU2624,복리후생비_식음료대,2026-03-01,329065.0
RCPU2615,복리후생비_식음료대,2026-03-01,355498.0
RCPU2605,복리후생비_식음료대,2026-03-01,72181.0
RCPU2607,복리후생비_식음료대,2026-03-01,8182.0
RCPU2620,복리후생비_식음료대,2026-03-01,69091.0
RTPU2623,복리후생비_식음료대,2026-03-01,54546.0
RRPM3430,복리후생비_식음료대,2026-03-01,2045863.0
RTPU2633,복리후생비_식음료대,2026-03-01,4700.0
RTPU2608,복리후생비_식음료대,2026-03-01,61090.0
RCPU2619,복리후생비_식음료대,2026-03-01,743333.0
RTPU2612,복리후생비_식음료대,2026-03-01,273838.0
RROH3400,복리후생비_회식대,2026-03-01,1123548.0
RTOH3300,복리후생비_회식대,2026-03-01,395348.0
RXOH3200,복리후생비_회식대,2026-03-01,911866.0
RCOH3100,복리후생비_회식대,2026-03-01,574546.0
RROH3400,복리후생비_기타,2026-03-01,1684272.0
RCOH3100,복리후생비_기타,2026-03-01,105367.0
ROOH3500,복리후생비_기타,2026-03-01,11727.0
RCST2506,복리후생비_기타,2026-03-01,150000.0
RIOH6100,복리후생비_기타,2026-03-01,9091.0
RCPU2605,여비교통비_야근,2026-03-01,17800.0
RTPU2623,여비교통비_야근,2026-03-01,32700.0
RRPM3430,여비교통비_야근,2026-03-01,856200.0
RIOH6100,여비교통비_야근,2026-03-01,20000.0
RXOH3200,여비교통비_야근,2026-03-01,394600.0
RTPU2636,여비교통비_야근,2026-03-01,38600.0
RCPU2617,여비교통비_야근,2026-03-01,42000.0
RCPU2616,여비교통비_야근,2026-03-01,52500.0
RCPU2604,여비교통비_야근,2026-03-01,279000.0
RTPU2632,여비교통비_야근,2026-03-01,44300.0
RTPU2638,여비교통비_야근,2026-03-01,198200.0
RTPU2612,여비교통비_야근,2026-03-01,62500.0
RCPU2614,여비교통비_야근,2026-03-01,138500.0
RTPU2624,여비교통비_야근,2026-03-01,188000.0
RCPU2619,여비교통비_야근,2026-03-01,601000.0
RCPU2625,여비교통비_야근,2026-03-01,67300.0
RTPU2633,여비교통비_야근,2026-03-01,15800.0
RCPU2615,여비교통비_야근,2026-03-01,385700.0
RTPU2614,여비교통비_야근,2026-03-01,389420.0
RCPU2613,여비교통비_야근,2026-03-01,48700.0
RTPU2565,여비교통비_야근,2026-03-01,35660.0
RTOH3300,여비교통비_야근,2026-03-01,232000.0
RIPU2606,여비교통비_야근,2026-03-01,13300.0
RIPU2604,여비교통비_야근,2026-03-01,41200.0
ROOH3500,여비교통비_야근,2026-03-01,315000.0
RXPU2601,여비교통비_야근,2026-03-01,36600.0
RIPU2601,여비교통비_야근,2026-03-01,197400.0
RCPU2618,여비교통비_야근,2026-03-01,16900.0
RCPU2620,여비교통비_야근,2026-03-01,39000.0
RCOH3100,여비교통비_야근,2026-03-01,138400.0
RIPU2603,여비교통비_야근,2026-03-01,122100.0
RXST2501,여비교통비_외근,2026-03-01,48230.0
RRLM3411,여비교통비_외근,2026-03-01,153940.0
RTPU2634,여비교통비_외근,2026-03-01,31900.0
RCPU2607,여비교통비_외근,2026-03-01,33500.0
ROPU2603,여비교통비_외근,2026-03-01,189600.0
ROPU2601,여비교통비_외근,2026-03-01,207700.0
RIOH6100,여비교통비_외근,2026-03-01,28400.0
RXPU2514,여비교통비_외근,2026-03-01,525520.0
RTPU2624,여비교통비_외근,2026-03-01,111700.0
RIPU2604,여비교통비_외근,2026-03-01,39500.0
RCPU2614,여비교통비_외근,2026-03-01,30036.0
RCPU2619,여비교통비_외근,2026-03-01,270700.0
RTPU2617,여비교통비_외근,2026-03-01,68300.0
RIPU2601,여비교통비_외근,2026-03-01,80400.0
RXST2504,여비교통비_외근,2026-03-01,6100.0
RCPU2625,여비교통비_외근,2026-03-01,141700.0
RTPU2614,여비교통비_외근,2026-03-01,459900.0
RXST2607,여비교통비_외근,2026-03-01,20200.0
RROH3400,여비교통비_외근,2026-03-01,324000.0
RCPU2616,여비교통비_외근,2026-03-01,10900.0
RXOH3200,여비교통비_외근,2026-03-01,611500.0
RTPU2625,여비교통비_외근,2026-03-01,17000.0
ROOH3500,여비교통비_외근,2026-03-01,220600.0
RTPU2612,여비교통비_외근,2026-03-01,241600.0
RTPU2628,여비교통비_외근,2026-03-01,45700.0
RCPU2615,여비교통비_외근,2026-03-01,89800.0
RTPU2632,여비교통비_외근,2026-03-01,16600.0
RIPU2603,여비교통비_외근,2026-03-01,27200.0
RCPU2604,여비교통비_외근,2026-03-01,73500.0
RCOH3100,여비교통비_외근,2026-03-01,172600.0
RXPU2602,여비교통비_외근,2026-03-01,46200.0
RTPU2627,여비교통비_외근,2026-03-01,150600.0
RCPU2617,여비교통비_외근,2026-03-01,52700.0
RRCO3420,여비교통비_외근,2026-03-01,45800.0
RTOH3300,여비교통비_외근,2026-03-01,425480.0
RCPU2605,여비교통비_외근,2026-03-01,12000.0
RRPM3430,여비교통비_외근,2026-03-01,249900.0
ROPU2605,여비교통비_외근,2026-03-01,29800.0
RTPU2626,여비교통비_외근,2026-03-01,49400.0
RTPU2623,여비교통비_외근,2026-03-01,133100.0
RXPU2601,여비교통비_외근,2026-03-01,44800.0
RRLM3412,여비교통비_외근,2026-03-01,74000.0
RCPU2618,여비교통비_외근,2026-03-01,4900.0
ROPU2602,여비교통비_외근,2026-03-01,60800.0
RIPU2606,여비교통비_외근,2026-03-01,118600.0
RXST2505,여비교통비_외근,2026-03-01,253400.0
RTPU2608,여비교통비_외근,2026-03-01,5200.0
RTPU2608,여비교통비_국내출장,2026-03-01,99334.0
RCPU2604,여비교통비_국내출장,2026-03-01,2417000.0
RXPU2514,여비교통비_국내출장,2026-03-01,310200.0
RXOH3200,여비교통비_국내출장,2026-03-01,182600.0
RRPM3430,여비교통비_국내출장,2026-03-01,240600.0
RTPU2624,여비교통비_국내출장,2026-03-01,428800.0
RCPU2624,여비교통비_국내출장,2026-03-01,193700.0
RCPU2625,여비교통비_국내출장,2026-03-01,446300.0
RTPU2612,여비교통비_국내출장,2026-03-01,51840.0
RTPU2625,여비교통비_해외출장,2026-03-01,885800.0
RTOH3300,여비교통비_해외출장,2026-03-01,427942.0
RRLM3411,여비교통비_개인차량사용료,2026-03-01,222200.0
RTPU2614,여비교통비_개인차량사용료,2026-03-01,32190.0
RROH3400,여비교통비_개인차량사용료,2026-03-01,45000.0
RRLM3412,여비교통비_개인차량사용료,2026-03-01,401357.0
RXPU2601,여비교통비_개인차량사용료,2026-03-01,8800.0
RTPU2632,여비교통비_개인차량사용료,2026-03-01,6000.0
RTOH3300,여비교통비_개인차량사용료,2026-03-01,837526.0
RRPM3430,여비교통비_개인차량사용료,2026-03-01,827365.0
RRCO3420,여비교통비_개인차량사용료,2026-03-01,811933.0
RTPU2626,여비교통비_개인차량사용료,2026-03-01,10000.0
RCPU2605,여비교통비_개인차량사용료,2026-03-01,26000.0
RTPU2628,여비교통비_개인차량사용료,2026-03-01,6000.0
RIPU2607,여비교통비_개인차량사용료,2026-03-01,700.0
RXST2505,여비교통비_개인차량사용료,2026-03-01,4000.0
RXST2501,여비교통비_개인차량사용료,2026-03-01,20000.0
RIPU2606,여비교통비_개인차량사용료,2026-03-01,16200.0
RXOH3200,여비교통비_개인차량사용료,2026-03-01,181609.0
RRPM3430,접대비,2026-03-01,631000.0
RRCO3420,접대비,2026-03-01,1419380.0
RTOH3300,접대비,2026-03-01,92700.0
RROH3400,접대비,2026-03-01,2033000.0
RCPU2617,통신비,2026-03-01,3040.0
RRPM3430,통신비,2026-03-01,53882.0
ROPU2602,통신비,2026-03-01,3040.0
RXST2503,통신비,2026-03-01,35235.0
RCOH3100,통신비,2026-03-01,329547.0
RCST2507,통신비,2026-03-01,35000.0
RTPU2614,통신비,2026-03-01,36300.0
RROH3400,통신비,2026-03-01,32400.0
RXOH3200,통신비,2026-03-01,748779.0
RXST2505,통신비,2026-03-01,31118.0
RXST2502,통신비,2026-03-01,40000.0
RXST2501,통신비,2026-03-01,300381.0
RTOH3300,통신비,2026-03-01,89660.0
RRPM2504,통신비,2026-03-01,62000.0
RCST2506,통신비,2026-03-01,88533.0
RIOH6100,통신비,2026-03-01,59773.0
RRPM2504,수도광열비,2026-03-01,2094299.0
RRLM3411,세금과공과_국민연금,2026-03-01,586050.0
RRPM3430,세금과공과_국민연금,2026-03-01,1036000.0
RTOH3300,세금과공과_국민연금,2026-03-01,2607560.0
RXST2502,세금과공과_국민연금,2026-03-01,101310.0
RXOH3200,세금과공과_국민연금,2026-03-01,302570.0
RCOH3100,세금과공과_국민연금,2026-03-01,302570.0
RRCO3420,세금과공과_국민연금,2026-03-01,616020.0
RXST2501,세금과공과_국민연금,2026-03-01,121120.0
RROH3400,세금과공과_국민연금,2026-03-01,302570.0
RIOH6100,세금과공과_국민연금,2026-03-01,1264190.0
RXST2503,세금과공과_국민연금,2026-03-01,117130.0
RCST2506,세금과공과_국민연금,2026-03-01,358900.0
RCPU2614,세금과공과_국민연금,2026-03-01,101930.0
RRLM3412,세금과공과_국민연금,2026-03-01,462360.0
RCST2507,세금과공과_국민연금,2026-03-01,350970.0
ROOH3500,세금과공과_국민연금,2026-03-01,409070.0
ROOH3500,세금과공과_세금,2026-03-01,91800.0
RROH3400,세금과공과_세금,2026-03-01,22950.0
RRCO3420,세금과공과_세금,2026-03-01,68850.0
RTOH3300,세금과공과_세금,2026-03-01,344248.0
RIOH6100,세금과공과_세금,2026-03-01,160649.0
RRLM3411,세금과공과_세금,2026-03-01,68850.0
RCOH3100,세금과공과_세금,2026-03-01,22950.0
RCPU2614,세금과공과_세금,2026-03-01,22950.0
RXST2503,세금과공과_세금,2026-03-01,22950.0
RRPM3430,세금과공과_세금,2026-03-01,114750.0
RXST2504,세금과공과_세금,2026-03-01,22950.0
RRLM3412,세금과공과_세금,2026-03-01,45900.0
RXOH3200,세금과공과_세금,2026-03-01,22950.0
RXST2501,세금과공과_세금,2026-03-01,22950.0
RXST2505,세금과공과_기타,2026-03-01,161720.0
RXST2501,감가상각비,2026-03-01,3622658.0
RXST2504,감가상각비,2026-03-01,2722467.0
RXOH3200,감가상각비,2026-03-01,225069.0
RCST2507,감가상각비,2026-03-01,2138262.0
RRCO3420,감가상각비,2026-03-01,32473.0
RXST2503,감가상각비,2026-03-01,4161381.0
RRPM2504,감가상각비,2026-03-01,9534752.0
RXST2505,감가상각비,2026-03-01,3143334.0
RRPM2505,감가상각비,2026-03-01,681263.0
ROOH3500,감가상각비,2026-03-01,184413.0
RTOH3300,감가상각비,2026-03-01,150718.0
RXST2502,감가상각비,2026-03-01,2546764.0
RCST2506,감가상각비,2026-03-01,1442601.0
RRLM3411,감가상각비,2026-03-01,31135.0
RXOH3200,지급임차료_건물,2026-03-01,3577320.0
RROH3400,지급임차료_건물,2026-03-01,5365976.0
RIOH6100,지급임차료_건물,2026-03-01,2861856.0
RCOH3100,지급임차료_건물,2026-03-01,5365980.0
ROOH3500,지급임차료_건물,2026-03-01,1430929.0
RTOH3300,지급임차료_건물,2026-03-01,6081444.0
RTOH3300,지급임차료_창고,2026-03-01,3700000.0
RCST2506,지급임차료_스테이션,2026-03-01,2136082.0
RRPM2402,지급임차료_기타,2026-03-01,5.875E7
RRPM2505,지급임차료_기타,2026-03-01,3.8046364E7
RRPM2502,지급임차료_기타,2026-03-01,7700000.0
RRPM2507,지급임차료_기타,2026-03-01,3000000.0
RRPM2504,지급임차료_기타,2026-03-01,6.0E7
RCST2506,보험료_산재보험,2026-03-01,28690.0
RXST2502,보험료_산재보험,2026-03-01,13560.0
RCST2507,보험료_산재보험,2026-03-01,57280.0
RXST2503,보험료_산재보험,2026-03-01,15680.0
RRLM3411,보험료_산재보험,2026-03-01,83140.0
RRLM3412,보험료_산재보험,2026-03-01,63930.0
RIOH6100,보험료_산재보험,2026-03-01,171280.0
RRCO3420,보험료_산재보험,2026-03-01,94360.0
RROH3400,보험료_산재보험,2026-03-01,184170.0
RRPM3430,보험료_산재보험,2026-03-01,159880.0
RXST2501,보험료_산재보험,2026-03-01,16210.0
RXOH3200,보험료_산재보험,2026-03-01,56310.0
ROOH3500,보험료_산재보험,2026-03-01,86960.0
RTOH3300,보험료_산재보험,2026-03-01,371130.0
RCOH3100,보험료_산재보험,2026-03-01,83510.0
RCPU2614,보험료_산재보험,2026-03-01,13650.0
RROH3400,보험료_고용보험,2026-03-01,472860.0
RTOH3300,보험료_고용보험,2026-03-01,580730.0
RCST2507,보험료_고용보험,2026-03-01,123520.0
RXST2502,보험료_고용보험,2026-03-01,24530.0
RRLM3412,보험료_고용보험,2026-03-01,107220.0
RXST2503,보험료_고용보험,2026-03-01,28360.0
RXOH3200,보험료_고용보험,2026-03-01,96300.0
RCST2506,보험료_고용보험,2026-03-01,-8790.0
RCOH3100,보험료_고용보험,2026-03-01,169610.0
RRPM3430,보험료_고용보험,2026-03-01,244210.0
RRLM3411,보험료_고용보험,2026-03-01,131510.0
RXST2501,보험료_고용보험,2026-03-01,15070.0
RRCO3420,보험료_고용보험,2026-03-01,152650.0
ROOH3500,보험료_고용보험,2026-03-01,106190.0
RCPU2614,보험료_고용보험,2026-03-01,10990.0
RIOH6100,보험료_고용보험,2026-03-01,259410.0
RRPM2504,보험료_프로젝트,2026-03-01,8741.0
RCPU2620,보험료_프로젝트,2026-03-01,190000.0
RCPU2615,보험료_프로젝트,2026-03-01,287000.0
RTPU2614,보험료_프로젝트,2026-03-01,3056000.0
RCPU2617,보험료_프로젝트,2026-03-01,299000.0
RCPU2619,보험료_프로젝트,2026-03-01,380000.0
RXPU2514,보험료_프로젝트,2026-03-01,278287.0
RXST2504,보험료_프로젝트,2026-03-01,196856.0
RCPU2616,보험료_프로젝트,2026-03-01,190000.0
RIPU2601,보험료_프로젝트,2026-03-01,1129630.0
RXST2505,보험료_프로젝트,2026-03-01,78144.0
RCPU2605,보험료_프로젝트,2026-03-01,518769.0
RXST2503,보험료_프로젝트,2026-03-01,88579.0
RXST2501,보험료_프로젝트,2026-03-01,484974.0
RCPU2614,보험료_프로젝트,2026-03-01,345400.0
RRPM3430,보험료_기타,2026-03-01,254183.0
RRPM3430,차량유지비_유류대,2026-03-01,50000.0
RXOH3200,차량유지비_유류대,2026-03-01,50000.0
RCPU2615,차량유지비_기타,2026-03-01,49500.0
RCOH3100,운반비_사업본부,2026-03-01,1037100.0
RTPU2622,운반비_사업본부,2026-03-01,40000.0
RTPU2631,운반비_사업본부,2026-03-01,145000.0
RCST2506,운반비_사업본부,2026-03-01,28800.0
RIOH6100,운반비_사업본부,2026-03-01,636300.0
ROOH3500,운반비_사업본부,2026-03-01,330000.0
RIPU2601,운반비_사업본부,2026-03-01,288452.0
RRPM3430,운반비_사업본부,2026-03-01,9700.0
RXOH3200,운반비_사업본부,2026-03-01,1113800.0
RTPU2628,운반비_사업본부,2026-03-01,14000.0
RTPU2623,운반비_사업본부,2026-03-01,390000.0
RCPU2619,운반비_사업본부,2026-03-01,260000.0
RCPU2613,운반비_사업본부,2026-03-01,130000.0
RTPU2626,운반비_사업본부,2026-03-01,21000.0
RTPU2635,운반비_사업본부,2026-03-01,70000.0
RTPU2617,운반비_사업본부,2026-03-01,70000.0
RTPU2624,운반비_사업본부,2026-03-01,821000.0
RTPU2614,운반비_사업본부,2026-03-01,3129455.0
RTPU2612,운반비_사업본부,2026-03-01,2483300.0
RROH3400,운반비_사업본부,2026-03-01,183600.0
RCST2507,운반비_사업본부,2026-03-01,75000.0
RTPU2627,운반비_사업본부,2026-03-01,40000.0
RRPM2502,도서인쇄비_행사출력물,2026-03-01,210000.0
ROOH3500,도서인쇄비_행사출력물,2026-03-01,259000.0
RXST2505,도서인쇄비_행사출력물,2026-03-01,317800.0
RIPU2605,도서인쇄비_행사출력물,2026-03-01,165000.0
RXST2503,도서인쇄비_행사출력물,2026-03-01,121600.0
RTPU2612,도서인쇄비_행사출력물,2026-03-01,71110.0
RXPU2514,도서인쇄비_행사출력물,2026-03-01,119999.0
RTPU2617,도서인쇄비_행사출력물,2026-03-01,350546.0
RXST2504,도서인쇄비_행사출력물,2026-03-01,268654.0
ROPU2603,도서인쇄비_행사출력물,2026-03-01,729000.0
RXST2501,도서인쇄비_행사출력물,2026-03-01,214000.0
ROPU2601,도서인쇄비_행사출력물,2026-03-01,1404000.0
RTPU2614,도서인쇄비_행사출력물,2026-03-01,9832018.0
RXST2502,도서인쇄비_행사출력물,2026-03-01,9200.0
RRCO3420,도서인쇄비_기타,2026-03-01,479091.0
RXOH3200,소모품비_본사,2026-03-01,18090.0
RTPU2614,소모품비_현장,2026-03-01,1.4704093E7
RCPU2620,소모품비_현장,2026-03-01,444258.0
RCPU2617,소모품비_현장,2026-03-01,1434029.0
RXST2501,소모품비_현장,2026-03-01,311126.0
RRPM3430,소모품비_현장,2026-03-01,41900.0
RTPU2624,소모품비_현장,2026-03-01,4426953.0
RCPU2605,소모품비_현장,2026-03-01,9163.0
RXST2505,소모품비_현장,2026-03-01,2204445.0
RCPU2616,소모품비_현장,2026-03-01,918537.0
RIPU2603,소모품비_현장,2026-03-01,9498634.0
RCPU2614,소모품비_현장,2026-03-01,71726.0
RCPU2619,소모품비_현장,2026-03-01,1023150.0
RIPU2601,소모품비_현장,2026-03-01,4293261.0
RCPU2615,소모품비_현장,2026-03-01,1900523.0
RXOH3200,소모품비_현장,2026-03-01,-680000.0
RXST2503,소모품비_현장,2026-03-01,143199.0
RCPU2604,소모품비_현장,2026-03-01,14272.0
RCPU2618,소모품비_현장,2026-03-01,744253.0
RCPU2621,소모품비_현장,2026-03-01,227835.0
ROPU2602,소모품비_현장,2026-03-01,5363.0
RCST2507,소모품비_현장,2026-03-01,103100.0
RTPU2623,소모품비_현장,2026-03-01,75800.0
RCST2506,소모품비_현장,2026-03-01,433630.0
RIPU2606,소모품비_현장,2026-03-01,9305125.0
RIPU2605,소모품비_현장,2026-03-01,1000000.0
RXPU2514,소모품비_현장,2026-03-01,4952913.0
RXST2502,소모품비_현장,2026-03-01,60935.0
RXST2504,소모품비_현장,2026-03-01,420498.0
RIPU2604,소모품비_현장,2026-03-01,1193589.0
ROPU2603,소모품비_현장,2026-03-01,974610.0
RIPU2602,소모품비_현장,2026-03-01,488370.0
RTPU2627,소모품비_현장,2026-03-01,36371.0
ROPU2601,소모품비_현장,2026-03-01,699390.0
RTPU2617,소모품비_현장,2026-03-01,324398.0
RTPU2612,소모품비_현장,2026-03-01,42963.0
RCPU2619,소모품비_기타,2026-03-01,2727.0
RXOH3200,소모품비_기타,2026-03-01,507227.0
RRCO3420,소모품비_기타,2026-03-01,88181.0
ROOH3500,지급수수료_운영인건비,2026-03-01,600000.0
ROPU2601,지급수수료_운영인건비,2026-03-01,5400000.0
RCPU2605,지급수수료_운영인건비,2026-03-01,6949000.0
RTPU2614,지급수수료_운영인건비,2026-03-01,7500000.0
RCPU2614,지급수수료_운영인건비,2026-03-01,2.2421428E7
RXPU2514,지급수수료_운영인건비,2026-03-01,525000.0
RRPM3430,지급수수료_운영인건비,2026-03-01,3274194.0
RCPU2619,지급수수료_운영인건비,2026-03-01,4162500.0
RCPU2615,지급수수료_운영인건비,2026-03-01,5639250.0
RRPM2402,지급수수료_도급인건비,2026-03-01,300000.0
ROPU2603,지급수수료_도급인건비,2026-03-01,300000.0
RTPU2624,지급수수료_도급인건비,2026-03-01,5100000.0
RTPU2627,지급수수료_도급인건비,2026-03-01,280000.0
RXOH3200,지급수수료_도급인건비,2026-03-01,4628063.0
RIPU2605,지급수수료_도급인건비,2026-03-01,1.218E7
ROPU2601,지급수수료_도급인건비,2026-03-01,2000000.0
RTPU2626,지급수수료_도급인건비,2026-03-01,900000.0
RRPM3430,지급수수료_도급인건비,2026-03-01,1.12460293E8
RRPM2502,지급수수료_도급인건비,2026-03-01,1045455.0
RXST2504,지급수수료_도급인건비,2026-03-01,7615407.0
RTPU2614,지급수수료_도급인건비,2026-03-01,2.6795639E8
RTPU2628,지급수수료_도급인건비,2026-03-01,2305700.0
RIPU2601,지급수수료_도급인건비,2026-03-01,6.6E7
RXST2505,지급수수료_도급인건비,2026-03-01,4004946.0
RTPU2565,지급수수료_도급인건비,2026-03-01,1.6E7
RTPU2640,지급수수료_도급인건비,2026-03-01,9.775E7
RXPU2514,지급수수료_도급인건비,2026-03-01,6240000.0
RRPM2505,지급수수료_도급인건비,2026-03-01,250000.0
RTPU2611,지급수수료_도급인건비,2026-03-01,3.5E7
RTPU2617,지급수수료_도급인건비,2026-03-01,1.803E7
RCPU2615,지급수수료_도급인건비,2026-03-01,790000.0
RRPM2504,지급수수료_도급인건비,2026-03-01,350000.0
RTPU2614,지급수수료_디자인,2026-03-01,1.3E7
RTPU2631,지급수수료_디자인,2026-03-01,500000.0
RTPU2627,지급수수료_디자인,2026-03-01,2.55E7
RTPU2626,지급수수료_디자인,2026-03-01,1000000.0
RTPU2612,지급수수료_디자인,2026-03-01,3000000.0
RTPU2624,지급수수료_디자인,2026-03-01,3000000.0
ROPU2602,지급수수료_디자인,2026-03-01,500000.0
RTPU2617,지급수수료_디자인,2026-03-01,1800000.0
RTPU2618,지급수수료_디자인,2026-03-01,2500000.0
ROPU2601,지급수수료_디자인,2026-03-01,9.37E7
RIPU2601,지급수수료_디자인,2026-03-01,7000000.0
ROPU2601,지급수수료_서비스이용료,2026-03-01,1796563.0
RRPM3430,지급수수료_서비스이용료,2026-03-01,173000.0
RIPU2605,지급수수료_서비스이용료,2026-03-01,304458.0
RXPU2514,지급수수료_서비스이용료,2026-03-01,57444.0
RXST2503,지급수수료_서비스이용료,2026-03-01,48000.0
RTPU2614,지급수수료_서비스이용료,2026-03-01,29773.0
RRPM2504,지급수수료_서비스이용료,2026-03-01,280000.0
RTOH3300,지급수수료_서비스이용료,2026-03-01,78639.0
RCST2506,지급수수료_서비스이용료,2026-03-01,34000.0
RTPU2611,지급수수료_공간수수료,2026-03-01,-7000.0
RTPU2612,지급수수료_공간수수료,2026-03-01,1.3703455E7
RCST2507,지급수수료_공간수수료,2026-03-01,7949827.0
RXST2501,지급수수료_공간수수료,2026-03-01,5686200.0
RXST2502,지급수수료_공간수수료,2026-03-01,1872000.0
RIPU2607,지급수수료_공간수수료,2026-03-01,2.45E7
RCST2506,지급수수료_공간수수료,2026-03-01,1.7397629E7
RXST2503,지급수수료_공간수수료,2026-03-01,5023200.0
RTPU2624,지급수수료_시공,2026-03-01,2.185E7
RCPU2616,지급수수료_시공,2026-03-01,1.245E7
RTPU2617,지급수수료_시공,2026-03-01,1.5E7
RCPU2605,지급수수료_시공,2026-03-01,4.813E7
RTPU2614,지급수수료_시공,2026-03-01,1.62575E8
RTPU2612,지급수수료_시공,2026-03-01,1.7E7
RCPU2615,지급수수료_시공,2026-03-01,4540000.0
RIPU2601,지급수수료_시공,2026-03-01,2.34E8
RCPU2609,지급수수료_시공,2026-03-01,9564921.0
RCPU2618,지급수수료_시공,2026-03-01,4.45E7
RXPU2601,지급수수료_시공,2026-03-01,5.45E7
RTPU2627,지급수수료_시공,2026-03-01,2.6E7
RTPU2623,지급수수료_시공,2026-03-01,1.0E7
RCPU2619,지급수수료_시공,2026-03-01,1.082E7
RTPU2618,지급수수료_시공,2026-03-01,3.4E7
RTPU2631,지급수수료_시공,2026-03-01,3300000.0
RTPU2625,지급수수료_시공,2026-03-01,4169620.0
ROPU2602,지급수수료_시공,2026-03-01,7760000.0
ROPU2603,지급수수료_시공,2026-03-01,4.0E7
RTPU2626,지급수수료_시공,2026-03-01,1990000.0
RCPU2607,지급수수료_시공,2026-03-01,800000.0
RXPU2514,지급수수료_광고비,2026-03-01,1118142.0
RIPU2604,지급수수료_물품대여,2026-03-01,300000.0
RCPU2619,지급수수료_물품대여,2026-03-01,2500000.0
RCPU2615,지급수수료_물품대여,2026-03-01,1180000.0
RCPU2616,지급수수료_물품대여,2026-03-01,2460000.0
RTPU2614,지급수수료_물품대여,2026-03-01,2.5555E7
RCPU2617,지급수수료_물품대여,2026-03-01,704000.0
RXST2504,지급수수료_물품대여,2026-03-01,532000.0
ROPU2601,지급수수료_물품대여,2026-03-01,2004545.0
RTPU2607,지급수수료_물품대여,2026-03-01,9000000.0
ROPU2603,지급수수료_물품대여,2026-03-01,1.29E7
RTPU2624,지급수수료_물품대여,2026-03-01,2600000.0
RTPU2627,지급수수료_물품대여,2026-03-01,600000.0
RIPU2605,지급수수료_물품대여,2026-03-01,1698000.0
RTPU2617,지급수수료_물품대여,2026-03-01,2330000.0
RIPU2601,지급수수료_물품대여,2026-03-01,6500000.0
RTPU2612,지급수수료_물품대여,2026-03-01,380000.0
RCPU2607,지급수수료_물품대여,2026-03-01,3521500.0
RTPU2615,지급수수료_제작비,2026-03-01,1.375E7
RTPU2631,지급수수료_제작비,2026-03-01,600000.0
RTPU2614,지급수수료_제작비,2026-03-01,2.8758E7
RIPU2606,지급수수료_제작비,2026-03-01,727273.0
RCPU2617,지급수수료_제작비,2026-03-01,1880000.0
RIPU2601,지급수수료_제작비,2026-03-01,1500000.0
RCST2506,지급수수료_카드수수료,2026-03-01,270716.0
RCST2507,지급수수료_카드수수료,2026-03-01,22540.0
RIPU2603,지급수수료_카드수수료,2026-03-01,43520.0
RXST2505,지급수수료_카드수수료,2026-03-01,38655.0
RIPU2601,지급수수료_카드수수료,2026-03-01,1529814.0
RXST2501,지급수수료_Working Tool,2026-03-01,1322411.0
RCOH3100,지급수수료_Working Tool,2026-03-01,899389.0
RTOH3300,지급수수료_Working Tool,2026-03-01,545840.0
RROH3400,지급수수료_Working Tool,2026-03-01,474327.0
RIPU2606,지급수수료_Working Tool,2026-03-01,30844.0
RIOH6100,지급수수료_Working Tool,2026-03-01,67055.0
RXOH3200,지급수수료_Working Tool,2026-03-01,342513.0
ROOH3500,지급수수료_Working Tool,2026-03-01,337711.0
RRLM3411,지급수수료_자문료,2026-03-01,1500000.0
RIPU2602,지급수수료_기타,2026-03-01,124998.0
RRPM2505,지급수수료_기타,2026-03-01,1.41E7
RXOH3200,지급수수료_기타,2026-03-01,7684.0
RTPU2625,지급수수료_기타,2026-03-01,31865.0
RTPU2604,지급수수료_기타,2026-03-01,33465.0
RCST2507,지급수수료_기타,2026-03-01,148468.0
RXST2504,지급수수료_기타,2026-03-01,1.0444276E7
RTOH3300,지급수수료_기타,2026-03-01,5000.0
RXST2502,지급수수료_기타,2026-03-01,2811354.0
RCOH3100,지급수수료_기타,2026-03-01,20000.0
RRPM3430,지급수수료_기타,2026-03-01,700.0
RXST2503,지급수수료_기타,2026-03-01,4704793.0
RXST2501,지급수수료_기타,2026-03-01,3361456.0
RXST2505,지급수수료_기타,2026-03-01,878339.0
RTPU2602,지급수수료_기타,2026-03-01,1.2E7
RCPU2609,지급수수료_기타,2026-03-01,5.5E7
RXPU2514,지급수수료_기타,2026-03-01,6422273.0
RRPM2504,지급수수료_기타,2026-03-01,9500000.0
RIPU2601,지급수수료_기타,2026-03-01,35812.0
ROPU2603,지급수수료_라이선스,2026-03-01,129516.0
RTOH3300,지급수수료_티켓,2026-03-01,60000.0
RCST2507,판매촉진비,2026-03-01,569880.0
RCOH3100,건물관리비,2026-03-01,1367015.0
ROOH3500,건물관리비,2026-03-01,364538.0
RIOH6100,건물관리비,2026-03-01,729074.0
RXOH3200,건물관리비,2026-03-01,911343.0
RTOH3300,건물관리비,2026-03-01,1549282.0
RROH3400,건물관리비,2026-03-01,1367009.0
RRLM3411,직원급여_본사,2026-04-01,1.3929401E7
RIOH6100,직원급여_본사,2026-04-01,3.2509501E7
RRCO3420,직원급여_본사,2026-04-01,1.5962184E7
RXOH3200,직원급여_본사,2026-04-01,8000000.0
RROH3400,직원급여_본사,2026-04-01,1.1135334E7
RRLM3412,직원급여_본사,2026-04-01,1.0395E7
RRPM3430,직원급여_본사,2026-04-01,2.9466841E7
RTOH3300,직원급여_본사,2026-04-01,6.2913786E7
RCOH3100,직원급여_본사,2026-04-01,1.0328E7
ROOH3500,직원급여_본사,2026-04-01,1.9041668E7
RXST2502,직원급여_매장,2026-04-01,2333334.0
RCST2506,직원급여_매장,2026-04-01,1.0938999E7
RXST2503,직원급여_매장,2026-04-01,2666667.0
RXST2501,직원급여_매장,2026-04-01,3333334.0
RCPU2622,직원급여_매장,2026-04-01,2117640.0
RCST2507,직원급여_매장,2026-04-01,7058240.0
RXOH3200,상여금,2026-04-01,3.143E7
RCOH3100,상여금,2026-04-01,3100000.0
RRPM3430,상여금,2026-04-01,3.76E7
RIOH6100,상여금,2026-04-01,2.28E7
RROH3400,상여금,2026-04-01,6500000.0
RRPM3430,잡급,2026-04-01,1617660.0
RTOH3300,잡급,2026-04-01,1617660.0
RXOH3200,잡급,2026-04-01,3235320.0
RIOH6100,복리후생비_건강보험,2026-04-01,1420700.0
RXST2503,복리후생비_건강보험,2026-04-01,60420.0
RRCO3420,복리후생비_건강보험,2026-04-01,1823500.0
ROOH3500,복리후생비_건강보험,2026-04-01,912140.0
RXOH3200,복리후생비_건강보험,2026-04-01,-175970.0
RCOH3100,복리후생비_건강보험,2026-04-01,-952170.0
RXST2501,복리후생비_건강보험,2026-04-01,167600.0
RTOH3300,복리후생비_건강보험,2026-04-01,2068080.0
RRLM3412,복리후생비_건강보험,2026-04-01,889610.0
RROH3400,복리후생비_건강보험,2026-04-01,1471660.0
RCST2507,복리후생비_건강보험,2026-04-01,436250.0
RXST2502,복리후생비_건강보험,2026-04-01,86760.0
RRPM3430,복리후생비_건강보험,2026-04-01,1130930.0
RRLM3411,복리후생비_건강보험,2026-04-01,3894610.0
RCPU2622,복리후생비_건강보험,2026-04-01,87320.0
RCST2506,복리후생비_건강보험,2026-04-01,851690.0
RTPU2634,복리후생비_식음료대,2026-04-01,329731.0
RCPU2622,복리후생비_식음료대,2026-04-01,575044.0
RCPU2604,복리후생비_식음료대,2026-04-01,1594101.0
RIOH6100,복리후생비_식음료대,2026-04-01,1070745.0
RTOH3300,복리후생비_식음료대,2026-04-01,2758967.0
RCPU2613,복리후생비_식음료대,2026-04-01,27373.0
RXST2607,복리후생비_식음료대,2026-04-01,51273.0
RCST2506,복리후생비_식음료대,2026-04-01,82907.0
RXST2504,복리후생비_식음료대,2026-04-01,103887.0
RTPU2638,복리후생비_식음료대,2026-04-01,517062.0
ROPU2609,복리후생비_식음료대,2026-04-01,4091.0
RIPU2606,복리후생비_식음료대,2026-04-01,247729.0
RXPU2514,복리후생비_식음료대,2026-04-01,10910.0
RXST2502,복리후생비_식음료대,2026-04-01,10700.0
RTPU2611,복리후생비_식음료대,2026-04-01,49272.0
RCOH3100,복리후생비_식음료대,2026-04-01,345217.0
RCPU2620,복리후생비_식음료대,2026-04-01,324632.0
RROH3400,복리후생비_식음료대,2026-04-01,553010.0
RRLM3411,복리후생비_식음료대,2026-04-01,1021233.0
RXST2505,복리후생비_식음료대,2026-04-01,101024.0
RCPU2621,복리후생비_식음료대,2026-04-01,36182.0
RXOH3200,복리후생비_식음료대,2026-04-01,190336.0
RCPU2632,복리후생비_식음료대,2026-04-01,5818.0
RTPU2632,복리후생비_식음료대,2026-04-01,225001.0
RIPU2604,복리후생비_식음료대,2026-04-01,645935.0
ROPU2603,복리후생비_식음료대,2026-04-01,5000.0
RIPU2602,복리후생비_식음료대,2026-04-01,357407.0
RCPU2625,복리후생비_식음료대,2026-04-01,967417.0
RRCO3420,복리후생비_식음료대,2026-04-01,777143.0
RCPU2617,복리후생비_식음료대,2026-04-01,434039.0
RCST2507,복리후생비_식음료대,2026-04-01,24050.0
RCPU2626,복리후생비_식음료대,2026-04-01,22909.0
RTPU2629,복리후생비_식음료대,2026-04-01,253636.0
RRPM3430,복리후생비_식음료대,2026-04-01,2076685.0
RRLM3412,복리후생비_식음료대,2026-04-01,832905.0
RCPU2616,복리후생비_식음료대,2026-04-01,277267.0
ROOH3500,복리후생비_식음료대,2026-04-01,703637.0
RTPU2643,복리후생비_식음료대,2026-04-01,5454.0
RCPU2624,복리후생비_식음료대,2026-04-01,262899.0
RTPU2637,복리후생비_식음료대,2026-04-01,3910.0
RXST2503,복리후생비_식음료대,2026-04-01,15000.0
RTOH3300,복리후생비_경조사,2026-04-01,100000.0
RCST2506,복리후생비_임직원선물,2026-04-01,30000.0
RXOH3200,복리후생비_회식대,2026-04-01,744741.0
RTOH3300,복리후생비_회식대,2026-04-01,999186.0
RIPU2602,복리후생비_회식대,2026-04-01,218185.0
RIOH6100,복리후생비_회식대,2026-04-01,245455.0
RTOH3300,복리후생비_기타,2026-04-01,634657.0
RROH3400,복리후생비_기타,2026-04-01,450986.0
RCOH3100,복리후생비_기타,2026-04-01,318900.0
RIOH6100,복리후생비_기타,2026-04-01,45000.0
ROOH3500,복리후생비_기타,2026-04-01,52346.0
RCPU2604,여비교통비_야근,2026-04-01,252500.0
RRCO3420,여비교통비_야근,2026-04-01,33600.0
RIPU2604,여비교통비_야근,2026-04-01,40700.0
RTPU2629,여비교통비_야근,2026-04-01,17300.0
RTPU2638,여비교통비_야근,2026-04-01,199300.0
RTPU2634,여비교통비_야근,2026-04-01,98400.0
RTOH3300,여비교통비_야근,2026-04-01,245200.0
RCPU2621,여비교통비_야근,2026-04-01,24900.0
RTPU2642,여비교통비_야근,2026-04-01,107400.0
RCOH3100,여비교통비_야근,2026-04-01,19600.0
RCPU2613,여비교통비_야근,2026-04-01,51900.0
ROOH3500,여비교통비_야근,2026-04-01,125300.0
RTPU2633,여비교통비_야근,2026-04-01,44200.0
RTPU2611,여비교통비_야근,2026-04-01,18000.0
RCPU2625,여비교통비_야근,2026-04-01,294300.0
RCPU2620,여비교통비_야근,2026-04-01,216600.0
RCPU2617,여비교통비_야근,2026-04-01,191000.0
RCPU2628,여비교통비_야근,2026-04-01,20200.0
RRPM3430,여비교통비_야근,2026-04-01,216300.0
RCPU2616,여비교통비_야근,2026-04-01,138500.0
RTPU2643,여비교통비_야근,2026-04-01,34200.0
RCPU2622,여비교통비_야근,2026-04-01,147400.0
RIPU2602,여비교통비_야근,2026-04-01,63800.0
RCPU2626,여비교통비_야근,2026-04-01,31900.0
RTPU2639,여비교통비_야근,2026-04-01,185400.0
RXOH3200,여비교통비_야근,2026-04-01,55700.0
RRPM3430,여비교통비_외근,2026-04-01,289390.0
RXST2505,여비교통비_외근,2026-04-01,47900.0
RXPU2514,여비교통비_외근,2026-04-01,110800.0
RCPU2620,여비교통비_외근,2026-04-01,33800.0
RCPU2632,여비교통비_외근,2026-04-01,26900.0
RRLM3411,여비교통비_외근,2026-04-01,91500.0
RTPU2611,여비교통비_외근,2026-04-01,17400.0
RCOH3100,여비교통비_외근,2026-04-01,195000.0
RCPU2625,여비교통비_외근,2026-04-01,257360.0
RROH3400,여비교통비_외근,2026-04-01,437900.0
ROPU2603,여비교통비_외근,2026-04-01,20300.0
RTOH3300,여비교통비_외근,2026-04-01,251600.0
RTPU2632,여비교통비_외근,2026-04-01,44700.0
ROPU2609,여비교통비_외근,2026-04-01,9300.0
ROPU2608,여비교통비_외근,2026-04-01,26400.0
RCPU2621,여비교통비_외근,2026-04-01,39400.0
RIOH6100,여비교통비_외근,2026-04-01,26900.0
ROOH3500,여비교통비_외근,2026-04-01,10900.0
RIPU2602,여비교통비_외근,2026-04-01,33000.0
ROPU2607,여비교통비_외근,2026-04-01,20900.0
RCPU2622,여비교통비_외근,2026-04-01,66110.0
RIPU2606,여비교통비_외근,2026-04-01,222200.0
RCPU2604,여비교통비_외근,2026-04-01,318540.0
RCPU2616,여비교통비_외근,2026-04-01,46200.0
RXST2501,여비교통비_외근,2026-04-01,8400.0
RRLM3412,여비교통비_외근,2026-04-01,82100.0
RIPU2604,여비교통비_외근,2026-04-01,228840.0
RTPU2638,여비교통비_외근,2026-04-01,26100.0
ROPU2602,여비교통비_외근,2026-04-01,47300.0
RCPU2624,여비교통비_외근,2026-04-01,8800.0
RXOH3200,여비교통비_외근,2026-04-01,87500.0
RCPU2626,여비교통비_외근,2026-04-01,8200.0
RCPU2617,여비교통비_외근,2026-04-01,177100.0
RRCO3420,여비교통비_외근,2026-04-01,28200.0
RXST2607,여비교통비_외근,2026-04-01,294900.0
RTPU2634,여비교통비_외근,2026-04-01,16100.0
RXST2504,여비교통비_외근,2026-04-01,5800.0
RCPU2624,여비교통비_국내출장,2026-04-01,2629225.0
RRPM3430,여비교통비_국내출장,2026-04-01,238600.0
RCPU2625,여비교통비_국내출장,2026-04-01,1905171.0
RTOH3300,여비교통비_국내출장,2026-04-01,747510.0
RXST2607,여비교통비_국내출장,2026-04-01,41300.0
RCPU2617,여비교통비_국내출장,2026-04-01,200000.0
RCOH3100,여비교통비_국내출장,2026-04-01,124425.0
RIPU2604,여비교통비_국내출장,2026-04-01,5057016.0
RCPU2604,여비교통비_국내출장,2026-04-01,3107998.0
RRCO3420,여비교통비_해외출장,2026-04-01,4060129.0
RRCO3420,여비교통비_개인차량사용료,2026-04-01,1097479.0
RXST2607,여비교통비_개인차량사용료,2026-04-01,1700.0
RXST2505,여비교통비_개인차량사용료,2026-04-01,2000.0
RXOH3200,여비교통비_개인차량사용료,2026-04-01,6500.0
RIOH6100,여비교통비_개인차량사용료,2026-04-01,12300.0
ROPU2605,여비교통비_개인차량사용료,2026-04-01,33000.0
RRPM3430,여비교통비_개인차량사용료,2026-04-01,665106.0
RIPU2606,여비교통비_개인차량사용료,2026-04-01,38000.0
RRLM3411,여비교통비_개인차량사용료,2026-04-01,347400.0
RTOH3300,여비교통비_개인차량사용료,2026-04-01,670988.0
RTPU2638,여비교통비_개인차량사용료,2026-04-01,1500.0
RTPU2632,여비교통비_개인차량사용료,2026-04-01,50000.0
RCPU2624,여비교통비_개인차량사용료,2026-04-01,80345.0
RROH3400,여비교통비_개인차량사용료,2026-04-01,53500.0
RRLM3412,여비교통비_개인차량사용료,2026-04-01,410534.0
RCPU2617,여비교통비_개인차량사용료,2026-04-01,174000.0
RTOH3300,접대비,2026-04-01,745800.0
RROH3400,접대비,2026-04-01,2694000.0
RRCO3420,접대비,2026-04-01,1278200.0
RRLM3411,접대비,2026-04-01,548000.0
RXPU2602,접대비,2026-04-01,782000.0
RRLM3412,접대비,2026-04-01,342500.0
RCOH3100,접대비,2026-04-01,65500.0
RTPU2637,통신비,2026-04-01,3160.0
RRPM2504,통신비,2026-04-01,62000.0
RCPU2625,통신비,2026-04-01,42670.0
RTPU2608,통신비,2026-04-01,4040.0
RCST2507,통신비,2026-04-01,35000.0
RTOH3300,통신비,2026-04-01,89660.0
RROH3400,통신비,2026-04-01,30000.0
RXST2503,통신비,2026-04-01,84818.0
RCST2506,통신비,2026-04-01,88443.0
RXST2501,통신비,2026-04-01,303000.0
RXST2505,통신비,2026-04-01,30600.0
RXST2502,통신비,2026-04-01,40000.0
RCOH3100,통신비,2026-04-01,329547.0
RIOH6100,통신비,2026-04-01,59773.0
RRPM3430,통신비,2026-04-01,41500.0
RXOH3200,통신비,2026-04-01,389367.0
RTPU2634,통신비,2026-04-01,3300.0
RRPM2504,수도광열비,2026-04-01,2004124.0
RXST2505,수도광열비,2026-04-01,30000.0
RRPM2502,수도광열비,2026-04-01,2511959.0
RROH3400,세금과공과_국민연금,2026-04-01,302570.0
RRLM3411,세금과공과_국민연금,2026-04-01,586050.0
RXST2502,세금과공과_국민연금,2026-04-01,101310.0
ROOH3500,세금과공과_국민연금,2026-04-01,880830.0
RXOH3200,세금과공과_국민연금,2026-04-01,302570.0
RCPU2622,세금과공과_국민연금,2026-04-01,101930.0
RRCO3420,세금과공과_국민연금,2026-04-01,616020.0
RCOH3100,세금과공과_국민연금,2026-04-01,302570.0
RRPM3430,세금과공과_국민연금,2026-04-01,879250.0
RCST2506,세금과공과_국민연금,2026-04-01,444060.0
RIOH6100,세금과공과_국민연금,2026-04-01,1264190.0
RXST2501,세금과공과_국민연금,2026-04-01,121120.0
RTOH3300,세금과공과_국민연금,2026-04-01,2607560.0
RRLM3412,세금과공과_국민연금,2026-04-01,462360.0
RCST2507,세금과공과_국민연금,2026-04-01,293680.0
RXST2503,세금과공과_국민연금,2026-04-01,117130.0
RRLM3412,세금과공과_세금,2026-04-01,50157.0
RCOH3100,세금과공과_세금,2026-04-01,25078.0
RRCO3420,세금과공과_세금,2026-04-01,75236.0
RTOH3300,세금과공과_세금,2026-04-01,376178.0
RXST2503,세금과공과_세금,2026-04-01,25078.0
RRLM3411,세금과공과_세금,2026-04-01,75235.0
ROOH3500,세금과공과_세금,2026-04-01,75235.0
RXST2502,세금과공과_세금,2026-04-01,48028.0
RXOH3200,세금과공과_세금,2026-04-01,25078.0
RROH3400,세금과공과_세금,2026-04-01,25078.0
RRPM3430,세금과공과_세금,2026-04-01,125393.0
RIOH6100,세금과공과_세금,2026-04-01,175550.0
RXST2501,세금과공과_세금,2026-04-01,25078.0
RXST2504,세금과공과_세금,2026-04-01,-22950.0
RIPU2602,세금과공과_기타,2026-04-01,4000000.0
RXST2505,감가상각비,2026-04-01,3143334.0
RXST2607,감가상각비,2026-04-01,479188.0
RXST2501,감가상각비,2026-04-01,3622658.0
RXST2503,감가상각비,2026-04-01,4161381.0
ROOH3500,감가상각비,2026-04-01,184413.0
RRPM2505,감가상각비,2026-04-01,681263.0
RRLM3411,감가상각비,2026-04-01,31135.0
RRCO3420,감가상각비,2026-04-01,32473.0
RTOH3300,감가상각비,2026-04-01,150718.0
RRPM2504,감가상각비,2026-04-01,9534752.0
RXOH3200,감가상각비,2026-04-01,225069.0
RXST2504,감가상각비,2026-04-01,2722467.0
RCST2506,감가상각비,2026-04-01,1442601.0
RXST2502,감가상각비,2026-04-01,2546764.0
RCST2507,감가상각비,2026-04-01,2138262.0
RIOH6100,지급임차료_건물,2026-04-01,2381373.0
ROOH3500,지급임차료_건물,2026-04-01,1360785.0
RXOH3200,지급임차료_건물,2026-04-01,5443138.0
RTOH3300,지급임차료_건물,2026-04-01,5443138.0
RCOH3100,지급임차료_건물,2026-04-01,4422550.0
RROH3400,지급임차료_건물,2026-04-01,5443138.0
RTOH3300,지급임차료_창고,2026-04-01,3700000.0
RCST2506,지급임차료_스테이션,2026-04-01,1532173.0
RRPM2502,지급임차료_기타,2026-04-01,913000.0
RRPM2505,지급임차료_기타,2026-04-01,1.2137E8
RRPM2504,지급임차료_기타,2026-04-01,6.0E7
RRPM2402,지급임차료_기타,2026-04-01,5.875E7
RXST2502,보험료_산재보험,2026-04-01,20230.0
RXOH3200,보험료_산재보험,2026-04-01,-24730.0
RRLM3411,보험료_산재보험,2026-04-01,1566950.0
RCPU2622,보험료_산재보험,2026-04-01,13650.0
RIOH6100,보험료_산재보험,2026-04-01,192450.0
RRLM3412,보험료_산재보험,2026-04-01,222670.0
RXST2503,보험료_산재보험,2026-04-01,24840.0
RCST2507,보험료_산재보험,2026-04-01,67350.0
RROH3400,보험료_산재보험,2026-04-01,1231930.0
ROOH3500,보험료_산재보험,2026-04-01,151700.0
RRCO3420,보험료_산재보험,2026-04-01,1164350.0
RRPM3430,보험료_산재보험,2026-04-01,315990.0
RXST2501,보험료_산재보험,2026-04-01,42280.0
RCST2506,보험료_산재보험,2026-04-01,149380.0
RTOH3300,보험료_산재보험,2026-04-01,452750.0
RCOH3100,보험료_산재보험,2026-04-01,-10030.0
RIOH6100,보험료_고용보험,2026-04-01,140630.0
RXOH3200,보험료_고용보험,2026-04-01,-443600.0
RCOH3100,보험료_고용보험,2026-04-01,-164280.0
RXST2501,보험료_고용보험,2026-04-01,112200.0
RXST2503,보험료_고용보험,2026-04-01,59320.0
RXST2502,보험료_고용보험,2026-04-01,47080.0
RRLM3412,보험료_고용보험,2026-04-01,653480.0
ROOH3500,보험료_고용보험,2026-04-01,325520.0
RROH3400,보험료_고용보험,2026-04-01,3981530.0
RCST2506,보험료_고용보험,2026-04-01,401140.0
RRPM3430,보험료_고용보험,2026-04-01,412330.0
RCST2507,보험료_고용보험,2026-04-01,159320.0
RTOH3300,보험료_고용보험,2026-04-01,899410.0
RCPU2622,보험료_고용보험,2026-04-01,24950.0
RRLM3411,보험료_고용보험,2026-04-01,5148790.0
RRCO3420,보험료_고용보험,2026-04-01,3772340.0
RCPU2604,보험료_프로젝트,2026-04-01,968500.0
RXST2504,보험료_프로젝트,2026-04-01,190506.0
RXPU2514,보험료_프로젝트,2026-04-01,238668.0
RXST2505,보험료_프로젝트,2026-04-01,75623.0
RIPU2602,보험료_프로젝트,2026-04-01,1198030.0
RCPU2625,보험료_프로젝트,2026-04-01,954000.0
RIPU2604,보험료_프로젝트,2026-04-01,1250360.0
RRPM2504,보험료_프로젝트,2026-04-01,8459.0
RCPU2622,보험료_프로젝트,2026-04-01,500000.0
RCPU2624,보험료_프로젝트,2026-04-01,190000.0
ROPU2607,보험료_프로젝트,2026-04-01,222040.0
RXST2501,보험료_프로젝트,2026-04-01,208805.0
RXST2503,보험료_프로젝트,2026-04-01,85721.0
RRPM3430,보험료_기타,2026-04-01,245984.0
RCPU2616,차량유지비_유류대,2026-04-01,50000.0
RCPU2604,차량유지비_유류대,2026-04-01,171258.0
RXPU2514,차량유지비_기타,2026-04-01,21000.0
RCPU2624,차량유지비_기타,2026-04-01,22000.0
RCPU2617,차량유지비_기타,2026-04-01,89400.0
RTPU2608,운반비_사업본부,2026-04-01,10000.0
RCOH3100,운반비_사업본부,2026-04-01,2079000.0
RCST2506,운반비_사업본부,2026-04-01,69800.0
RTPU2638,운반비_사업본부,2026-04-01,215000.0
ROOH3500,운반비_사업본부,2026-04-01,48600.0
RCPU2604,운반비_사업본부,2026-04-01,624800.0
RTPU2642,운반비_사업본부,2026-04-01,110000.0
RTPU2634,운반비_사업본부,2026-04-01,352000.0
RXST2504,운반비_사업본부,2026-04-01,48700.0
RCPU2625,운반비_사업본부,2026-04-01,448800.0
RXOH3200,운반비_사업본부,2026-04-01,756000.0
ROPU2602,운반비_사업본부,2026-04-01,80000.0
RIPU2602,운반비_사업본부,2026-04-01,600000.0
RTPU2625,운반비_사업본부,2026-04-01,4220000.0
RTPU2632,운반비_사업본부,2026-04-01,67000.0
RIOH6100,운반비_사업본부,2026-04-01,404100.0
RCPU2616,운반비_사업본부,2026-04-01,130000.0
RCPU2617,운반비_사업본부,2026-04-01,130000.0
RROH3400,운반비_사업본부,2026-04-01,198000.0
RCST2507,운반비_사업본부,2026-04-01,30000.0
RTPU2638,도서인쇄비_행사출력물,2026-04-01,23000.0
RXPU2514,도서인쇄비_행사출력물,2026-04-01,179090.0
ROPU2603,도서인쇄비_행사출력물,2026-04-01,1500000.0
RXST2607,도서인쇄비_행사출력물,2026-04-01,40400.0
RIPU2604,도서인쇄비_행사출력물,2026-04-01,231823.0
RXST2504,도서인쇄비_행사출력물,2026-04-01,297000.0
RXST2501,도서인쇄비_행사출력물,2026-04-01,285000.0
RXST2502,도서인쇄비_행사출력물,2026-04-01,9200.0
RIPU2602,도서인쇄비_행사출력물,2026-04-01,1620000.0
RCPU2620,도서인쇄비_행사출력물,2026-04-01,2273.0
RTPU2634,도서인쇄비_행사출력물,2026-04-01,822000.0
RXST2505,도서인쇄비_행사출력물,2026-04-01,71500.0
RCPU2625,도서인쇄비_행사출력물,2026-04-01,140000.0
RXST2503,도서인쇄비_행사출력물,2026-04-01,65300.0
RIOH6100,소모품비_본사,2026-04-01,25272.0
RIPU2602,소모품비_본사,2026-04-01,20454.0
RCPU2624,소모품비_현장,2026-04-01,321266.0
RXST2501,소모품비_현장,2026-04-01,671332.0
RXPU2514,소모품비_현장,2026-04-01,2982220.0
RTPU2624,소모품비_현장,2026-04-01,112200.0
RCPU2626,소모품비_현장,2026-04-01,114660.0
RCPU2625,소모품비_현장,2026-04-01,2608255.0
RIPU2604,소모품비_현장,2026-04-01,2902575.0
RRPM3430,소모품비_현장,2026-04-01,27800.0
RCPU2617,소모품비_현장,2026-04-01,625632.0
RXST2607,소모품비_현장,2026-04-01,4412028.0
RXST2502,소모품비_현장,2026-04-01,655271.0
RIPU2602,소모품비_현장,2026-04-01,1426043.0
RCPU2618,소모품비_현장,2026-04-01,12727.0
ROPU2605,소모품비_현장,2026-04-01,134272.0
RXST2503,소모품비_현장,2026-04-01,46663.0
RCST2507,소모품비_현장,2026-04-01,6000.0
ROPU2603,소모품비_현장,2026-04-01,39364.0
RXST2505,소모품비_현장,2026-04-01,3076507.0
RCPU2604,소모품비_현장,2026-04-01,5341269.0
RTPU2632,소모품비_현장,2026-04-01,8023026.0
RIPU2601,소모품비_현장,2026-04-01,177181.0
RTPU2642,소모품비_현장,2026-04-01,73503.0
RCST2506,소모품비_현장,2026-04-01,476375.0
RXST2504,소모품비_현장,2026-04-01,1038134.0
RXPU2602,소모품비_현장,2026-04-01,1.6E7
RCPU2622,소모품비_현장,2026-04-01,173111.0
RCPU2628,소모품비_현장,2026-04-01,843914.0
RRLM3412,소모품비_현장,2026-04-01,9100.0
RCPU2616,소모품비_현장,2026-04-01,909090.0
RTPU2637,소모품비_현장,2026-04-01,359062.0
RTPU2608,소모품비_현장,2026-04-01,5183182.0
RTPU2634,소모품비_현장,2026-04-01,1222907.0
RIPU2606,소모품비_현장,2026-04-01,2711690.0
RCPU2620,소모품비_현장,2026-04-01,208960.0
RTPU2638,소모품비_현장,2026-04-01,490607.0
RCPU2616,소모품비_기타,2026-04-01,46590.0
RIOH6100,소모품비_기타,2026-04-01,40509.0
RCOH3100,소모품비_기타,2026-04-01,165454.0
RCPU2604,소모품비_기타,2026-04-01,643709.0
ROPU2605,지급수수료_운영인건비,2026-04-01,340000.0
RCPU2617,지급수수료_운영인건비,2026-04-01,9616200.0
RTPU2624,지급수수료_운영인건비,2026-04-01,466300.0
RIPU2604,지급수수료_운영인건비,2026-04-01,77360.0
RCPU2616,지급수수료_운영인건비,2026-04-01,5702920.0
RCPU2625,지급수수료_운영인건비,2026-04-01,2.334314E7
RCPU2604,지급수수료_운영인건비,2026-04-01,1800000.0
RCPU2620,지급수수료_운영인건비,2026-04-01,3600180.0
RXPU2514,지급수수료_운영인건비,2026-04-01,3725000.0
RRPM3430,지급수수료_운영인건비,2026-04-01,9.0
RTPU2612,지급수수료_도급인건비,2026-04-01,2.67E7
RIPU2603,지급수수료_도급인건비,2026-04-01,1.813E7
RIPU2602,지급수수료_도급인건비,2026-04-01,3.5E7
RRPM2402,지급수수료_도급인건비,2026-04-01,300000.0
RTPU2614,지급수수료_도급인건비,2026-04-01,5.0E7
RRPM2504,지급수수료_도급인건비,2026-04-01,290909.0
RRPM3430,지급수수료_도급인건비,2026-04-01,1.24759113E8
RXPU2514,지급수수료_도급인건비,2026-04-01,6760000.0
ROPU2603,지급수수료_도급인건비,2026-04-01,2.088E7
RXST2504,지급수수료_도급인건비,2026-04-01,8699821.0
RCPU2617,지급수수료_도급인건비,2026-04-01,9850000.0
RRPM2505,지급수수료_도급인건비,2026-04-01,350000.0
RXST2505,지급수수료_도급인건비,2026-04-01,4004946.0
ROPU2604,지급수수료_도급인건비,2026-04-01,420000.0
RXST2607,지급수수료_도급인건비,2026-04-01,1348752.0
RTPU2636,지급수수료_디자인,2026-04-01,500000.0
RIPU2602,지급수수료_디자인,2026-04-01,3500000.0
ROPU2603,지급수수료_디자인,2026-04-01,4500000.0
RIPU2603,지급수수료_디자인,2026-04-01,3000000.0
RTPU2632,지급수수료_디자인,2026-04-01,4200000.0
RTPU2634,지급수수료_디자인,2026-04-01,4000000.0
RCPU2604,지급수수료_디자인,2026-04-01,3700000.0
RCST2506,지급수수료_서비스이용료,2026-04-01,34000.0
RRPM2504,지급수수료_서비스이용료,2026-04-01,280000.0
RCPU2617,지급수수료_서비스이용료,2026-04-01,300000.0
RCPU2620,지급수수료_서비스이용료,2026-04-01,150000.0
RRPM3430,지급수수료_서비스이용료,2026-04-01,173000.0
RXST2505,지급수수료_서비스이용료,2026-04-01,48000.0
RTOH3300,지급수수료_서비스이용료,2026-04-01,33744.0
RXPU2514,지급수수료_서비스이용료,2026-04-01,102000.0
RTPU2611,지급수수료_공간수수료,2026-04-01,-1475757.0
RIPU2609,지급수수료_공간수수료,2026-04-01,1.8E7
RXST2505,지급수수료_공간수수료,2026-04-01,530000.0
RCST2506,지급수수료_공간수수료,2026-04-01,1.3394958E7
RCPU2624,지급수수료_공간수수료,2026-04-01,150000.0
RXPU2514,지급수수료_공간수수료,2026-04-01,1140000.0
ROPU2608,지급수수료_공간수수료,2026-04-01,3.15E8
RCPU2604,지급수수료_공간수수료,2026-04-01,44000.0
RCST2507,지급수수료_공간수수료,2026-04-01,5258550.0
RTPU2612,지급수수료_공간수수료,2026-04-01,-2290445.0
RCPU2625,지급수수료_공간수수료,2026-04-01,202400.0
RCPU2620,지급수수료_시공,2026-04-01,1.6E7
RCPU2613,지급수수료_시공,2026-04-01,1700000.0
RTPU2623,지급수수료_시공,2026-04-01,2.3E7
RCPU2604,지급수수료_시공,2026-04-01,1.3962E8
RTPU2634,지급수수료_시공,2026-04-01,1.3715E7
RCPU2617,지급수수료_시공,2026-04-01,3.0E7
ROPU2602,지급수수료_시공,2026-04-01,3.304E7
RCPU2616,지급수수료_시공,2026-04-01,1.465E7
RXST2607,지급수수료_시공,2026-04-01,5.0E7
RIPU2606,지급수수료_시공,2026-04-01,8.08E7
RTPU2633,지급수수료_시공,2026-04-01,2500000.0
RIPU2603,지급수수료_시공,2026-04-01,8.4E7
RTPU2628,지급수수료_시공,2026-04-01,1.85E7
RXPU2514,지급수수료_광고비,2026-04-01,952133.0
RCPU2616,지급수수료_광고비,2026-04-01,9550000.0
RCPU2621,지급수수료_광고비,2026-04-01,3650000.0
RIPU2603,지급수수료_물품대여,2026-04-01,1044000.0
RXST2504,지급수수료_물품대여,2026-04-01,532000.0
RIPU2604,지급수수료_물품대여,2026-04-01,2250000.0
RTPU2638,지급수수료_물품대여,2026-04-01,1307863.0
RTPU2607,지급수수료_물품대여,2026-04-01,9000000.0
RTPU2634,지급수수료_물품대여,2026-04-01,1.916E7
RCPU2617,지급수수료_물품대여,2026-04-01,880000.0
RTPU2612,지급수수료_물품대여,2026-04-01,5600000.0
RIPU2602,지급수수료_물품대여,2026-04-01,9285000.0
RCPU2621,지급수수료_물품대여,2026-04-01,380000.0
RIPU2606,지급수수료_물품대여,2026-04-01,1.296E7
RCPU2604,지급수수료_물품대여,2026-04-01,4325910.0
RTPU2611,지급수수료_물품대여,2026-04-01,2100000.0
RCPU2616,지급수수료_물품대여,2026-04-01,300000.0
RCPU2621,지급수수료_제작비,2026-04-01,1360000.0
RCPU2617,지급수수료_제작비,2026-04-01,1.3527E7
RTPU2638,지급수수료_제작비,2026-04-01,3430000.0
RTPU2634,지급수수료_제작비,2026-04-01,500000.0
RTPU2643,지급수수료_제작비,2026-04-01,304500.0
RIPU2604,지급수수료_제작비,2026-04-01,9824000.0
RTPU2632,지급수수료_제작비,2026-04-01,7940000.0
RTPU2608,지급수수료_제작비,2026-04-01,4500000.0
RCPU2604,지급수수료_제작비,2026-04-01,2.48E7
RIPU2603,지급수수료_카드수수료,2026-04-01,-44455.0
RCST2507,지급수수료_카드수수료,2026-04-01,20310.0
RIPU2601,지급수수료_카드수수료,2026-04-01,-4081815.0
RXST2505,지급수수료_카드수수료,2026-04-01,89068.0
RCST2506,지급수수료_카드수수료,2026-04-01,249187.0
RIPU2602,지급수수료_카드수수료,2026-04-01,-7567.0
RCPU2607,지급수수료_카드수수료,2026-04-01,-207.0
RTOH3300,지급수수료_Working Tool,2026-04-01,1759128.0
RXST2501,지급수수료_Working Tool,2026-04-01,919479.0
ROOH3500,지급수수료_Working Tool,2026-04-01,709436.0
RIOH6100,지급수수료_Working Tool,2026-04-01,478208.0
RXOH3200,지급수수료_Working Tool,2026-04-01,1911621.0
RCOH3100,지급수수료_Working Tool,2026-04-01,734165.0
RROH3400,지급수수료_Working Tool,2026-04-01,1305677.0
RRLM3411,지급수수료_자문료,2026-04-01,1500000.0
RXST2607,지급수수료_기타,2026-04-01,1862867.0
RIPU2601,지급수수료_기타,2026-04-01,4000000.0
RRPM2504,지급수수료_기타,2026-04-01,2000000.0
RRCO3420,지급수수료_기타,2026-04-01,52727.0
ROOH3500,지급수수료_기타,2026-04-01,10000.0
RIPU2603,지급수수료_기타,2026-04-01,3.0
RTPU2625,지급수수료_기타,2026-04-01,31782.0
RXST2504,지급수수료_기타,2026-04-01,1.5675705E7
RRPM2505,지급수수료_기타,2026-04-01,8092727.0
RIOH6100,지급수수료_기타,2026-04-01,177000.0
RXST2501,지급수수료_기타,2026-04-01,6691821.0
RRPM3430,지급수수료_기타,2026-04-01,6000.0
RCST2507,지급수수료_기타,2026-04-01,143678.0
ROPU2608,지급수수료_기타,2026-04-01,1.0E7
RTPU2640,지급수수료_기타,2026-04-01,112917.0
RXST2503,지급수수료_기타,2026-04-01,6230567.0
RIPU2602,지급수수료_기타,2026-04-01,70672.0
RCOH3100,지급수수료_기타,2026-04-01,100962.0
RXST2505,지급수수료_기타,2026-04-01,873122.0
RCPU2607,지급수수료_기타,2026-04-01,300000.0
RXPU2514,지급수수료_기타,2026-04-01,7175199.0
RXOH3200,지급수수료_기타,2026-04-01,118000.0
RXST2502,지급수수료_기타,2026-04-01,1762526.0
RXST2505,광고선전비,2026-04-01,47220.0
RIPU2602,광고선전비,2026-04-01,481906.0
RIOH6100,건물관리비,2026-04-01,548969.0
RROH3400,건물관리비,2026-04-01,1254786.0
RCOH3100,건물관리비,2026-04-01,1019514.0
RXOH3200,건물관리비,2026-04-01,1254786.0
ROOH3500,건물관리비,2026-04-01,313697.0
RTOH3300,건물관리비,2026-04-01,1254786.0
RRLM3411,직원급여_본사,2026-05-01,1.3929401E7
RXOH3200,직원급여_본사,2026-05-01,8336237.0
RIOH6100,직원급여_본사,2026-05-01,3.3970073E7
RROH3400,직원급여_본사,2026-05-01,1.1135334E7
RTOH3300,직원급여_본사,2026-05-01,5.6001542E7
ROOH3500,직원급여_본사,2026-05-01,2.6391131E7
RRCO3420,직원급여_본사,2026-05-01,1.5962184E7
RCOH3100,직원급여_본사,2026-05-01,1.0328E7
RRLM3412,직원급여_본사,2026-05-01,1.0395E7
RRPM3430,직원급여_본사,2026-05-01,3.0466841E7
RXST2501,직원급여_매장,2026-05-01,3333334.0
RCST2507,직원급여_매장,2026-05-01,8370550.0
RXST2502,직원급여_매장,2026-05-01,2333334.0
RCST2506,직원급여_매장,2026-05-01,1.2490436E7
RXST2503,직원급여_매장,2026-05-01,2666667.0
RCPU2629,직원급여_매장,2026-05-01,2771462.0
RTOH3300,잡급,2026-05-01,1617660.0
RRPM3430,잡급,2026-05-01,1617660.0
RRLM3412,복리후생비_건강보험,2026-05-01,1046870.0
RXST2501,복리후생비_건강보험,2026-05-01,110180.0
ROOH3500,복리후생비_건강보험,2026-05-01,668820.0
RXOH3200,복리후생비_건강보험,2026-05-01,-947810.0
RCPU2629,복리후생비_건강보험,2026-05-01,87320.0
RTOH3300,복리후생비_건강보험,2026-05-01,1996690.0
RRLM3411,복리후생비_건강보험,2026-05-01,3794360.0
RXST2503,복리후생비_건강보험,2026-05-01,80260.0
RCST2506,복리후생비_건강보험,2026-05-01,336840.0
RIOH6100,복리후생비_건강보험,2026-05-01,1184730.0
RCST2507,복리후생비_건강보험,2026-05-01,359760.0
RROH3400,복리후생비_건강보험,2026-05-01,1471600.0
RRPM3430,복리후생비_건강보험,2026-05-01,1403360.0
RXST2502,복리후생비_건강보험,2026-05-01,86760.0
RRCO3420,복리후생비_건강보험,2026-05-01,1602810.0
RCOH3100,복리후생비_건강보험,2026-05-01,392220.0
RTPU2643,복리후생비_식음료대,2026-05-01,218710.0
RTOH3300,복리후생비_식음료대,2026-05-01,2198393.0
RCOH3100,복리후생비_식음료대,2026-05-01,318914.0
RIPU2606,복리후생비_식음료대,2026-05-01,114727.0
RCPU2628,복리후생비_식음료대,2026-05-01,1378727.0
RCPU2622,복리후생비_식음료대,2026-05-01,254277.0
RTPU2639,복리후생비_식음료대,2026-05-01,12636.0
RTPU2638,복리후생비_식음료대,2026-05-01,39638.0
RXST2505,복리후생비_식음료대,2026-05-01,21741.0
RRPM3430,복리후생비_식음료대,2026-05-01,1353739.0
RRCO3420,복리후생비_식음료대,2026-05-01,461080.0
RRLM3412,복리후생비_식음료대,2026-05-01,1012622.0
RTPU2646,복리후생비_식음료대,2026-05-01,303211.0
RCPU2639,복리후생비_식음료대,2026-05-01,12988.0
RTPU2647,복리후생비_식음료대,2026-05-01,75500.0
ROPU2606,복리후생비_식음료대,2026-05-01,121635.0
RTPU2621,복리후생비_식음료대,2026-05-01,8818.0
RCPU2627,복리후생비_식음료대,2026-05-01,300093.0
RCPU2636,복리후생비_식음료대,2026-05-01,17273.0
RTPU2637,복리후생비_식음료대,2026-05-01,39300.0
RIPU2611,복리후생비_식음료대,2026-05-01,10455.0
RRLM3411,복리후생비_식음료대,2026-05-01,640309.0
RCPU2631,복리후생비_식음료대,2026-05-01,144274.0
RTPU2632,복리후생비_식음료대,2026-05-01,197819.0
RXPU2602,복리후생비_식음료대,2026-05-01,17273.0
RCST2507,복리후생비_식음료대,2026-05-01,119506.0
RIOH6100,복리후생비_식음료대,2026-05-01,947299.0
RIPU2609,복리후생비_식음료대,2026-05-01,304824.0
RTPU2644,복리후생비_식음료대,2026-05-01,389981.0
RTPU2642,복리후생비_식음료대,2026-05-01,703100.0
RCST2506,복리후생비_식음료대,2026-05-01,57280.0
RCPU2632,복리후생비_식음료대,2026-05-01,144089.0
RTPU2629,복리후생비_식음료대,2026-05-01,293821.0
RCPU2635,복리후생비_식음료대,2026-05-01,65910.0
RROH3400,복리후생비_식음료대,2026-05-01,574295.0
RIPU2604,복리후생비_식음료대,2026-05-01,159409.0
RXST2504,복리후생비_식음료대,2026-05-01,151812.0
RXST2503,복리후생비_식음료대,2026-05-01,26000.0
RCPU2641,복리후생비_식음료대,2026-05-01,76818.0
RXPU2604,복리후생비_식음료대,2026-05-01,29000.0
ROPU2607,복리후생비_식음료대,2026-05-01,82909.0
RXST2501,복리후생비_식음료대,2026-05-01,38908.0
RCPU2604,복리후생비_식음료대,2026-05-01,848442.0
RTPU2649,복리후생비_식음료대,2026-05-01,24545.0
RXOH3200,복리후생비_식음료대,2026-05-01,97900.0
RIPU2610,복리후생비_식음료대,2026-05-01,81821.0
ROOH3500,복리후생비_식음료대,2026-05-01,660115.0
RCPU2624,복리후생비_식음료대,2026-05-01,391995.0
RXST2502,복리후생비_식음료대,2026-05-01,15680.0
RCPU2626,복리후생비_식음료대,2026-05-01,3481396.0
RCPU2629,복리후생비_식음료대,2026-05-01,300362.0
ROOH3500,복리후생비_회식대,2026-05-01,163639.0
RIOH6100,복리후생비_회식대,2026-05-01,1378755.0
RTOH3300,복리후생비_회식대,2026-05-01,272738.0
RCOH3100,복리후생비_기타,2026-05-01,131629.0
RROH3400,복리후생비_기타,2026-05-01,3200000.0
RTPU2646,여비교통비_야근,2026-05-01,36400.0
RCPU2626,여비교통비_야근,2026-05-01,1429340.0
RTPU2638,여비교통비_야근,2026-05-01,15300.0
RCPU2604,여비교통비_야근,2026-05-01,136800.0
RCPU2631,여비교통비_야근,2026-05-01,128400.0
RTPU2642,여비교통비_야근,2026-05-01,103300.0
RCPU2628,여비교통비_야근,2026-05-01,1137400.0
RCPU2629,여비교통비_야근,2026-05-01,109600.0
ROPU2606,여비교통비_야근,2026-05-01,30100.0
RCPU2639,여비교통비_야근,2026-05-01,15000.0
RTPU2643,여비교통비_야근,2026-05-01,156000.0
RTOH3300,여비교통비_야근,2026-05-01,48700.0
RTPU2639,여비교통비_야근,2026-05-01,109800.0
RTPU2647,여비교통비_야근,2026-05-01,88500.0
RCPU2613,여비교통비_야근,2026-05-01,38000.0
RCPU2632,여비교통비_야근,2026-05-01,94800.0
RIPU2610,여비교통비_야근,2026-05-01,80200.0
RCPU2627,여비교통비_야근,2026-05-01,263600.0
RCPU2636,여비교통비_야근,2026-05-01,78300.0
ROOH3500,여비교통비_야근,2026-05-01,191500.0
RCPU2624,여비교통비_야근,2026-05-01,121500.0
RCST2506,여비교통비_야근,2026-05-01,48000.0
RTPU2644,여비교통비_야근,2026-05-01,59100.0
RCPU2622,여비교통비_야근,2026-05-01,49700.0
RCOH3100,여비교통비_야근,2026-05-01,73400.0
RCPU2641,여비교통비_야근,2026-05-01,17200.0
RCST2507,여비교통비_야근,2026-05-01,219600.0
RTPU2629,여비교통비_야근,2026-05-01,33400.0
RCPU2632,여비교통비_외근,2026-05-01,150300.0
RTPU2647,여비교통비_외근,2026-05-01,35900.0
RCPU2641,여비교통비_외근,2026-05-01,67350.0
RCPU2604,여비교통비_외근,2026-05-01,127780.0
RTPU2642,여비교통비_외근,2026-05-01,81700.0
RRLM3412,여비교통비_외근,2026-05-01,73460.0
RTPU2626,여비교통비_외근,2026-05-01,31900.0
RTPU2649,여비교통비_외근,2026-05-01,32200.0
ROOH3500,여비교통비_외근,2026-05-01,101200.0
RRCO3420,여비교통비_외근,2026-05-01,145400.0
RIOH6100,여비교통비_외근,2026-05-01,269411.0
RCPU2626,여비교통비_외근,2026-05-01,450760.0
RIPU2606,여비교통비_외근,2026-05-01,199870.0
RTPU2646,여비교통비_외근,2026-05-01,111300.0
RXST2607,여비교통비_외근,2026-05-01,7600.0
RIPU2609,여비교통비_외근,2026-05-01,29800.0
RTPU2638,여비교통비_외근,2026-05-01,342800.0
RCPU2625,여비교통비_외근,2026-05-01,15300.0
RIPU2604,여비교통비_외근,2026-05-01,99020.0
RIPU2611,여비교통비_외근,2026-05-01,45300.0
RTPU2644,여비교통비_외근,2026-05-01,74600.0
RCPU2639,여비교통비_외근,2026-05-01,75200.0
RXPU2604,여비교통비_외근,2026-05-01,56300.0
RRLM3411,여비교통비_외근,2026-05-01,30400.0
RROH3400,여비교통비_외근,2026-05-01,477900.0
RTOH3300,여비교통비_외근,2026-05-01,241600.0
RCPU2627,여비교통비_외근,2026-05-01,74000.0
RCPU2633,여비교통비_외근,2026-05-01,23100.0
RCPU2635,여비교통비_외근,2026-05-01,82300.0
RCPU2622,여비교통비_외근,2026-05-01,22468.0
RCPU2628,여비교통비_외근,2026-05-01,220102.0
RXST2501,여비교통비_외근,2026-05-01,17900.0
RCST2507,여비교통비_외근,2026-05-01,14400.0
RIPU2610,여비교통비_외근,2026-05-01,47800.0
RRPM3430,여비교통비_외근,2026-05-01,287200.0
ROPU2605,여비교통비_외근,2026-05-01,11900.0
RTPU2639,여비교통비_외근,2026-05-01,19800.0
RCPU2634,여비교통비_외근,2026-05-01,31800.0
RCPU2630,여비교통비_외근,2026-05-01,25600.0
RCPU2624,여비교통비_외근,2026-05-01,43500.0
ROPU2607,여비교통비_외근,2026-05-01,69100.0
ROPU2606,여비교통비_외근,2026-05-01,40100.0
RCPU2629,여비교통비_외근,2026-05-01,16900.0
RCOH3100,여비교통비_외근,2026-05-01,109600.0
ROPU2609,여비교통비_외근,2026-05-01,37100.0
RCPU2631,여비교통비_외근,2026-05-01,23400.0
RTPU2643,여비교통비_외근,2026-05-01,23000.0
RXST2505,여비교통비_외근,2026-05-01,35800.0
RCPU2628,여비교통비_국내출장,2026-05-01,354100.0
RCPU2604,여비교통비_국내출장,2026-05-01,603548.0
RCPU2641,여비교통비_국내출장,2026-05-01,44900.0
RIPU2606,여비교통비_국내출장,2026-05-01,128583.0
RCPU2624,여비교통비_국내출장,2026-05-01,480110.0
RRPM3430,여비교통비_국내출장,2026-05-01,135500.0
RCPU2627,여비교통비_국내출장,2026-05-01,179375.0
RTPU2608,여비교통비_국내출장,2026-05-01,265000.0
RCPU2625,여비교통비_국내출장,2026-05-01,470300.0
RCPU2630,여비교통비_국내출장,2026-05-01,889100.0
RRCO3420,여비교통비_해외출장,2026-05-01,1500795.0
RCPU2630,여비교통비_개인차량사용료,2026-05-01,38196.0
RXST2501,여비교통비_개인차량사용료,2026-05-01,35000.0
RRPM3430,여비교통비_개인차량사용료,2026-05-01,851275.0
RTPU2632,여비교통비_개인차량사용료,2026-05-01,17400.0
RRLM3411,여비교통비_개인차량사용료,2026-05-01,227250.0
RTPU2647,여비교통비_개인차량사용료,2026-05-01,12000.0
RXST2505,여비교통비_개인차량사용료,2026-05-01,3000.0
RIPU2606,여비교통비_개인차량사용료,2026-05-01,14500.0
RIOH6100,여비교통비_개인차량사용료,2026-05-01,73797.0
RROH3400,여비교통비_개인차량사용료,2026-05-01,51250.0
RCPU2626,여비교통비_개인차량사용료,2026-05-01,9000.0
RTPU2638,여비교통비_개인차량사용료,2026-05-01,8750.0
RXPU2604,여비교통비_개인차량사용료,2026-05-01,17400.0
RTPU2608,여비교통비_개인차량사용료,2026-05-01,130000.0
RRCO3420,여비교통비_개인차량사용료,2026-05-01,611140.0
RTPU2642,여비교통비_개인차량사용료,2026-05-01,1600.0
RRLM3412,여비교통비_개인차량사용료,2026-05-01,486559.0
RTOH3300,여비교통비_개인차량사용료,2026-05-01,638814.0
RRPM3430,접대비,2026-05-01,367000.0
RROH3400,접대비,2026-05-01,1566900.0
RRLM3411,접대비,2026-05-01,606000.0
RTOH3300,접대비,2026-05-01,56000.0
RRCO3420,접대비,2026-05-01,1559365.0
RRLM3412,접대비,2026-05-01,330000.0
RCOH3100,접대비,2026-05-01,36500.0
RRPM3430,통신비,2026-05-01,32400.0
RXST2502,통신비,2026-05-01,40000.0
RTPU2632,통신비,2026-05-01,4160.0
RXST2501,통신비,2026-05-01,303000.0
RTOH3300,통신비,2026-05-01,89660.0
RCPU2625,통신비,2026-05-01,61000.0
RIOH6100,통신비,2026-05-01,59773.0
RTPU2608,통신비,2026-05-01,9280.0
RXST2607,통신비,2026-05-01,147728.0
RCST2507,통신비,2026-05-01,35000.0
RIPU2604,통신비,2026-05-01,4000.0
RRLM3411,통신비,2026-05-01,4160.0
RXOH3200,통신비,2026-05-01,298867.0
RTPU2631,통신비,2026-05-01,12200.0
RRPM2504,통신비,2026-05-01,62000.0
RXST2503,통신비,2026-05-01,34916.0
RTPU2645,통신비,2026-05-01,6320.0
RXST2505,통신비,2026-05-01,78600.0
RCOH3100,통신비,2026-05-01,179547.0
RCST2506,통신비,2026-05-01,88674.0
RRPM2504,수도광열비,2026-05-01,2120085.0
RRPM2502,수도광열비,2026-05-01,2789140.0
RXST2503,세금과공과_국민연금,2026-05-01,117130.0
RROH3400,세금과공과_국민연금,2026-05-01,302570.0
RRCO3420,세금과공과_국민연금,2026-05-01,616020.0
RXOH3200,세금과공과_국민연금,2026-05-01,302570.0
RXST2502,세금과공과_국민연금,2026-05-01,101310.0
RRLM3412,세금과공과_국민연금,2026-05-01,462360.0
RCOH3100,세금과공과_국민연금,2026-05-01,302570.0
RCPU2629,세금과공과_국민연금,2026-05-01,101930.0
RCST2506,세금과공과_국민연금,2026-05-01,249030.0
RCST2507,세금과공과_국민연금,2026-05-01,424490.0
RXST2501,세금과공과_국민연금,2026-05-01,121120.0
RRLM3411,세금과공과_국민연금,2026-05-01,586050.0
RTOH3300,세금과공과_국민연금,2026-05-01,2431050.0
RIOH6100,세금과공과_국민연금,2026-05-01,1450240.0
RRPM3430,세금과공과_국민연금,2026-05-01,1506250.0
ROOH3500,세금과공과_국민연금,2026-05-01,880830.0
RRCO3420,세금과공과_세금,2026-05-01,64302.0
RROH3400,세금과공과_세금,2026-05-01,21434.0
RCOH3100,세금과공과_세금,2026-05-01,21434.0
RCST2506,세금과공과_세금,2026-05-01,107171.0
RXST2503,세금과공과_세금,2026-05-01,21434.0
RCST2507,세금과공과_세금,2026-05-01,107171.0
RRLM3412,세금과공과_세금,2026-05-01,42868.0
RXST2502,세금과공과_세금,2026-05-01,21434.0
ROOH3500,세금과공과_세금,2026-05-01,128605.0
RRPM3430,세금과공과_세금,2026-05-01,128605.0
RXST2501,세금과공과_세금,2026-05-01,21434.0
RXOH3200,세금과공과_세금,2026-05-01,21434.0
RCPU2629,세금과공과_세금,2026-05-01,21446.0
RRLM3411,세금과공과_세금,2026-05-01,64302.0
RIOH6100,세금과공과_세금,2026-05-01,192908.0
RTOH3300,세금과공과_세금,2026-05-01,300078.0
RXST2607,세금과공과_기타,2026-05-01,48240.0
RRPM2504,감가상각비,2026-05-01,9534752.0
RXST2505,감가상각비,2026-05-01,3143334.0
RXST2501,감가상각비,2026-05-01,3622658.0
RXST2504,감가상각비,2026-05-01,2722467.0
RCST2506,감가상각비,2026-05-01,1442601.0
RXST2503,감가상각비,2026-05-01,4161381.0
RXST2502,감가상각비,2026-05-01,2546764.0
ROOH3500,감가상각비,2026-05-01,353525.0
RXST2607,감가상각비,2026-05-01,2358355.0
RCST2507,감가상각비,2026-05-01,2138262.0
RXOH3200,감가상각비,2026-05-01,83388.0
RRPM2505,감가상각비,2026-05-01,681263.0
RRCO3420,감가상각비,2026-05-01,32473.0
RTOH3300,감가상각비,2026-05-01,150718.0
RRLM3411,감가상각비,2026-05-01,31135.0
ROOH3500,지급임차료_건물,2026-05-01,3485092.0
RIOH6100,지급임차료_건물,2026-05-01,2546790.0
RXOH3200,지급임차료_건물,2026-05-01,5411926.0
RROH3400,지급임차료_건물,2026-05-01,5093578.0
RTOH3300,지급임차료_건물,2026-05-01,4456880.0
RCOH3100,지급임차료_건물,2026-05-01,4775229.0
RTOH3300,지급임차료_창고,2026-05-01,3700000.0
RCPU2604,지급임차료_창고,2026-05-01,1002580.0
RCST2506,지급임차료_스테이션,2026-05-01,2255528.0
RRPM2502,지급임차료_기타,2026-05-01,9493000.0
RRPM2402,지급임차료_기타,2026-05-01,5.875E7
RRPM2505,지급임차료_기타,2026-05-01,1.24601471E8
RRPM2504,지급임차료_기타,2026-05-01,6.0E7
RROH3400,보험료_산재보험,2026-05-01,181030.0
RRLM3411,보험료_산재보험,2026-05-01,199950.0
RXST2502,보험료_산재보험,2026-05-01,13560.0
RXOH3200,보험료_산재보험,2026-05-01,61960.0
RCST2507,보험료_산재보험,2026-05-01,50790.0
RRPM3430,보험료_산재보험,2026-05-01,211860.0
RXST2503,보험료_산재보험,2026-05-01,15880.0
RIOH6100,보험료_산재보험,2026-05-01,208440.0
ROOH3500,보험료_산재보험,2026-05-01,116040.0
RCST2506,보험료_산재보험,2026-05-01,58800.0
RCOH3100,보험료_산재보험,2026-05-01,71870.0
RCPU2629,보험료_산재보험,2026-05-01,13650.0
RXST2501,보험료_산재보험,2026-05-01,17230.0
RTOH3300,보험료_산재보험,2026-05-01,359750.0
RRLM3412,보험료_산재보험,2026-05-01,75370.0
RRCO3420,보험료_산재보험,2026-05-01,180640.0
RROH3400,보험료_고용보험,2026-05-01,485090.0
RXST2501,보험료_고용보험,2026-05-01,27330.0
RXOH3200,보험료_고용보험,2026-05-01,69590.0
RRPM3430,보험료_고용보험,2026-05-01,392910.0
RIOH6100,보험료_고용보험,2026-05-01,380350.0
RRCO3420,보험료_고용보험,2026-05-01,444010.0
RRLM3411,보험료_고용보험,2026-05-01,524570.0
RTOH3300,보험료_고용보험,2026-05-01,653190.0
RXST2503,보험료_고용보험,2026-05-01,28980.0
RRLM3412,보험료_고용보험,2026-05-01,154790.0
RCST2506,보험료_고용보험,2026-05-01,83200.0
RCPU2629,보험료_고용보험,2026-05-01,19060.0
RCOH3100,보험료_고용보험,2026-05-01,140520.0
RXST2502,보험료_고용보험,2026-05-01,24530.0
ROOH3500,보험료_고용보험,2026-05-01,146430.0
RCST2507,보험료_고용보험,2026-05-01,90180.0
RIPU2609,보험료_프로젝트,2026-05-01,466500.0
RCPU2628,보험료_프로젝트,2026-05-01,969000.0
RXPU2604,보험료_프로젝트,2026-05-01,826000.0
RXST2505,보험료_프로젝트,2026-05-01,78144.0
RCPU2634,보험료_프로젝트,2026-05-01,181000.0
RXST2504,보험료_프로젝트,2026-05-01,196856.0
RCPU2630,보험료_프로젝트,2026-05-01,181000.0
RTPU2637,보험료_프로젝트,2026-05-01,496000.0
RCPU2626,보험료_프로젝트,2026-05-01,1967000.0
RIPU2604,보험료_프로젝트,2026-05-01,965650.0
RRPM2504,보험료_프로젝트,2026-05-01,8741.0
RXST2501,보험료_프로젝트,2026-05-01,215765.0
RXST2607,보험료_프로젝트,2026-05-01,149400.0
RCPU2629,보험료_프로젝트,2026-05-01,500000.0
RCPU2604,보험료_프로젝트,2026-05-01,968500.0
RXST2503,보험료_프로젝트,2026-05-01,88579.0
RXPU2514,보험료_프로젝트,2026-05-01,40802.0
RRPM3430,보험료_기타,2026-05-01,254183.0
RCPU2641,차량유지비_유류대,2026-05-01,50000.0
RCPU2628,차량유지비_유류대,2026-05-01,40000.0
RCPU2626,차량유지비_유류대,2026-05-01,81686.0
RCPU2628,차량유지비_기타,2026-05-01,122500.0
RCPU2627,차량유지비_기타,2026-05-01,20000.0
RXPU2604,차량유지비_기타,2026-05-01,72000.0
RCPU2624,차량유지비_기타,2026-05-01,1000.0
RCPU2626,차량유지비_기타,2026-05-01,6000.0
RRLM3411,운반비_사업본부,2026-05-01,21600.0
RIOH6100,운반비_사업본부,2026-05-01,468000.0
ROPU2609,운반비_사업본부,2026-05-01,32900.0
RTPU2629,운반비_사업본부,2026-05-01,815000.0
RXST2607,운반비_사업본부,2026-05-01,990.0
RIPU2604,운반비_사업본부,2026-05-01,2500000.0
RTPU2608,운반비_사업본부,2026-05-01,260000.0
RTPU2632,운반비_사업본부,2026-05-01,151000.0
RXST2501,운반비_사업본부,2026-05-01,48070.0
RTPU2644,운반비_사업본부,2026-05-01,60000.0
ROPU2606,운반비_사업본부,2026-05-01,140000.0
ROOH3500,운반비_사업본부,2026-05-01,155700.0
RTPU2638,운반비_사업본부,2026-05-01,281400.0
RXST2505,운반비_사업본부,2026-05-01,33000.0
ROPU2603,운반비_사업본부,2026-05-01,150000.0
RRPM3430,운반비_사업본부,2026-05-01,130500.0
RTPU2646,운반비_사업본부,2026-05-01,374000.0
RTPU2647,운반비_사업본부,2026-05-01,202000.0
RCST2506,운반비_사업본부,2026-05-01,32000.0
ROPU2607,운반비_사업본부,2026-05-01,130000.0
RCPU2628,운반비_사업본부,2026-05-01,1175000.0
RCST2507,운반비_사업본부,2026-05-01,650500.0
RTPU2642,운반비_사업본부,2026-05-01,910000.0
RCPU2626,운반비_사업본부,2026-05-01,622000.0
RTPU2637,운반비_사업본부,2026-05-01,771000.0
RTPU2643,운반비_사업본부,2026-05-01,75000.0
RCPU2625,운반비_사업본부,2026-05-01,440000.0
ROPU2609,도서인쇄비_행사출력물,2026-05-01,707273.0
RTPU2629,도서인쇄비_행사출력물,2026-05-01,2493100.0
RCPU2604,도서인쇄비_행사출력물,2026-05-01,61819.0
RCST2506,도서인쇄비_행사출력물,2026-05-01,95000.0
RXST2503,도서인쇄비_행사출력물,2026-05-01,180300.0
RTPU2608,도서인쇄비_행사출력물,2026-05-01,240000.0
RTPU2637,도서인쇄비_행사출력물,2026-05-01,1020000.0
RTPU2642,도서인쇄비_행사출력물,2026-05-01,70681.0
RXST2607,도서인쇄비_행사출력물,2026-05-01,19300.0
RCPU2626,도서인쇄비_행사출력물,2026-05-01,1967650.0
RTPU2638,도서인쇄비_행사출력물,2026-05-01,1169365.0
RXPU2604,도서인쇄비_행사출력물,2026-05-01,345618.0
RCPU2628,도서인쇄비_행사출력물,2026-05-01,10164.0
RXST2505,도서인쇄비_행사출력물,2026-05-01,360263.0
RIPU2604,도서인쇄비_행사출력물,2026-05-01,2700000.0
RXST2502,도서인쇄비_행사출력물,2026-05-01,36000.0
RXST2501,도서인쇄비_행사출력물,2026-05-01,96400.0
RTPU2643,도서인쇄비_행사출력물,2026-05-01,221000.0
RRLM3411,도서인쇄비_행사출력물,2026-05-01,31000.0
RTPU2632,도서인쇄비_행사출력물,2026-05-01,700000.0
ROPU2603,도서인쇄비_행사출력물,2026-05-01,-249000.0
RTPU2646,도서인쇄비_행사출력물,2026-05-01,2360000.0
RXST2504,도서인쇄비_행사출력물,2026-05-01,84400.0
RIOH6100,소모품비_본사,2026-05-01,100445.0
ROOH3500,소모품비_본사,2026-05-01,420583.0
RCPU2625,소모품비_현장,2026-05-01,766343.0
RCPU2626,소모품비_현장,2026-05-01,1577414.0
ROPU2605,소모품비_현장,2026-05-01,49909.0
RIPU2609,소모품비_현장,2026-05-01,42436.0
RXPU2604,소모품비_현장,2026-05-01,2182292.0
RTPU2608,소모품비_현장,2026-05-01,2069280.0
RCPU2622,소모품비_현장,2026-05-01,88298.0
RCPU2624,소모품비_현장,2026-05-01,221113.0
RIPU2610,소모품비_현장,2026-05-01,4691607.0
RXST2505,소모품비_현장,2026-05-01,828091.0
RCPU2627,소모품비_현장,2026-05-01,1948794.0
ROPU2606,소모품비_현장,2026-05-01,3988026.0
RXPU2602,소모품비_현장,2026-05-01,1.734738E7
RTPU2644,소모품비_현장,2026-05-01,18818.0
RCPU2630,소모품비_현장,2026-05-01,106973.0
RTPU2642,소모품비_현장,2026-05-01,958372.0
RCPU2604,소모품비_현장,2026-05-01,957506.0
RTPU2647,소모품비_현장,2026-05-01,80799.0
RRLM3412,소모품비_현장,2026-05-01,5000.0
RTPU2632,소모품비_현장,2026-05-01,5644414.0
RTPU2643,소모품비_현장,2026-05-01,117544.0
ROPU2609,소모품비_현장,2026-05-01,1737604.0
RTPU2629,소모품비_현장,2026-05-01,2429825.0
RXST2502,소모품비_현장,2026-05-01,163453.0
RIPU2607,소모품비_현장,2026-05-01,400909.0
RCPU2628,소모품비_현장,2026-05-01,1.0975142E7
ROPU2608,소모품비_현장,2026-05-01,2.0009225E7
RRLM3411,소모품비_현장,2026-05-01,10500.0
RXST2501,소모품비_현장,2026-05-01,870635.0
RXST2504,소모품비_현장,2026-05-01,2442035.0
RCPU2631,소모품비_현장,2026-05-01,2077133.0
RCST2506,소모품비_현장,2026-05-01,16000.0
RCPU2629,소모품비_현장,2026-05-01,85917.0
RXST2503,소모품비_현장,2026-05-01,594426.0
RCST2507,소모품비_현장,2026-05-01,254298.0
RTPU2638,소모품비_현장,2026-05-01,495810.0
RIPU2604,소모품비_현장,2026-05-01,4054456.0
ROPU2607,소모품비_현장,2026-05-01,7258213.0
RXST2607,소모품비_현장,2026-05-01,372744.0
RTPU2646,소모품비_현장,2026-05-01,883307.0
RTPU2637,소모품비_현장,2026-05-01,1560188.0
RXST2504,소모품비_기타,2026-05-01,140845.0
RXST2502,소모품비_기타,2026-05-01,108399.0
RXST2505,소모품비_기타,2026-05-01,65509.0
ROOH3500,소모품비_기타,2026-05-01,167455.0
RXST2607,소모품비_기타,2026-05-01,223436.0
ROPU2602,지급수수료_운영인건비,2026-05-01,600000.0
ROPU2609,지급수수료_운영인건비,2026-05-01,2100000.0
RCPU2628,지급수수료_운영인건비,2026-05-01,6.822275E7
RCPU2627,지급수수료_운영인건비,2026-05-01,940000.0
RCPU2629,지급수수료_운영인건비,2026-05-01,1.154082E7
RCPU2622,지급수수료_운영인건비,2026-05-01,2.527879E7
RCPU2604,지급수수료_운영인건비,2026-05-01,1.2860001E8
RCPU2626,지급수수료_운영인건비,2026-05-01,7.327521E7
RTPU2637,지급수수료_운영인건비,2026-05-01,2000000.0
RCPU2625,지급수수료_운영인건비,2026-05-01,1.8103E7
RCST2507,지급수수료_운영인건비,2026-05-01,280000.0
RXPU2514,지급수수료_운영인건비,2026-05-01,3725000.0
RCPU2624,지급수수료_운영인건비,2026-05-01,2.57669E7
RTPU2632,지급수수료_도급인건비,2026-05-01,9108000.0
RXST2607,지급수수료_도급인건비,2026-05-01,3858565.0
RTPU2646,지급수수료_도급인건비,2026-05-01,8300000.0
RRPM2402,지급수수료_도급인건비,2026-05-01,300000.0
RTPU2638,지급수수료_도급인건비,2026-05-01,6.1E7
RTPU2647,지급수수료_도급인건비,2026-05-01,6247000.0
ROPU2609,지급수수료_도급인건비,2026-05-01,980000.0
RTPU2637,지급수수료_도급인건비,2026-05-01,2375000.0
RIPU2604,지급수수료_도급인건비,2026-05-01,6.13E7
RCPU2628,지급수수료_도급인건비,2026-05-01,2800000.0
RTPU2643,지급수수료_도급인건비,2026-05-01,800000.0
RXST2505,지급수수료_도급인건비,2026-05-01,4005628.0
RTPU2634,지급수수료_도급인건비,2026-05-01,2.55E7
RRPM2505,지급수수료_도급인건비,2026-05-01,250000.0
RXST2504,지급수수료_도급인건비,2026-05-01,8700503.0
RXST2501,지급수수료_도급인건비,2026-05-01,646069.0
ROPU2606,지급수수료_도급인건비,2026-05-01,9320000.0
RTPU2644,지급수수료_도급인건비,2026-05-01,1.36E7
RRPM2502,지급수수료_도급인건비,2026-05-01,1000000.0
RRPM3430,지급수수료_도급인건비,2026-05-01,1.13567892E8
RRPM2504,지급수수료_도급인건비,2026-05-01,980000.0
RTPU2632,지급수수료_디자인,2026-05-01,2000000.0
RTPU2646,지급수수료_디자인,2026-05-01,1000000.0
RTPU2638,지급수수료_디자인,2026-05-01,4150000.0
ROPU2603,지급수수료_디자인,2026-05-01,2000000.0
RTPU2645,지급수수료_디자인,2026-05-01,1500000.0
RTPU2629,지급수수료_디자인,2026-05-01,3500000.0
RIPU2604,지급수수료_디자인,2026-05-01,6000000.0
RXPU2603,지급수수료_디자인,2026-05-01,2700000.0
RCPU2625,지급수수료_서비스이용료,2026-05-01,300000.0
RRPM3430,지급수수료_서비스이용료,2026-05-01,173000.0
RTOH3300,지급수수료_서비스이용료,2026-05-01,63023.0
RRPM2505,지급수수료_서비스이용료,2026-05-01,280000.0
ROPU2606,지급수수료_서비스이용료,2026-05-01,3172727.0
RCPU2626,지급수수료_서비스이용료,2026-05-01,550000.0
RCPU2604,지급수수료_서비스이용료,2026-05-01,600000.0
RXPU2602,지급수수료_서비스이용료,2026-05-01,5400000.0
RCPU2628,지급수수료_서비스이용료,2026-05-01,415400.0
RCST2506,지급수수료_서비스이용료,2026-05-01,34000.0
RCPU2627,지급수수료_서비스이용료,2026-05-01,546200.0
RXPU2514,지급수수료_서비스이용료,2026-05-01,30000.0
RCST2506,지급수수료_공간수수료,2026-05-01,1.3999615E7
RCPU2626,지급수수료_공간수수료,2026-05-01,518182.0
RCST2507,지급수수료_공간수수료,2026-05-01,3075055.0
RXPU2602,지급수수료_공간수수료,2026-05-01,2545455.0
RTPU2645,지급수수료_공간수수료,2026-05-01,1.43E7
RCPU2628,지급수수료_공간수수료,2026-05-01,500000.0
RXST2505,지급수수료_공간수수료,2026-05-01,280000.0
RTPU2643,지급수수료_공간수수료,2026-05-01,272728.0
RIPU2607,지급수수료_공간수수료,2026-05-01,2.45E7
RIPU2602,지급수수료_시공,2026-05-01,1.654E8
RXPU2604,지급수수료_시공,2026-05-01,6.9E7
RTPU2632,지급수수료_시공,2026-05-01,1.3E8
RCPU2604,지급수수료_시공,2026-05-01,6.662E7
RIPU2604,지급수수료_시공,2026-05-01,1.1E8
RXST2607,지급수수료_시공,2026-05-01,-5.0E7
RIPU2609,지급수수료_시공,2026-05-01,8.057E7
RXPU2602,지급수수료_시공,2026-05-01,1.32E8
RTPU2637,지급수수료_시공,2026-05-01,2.56E7
ROPU2606,지급수수료_시공,2026-05-01,2.2553636E7
RTPU2638,지급수수료_시공,2026-05-01,3.6881E7
RTPU2629,지급수수료_시공,2026-05-01,1.28E7
RIPU2606,지급수수료_시공,2026-05-01,3.2E7
RTPU2642,지급수수료_시공,2026-05-01,1.21E7
RXPU2514,지급수수료_광고비,2026-05-01,61224.0
RTPU2644,지급수수료_물품대여,2026-05-01,2000000.0
RTPU2637,지급수수료_물품대여,2026-05-01,2959000.0
RTPU2643,지급수수료_물품대여,2026-05-01,7120000.0
ROPU2606,지급수수료_물품대여,2026-05-01,176000.0
RTPU2649,지급수수료_물품대여,2026-05-01,1105500.0
RXST2504,지급수수료_물품대여,2026-05-01,532000.0
RTPU2642,지급수수료_물품대여,2026-05-01,452000.0
RCPU2626,지급수수료_물품대여,2026-05-01,8240000.0
RTPU2632,지급수수료_물품대여,2026-05-01,2550000.0
RTPU2629,지급수수료_물품대여,2026-05-01,1.0976E7
RCPU2604,지급수수료_물품대여,2026-05-01,800000.0
RTPU2607,지급수수료_물품대여,2026-05-01,8000000.0
RCPU2627,지급수수료_물품대여,2026-05-01,2550000.0
RTPU2646,지급수수료_물품대여,2026-05-01,470000.0
RIPU2604,지급수수료_물품대여,2026-05-01,6450000.0
RTPU2638,지급수수료_물품대여,2026-05-01,1200000.0
RIPU2606,지급수수료_물품대여,2026-05-01,1460000.0
RCPU2628,지급수수료_물품대여,2026-05-01,3646000.0
ROPU2609,지급수수료_물품대여,2026-05-01,472727.0
RXPU2602,지급수수료_제작비,2026-05-01,2.59E7
RIPU2608,지급수수료_제작비,2026-05-01,1.3E7
RTPU2638,지급수수료_제작비,2026-05-01,6822000.0
RTPU2608,지급수수료_제작비,2026-05-01,6300000.0
RIPU2606,지급수수료_제작비,2026-05-01,720000.0
RTPU2642,지급수수료_제작비,2026-05-01,1.3179091E7
RTPU2629,지급수수료_제작비,2026-05-01,5600000.0
RTPU2646,지급수수료_제작비,2026-05-01,3150000.0
RTPU2632,지급수수료_제작비,2026-05-01,1.0307E7
RTPU2631,지급수수료_제작비,2026-05-01,600000.0
RTPU2643,지급수수료_제작비,2026-05-01,2518182.0
RCPU2631,지급수수료_제작비,2026-05-01,1400000.0
ROPU2608,지급수수료_제작비,2026-05-01,500000.0
RCPU2626,지급수수료_카드수수료,2026-05-01,1317192.0
RCST2507,지급수수료_카드수수료,2026-05-01,20583.0
RCST2506,지급수수료_카드수수료,2026-05-01,330859.0
RTPU2629,지급수수료_카드수수료,2026-05-01,303576.0
RXST2505,지급수수료_카드수수료,2026-05-01,22495.0
RROH3400,지급수수료_Working Tool,2026-05-01,1859673.0
RIOH6100,지급수수료_Working Tool,2026-05-01,904351.0
RXOH3200,지급수수료_Working Tool,2026-05-01,1454032.0
RRPM3430,지급수수료_Working Tool,2026-05-01,421426.0
RRLM3412,지급수수료_Working Tool,2026-05-01,76623.0
RCOH3100,지급수수료_Working Tool,2026-05-01,1219807.0
RRLM3411,지급수수료_Working Tool,2026-05-01,114934.0
RTOH3300,지급수수료_Working Tool,2026-05-01,1900720.0
RRCO3420,지급수수료_Working Tool,2026-05-01,114934.0
ROOH3500,지급수수료_Working Tool,2026-05-01,631814.0
RXST2501,지급수수료_Working Tool,2026-05-01,926469.0
RRPM3430,지급수수료_자문료,2026-05-01,500000.0
RRLM3411,지급수수료_자문료,2026-05-01,1500000.0
RCPU2628,지급수수료_채용,2026-05-01,15400.0
RXST2607,지급수수료_기타,2026-05-01,2174783.0
RIOH6100,지급수수료_기타,2026-05-01,182000.0
RXST2503,지급수수료_기타,2026-05-01,6072496.0
RXST2502,지급수수료_기타,2026-05-01,1419511.0
RXST2501,지급수수료_기타,2026-05-01,3830694.0
RTPU2632,지급수수료_기타,2026-05-01,445000.0
RCST2507,지급수수료_기타,2026-05-01,440613.0
RXST2504,지급수수료_기타,2026-05-01,1.6787929E7
RXST2505,지급수수료_기타,2026-05-01,1321114.0
RXPU2604,지급수수료_기타,2026-05-01,200000.0
RRPM2505,지급수수료_기타,2026-05-01,7900000.0
RIPU2602,지급수수료_기타,2026-05-01,10000.0
RIPU2607,지급수수료_기타,2026-05-01,4900000.0
RXST2505,광고선전비,2026-05-01,109670.0
RRPM3430,광고선전비,2026-05-01,170000.0
RXST2607,광고선전비,2026-05-01,1408580.0
RTPU2632,광고선전비,2026-05-01,2494700.0
RXST2607,판매촉진비,2026-05-01,1542982.0
ROOH3500,건물관리비,2026-05-01,414899.0
RXOH3200,건물관리비,2026-05-01,1175546.0
RIOH6100,건물관리비,2026-05-01,553200.0
RTOH3300,건물관리비,2026-05-01,968099.0
RROH3400,건물관리비,2026-05-01,1106396.0
RCOH3100,건물관리비,2026-05-01,1037247.0
