/popup/1651,1562,점프샵 팝업 | 팝가 POPGA,20250117,20260420
/popup/738,65,제주 삼다수 WAVE 팝업 - 제주 삼다수 팝업 | 팝가 Popga,20241008,20260628
/popup/1423,683,해리포터 X 카카오프렌즈 강남 팝업 | 팝가 POPGA,20241220,20260618
/popup/1488,68,새로 신년 서울 팝업 | 팝가 POPGA,20241227,20260613
/popup/1257,145,브뤼셀프라이 하남 팝업 | 팝가 POPGA,20241208,20260628
/popup/286,70,빵빵이와 옥지의 만물상 팝업 | 팝가 POPGA,20240809,20260603
/popup/3068,211,포켓몬 GO 팝업 | 팝가 POPGA,20250618,20260519
/popup/2114,8316,꿈빛 파티시엘 팝업 | 팝가 POPGA,20250307,20260622
/popup/2825,198,부가부 팝업 | 팝가 POPGA,20250522,20260622
/popup/2828,188,라로제 팝업 | 팝가 POPGA,20250522,20260628
/popup/1945,62,비클린 뷰티 위크 팝업 - 판교 | 팝가 POPGA,20250219,20260704
/popup/1627,202,삶은감자 팝업 | 팝가 POPGA,20250115,20260623
/popup/1853,351,보노보노 팝업 | 팝가 POPGA,20250212,20260617
/popup/1920,109,이고지고의 걱정 아이스크림 가게 팝업 | 팝가 POPGA,20250218,20260522
/popup/3844,153,그럴만두 팝업 - 부산 | 팝가 POPGA,20250902,20260613
/popup/2274,280,케로로 팝업 | 팝가 POPGA,20250318,20260704
/popup/3710,895,슈카월드 팝업 ‘ETF 베이커리‘ | 팝가 POPGA,20250821,20260628
/popup/1670/reviews,36,플레이브 X 올리브영 팝업 - 성수 후기 | 팝가 POPGA,20250204,20250509
/popup/3990,46,써모스 팝업 - HAPPY ROUTINE DAY | 팝가 POPGA,20250915,20250929
/popup/1817,28,볼보자동차 EX30 팝업 | 팝가 POPGA,20250210,20260619
/popup/2946,147,쿠키런: 킹덤 <열정과 나태의 낙원展> 특별전시 | 팝가 POPGA,20250610,20260606
/popup/2891,131,트렌핏 스트리트 팝업 | 팝가 POPGA,20250530,20260520
/popup/2748,381,이웃집 통통이 X 브레드이발소 팝업 | 팝가 POPGA,20250513,20260529
/popup/5099,1210,더 티니핑 성수 X 리얼월드 성수 이벤트 - 성수 팝업 | 팝가 Popga,20251223,20260424
/popup/4772,219,호이 공예&리빙 팝업 - 용산 팝업 | 팝가 Popga,20251125,20260619
/popup/4861,337,무용지용 팝업 - 용산 팝업 | 팝가 Popga,20251202,20260705
/popup/4003,32,오씸 팝업 | 팝가 POPGA,20250916,20260606
/popup/3191,300,SME 비디오샵 컨셉 프로모션 - 부산 | 팝가 POPGA,20250703,20260118
/popup/2444,856,벤앤제리스 X 글루닉 팝업 | 팝가 POPGA,20250407,20260627
/popup/1844,76,SOUP X 토티 작가 팝업 - 영등포 | 팝가 POPGA,20250211,20260524
/popup/973,173,플러피시트러스 X 신세계 강남 팝업 | 팝가 POPGA,20241102,20260622
/popup/1570,78,라춘복배달 이벤트 | 팝가 POPGA,20250110,20260705
/popup/3842,434,그럴만두 팝업 - 홍대 | 팝가 POPGA,20250902,20260704
/popup/3723,94,산스 팝업 | 팝가 POPGA,20250822,20260615
/popup/1810,42,디써티원 TELEGRAPH 팝업 | 팝가 POPGA,20250207,20260617
/popup/3304,317,하와이 여름마켓 팝업 | 팝가 POPGA,20250715,20260622
/popup/3367,435,소니 팝업 | 팝가 POPGA,20250724,20260529
/popup/2794,300,페인오어플레져 팝업 | 팝가 POPGA,20250519,20260623
/popup/4590,149,지드래곤 X 데이지 에일 팝업 - 여의도 팝업 | 팝가 Popga,20251107,20260617
/popup/2506/reviews/write,1,KBO 팬 페스타 팝업 후기 | 팝가 POPGA,20250416,20250416
/popup/3391,312,스미코구라시 팝업 | 팝가 POPGA,20250728,20260618
/popup/4170,252,댄꼼마 팝업 | 팝가 Popga,20251001,20260618
/popga-pass/2162,3,키키 | 팝가패스,20250918,20250928
/popup/2309,53,리터치 팝업 | 팝가 POPGA,20250321,20260615
/popup/4549,78,위메이크 페인팅 팝업 - 위메이크 페인 팝업 팝업 | 팝가 Popga,20251105,20260704
/popup/2329,106,삼성 라이온즈 X 바오패밀리 팝업 | 팝가 POPGA,20250324,20260619
/popup/2293,194,약탈혼 X 투니크 콜라보 카페 팝업 - 홍대 | 팝가 POPGA,20250320,20260614
/popup/4257,235,샌디리앙 팝업 | 팝가 Popga,20251011,20260519
/popup/1360,64,우스끄 쇼룸 대구 팝업 | 팝가 POPGA,20241214,20260704
/popup/sheet/5325,157,강남/서초 팝업스토어 찾기 | 팝가,20260223,20260417
/popup/sheet/5675,1290,"인기 팝업스토어 일정, 후기를 한눈에! | 팝가 Popga",20260223,20260604
/popup/sheet/5707,91,"인기 팝업스토어 일정, 후기를 한눈에! | 팝가 Popga",20260225,20260308
/popup/sheet/6142,57,팝업스토어 찾기 | 팝가,20260405,20260408
/popup/sheet/6112,191,"인기 팝업스토어 일정, 후기를 한눈에! | 팝가 Popga",20260401,20260425
/popup/sheet/5946,460,성수 팝업스토어 찾기 | 팝가,20260319,20260521
/popup/3359,192,iKON JAY(김진환) X 리얼월드 팝업 | 팝가 POPGA,20250724,20260614
/popup/4432,109,셀바티코 팝업 | 팝가 Popga,20251027,20260603
/popup/3535,151,보다나 팝업 | 팝가 POPGA,20250805,20260615
/popup/sheet/6260,281,성수 팝업스토어 찾기 | 팝가,20260409,20260510
/popup/6234,589,포켓몬 시크릿 포레스트 2026 이벤트 - 성수 팝업 | 팝가 Popga,20260408,20260616
/popup/sheet/6128,90,팝업스토어 찾기 | 팝가,20260402,20260510
/popup/sheet/6277,109,"인기 팝업스토어 일정, 후기를 한눈에! | 팝가 Popga",20260410,20260416
/popup/sheet/5795,364,성수 팝업스토어 찾기 | 팝가,20260308,20260521
/popup/sheet/5601,161,팝업스토어 찾기 | 팝가,20260223,20260415
/popup/3740,60,헬로키티 X 아루마루 팝업 | 팝가 POPGA,20250822,20260604
/popup/4465,114,노스페이스 화이트라벨 팝업 - NUPTSE ELLA | 팝가 Popga,20251029,20260519
/popup/sheet/6091,240,팝업스토어 찾기 | 팝가,20260401,20260430
/popup/sheet/6218,354,"인기 팝업스토어 일정, 후기를 한눈에! | 팝가 Popga",20260408,20260508
/popup/sheet/5971,433,성수 팝업스토어 찾기 | 팝가,20260322,20260521
/popup/sheet/6204,23,팝업스토어 찾기 | 팝가,20260408,20260412
/popup/sheet/6184,110,잠실 팝업스토어 찾기 | 팝가,20260407,20260508
/popup/sheet/5949,739,"인기 팝업스토어 일정, 후기를 한눈에! | 팝가 Popga",20260320,20260521
/popup/sheet/6078,192,성수 팝업스토어 찾기 | 팝가,20260330,20260412
/popup/sheet/6274,137,홍대/신촌 애니/캐릭터 팝업스토어 찾기 | 팝가,20260410,20260518
/popup/sheet/6488,225,"인기 팝업스토어 일정, 후기를 한눈에! | 팝가 Popga",20260421,20260503
/popup/sheet/6547,945,"인기 팝업스토어 일정, 후기를 한눈에! | 팝가 Popga",20260422,20260511
/popup/sheet/6588,547,성수 팝업스토어 찾기 | 팝가,20260424,20260522
/popup/sheet/6542,907,성수 팝업스토어 찾기 | 팝가,20260422,20260616
/popup/sheet/6642,7,팝업스토어 찾기 | 팝가,20260426,20260530
/popup/4453,131,할로윈 블리치 리스닝 파티 - 블리치: 소울 레조넌스 | 팝가 Popga,20251028,20260622
/popup/sheet/5751,89,팝업스토어 찾기 | 팝가,20260302,20260319
/popup/sheet/5741,85,"인기 팝업스토어 일정, 후기를 한눈에! | 팝가 Popga",20260301,20260308
/popup/sheet/5681,269,애니/캐릭터 팝업스토어 찾기 | 팝가,20260223,20260404
/popup/sheet/6108,237,성수 팝업스토어 찾기 | 팝가,20260331,20260521
/popup/5031,348,든해소 팝업 - 성수 팝업 | 팝가 Popga,20251217,20260526
/popup/4819,26,초조 팝업 - 홍대 팝업 | 팝가 Popga,20251128,20260704
/popup/5065,120,화요 X B.O.P. 팝업 - 강남 팝업 | 팝가 Popga,20251219,20260612
/popup/4647,78,청년마을 용산역 팝업 - 용산 팝업 | 팝가 Popga,20251113,20260515
/popup/sheet/6064,80,팝업스토어 찾기 | 팝가,20260329,20260406
/popup/sheet/5990,20,팝업스토어 찾기 | 팝가,20260324,20260404
/popup/sheet/5874,365,성수 팝업스토어 찾기 | 팝가,20260313,20260404
/popup/sheet/5578,20,팝업스토어 찾기 | 팝가,20260223,20260228
/popup/sheet/5618,20,여의도 팝업스토어 찾기 | 팝가,20260223,20260302
/popup/sheet/5305,75,성수 팝업스토어 찾기 | 팝가,20260223,20260227
/popup/sheet/6101,108,강남/서초 팝업스토어 찾기 | 팝가,20260331,20260430
/popup/sheet/6366,279,성수 팝업스토어 찾기 | 팝가,20260415,20260530
/popup/sheet/6268,96,팝업스토어 찾기 | 팝가,20260410,20260518
/popup/sheet/6356,55,팝업스토어 찾기 | 팝가,20260415,20260508
/popup/6121,231,비플레인 팝업 - 강남 팝업 | 팝가 Popga,20260401,20260620
/popup/4746,120,스카우트 팝업 - 강남 팝업 | 팝가 Popga,20251121,20260628
/popup/sheet/5631,41,잠실 팝업스토어 찾기 | 팝가,20260223,20260302
/popup/1068,29,오드소피 X 비클린 더현대 서울 팝업 | 팝가 POPGA,20241114,20260622
/popup/sheet/6351,595,성수 팝업스토어 찾기 | 팝가,20260417,20260503
/popup/5263,270,캇제 팝업 - 용산 팝업 | 팝가 Popga,20260110,20260704
/popup/sheet/6028,40,팝업스토어 찾기 | 팝가,20260326,20260402
/popup/sheet/6240,28,"인기 팝업스토어 일정, 후기를 한눈에! | 팝가 Popga",20260409,20260518
/popup/sheet/5982,103,팝업스토어 찾기 | 팝가,20260323,20260419
/popup/sheet/5936,68,팝업스토어 찾기 | 팝가,20260318,20260329
/popup/4628,67,넌블랭크 팝업 - 여의도 팝업 | 팝가 Popga,20251111,20260613
/popup/5061,74,시티브리즈 팝업 - 여의도 팝업 | 팝가 Popga,20251219,20260623
/popup/4934,48,봉주르마치 팝업 - 종로 팝업 | 팝가 Popga,20251209,20260619
/popup/sheet/5904,42,팝업스토어 찾기 | 팝가,20260316,20260419
/popup/sheet/5843,524,성수 팝업스토어 찾기 | 팝가,20260311,20260521
/popup/sheet/5941,94,팝업스토어 찾기 | 팝가,20260319,20260430
/popup/5294,137,룩트 팝업 - 용산 팝업 | 팝가 Popga,20260114,20260620
/popup/4418,177,제로베이스원 팝업 - zeroni FLUFFY Wonderland | 팝가 Popga,20251024,20260627
/popup/sheet/7054,33,여의도 팝업스토어 찾기 | 팝가,20260515,20260520
/popup/sheet/1972,1,성수 팝업스토어 찾기 | 팝가,20260519,20260519
/popup/sheet/6904,23,팝업스토어 찾기 | 팝가,20260506,20260519
/popup/sheet/6952,106,성수 팝업스토어 찾기 | 팝가,20260511,20260521
/popup/1426,31,아르반 팝업 | 팝가 POPGA,20241221,20260604
/popup/sheet/6929,148,성수 팝업스토어 찾기 | 팝가,20260507,20260511
/popup/sheet/6910,78,팝업스토어 찾기 | 팝가,20260506,20260519
/popup/1523,34,차일드라이프 판교 팝업 | 팝가 POPGA,20250106,20260604
/popup/sheet/5715,81,애니/캐릭터 팝업스토어 찾기 | 팝가,20260226,20260325
/popup/1952,113,보다나 팝업 | 팝가 POPGA,20250220,20260705
/popup/sheet/6907,58,잠실 팝업스토어 찾기 | 팝가,20260506,20260524
/popup/sheet/6605,16,팝업스토어 찾기 | 팝가,20260427,20260511
/popup/sheet/6594,27,팝업스토어 찾기 | 팝가,20260426,20260603
/popup/5264,289,빵빵이의 타로집 팝업 - 대구 - 대구 팝업 | 팝가 Popga,20260110,20260523
/popup/sheet/7027,233,성수 팝업스토어 찾기 | 팝가,20260513,20260518
/popup/sheet/7044,132,성수 팝업스토어 찾기 | 팝가,20260514,20260521
/popup/sheet/5661,62,잠실 팝업스토어 찾기 | 팝가,20260223,20260319
/popup/sheet/5709,54,팝업스토어 찾기 | 팝가,20260225,20260309
/popup/sheet/6728,170,홍대/신촌 팝업스토어 찾기 | 팝가,20260429,20260524
/popup/sheet/5807,697,홍대/신촌 애니/캐릭터 팝업스토어 찾기 | 팝가,20260309,20260524
/popup/sheet/4168,1,뷰티 팝업스토어 찾기 | 팝가,20260319,20260319
/reservation/popup/2689/complete/166,1,탐스싱싱마켓 팝업 사전예약 | 팝가 POPGA,20250516,20250516
/popup/2740/reviews,26,아이유 생일 카페 - 성수 후기 | 팝가 POPGA,20250516,20250527
/popup/sheet/5820,208,성수 팝업스토어 찾기 | 팝가,20260309,20260322
/popup/4272,44,페어웨어 마켓 팝업 | 팝가 Popga,20251013,20260615
/popup/sheet/5382,35,"인기 팝업스토어 일정, 후기를 한눈에! | 팝가 Popga",20260223,20260518
/popup/sheet/7060,40,팝업스토어 찾기 | 팝가,20260515,20260520
/popup/sheet/5844,93,팝업스토어 찾기 | 팝가,20260311,20260401
/popup/sheet/5950,44,팝업스토어 찾기 | 팝가,20260320,20260328
/popup/sheet/5942,123,성수 팝업스토어 찾기 | 팝가,20260319,20260322
/popup/4891,96,유비콰 팝업 - 여의도 팝업 | 팝가 Popga,20251204,20260523
/popup/sheet/7152,96,성수 팝업스토어 찾기 | 팝가,20260520,20260525
/popup/sheet/6541,47,팝업스토어 찾기 | 팝가,20260422,20260530
/popup/sheet/6089,70,여의도 팝업스토어 찾기 | 팝가,20260331,20260423
/popup/6719,24,치이상점 팝업 - 동대문 팝업 | 팝가 Popga,20260429,20260612
/popup/sheet/6420,57,강남/서초 팝업스토어 찾기 | 팝가,20260416,20260429
/popup/sheet/6034,82,"인기 팝업스토어 일정, 후기를 한눈에! | 팝가 Popga",20260327,20260410
/popup/sheet/6886,24,팝업스토어 찾기 | 팝가,20260505,20260519
/popup/sheet/5905,21,팝업스토어 찾기 | 팝가,20260316,20260326
/popup/7712,109,숨결통식빵 X 세븐일레븐 팝업 - 잠실 팝업 | 팝가 Popga,20260625,20260704
/popup/sheet/5930,59,팝업스토어 찾기 | 팝가,20260318,20260405
/popup/sheet/6842,11,경상권 팝업스토어 찾기 | 팝가,20260429,20260606
/popup/sheet/6430,53,팝업스토어 찾기 | 팝가,20260417,20260508
/popup/5866,69,위드썸 팝업 - 용산 팝업 | 팝가 Popga,20260313,20260628
/popup/sheet/7007,52,여의도 팝업스토어 찾기 | 팝가,20260513,20260520
/popup/sheet/5837,202,홍대/신촌 애니/캐릭터 팝업스토어 찾기 | 팝가,20260310,20260323
/popup/sheet/5491,148,성수 팝업스토어 찾기 | 팝가,20260223,20260314
/popup/sheet/5834,55,팝업스토어 찾기 | 팝가,20260310,20260312
/popup/sheet/6699,390,성수 팝업스토어 찾기 | 팝가,20260511,20260603
/popup/sheet/6562,239,성수 팝업스토어 찾기 | 팝가,20260423,20260508
/popup/sheet/6685,23,잠실 팝업스토어 찾기 | 팝가,20260427,20260515
/popup/sheet/5792,82,팝업스토어 찾기 | 팝가,20260305,20260315
/popup/6601,13,사브르 팝업 - 대전 팝업 | 팝가 Popga,20260427,20260622
/popup/4936,41,에버에이유 팝업 - 강남 팝업 | 팝가 Popga,20251209,20260622
/popup/sheet/6917,67,팝업스토어 찾기 | 팝가,20260507,20260522
/popup/sheet/6989,145,성수 팝업스토어 찾기 | 팝가,20260512,20260516
/popup/sheet/3075,1,성수 뷰티 팝업스토어 찾기 | 팝가,20260506,20260506
/popup/1380,72,브롤스타즈 크리스마스 팝업 | 팝가 POPGA,20241216,20260705
/popup/1761,27,놀그라미 팝업 - 고양 - 놀그라미 팝업 | 팝가 Popga,20250204,20260622
/popup/1287,50,브레더스 팝업 - 홍대 | 팝가 POPGA,20241208,20260530
/popup/1666,56,팰리세이드 팝업 - 판교 | 팝가 POPGA,20250120,20260515
/popup/2856,65,G7 커피 팝업 | 팝가 POPGA,20250527,20260616
/popup/2205/reviews/write,1,피크민 팝업 후기 | 팝가 POPGA,20250328,20250328
/popup/2990,9,스탠다드브레드 | 팝가 POPGA,20250615,20250616
/popup/1972,62,케이스위스 팝업 - 케이스위스 팝업 | 팝가 Popga,20250221,20260705
/popup/5185,148,새해엔 미뤄왔던 다짐을 팝업 - 여의도 팝업 | 팝가 Popga,20260102,20260617
/popup/5172,164,GS25 X 명조 팝업 - 강남 - 강남 팝업 | 팝가 Popga,20251231,20260704
/popup/3938,146,베베드피노 X 피너츠 팝업 | 팝가 POPGA,20250910,20260618
/popga-pass/2170,1,파케파케 성수 | 팝가패스,20250919,20250919
/reservation/popup/2689/complete/330,1,탐스싱싱마켓 팝업 사전예약 | 팝가 POPGA,20250524,20250524
/popup/sheet/6228,57,팝업스토어 찾기 | 팝가,20260410,20260416
/popup/sheet/5798,51,팝업스토어 찾기 | 팝가,20260306,20260322
/popup/sheet/5790,46,"인기 팝업스토어 일정, 후기를 한눈에! | 팝가 Popga",20260305,20260308
/popup/13,41,프레딧 뷰티 팝업 | 팝가 POPGA,20240828,20260612
/popup/5221,74,스톤헨지 팝업 - 강남 팝업 | 팝가 Popga,20260107,20260628
/popup/sheet/6550,394,"인기 팝업스토어 일정, 후기를 한눈에! | 팝가 Popga",20260422,20260518
/popup/6568,47,김영상회 팝업 - 부산 팝업 | 팝가 Popga,20260423,20260612
/popup/sheet/6201,73,팝업스토어 찾기 | 팝가,20260407,20260505
/popup/drawer/5559,1,"인기 팝업스토어 일정, 후기를 한눈에! | 팝가 Popga",20260302,20260302
/popup/sheet/5916,54,홍대/신촌 팝업스토어 찾기 | 팝가,20260317,20260402
/popup/sheet/5637,22,여의도 팝업스토어 찾기 | 팝가,20260223,20260301
/popup/sheet/6353,19,팝업스토어 찾기 | 팝가,20260415,20260427
/popup/sheet/5212,8,팝업스토어 찾기 | 팝가,20260224,20260228
/popup/sheet/5158,19,여의도 팝업스토어 찾기 | 팝가,20260223,20260228
/popup/sheet/6367,172,성수 팝업스토어 찾기 | 팝가,20260415,20260419
/popup/sheet/5688,113,성수 팝업스토어 찾기 | 팝가,20260224,20260302
/popup/sheet/5994,17,팝업스토어 찾기 | 팝가,20260324,20260407
/popup/sheet/5913,48,팝업스토어 찾기 | 팝가,20260317,20260326
/popup/sheet/5951,117,잠실 팝업스토어 찾기 | 팝가,20260320,20260426
/popup/sheet/6263,96,팝업스토어 찾기 | 팝가,20260410,20260415
/popup/sheet/6922,13,팝업스토어 찾기 | 팝가,20260507,20260526
/popup/sheet/7379,47,팝업스토어 찾기 | 팝가,20260604,20260606
/popup/sheet/6478,128,"인기 팝업스토어 일정, 후기를 한눈에! | 팝가 Popga",20260421,20260506
/popup/sheet/6412,29,팝업스토어 찾기 | 팝가,20260416,20260423
/popup/3658,46,헬로맨 팝업 | 팝가 POPGA,20250818,20260516
/popup/sheet/6652,13,팝업스토어 찾기 | 팝가,20260427,20260430
/popup/sheet/5162,1,팝업스토어 검색 | 팝가 Popga,20260507,20260507
/popup/sheet/5926,60,팝업스토어 찾기 | 팝가,20260318,20260326
/popup/6534,22,아르넛 팝업 - 서초 팝업 | 팝가 Popga,20260422,20260627
/popup/3625,49,퇴마록 콜라보 카페 | 팝가 POPGA,20250812,20260105
/popup/7293,40,칼린 플래그십 스토어 오픈 이벤트 - 홍대 팝업 | 팝가 Popga,20260529,20260622
/popup/sheet/6879,21,팝업스토어 찾기 | 팝가,20260504,20260507
/popup/sheet/6882,58,잠실 팝업스토어 찾기 | 팝가,20260504,20260516
/popup/sheet/7021,294,성수 팝업스토어 찾기 | 팝가,20260513,20260530
/popup/sheet/5963,18,팝업스토어 찾기 | 팝가,20260322,20260407
/popup/sheet/6890,17,팝업스토어 찾기 | 팝가,20260505,20260507
/popup/sheet/5841,57,팝업스토어 찾기 | 팝가,20260310,20260404
/popup/sheet/5702,40,팝업스토어 찾기 | 팝가,20260225,20260310
/popup/sheet/6563,123,팝업스토어 찾기 | 팝가,20260424,20260506
/popup/sheet/6498,10,팝업스토어 찾기 | 팝가,20260421,20260425
/popup/sheet/6413,68,팝업스토어 찾기 | 팝가,20260416,20260525
/popup/3022,101,지구마불 세계여행 팝업 | 팝가 POPGA,20250612,20260704
/popup/2304,106,무센트 팝업 | 팝가 POPGA,20250321,20260616
/popup/2311,48,레스트 인 네이처 팝업 - 하남 | 팝가 POPGA,20250322,20260705
/popup/3015,13,제인마치 | 팝가 POPGA,20250615,20260105
/popup/4754,138,"쉐어박스 AI,XR 빵탈출 팝업 - 홍대 팝업 | 팝가 Popga",20251123,20260612
/popup/609,16,퐁당패밀리 여의도 팝업 | 팝가 POPGA,20240921,20260529
/popup/5436,68,빵고미 팝업 – 대구 - 대구 팝업 | 팝가 Popga,20260127,20260623
/popup/sheet/6118,28,경상권 팝업스토어 찾기 | 팝가,20260402,20260428
/popup/sheet/5520,14,용산 팝업스토어 찾기 | 팝가,20260223,20260227
/popup/2257,183,이우가마카라스 팝업 | 팝가 POPGA,20250317,20260705
/popup/sheet/6423,96,성수 팝업스토어 찾기 | 팝가,20260417,20260419
/popup/sheet/5993,19,팝업스토어 찾기 | 팝가,20260324,20260329
/popup/7193,19,레디우스 팝업 - 부천 팝업 | 팝가 Popga,20260524,20260622
/popup/sheet/7240,74,성수 팝업스토어 찾기 | 팝가,20260527,20260530
/popup/sheet/6829,7,경기/인천 팝업스토어 찾기 | 팝가,20260429,20260518
/popup/sheet/6206,21,팝업스토어 찾기 | 팝가,20260408,20260415
/popup/sheet/5817,13,팝업스토어 찾기 | 팝가,20260309,20260326
/popup/sheet/6624,38,잠실 팝업스토어 찾기 | 팝가,20260426,20260506
/popup/sheet/6271,86,팝업스토어 찾기 | 팝가,20260410,20260505
/popup/sheet/6419,60,팝업스토어 찾기 | 팝가,20260416,20260422
/popup/sheet/6455,21,잠실 팝업스토어 찾기 | 팝가,20260420,20260423
/popup/sheet/6066,42,팝업스토어 찾기 | 팝가,20260329,20260408
/popup/4398,48,비테도산 팝업 | 팝가 Popga,20251023,20260525
/popup/sheet/6758,17,팝업스토어 찾기 | 팝가,20260430,20260524
/popup/sheet/7126,36,강남/서초 팝업스토어 찾기 | 팝가,20260520,20260617
/popup/sheet/5787,24,"인기 팝업스토어 일정, 후기를 한눈에! | 팝가 Popga",20260305,20260311
/popup/5855,18,팝업스토어 상세 정보 | 팝가 Popga,20260311,20260316
/popup/3833,34,서울주얼리 픽스 팝업 | 팝가 POPGA,20250901,20260622
/popup/6904,30,교집합 팝업 - 강남 팝업 | 팝가 Popga,20260506,20260521
/popup/583,17,빅나인원더랜드 대구장 팝업 | 팝가 POPGA,20240914,20260612
/popup/1781/reviews/write,1,"시시호시 Love, Dear 팝업 - 잠실 후기 | 팝가 POPGA",20250223,20250223
/popup/470,50,오헤시오 팝업 | 팝가 POPGA,20240903,20260612
/popup/2270,53,ETCE 팝업 | 팝가 POPGA,20250318,20260523
/popup/sheet/6229,73,팝업스토어 찾기 | 팝가,20260410,20260422
/popup/sheet/5796,52,팝업스토어 찾기 | 팝가,20260306,20260319
/popup/sheet/6482,150,성수 팝업스토어 찾기 | 팝가,20260421,20260427
/popup/sheet/6158,20,팝업스토어 찾기 | 팝가,20260405,20260409
/popup/sheet/6010,37,팝업스토어 찾기 | 팝가,20260325,20260329
/popup/sheet/5554,11,애니/캐릭터 팝업스토어 찾기 | 팝가,20260223,20260301
/popup/sheet/6514,19,팝업스토어 찾기 | 팝가,20260421,20260525
/popup/sheet/6497,3,공담 검색 결과 | 팝가,20260421,20260427
/popup/552,38,지구랜드 헤리티지 라운지 팝업 | 팝가 POPGA,20240911,20260623
/popup/sheet/6447,27,팝업스토어 찾기 | 팝가,20260419,20260504
/popup/sheet/2943,1,팝업스토어 찾기 | 팝가,20260507,20260507
/popup/395,56,글리팅 연구실 팝업 - 글리팅 팝업 | 팝가 Popga,20240826,20260705
/popup/42,2,"인기 팝업스토어 일정, 후기를 한눈에! | 팝가 Popga",20251009,20251009
/popup/sheet/5811,36,팝업스토어 찾기 | 팝가,20260309,20260318
/popup/2974,13,메이플탑 | 팝가 POPGA,20250615,20260105
/popup/sheet/4727,2,팝업스토어 검색 | 팝가 Popga,20260508,20260518
/popup/7513,48,엑소메라 팝업 - 강남 팝업 | 팝가 Popga,20260612,20260619
/popup/36,47,최고심 걱정도 팔자 팝업 | 팝가 POPGA,20240802,20260614
/popup/1799,38,어바웃 유어 유스 팝업 | 팝가 POPGA,20250207,20260620
/popup/2108,32,주닥 팝업 - 부천 | 팝가 POPGA,20250307,20260622
/reservation/popup/2689/complete/291,1,탐스싱싱마켓 팝업 사전예약 | 팝가 POPGA,20250519,20250519
/popup/sheet/6147,49,"인기 팝업스토어 일정, 후기를 한눈에! | 팝가 Popga",20260405,20260412
/popup/sheet/6610,10,팝업스토어 찾기 | 팝가,20260426,20260429
/popup/sheet/5710,54,팝업스토어 찾기 | 팝가,20260225,20260314
/popup/4,18,BTS 지민 팝업 - BTS 팝업 | 팝가 Popga,20241010,20260620
/popup/10,1,팝업스토어 정보가 필요할 땐 팝가(POPGA),20250829,20250829
/popup/sheet/5565,2,홍대/신촌 팝업스토어 찾기 | 팝가,20260225,20260225
/popup/sheet/6874,494,성수 팝업스토어 찾기 | 팝가,20260504,20260530
/popup/sheet/6937,39,팝업스토어 찾기 | 팝가,20260508,20260525
/popup/sheet/6889,54,팝업스토어 찾기 | 팝가,20260505,20260518
/popup/6613,9,나들이 간식 팝업 - 인천 팝업 | 팝가 Popga,20260426,20260518
/popup/sheet/1672,1,팝업스토어 찾기 | 팝가,20260301,20260301
/popup/sheet/1044,1,패션 팝업스토어 찾기 | 팝가,20260313,20260313
/popup/6848,6,빈폴키즈 팝업 @안산 - 안산 팝업 | 팝가 Popga,20260430,20260705
/popup/sheet/6738,21,팝업스토어 찾기 | 팝가,20260429,20260507
/popup/sheet/1307,1,팝업스토어 찾기 | 팝가,20260424,20260424
/popup/1006,48,그레시종 팝업 - 테이블웨어 팝업 | 팝가 Popga,20241107,20260612
/popup/1622/reviews,3,호즈미 포츈 하우스 전시 후기 | 팝가 POPGA,20250212,20250218
/popup/1934/reviews/79/modify,1,마이오마이 팝업 후기 | 팝가 POPGA,20250224,20250224
/popup/3090,170,노이스 X 오아시스 팝업 | 팝가 POPGA,20250620,20260704
/popup/4182,41,로우온보드 팝업 | 팝가 Popga,20251001,20260622
/popup/2522/reviews/write,7,롬앤 플래그십스토어 후기 | 팝가 POPGA,20250501,20250525
/popup/sheet/6606,12,팝업스토어 찾기 | 팝가,20260426,20260508
/popup/sheet/6522,13,팝업스토어 찾기 | 팝가,20260423,20260509
/popup/3459,3,"인기 팝업스토어 일정, 후기를 한눈에! | 팝가 Popga",20251209,20260106
/popup/sheet/5218,1,팝업스토어 찾기 | 팝가,20260329,20260329
/popup/sheet/5353,8,팝업스토어 찾기 | 팝가,20260223,20260225
/popup/3628,40,필루미네이트 팝업 | 팝가 POPGA,20250813,20260525
/popup/2143,4,"인기 팝업스토어 일정, 후기를 한눈에! | 팝가 Popga",20251120,20260105
/popup/sheet/4434,1,찜한 팝업스토어 모아보기 | 팝가 Popga,20260429,20260429
/popup/sheet/6627,3,경기/인천 팝업스토어 찾기 | 팝가,20260426,20260427
/popup/sheet/7141,19,"인기 팝업스토어 일정, 후기를 한눈에! | 팝가 Popga",20260520,20260521
/popup/sheet/159,1,팝업스토어 검색 | 팝가 Popga,20260516,20260516
/popup/894,13,만찬 팝업 | 팝가 POPGA,20241025,20260604
/popup/2307,433,코지모지 팝업 | 팝가 POPGA,20250321,20260705
/popup/2208,193,3월 3주차 핫한 팝업 모음 | 팝가 POPGA,20250311,20260505
/popga-pass/2124,6,백옥 성수 | 팝가패스,20250918,20250926
/popup/sheet/7194,622,성수 팝업스토어 찾기 | 팝가,20260524,20260614
/popup/sheet/7091,79,성수 팝업스토어 찾기 | 팝가,20260518,20260604
/popup/sheet/6525,13,경기/인천 팝업스토어 찾기 | 팝가,20260422,20260505
/popup/sheet/6806,15,팝업스토어 찾기 | 팝가,20260429,20260507
/popup/sheet/5972,9,팝업스토어 찾기 | 팝가,20260323,20260331
/popup/sheet/6750,7,"인기 팝업스토어 일정, 후기를 한눈에! | 팝가 Popga",20260430,20260503
/popup/557,826,해리포터 위자드몰 더현대 대구 팝업 | 팝가 POPGA,20240913,20260615
/popup/489,99,119레오 팝업 - 119reo 팝업 | 팝가 Popga,20240904,20260628
/popup/2980,9,백옥 | 팝가 POPGA,20250615,20250616
/popup/1337/reviews/write,1,보노보노 소원의 숲 팝업 - 여의도 후기 | 팝가 POPGA,20250422,20250422
/popup/2136,6,서울브루어리 성수 | 팝가 POPGA,20250327,20260105
/popup/2147,5,원할머니보쌈 성수점 | 팝가 POPGA,20250813,20251226
/popup/5751,110,월드베이스볼클래식 팝업 - 잠실 팝업 | 팝가 Popga,20260302,20260705
/reservation/popup/2689/complete/331,1,탐스싱싱마켓 팝업 사전예약 | 팝가 POPGA,20250524,20250524
/popup/4821,68,투 X 니들스 & 투 X 히스테릭글래머 팝업 - 여의도 팝업 | 팝가 Popga,20251128,20260617
/popup/sheet/7072,15,"인기 팝업스토어 일정, 후기를 한눈에! | 팝가 Popga",20260517,20260523
/reservation/popup/2689/complete/175,1,탐스싱싱마켓 팝업 사전예약 | 팝가 POPGA,20250516,20250516
/popup/739,66,토르홉 소금 마을 팝업 | 팝가 POPGA,20241008,20260628
/popup/1992/reviews/write,1,해리포터 X 클리오 팝업 후기 | 팝가 POPGA,20250308,20250308
/popup/865/reservation,2,팝업스토어 정보가 필요할 땐 팝가(POPGA),20250509,20250509
/popup/2384/reviews,1,플랙 패밀리세일 팝업 후기 | 팝가 POPGA,20250404,20250404
/popup/4594,10,플레이브 팝업 - 테라 정복 at 성수 스탬프 투어 - 성수 팝업 | 팝가 Popga,20251108,20251112
/popup/2320/reviews,10,데이지크 츄잉 글로우 팟 팝업 후기 | 팝가 POPGA,20250416,20250503
/popup/sheet/7285,12,팝업스토어 찾기 | 팝가,20260529,20260604
/popup/sheet/5290,10,잠실 팝업스토어 찾기 | 팝가,20260223,20260228
/popup/1315,16,라이트업 스튜디오 크리스마스 팝업 - 라이트업 스튜디오 팝업 | 팝가 Popga,20241211,20260618
/popup/sheet/7182,61,팝업스토어 찾기 | 팝가,20260522,20260524
/popup/455,20,신묘한 저잣거리 팝업 - 신선 팝업 | 팝가 Popga,20240830,20260613
/popup/1790,143,차일디쉬 소금붕어빵 팝업 - 차일디쉬 팝업 | 팝가 Popga,20250206,20260529
/popup/1091,11,온앤온 팝업 | 팝가 POPGA,20241117,20260520
/popga-pass/2152,4,에어드랍 커피 성수 | 팝가패스,20250915,20250922
/popup/34403837,1,팝업스토어 정보가 필요할 땐 팝가(POPGA),20250902,20250902
/popup/sheet/5375,337,홍대/신촌 애니/캐릭터 팝업스토어 찾기 | 팝가,20260223,20260401
/popup/2571/reviews/write,3,휩드 마켓 팝업 후기 | 팝가 POPGA,20250426,20250504
/popup/sheet/5541,10,강남/서초 팝업스토어 찾기 | 팝가,20260224,20260228
/popup/sheet/6085,16,"인기 팝업스토어 일정, 후기를 한눈에! | 팝가 Popga",20260330,20260405
/popup/sheet/6426,34,여의도 팝업스토어 찾기 | 팝가,20260417,20260422
/popup/124,1,"인기 팝업스토어 일정, 후기를 한눈에! | 팝가 Popga",20251111,20251111
/reservation/popup/2689/complete/174,1,탐스싱싱마켓 팝업 사전예약 | 팝가 POPGA,20250516,20250516
/popup/2750,284,스타벅스앳홈 전시 | 팝가 POPGA,20250513,20260524
/popup/4337,94,유온 팝업스토어 - 유온이와 온천 되살리기 대작전 - 유온 팝업 팝업 | 팝가 Popga,20251017,20260623
/popup/sheet/5868,429,성수 팝업스토어 찾기 | 팝가,20260313,20260628
/popup/sheet/6483,298,홍대/신촌 애니/캐릭터 팝업스토어 찾기 | 팝가,20260421,20260603
/popup/6615,16,킨 팝업 - 평촌 팝업 | 팝가 Popga,20260426,20260619
/popup/sheet/4215,2,팝업스토어 찾기 | 팝가,20260310,20260314
/reservation/popup/2689/complete/150,1,탐스싱싱마켓 팝업 사전예약 | 팝가 POPGA,20250515,20250515
/popup/1116,20,무신사 스토어 대구 스니커즈 기획전 팝업 - 무신사 팝업 | 팝가 Popga,20241119,20260615
/popup/2411/reviews,3,아이소이 잡티로즈쎄럼실 팝업 후기 | 팝가 POPGA,20250410,20250414
/popup/sheet/5676,74,잠실 팝업스토어 찾기 | 팝가,20260223,20260319
/popup/sheet/5977,13,팝업스토어 찾기 | 팝가,20260323,20260406
/popup/sheet/4759,2,"성수, 홍대/신촌 F&B 팝업스토어 찾기 | 팝가",20260227,20260410
/popup/sheet/5358,2,팝업스토어 찾기 | 팝가,20260224,20260225
/popup/sheet/7179,223,성수 팝업스토어 찾기 | 팝가,20260522,20260526
/popup/sheet/7154,32,"인기 팝업스토어 일정, 후기를 한눈에! | 팝가 Popga",20260521,20260530
/popup/sheet/6923,1,팝업스토어 찾기 | 팝가,20260507,20260507
/popup/422,1,"인기 팝업스토어 일정, 후기를 한눈에! | 팝가 Popga",20251009,20251009
/reservation/popup/2689/complete/173,1,탐스싱싱마켓 팝업 사전예약 | 팝가 POPGA,20250516,20250516
/reservation/popup/2689/complete/169,1,탐스싱싱마켓 팝업 사전예약 | 팝가 POPGA,20250516,20250516
/popup/sheet/5003,2,팝업스토어 검색 | 팝가 Popga,20260312,20260320
/popup/sheet/7185,38,팝업스토어 찾기 | 팝가,20260523,20260524
/popup/sheet/5567,9,팝업스토어 지도 | 팝가,20260226,20260315
/popup/2277/reviews/write,1,기아 언플러그드 그라운드 리뉴얼 오픈 이벤트 후기 | 팝가 POPGA,20250321,20250321
/popup/sheet/6251,11,팝업스토어 찾기 | 팝가,20260409,20260419
/popup/sheet/4567,2,팝업스토어 찾기 | 팝가,20260313,20260329
/popup/sheet/5620,15,잠실 팝업스토어 찾기 | 팝가,20260223,20260228
/popup/sheet/6746,4,팝업스토어 찾기 | 팝가,20260430,20260504
/popup/sheet/1380,1,팝업스토어 찾기 | 팝가,20260515,20260515
/popup/3622,386,더페이스샵 X 다이노탱 팝업 | 팝가 POPGA,20250812,20260623
/popup/4705,112,제이에스티나 팝업 - 잠실 팝업 | 팝가 Popga,20251119,20260519
/reservation/popup/2689/complete/318,1,탐스싱싱마켓 팝업 사전예약 | 팝가 POPGA,20250523,20250523
/popup/sheet/5657,25,용산 팝업스토어 찾기 | 팝가,20260223,20260311
/popup/4890,174,다올상점 팝업 - 홍대 팝업 | 팝가 Popga,20251204,20260529
/popup/sheet/6640,19,팝업스토어 찾기 | 팝가,20260426,20260530
/popup/sheet/5969,13,팝업스토어 찾기 | 팝가,20260322,20260402
/popup/sheet/6892,20,팝업스토어 찾기 | 팝가,20260505,20260511
/popup/sheet/580,1,패션 팝업스토어 찾기 | 팝가,20260313,20260313
/popup/1354,35,레고 홀리데이 마켓 용인 팝업 - LEGO 팝업 | 팝가 Popga,20241215,20260613
/popup/4991,105,플린 팝업 - 용산 팝업 | 팝가 Popga,20251215,20260612
/popup/sheet/7155,40,"인기 팝업스토어 일정, 후기를 한눈에! | 팝가 Popga",20260521,20260606
/popup/sheet/5953,106,팝업스토어 찾기 | 팝가,20260320,20260329
/popup/221,14,타틀르 [튀르키예에서 온 달콤함] 팝업 | 팝가 POPGA,20240806,20260617
/popup/1112,1,팝가 POPGA,20241120,20241120
/popup/2128,3,"인기 팝업스토어 일정, 후기를 한눈에! | 팝가 Popga",20251204,20260404
/popup/2460/reviews/write,1,오렌즈 성수점 이벤트 후기 | 팝가 POPGA,20250411,20250411
/popup/2442/reviews,3,네스프레소 버츄오 팝업 후기 | 팝가 POPGA,20250416,20250419
/popup/2474/reviews/write,3,칠성사이다 740 팝업 후기 | 팝가 POPGA,20250411,20250416
/popup/sheet/6139,210,성수 팝업스토어 찾기 | 팝가,20260403,20260423
/popup/3472,4,"인기 팝업스토어 일정, 후기를 한눈에! | 팝가 Popga",20250924,20260105
/popup/sheet/5616,13,팝업스토어 찾기 | 팝가,20260223,20260228
/popup/sheet/3506,1,팝업스토어 찾기 | 팝가,20260503,20260503
/popup/sheet/2971,1,팝업스토어 찾기 | 팝가,20260320,20260320
/popup/1362,131,마이 미니미 스튜디오 팝업 | 팝가 POPGA,20241213,20260704
/popup/1934/reviews,6,마이오마이 팝업 후기 | 팝가 POPGA,20250223,20250314
/popup/1617,37,자근 프로젝트 팝업 - 고양 | 팝가 POPGA,20250114,20260622
/popga-pass/2261,4,레이지요거트 성수점 | 팝가패스,20250917,20250922
/popup/2369/reviews,4,블루 록 X 애니플러스 콜라보 카페 후기 | 팝가 POPGA,20250411,20250420
/popup/sheet/5695,58,여의도 팝업스토어 찾기 | 팝가,20260224,20260309
/popup/6365,97,유라고 팝업 - 잠실 팝업 | 팝가 Popga,20260415,20260704
/popup/sheet/3348,1,팝업스토어 검색 | 팝가 Popga,20260302,20260302
/popup/sheet/5898,65,팝업스토어 찾기 | 팝가,20260316,20260324
/popup/sheet/3574,1,나잇스위밍 팝업 - 나잇스위밍 팝업 팝업 | 팝가 Popga,20260510,20260510
/popup/sheet/6681,12,팝업스토어 찾기 | 팝가,20260427,20260604
/popup/sheet/5897,18,팝업스토어 찾기 | 팝가,20260316,20260318
/popup/sheet/2969,2,팝업스토어 찾기 | 팝가,20260313,20260529
/popup/473,1,팝업스토어 상세 정보 | 팝가 Popga,20260620,20260620
/reservation/popup/2689/complete/141,1,탐스싱싱마켓 팝업 사전예약 | 팝가 POPGA,20250515,20250515
/popup/sheet/3738,1,F&B 팝업스토어 찾기 | 팝가,20260508,20260508
/reservation/popup/2689/complete/296,1,탐스싱싱마켓 팝업 사전예약 | 팝가 POPGA,20250519,20250519
/popga-pass/2125,4,차일디쉬 | 팝가패스,20250921,20250925
/popup/sheet/6097,224,성수 팝업스토어 찾기 | 팝가,20260331,20260412
/popup/sheet/5883,66,팝업스토어 찾기 | 팝가,20260315,20260508
/popup/sheet/4666,1,팝업스토어 찾기 | 팝가,20260329,20260329
/popup/sheet/2876,1,팝업스토어 찾기 | 팝가,20260507,20260507
/popup/sheet/4674,1,팝업스토어 찾기 | 팝가,20260301,20260301
/popup/1141,2,주술회전 0 전시 | 팝가 POPGA,20241125,20241125
/popup/893/reviews/write,1,강철의 연금술사전 전시 후기 | 팝가 POPGA,20250301,20250301
/popup/sheet/6174,507,"인기 팝업스토어 일정, 후기를 한눈에! | 팝가 Popga",20260406,20260606
/popup/sheet/5472,32,전시 검색 결과 | 팝가,20260226,20260503
/popup/sheet/6571,37,경상권 팝업스토어 찾기 | 팝가,20260423,20260515
/popup/5768,3,팝업스토어 상세 정보 | 팝가 Popga,20260304,20260304
/popup/3473,3,"인기 팝업스토어 일정, 후기를 한눈에! | 팝가 Popga",20251208,20260106
/popup/sheet/5947,265,성수 팝업스토어 찾기 | 팝가,20260319,20260509
/popup/7081,33,클로트 팝업 - 잠실 팝업 | 팝가 Popga,20260518,20260628
/popup/1299,21,브이브이에스 팝업 - vvs 팝업 | 팝가 Popga,20241210,20260530
/popup/2240/reviews,7,오아드 팝업 후기 | 팝가 POPGA,20250321,20250330
/popup/2281/reviews,1,VDL 팝업 후기 | 팝가 POPGA,20250325,20250325
/popga-pass/2180,1,일과 | 팝가패스,20250915,20250915
/popup/706,58,프랑스 치즈 팝업 | 팝가 POPGA,20240930,20260622
/popup/579,27,미즈노 모노그램M 팝업 | 팝가 POPGA,20240913,20260521
/popup/1992/reviews,3,해리포터 X 클리오 팝업 후기 | 팝가 POPGA,20250308,20250310
/popup/2125,2,"인기 팝업스토어 일정, 후기를 한눈에! | 팝가 Popga",20251221,20260108
/popup/sheet/6205,533,성수 팝업스토어 찾기 | 팝가,20260407,20260508
/popup/sheet/2687,1,팝업스토어 찾기 | 팝가,20260511,20260511
/popup/sheet/4545,1,팝업스토어 검색 | 팝가 Popga,20260428,20260428
/reservation/popup/2689/complete/156,1,탐스싱싱마켓 팝업 사전예약 | 팝가 POPGA,20250516,20250516
/popup/sheet/21,1,팝업스토어 찾기 | 팝가,20260311,20260311
/popup/2055,29,비바무역 팝업 - 영등포 | 팝가 POPGA,20250301,20260516
/popup/1740/reviews/write,1,알맹이네 과일가게 팝업 후기 | 팝가 POPGA,20250212,20250212
/popup/sheet/5761,107,팝업스토어 찾기 | 팝가,20260303,20260507
/popup/sheet/6186,202,팝업스토어 찾기 | 팝가,20260407,20260507
/popup/5765,112,팀밸 팝업 - 잠실 - 잠실 팝업 | 팝가 Popga,20260304,20260604
/popga-pass/3477,2,제로밥상 성수점 | 팝가패스,20250918,20250927
/popup/sheet/2900,2,팝업스토어 찾기 | 팝가,20260227,20260329
/popup/sheet/7128,137,성수 팝업스토어 찾기 | 팝가,20260520,20260524
/popup/sheet/199,1,팝업스토어 찾기 | 팝가,20260311,20260311
/reservation/popup/2689/complete/118,1,탐스싱싱마켓 팝업 사전예약 | 팝가 POPGA,20250513,20250513
/popup/5087,81,마블컬렉션 용산점 홀리데이 시즌 이벤트 - 용산 팝업 | 팝가 Popga,20251223,20260623
/popup/2423/reviews,9,카스 팝업 후기 | 팝가 POPGA,20250416,20250418
/reservation/popup/3257,1,OK저축은행 팝업 - 읏수저 놀이터 사전예약 | 팝가 POPGA,20250723,20250723
/popup/sheet/6996,204,"인기 팝업스토어 일정, 후기를 한눈에! | 팝가 Popga",20260512,20260603
/popup/sheet/4720,1,"라이프스타일, 키즈/반려동물, F&B, 기타 팝업스토어 찾기 | 팝가",20260227,20260227
/popup/sheet/648,1,팝업스토어 찾기 | 팝가,20260511,20260511
/popup/sheet/3929,1,팝업스토어 검색 | 팝가 Popga,20260226,20260226
/popup/1629/reviews,3,주토피아 팝업 - 홍대 후기 | 팝가 POPGA,20250202,20250213
/popup/3010,9,"인기 팝업스토어 일정, 후기를 한눈에! | 팝가 Popga",20250615,20260423
/popup/sheet/5708,273,성수 팝업스토어 찾기 | 팝가,20260225,20260309
/popup/sheet/6189,126,성수 팝업스토어 찾기 | 팝가,20260407,20260416
/popup/sheet/5862,212,팝업스토어 찾기 | 팝가,20260312,20260408
/popup/2158,6,로열포버티 | 팝가 POPGA,20250526,20251106
/reservation/popup/2689/complete/290,1,탐스싱싱마켓 팝업 사전예약 | 팝가 POPGA,20250519,20250519
/popup/2522/reviews/205/modify,1,롬앤 플래그십스토어 후기 | 팝가 POPGA,20250506,20250506
/popup/4696,146,태풍상사 팝업 - 용산 팝업 | 팝가 Popga,20251118,20260617
/popup/sheet/1319,1,팝업스토어 찾기 | 팝가,20260413,20260413
/reservation/popup/2689/complete/144,1,탐스싱싱마켓 팝업 사전예약 | 팝가 POPGA,20250515,20250515
/popup/2494/reviews/write,1,갈더마 레스틸렌 스킨 갤러리 팝업 후기 | 팝가 POPGA,20250426,20250426
/popup/sheet/5716,39,팝업스토어 찾기 | 팝가,20260226,20260318
/popup/sheet/6196,43,팝업스토어 찾기 | 팝가,20260407,20260411
/popup/sheet/6530,166,성수 팝업스토어 찾기 | 팝가,20260422,20260426
/popup/sheet/5873,65,팝업스토어 찾기 | 팝가,20260313,20260329
/popup/sheet/7040,122,팝업스토어 찾기 | 팝가,20260514,20260525
/reservation/popup/2689/complete/161,1,탐스싱싱마켓 팝업 사전예약 | 팝가 POPGA,20250516,20250516
/reservation/popup/2689/complete/135,1,탐스싱싱마켓 팝업 사전예약 | 팝가 POPGA,20250515,20250515
/popup/647,64,돈돈즈 2차 팝업 | 팝가 POPGA,20240925,20260606
/popup/1454/reviews/write,1,먼작귀 페스타 팝업 - 부산 후기 | 팝가 POPGA,20250124,20250124
/popup/sheet/2881,1,팝업스토어 검색 | 팝가 Popga,20260523,20260523
/popup/sheet/6706,1,팝업스토어 지도 | 팝가,20260520,20260520
/popup/260/reviews,4,누디트서울숲 무유무유 팝업 후기 | 팝가 POPGA,20250124,20250207
/popup/2442/reviews/write,1,네스프레소 버츄오 팝업 후기 | 팝가 POPGA,20250416,20250416
/popga-pass/2142,2,초이다이닝 성수점 | 팝가패스,20250923,20250924
/popup/6167,89,홍대선원 플리마켓 - 극락창고 대방출 - 홍대 팝업 | 팝가 Popga,20260405,20260627
/popup/sheet/5647,16,"인기 팝업스토어 일정, 후기를 한눈에! | 팝가 Popga",20260223,20260225
/reservation/popup/2689/complete/188,1,탐스싱싱마켓 팝업 사전예약 | 팝가 POPGA,20250517,20250517
/popup/sheet/6653,11,팝업스토어 찾기 | 팝가,20260427,20260501
/popup/1279,30,투에이엔 팝업 - 투에이엔 팝업 | 팝가 Popga,20241206,20260620
/popup/1544,21,포컬포인트 광교 팝업 - 포컬포인트 팝업 | 팝가 Popga,20250106,20260519
/popup/2039/reviews/write,1,별들에게 물어봐 팝업 후기 | 팝가 POPGA,20250305,20250305
/popup/3332,54,눈사람 눙눙이 팝업 | 팝가 POPGA,20250718,20260617
/popup/3003,6,파인드카푸어 | 팝가 POPGA,20250615,20250616
/popup/2462/reviews/165/modify,1,무신사 슈즈 페스티벌 팝업 - 무신사 스토어 성수@대림창고 후기 | 팝가 POPGA,20250416,20250416
/popup/sheet/6318,168,성수 팝업스토어 찾기 | 팝가,20260414,20260430
/popup/sheet/7195,109,성수 팝업스토어 찾기 | 팝가,20260524,20260526
/popup/1752/reviews/41/modify,1,에센허브 팝업 후기 | 팝가 POPGA,20250207,20250207
/popup/4157,157,로티 팝업 | 팝가 Popga,20250930,20260516
/popup/3018,7,오브유 | 팝가 POPGA,20250615,20250616
/popup/sheet/5666,158,홍대/신촌 애니/캐릭터 팝업스토어 찾기 | 팝가,20260223,20260312
/popup/6648,45,라꾸라꾸 팝업 - 라꾸라꾸 팝업 | 팝가 Popga,20260427,20260603
/popup/sheet/5629,15,잠실 팝업스토어 찾기 | 팝가,20260223,20260508
/popup/6475,28,작은숲의옷장 팝업 - 홍대 팝업 | 팝가 Popga,20260421,20260616
/popup/sheet/7132,62,"인기 팝업스토어 일정, 후기를 한눈에! | 팝가 Popga",20260520,20260525
/popup/1804/reviews/write,2,하리보 X GS25 팝업 후기 | 팝가 POPGA,20250214,20250214
/popup/2400,41,알비마켓 팝업 | 팝가 POPGA,20250401,20260705
/popup/3276,200,은혼 팝업 | 팝가 POPGA,20250710,20260103
/popup/5499,90,몬드킴 팝업 전시 - Roses in Flux - 홍대 팝업 | 팝가 Popga,20260202,20260618
/popup/2460/reviews,2,오렌즈 성수점 이벤트 후기 | 팝가 POPGA,20250411,20250412
/reservation/popup/2689/complete/327,1,탐스싱싱마켓 팝업 사전예약 | 팝가 POPGA,20250523,20250523
/popup/1148,36,플랫츠 코엑스 팝업 | 팝가 POPGA,20241126,20260616
/popup/1851,48,WMC 팝업 - 수원 | 팝가 POPGA,20250212,20260604
/popup/1757/reviews/write,1,갤럭시 아이브러리 팝업 후기 | 팝가 POPGA,20250212,20250212
/popup/sheet/6587,405,성수 팝업스토어 찾기 | 팝가,20260424,20260510
/popup/sheet/4384,1,성수 팝업스토어 찾기 | 팝가,20260419,20260419
/popup/sheet/3910,1,팝업스토어 찾기 | 팝가,20260309,20260309
/popup/sheet/3818,1,팝업스토어 찾기 | 팝가,20260327,20260327
/popup/4520,87,HIMASSMANIA 팝업 - 홍대 팝업 | 팝가 Popga,20251103,20260616
/reservation/popup/865/complete/304,1,스위트스팟 사전예약 | 팝가 POPGA,20250521,20250521
/popup/4497,135,더뮤지엄비지터 아카이브 세일 팝업 | 팝가 Popga,20251031,20260623
/popup/sheet/5721,87,팝업스토어 찾기 | 팝가,20260226,20260401
/popup/5969,54,위드썸 팝업 - 창원 - 창원 팝업 | 팝가 Popga,20260322,20260627
/popup/sheet/2826,1,팝업스토어 검색 | 팝가 Popga,20260504,20260504
/popup/1185,1,코리락쿠마 20주년 기념 팝업 | 팝가 POPGA,20241129,20241129
/popup/1936/reviews,7,힌스 팝업 후기 | 팝가 POPGA,20250325,20250423
/popup/4470,299,페스룸 팝업 | 팝가 Popga,20251029,20260617
/popga-pass/2178,2,구테로이테 성수센트럴키친 | 팝가패스,20250918,20250919
/popup/sheet/5465,1,강남/서초 팝업스토어 찾기 | 팝가,20260311,20260311
/reservation/popup/2689/complete/145,1,탐스싱싱마켓 팝업 사전예약 | 팝가 POPGA,20250515,20250515
/popup/302,17,BEE PLACE <꿀벌의 비행> 팝업 - 을지로 팝업 | 팝가 Popga,20240813,20260515
/popup/2420,157,엔도어 팝업 | 팝가 POPGA,20250403,20260618
/popup/sheet/5585,21,여의도 팝업스토어 찾기 | 팝가,20260223,20260304
/popup/sheet/6220,186,팝업스토어 찾기 | 팝가,20260408,20260418
/popup/sheet/3260,1,팝업스토어 찾기 | 팝가,20260507,20260507
/popup/2689/reviews,26,탐스싱싱마켓 팝업 후기 | 팝가 POPGA,20250516,20250528
/popga-pass/2157,1,고토리 스낵바 | 팝가패스,20250917,20250917
/popup/5396,119,풀리오 팝업 - 신촌 - 신촌 팝업 | 팝가 Popga,20260125,20260519
/popup/sheet/6253,82,팝업스토어 찾기 | 팝가,20260409,20260422
/popup/sheet/3221,1,"키즈/반려동물, 디지털/테크 팝업스토어 찾기 | 팝가",20260304,20260304
/popup/7008,20,스위스밀리터리 팝업 - 건대 팝업 | 팝가 Popga,20260513,20260525
/popup/sheet/2572,1,팝업스토어 찾기 | 팝가,20260511,20260511
/popup/1335/reviews/write,1,바샤커피 팝업 후기 | 팝가 POPGA,20250130,20250130
/popup/2585/reviews/write,3,인도미 미고랭 팝업 후기 | 팝가 POPGA,20250508,20250508
/popup/2089/reviews/write,1,리바이스 블루탭 팝업 후기 | 팝가 POPGA,20250312,20250312
/popup/sheet/5804,60,팝업스토어 찾기 | 팝가,20260306,20260318
/popup/sheet/5908,26,팝업스토어 찾기 | 팝가,20260316,20260415
/popup/sheet/4447,1,팝업스토어 검색 | 팝가 Popga,20260324,20260324
/popup/754,29,Y포차 X 롯데월드 팝업 | 팝가 POPGA,20241010,20260519
/popup/5133,195,아캄 X 우주소녀 다영 팝업 - 성수 팝업 | 팝가 Popga,20251226,20260520
/popup/2441/reviews/write,1,니아르 팝업 후기 | 팝가 POPGA,20250410,20250410
/popup/2625/reviews,1,더마팩토리 성분연구소 팝업 후기 | 팝가 POPGA,20250525,20250525
/popup/sheet/3133,2,팝업스토어 지도 | 팝가,20260228,20260407
/popup/sheet/5784,683,홍대/신촌 애니/캐릭터 팝업스토어 찾기 | 팝가,20260305,20260327
/popup/sheet/5718,80,성수 팝업스토어 찾기 | 팝가,20260226,20260302
/popup/sheet/784,1,팝업스토어 검색 | 팝가 Popga,20260406,20260406
/popup/sheet/6400,203,성수 팝업스토어 찾기 | 팝가,20260416,20260425
/popup/849,76,더콘란샵 잠실 팝업 - TCS 팝업 | 팝가 Popga,20241022,20260616
/popup/4206,51,이투둘 팝업 | 팝가 Popga,20251003,20260627
/popup/sheet/2640,1,"강남/서초 기타, 애니/캐릭터 팝업스토어 찾기 | 팝가",20260308,20260308
/popup/sheet/6895,85,팝업스토어 찾기 | 팝가,20260505,20260519
/popup/1671/reviews,2,플레이브 X 올리브영 팝업 - 명동 후기 | 팝가 POPGA,20250214,20250216
/popup/3185,1876,SME 비디오샵 컨셉 프로모션 - 서울/바이닐 성수 | 팝가 POPGA,20250702,20260620
/popup/3525,172,여수언니 팝업 - 잠실 | 팝가 POPGA,20250804,20260623
/popup/sheet/5672,16,팝업스토어 찾기 | 팝가,20260223,20260308
/popup/4802,381,니시키야 카레 팝업 - 성수 팝업 | 팝가 Popga,20251127,20260623
/popup/sheet/1149,1,팝업스토어 찾기 | 팝가,20260227,20260227
/popup/sheet/6908,48,잠실 팝업스토어 찾기 | 팝가,20260506,20260520
/popup/sheet/6442,11,경상권 팝업스토어 찾기 | 팝가,20260419,20260428
/popup/sheet/1474,1,팝업스토어 찾기 | 팝가,20260309,20260309
/reservation/popup/865/complete/1,1,스위트스팟 사전예약 | 팝가 POPGA,20250509,20250509
/reservation/popup/865/complete/3,1,스위트스팟 사전예약 | 팝가 POPGA,20250509,20250509
/popup/2977,10,라무라 | 팝가 POPGA,20250615,20260109
/popup/2259/reviews/write,1,"커버서울 <마침내, 봄> 전시 후기 | 팝가 POPGA",20250319,20250319
/popup/sheet/6100,172,팝업스토어 찾기 | 팝가,20260331,20260429
/popup/sheet/2596,2,애니/캐릭터 팝업스토어 찾기 | 팝가,20260407,20260530
/popup/5380,126,일룸 전시 - 작은 작업자들의 캠프 - 여의도 팝업 | 팝가 Popga,20260122,20260616
/popup/7014,223,다프네 로럴 팝업 - 용산 팝업 | 팝가 Popga,20260513,20260622
/popup/2168,4,"인기 팝업스토어 일정, 후기를 한눈에! | 팝가 Popga",20251207,20260118
/popup/7188,31,강원 로컬 픽 팝업 - 을지로 팝업 | 팝가 Popga,20260523,20260705
/popup/sheet/6690,13,팝업스토어 찾기 | 팝가,20260427,20260504
/popup/sheet/1898,1,팝업스토어 검색 | 팝가 Popga,20260309,20260312
/popup/sheet/4953,1,애니/캐릭터 팝업스토어 찾기 | 팝가,20260313,20260313
/popup/1400,25,현무전 : ALL OF MOO 전시 | 팝가 POPGA,20241218,20260618
/popup/3941,113,샥즈 팝업 | 팝가 POPGA,20250910,20260523
/popup/2999,4,요아정 성수카페거리점 | 팝가 POPGA,20250615,20250616
/popup/sheet/6038,217,성수 팝업스토어 찾기 | 팝가,20260327,20260412
/popup/sheet/6693,7,팝업스토어 찾기 | 팝가,20260427,20260507
/popup/502,1,팝업스토어 상세 정보 | 팝가 Popga,20260704,20260704
/reservation/popup/2689/complete/147,1,탐스싱싱마켓 팝업 사전예약 | 팝가 POPGA,20250515,20250515
/popup/sheet/4518,1,F&B 팝업스토어 찾기 | 팝가,20260508,20260508
/popup/1126,1,팝가 POPGA,20241129,20241129
/popga-pass/3476,3,위스탠 성수 | 팝가패스,20250915,20250929
/reservation/popup/2689/complete/329,1,탐스싱싱마켓 팝업 사전예약 | 팝가 POPGA,20250524,20250524
/popup/6166,28,레버브 팝업 - 성수 팝업 | 팝가 Popga,20260405,20260623
/popup/sheet/5929,89,홍대/신촌 팝업스토어 찾기 | 팝가,20260318,20260401
/popup/sheet/5920,154,팝업스토어 찾기 | 팝가,20260317,20260402
/popup/1756/reviews/write,1,"굿나잇, 티팩토리 전시 후기 | 팝가 POPGA",20250210,20250210
/reservation/popup/2689/complete/308,1,탐스싱싱마켓 팝업 사전예약 | 팝가 POPGA,20250522,20250522
/popup/sheet/6612,16,팝업스토어 찾기 | 팝가,20260426,20260507
/popup/sheet/4660,1,"키즈/반려동물, 디지털/테크 팝업스토어 찾기 | 팝가",20260304,20260304
/popup/3919,401,쉘코퍼레이션 팝업 | 팝가 POPGA,20250908,20260524
/popup/sheet/5443,1,"성수, 여의도, 잠실, 홍대/신촌, 강남/서초, 용산, 서울 전체, 경기/인천, 경상권, 충청권, 전라권, 강원권, 제주권 팝업스토어 찾기 | 팝가",20260302,20260302
/popup/sheet/5859,12,팝업스토어 찾기 | 팝가,20260313,20260416
/popup/sheet/5502,2,애니/캐릭터 팝업스토어 찾기 | 팝가,20260225,20260225
/reservation/popup/2689/complete/122,1,탐스싱싱마켓 팝업 사전예약 | 팝가 POPGA,20250513,20250513
/popup/2468/reviews/write,1,스모어팩토리 오픈 이벤트 후기 | 팝가 POPGA,20250410,20250410
/popup/sheet/5495,1,NCT WISH 팝업 - 위시 베이커리 - 성수 팝업 | 팝가 Popga,20260228,20260228
/popup/sheet/7177,17,팝업스토어 찾기 | 팝가,20260522,20260526
/popup/sheet/4831,1,홍대/신촌 애니/캐릭터 팝업스토어 찾기 | 팝가,20260510,20260510
/popup/1818/reviews/write,5,3ce 팝업 후기 | 팝가 POPGA,20250211,20250214
/popup/2525,152,킴지수 X 홍우성 팝업 | 팝가 POPGA,20250416,20260515
/popup/2114/reviews,1,꿈빛 파티시엘 팝업 후기 | 팝가 POPGA,20250331,20250331
/popup/2449,79,루아레 팝업 | 팝가 POPGA,20250407,20260627
/popup/2253/reviews/write,1,노다 팝업 후기 | 팝가 POPGA,20250319,20250319
/popup/4968,57,배리드비글 팝업 - 강남 팝업 | 팝가 Popga,20251211,20260515
/popup/sheet/4279,1,"홍대/신촌, 용산, 잠실 애니/캐릭터 팝업스토어 찾기 | 팝가",20260227,20260227
/popup/sheet/5810,22,팝업스토어 찾기 | 팝가,20260309,20260322
/reservation/popup/2689/complete/138,1,탐스싱싱마켓 팝업 사전예약 | 팝가 POPGA,20250515,20250515
/popup/2070,76,한국타미야 미니카 페스티벌 팝업 - 하남 | 팝가 POPGA,20250304,20260617
/popup/sheet/6466,49,"인기 팝업스토어 일정, 후기를 한눈에! | 팝가 Popga",20260420,20260426
/popup/sheet/5427,1,"키즈/반려동물, 디지털/테크 팝업스토어 찾기 | 팝가",20260304,20260304
/popup/sheet/5826,65,애니/캐릭터 팝업스토어 찾기 | 팝가,20260309,20260325
/popup/618,1,팝업스토어 상세 정보 | 팝가 Popga,20260409,20260409
/popup/2607/reviews,6,폴 스미스 X 로우로우 팝업 후기 | 팝가 POPGA,20250506,20250525
/popup/2917,81,블루 아카이브 X 무신사 팝업 - 성수 | 팝가 POPGA,20250605,20260108
/popup/1936/reviews/167/modify,1,힌스 팝업 후기 | 팝가 POPGA,20250416,20250416
/popup/sheet/5701,114,홍대/신촌 애니/캐릭터 팝업스토어 찾기 | 팝가,20260225,20260315
/popup/sheet/6324,2,"인기 팝업스토어 일정, 후기를 한눈에! | 팝가 Popga",20260414,20260414
/popup/sheet/7069,29,"인기 팝업스토어 일정, 후기를 한눈에! | 팝가 Popga",20260517,20260522
/popup/sheet/6663,36,팝업스토어 찾기 | 팝가,20260427,20260510
/popup/sheet/2939,2,팝업스토어 찾기 | 팝가,20260316,20260506
/popup/sheet/2486,1,팝업스토어 검색 | 팝가 Popga,20260305,20260305
/popup/1652,55,고양이다방 X 뽐뽐스튜디오 X 룸룸 팝업 | 팝가 POPGA,20250117,20260614
/popup/2832,543,28년 후 X 무한도전 Run 팝업 - 28년 후 팝업 팝업 | 팝가 Popga,20250523,20260619
/popup/2855,137,우너프 분재샵 X 쏘티 팝업 | 팝가 POPGA,20250527,20260628
/popga-pass/3474,1,소이나나 성수점 | 팝가패스,20250916,20250916
/popup/6157,18,휴고보스 팝업 - 명동 팝업 | 팝가 Popga,20260405,20260529
/popup/sheet/6255,71,"인기 팝업스토어 일정, 후기를 한눈에! | 팝가 Popga",20260409,20260415
/popup/sheet/3908,1,팝업스토어 검색 | 팝가 Popga,20260228,20260228
/popup/sheet/5933,40,성수 팝업스토어 찾기 | 팝가,20260318,20260319
/popup/1335/reviews,2,바샤커피 팝업 후기 | 팝가 POPGA,20250130,20250131
/popup/1598/reviews/write,1,오징어 게임: 더 익스피리언스 팝업 후기 | 팝가 POPGA,20250314,20250314
/popup/4685,252,번개장터 X 디에어하우스 플리마켓 - 위켄드 컬처 마켓 - 성수 팝업 | 팝가 Popga,20251117,20260522
/popup/sheet/2598,1,애니/캐릭터 팝업스토어 찾기 | 팝가,20260530,20260530
/popup/856,37,커비 팝업 - 별의 커비 팝업 | 팝가 Popga,20241023,20260617
/popup/4885,566,기묘한 이야기 팝업 - 홍대 - 홍대 팝업 | 팝가 Popga,20251203,20260530
/popup/sheet/6126,58,팝업스토어 찾기 | 팝가,20260401,20260412
/popup/sheet/6397,62,여의도 팝업스토어 찾기 | 팝가,20260416,20260429
/popup/sheet/6955,57,여의도 팝업스토어 찾기 | 팝가,20260511,20260521
/popup/sheet/1903,1,팝업스토어 추천,20260306,20260306
/popup/sheet/3546,1,팝업스토어 찾기 | 팝가,20260506,20260506
/popup/sheet/6233,33,경상권 팝업스토어 찾기 | 팝가,20260408,20260505
/popup/7265,62,고성리의 행복을 팝니다! <무딩상회> - 제주 팝업 | 팝가 Popga,20260528,20260618
/popup/469,1,"인기 팝업스토어 일정, 후기를 한눈에! | 팝가 Popga",20251205,20251205
/reservation/popup/2689/complete/204,1,탐스싱싱마켓 팝업 사전예약 | 팝가 POPGA,20250517,20250517
/popup/sheet/7043,174,성수 팝업스토어 찾기 | 팝가,20260514,20260525
/popup/sheet/4631,1,팝업스토어 찾기 | 팝가,20260506,20260506
/popup/1205,20,조명가게 팝업 | 팝가 POPGA,20241203,20260516
/popup/1383,19,콩순이와 꿀잼친구들 성남 팝업 - 콩순이 팝업 | 팝가 Popga,20250102,20260705
/popup/2451,455,페이퍼백 팝업 | 팝가 POPGA,20250407,20260520
/popga-pass/2160,5,프롤라 | 팝가패스,20250917,20250924
/popup/2241/reviews/write,1,비투비 캐릭터 팝업 후기 | 팝가 POPGA,20250328,20250328
/popga-pass/2139,1,이와자루 성수 | 팝가패스,20250918,20250918
/popup/sheet/4047,1,팝업스토어 찾기 | 팝가,20260325,20260325
/popup/sheet/7048,64,팝업스토어 찾기 | 팝가,20260515,20260525
/popup/sheet/7239,25,"인기 팝업스토어 일정, 후기를 한눈에! | 팝가 Popga",20260527,20260606
/reservation/popup/2689/complete/163,1,탐스싱싱마켓 팝업 사전예약 | 팝가 POPGA,20250516,20250516
/popup/sheet/3378,1,팝업스토어 찾기 | 팝가,20260318,20260318
/popup/sheet/88,1,팝업스토어 찾기 | 팝가,20260311,20260311
/popup/sheet/3118,1,팝업스토어 찾기 | 팝가,20260305,20260305
/popup/603,67,과자방 팝업 | 팝가 POPGA,20240920,20260530
/popup/3187,1259,SME 비디오샵 컨셉 프로모션 - 서울/코리아디스코 VHS | 팝가 POPGA,20250702,20260614
/popup/2120,6,"인기 팝업스토어 일정, 후기를 한눈에! | 팝가 Popga",20250702,20260119
/popup/15,1,팝업스토어 정보가 필요할 땐 팝가(POPGA),20250829,20250829
/popup/6399,1,팝업스토어 상세 정보 | 팝가 Popga,20260416,20260416
/popup/5777,114,팝업스토어 상세 정보 | 팝가 Popga,20260304,20260511
/popup/6580,32,유우프 팝업 - 여의도 팝업 | 팝가 Popga,20260424,20260615
/popup/sheet/6506,28,팝업스토어 찾기 | 팝가,20260421,20260507
/popup/sheet/5544,117,"인기 팝업스토어 일정, 후기를 한눈에! | 팝가 Popga",20260223,20260301
/popup/sheet/6987,28,"인기 팝업스토어 일정, 후기를 한눈에! | 팝가 Popga",20260512,20260518
/popup/5197,766,헬로키티 X 지수 팝업 - 강남 팝업 | 팝가 Popga,20260105,20260616
/reservation/popup/2689/complete/295,1,탐스싱싱마켓 팝업 사전예약 | 팝가 POPGA,20250519,20250519
/popup/sheet/5830,200,팝업스토어 찾기 | 팝가,20260310,20260412
/popup/sheet/6273,62,여의도 팝업스토어 찾기 | 팝가,20260410,20260422
/popup/sheet/6846,17,서울 전체 팝업스토어 찾기 | 팝가,20260429,20260530
/popup/6312,1,팝업스토어 상세 정보 | 팝가 Popga,20260413,20260413
/popup/sheet/6754,4,팝업스토어 찾기 | 팝가,20260430,20260507
/popga-pass/2123,5,써니눅 | 팝가패스,20250918,20250926
/reservation/popup/2689/complete/343,1,탐스싱싱마켓 팝업 사전예약 | 팝가 POPGA,20250527,20250527
/popup/sheet/5660,31,잠실 팝업스토어 찾기 | 팝가,20260223,20260304
/popup/sheet/7302,346,성수 팝업스토어 찾기 | 팝가,20260601,20260617
/popup/2088/reviews/92/modify,1,삼성생명 라이프놀로지랩 팝업 후기 | 팝가 POPGA,20250308,20250308
/popup/2497,96,티켓투더문 팝업 | 팝가 POPGA,20250411,20260627
/popup/4340,45,발달장애 예술가&매개자 양성교육 팝업 | 팝가 Popga,20251020,20260616
/popup/5206,96,로엠 X 츄 팝업 - 부산 - 부산 팝업 | 팝가 Popga,20260106,20260627
/popup/sheet/6534,33,팝업스토어 찾기 | 팝가,20260422,20260428
/popup/sheet/755,1,팝업스토어 찾기 | 팝가,20260227,20260227
/popup/sheet/6730,83,팝업스토어 찾기 | 팝가,20260429,20260505
/popup/2625/reviews/307/modify,1,더마팩토리 성분연구소 팝업 후기 | 팝가 POPGA,20250525,20250525
/popup/sheet/6524,5,경상권 팝업스토어 찾기 | 팝가,20260422,20260423
/reservation/popup/2689/complete/182,1,탐스싱싱마켓 팝업 사전예약 | 팝가 POPGA,20250517,20250517
/popup/865/reviews,1,스위트스팟 후기 | 팝가 POPGA,20250124,20250124
/popga-pass/2133,3,백이의 | 팝가패스,20250922,20250927
/popup/2473/reviews/write,1,혜키 팝업 후기 | 팝가 POPGA,20250410,20250410
/popup/1990/reviews,1,스킵과 로퍼 X 투니크 콜라보 카페 팝업 후기 | 팝가 POPGA,20250321,20250321
/popup/sheet/551,1,팝업스토어 찾기 | 팝가,20260511,20260511
/popup/sheet/6691,12,팝업스토어 찾기 | 팝가,20260427,20260430
/popup/sheet/6672,8,팝업스토어 찾기 | 팝가,20260428,20260506
/popup/2692,1630,장하다 하림 맥시칸 팝업 | 팝가 POPGA,20250507,20260516
/popup/4882,250,오슬로우 빈티지 마켓 팝업 - 인천 팝업 | 팝가 Popga,20251203,20260526
/popup/4623,125,포토이즘 X 있지 팝업 - 성수 팝업 | 팝가 Popga,20251111,20260523
/popup/sheet/1587,1,팝업스토어 검색 | 팝가 Popga,20260306,20260308
/popup/sheet/5769,132,성수 팝업스토어 찾기 | 팝가,20260304,20260313
/popup/sheet/7214,165,성수 팝업스토어 찾기 | 팝가,20260525,20260612
/popup/9000,1,"인기 팝업스토어 일정, 후기를 한눈에! | 팝가 Popga",20251103,20251103
/popup/7366,60,후드후드 팝업 - 잠실 팝업 | 팝가 Popga,20260604,20260617
/popup/sheet/6654,299,성수 팝업스토어 찾기 | 팝가,20260427,20260519
/popup/sheet/7360,12,팝업스토어 찾기 | 팝가,20260604,20260606
/popup/sheet/5153,1,라이프스타일 팝업스토어 찾기 | 팝가,20260318,20260318
/popup/sheet/5739,77,팝업스토어 찾기 | 팝가,20260301,20260515
/popup/sheet/6164,321,성수 팝업스토어 찾기 | 팝가,20260405,20260416
/popup/sheet/5928,201,애니/캐릭터 팝업스토어 찾기 | 팝가,20260318,20260526
/popup/615,1,팝업스토어 상세 정보 | 팝가 Popga,20260408,20260408
/popup/sheet/3318,1,팝업스토어 찾기 | 팝가,20260317,20260317
/popup/sheet/3342,1,찜한 팝업스토어 모아보기 | 팝가 Popga,20260515,20260515
/popup/7364,36,데가제 팝업 - 용산 팝업 | 팝가 Popga,20260604,20260613
/popup/sheet/5644,2,서울 전체 팝업스토어 찾기 | 팝가,20260414,20260518
/popup/7135,8,오센트 X 헬로키티 팝업 - 잠실 팝업 | 팝가 Popga,20260520,20260525
/popup/sheet/3092,1,팝업스토어 찾기 | 팝가,20260507,20260507
/popup/sheet/2485,1,팝업스토어 검색 | 팝가 Popga,20260321,20260321
/popup/1190,211,피넛버터바나나 잠실 팝업 | 팝가 POPGA,20241129,20260603
/popga-pass/2147,1,원할머니보쌈 성수점 | 팝가패스,20250921,20250921
/popup/2403/reviews/write,1,케라스타즈 팝업 후기 | 팝가 POPGA,20250410,20250410
/popup/sheet/4596,2,팝업스토어 검색 | 팝가 Popga,20260519,20260603
/popup/sheet/3135,1,팝업스토어 검색 | 팝가 Popga,20260426,20260426
/reservation/popup/865/complete/6,1,스위트스팟 사전예약 | 팝가 POPGA,20250509,20250509
/popup/2997,3,ddd 성수 | 팝가 POPGA,20250615,20250616
/popup/sheet/3966,1,팝업스토어 찾기 | 팝가,20260412,20260412
/popup/sheet/6362,39,팝업스토어 찾기 | 팝가,20260415,20260430
/popup/sheet/5809,98,홍대/신촌 애니/캐릭터 팝업스토어 찾기 | 팝가,20260309,20260323
/popup/sheet/6866,69,팝업스토어 찾기 | 팝가,20260430,20260520
/popup/sheet/5227,1,라이프스타일 팝업스토어 찾기 | 팝가,20260318,20260318
/reservation/popup/2689/complete/137,1,탐스싱싱마켓 팝업 사전예약 | 팝가 POPGA,20250515,20250515
/popup/3977,53,2025 제물포 웨이브 마켓 | 팝가 POPGA,20250912,20260622
/popup/4282,150,펜필드 X 닉기어 팝업 | 팝가 Popga,20251013,20260526
/popup/sheet/5912,370,성수 팝업스토어 찾기 | 팝가,20260317,20260521
/reservation/popup/2689/complete/152,1,탐스싱싱마켓 팝업 사전예약 | 팝가 POPGA,20250515,20250515
/popup/sheet/5724,775,애니/캐릭터 팝업스토어 찾기 | 팝가,20260226,20260331
/popup/sheet/5729,112,"인기 팝업스토어 일정, 후기를 한눈에! | 팝가 Popga",20260227,20260312
/popup/sheet/5543,1,팝업스토어 찾기 | 팝가,20260311,20260311
/popup/sheet/5536,108,팝업스토어 찾기 | 팝가,20260223,20260430
/popup/sheet/6160,34,팝업스토어 찾기 | 팝가,20260405,20260412
/popup/sheet/6493,71,팝업스토어 찾기 | 팝가,20260421,20260426
/popup/sheet/5938,374,성수 팝업스토어 찾기 | 팝가,20260318,20260331
/popup/sheet/5590,7,팝업스토어 찾기 | 팝가,20260223,20260225
/popup/sheet/3906,1,팝업스토어 찾기 | 팝가,20260424,20260424
/popup/sheet/5244,1,팝업스토어 찾기 | 팝가,20260424,20260424
/popup/3001,9,페넥 | 팝가 POPGA,20250615,20260104
/reservation/popup/2689/complete/294,1,탐스싱싱마켓 팝업 사전예약 | 팝가 POPGA,20250519,20250519
/popup/sheet/5758,55,팝업스토어 찾기 | 팝가,20260303,20260318
/popup/sheet/6852,53,"인기 팝업스토어 일정, 후기를 한눈에! | 팝가 Popga",20260430,20260603
/popup/7085,96,코리락쿠마 X 유희 팝업 - 명동 팝업 | 팝가 Popga,20260518,20260704
/popup/sheet/5518,29,성수 팝업스토어 찾기 | 팝가,20260223,20260228
/popup/sheet/5529,1,팝업스토어 검색 | 팝가 Popga,20260422,20260422
/reservation/popup/2689/complete/181,1,탐스싱싱마켓 팝업 사전예약 | 팝가 POPGA,20250517,20250517
/popup/6300,1,팝업스토어 상세 정보 | 팝가 Popga,20260413,20260413
/popup/sheet/1862,1,팝업스토어 검색 | 팝가 Popga,20260310,20260310
/popup/sheet/2220,1,팝업스토어 찾기 | 팝가,20260424,20260424
/popup/2506/reviews,3,KBO 팬 페스타 팝업 후기 | 팝가 POPGA,20250416,20250420
/popup/sheet/6398,648,성수 팝업스토어 찾기 | 팝가,20260416,20260515
/popup/sheet/4751,1,찜한 팝업스토어 모아보기 | 팝가 Popga,20260429,20260429
/popup/3060,422,미국감자협회 X 매치스성수 팝업 | 팝가 POPGA,20250617,20260704
/popup/3610,1,팝업스토어 정보가 필요할 땐 팝가(POPGA),20250812,20250812
/popup/sheet/6049,42,팝업스토어 찾기 | 팝가,20260329,20260409
/popup/sheet/3045,1,팝업스토어 검색 | 팝가 Popga,20260603,20260603
/popup/sheet/6546,92,"인기 팝업스토어 일정, 후기를 한눈에! | 팝가 Popga",20260422,20260503
/popup/990,127,정년이 X 더현대 팝업 | 팝가 POPGA,20241106,20260618
/popup/388,606,해리포터 위자드몰 현대백화점 목동점 팝업 - 위자드몰 팝업 | 팝가 Popga,20240823,20260615
/popup/1731,365,위자드몰 팝업 | 팝가 POPGA,20250131,20260523
/popup/1433,55,꽉홀로 집에 고양 팝업 | 팝가 POPGA,20241221,20260529
/popup/1764,130,산타마리아노벨라 메디치 가든 아트 팝업 | 팝가 POPGA,20250204,20260614
/popup/1820,45,우닉 팝업 - 대구 - 우닉 팝업 | 팝가 Popga,20250210,20260622
/popup/1323,243,상상마당 X 무직타이거 팝업 | 팝가 POPGA,20241210,20260620
/popup/1101,30,THE HOUSE OF YUN 팝업 | 팝가 POPGA,20241117,20260526
/popup/1900,695,쿠키런: 킹덤 4주년 <진리와 거짓의 게임> 전시 | 팝가 POPGA,20250217,20260606
/popup/1940,94,빙의자를 위한 특혜 팝업 | 팝가 POPGA,20250219,20260606
/popup/1978,246,체이싱래빗 팝업 | 팝가 POPGA,20250221,20260617
/popup/1852,121,한글과자 팝업 | 팝가 POPGA,20250212,20260518
/popup/3078,149,카누 팝업 | 팝가 POPGA,20250618,20260628
/popup/3275,77,루프루프 팝업 | 팝가 POPGA,20250710,20260620
/popup/2347,83,서커스 보이 밴드 팝업 | 팝가 POPGA,20250326,20260704
/popup/2506,212,KBO 팬 페스타 팝업 | 팝가 POPGA,20250414,20260529
/popup/1969/reviews,13,프라포투투 팝업 후기 | 팝가 POPGA,20250319,20250501
/popup/629,135,바이레도 팝업 | 팝가 POPGA,20240925,20260616
/popup/2681,104,베티붑 팝업 | 팝가 POPGA,20250507,20260628
/popup/3998,106,솔루션스 이벤트 | 팝가 POPGA,20250915,20260617
/popup/1709,67,시세이도 프로페셔널 서브리믹 팝업 | 팝가 POPGA,20250123,20260705
/popup/2877,133,티켓투더문 팝업 - 잠실 | 팝가 POPGA,20250529,20260622
/popup/4063,77,혼쿄 팝업 | 팝가 POPGA,20250919,20260619
/popup/5511,321,울트라 백화점 전시 - 을지로 팝업 | 팝가 Popga,20260203,20260615
/popup/3307,170,웰터 익스페리먼트 X 오스트리야 팝업 | 팝가 POPGA,20250715,20260619
/popup/1997,73,흑집사 -기숙학교 편 X 애니메이트 콜라보 카페 팝업 - 부산 | 팝가 POPGA,20250226,20260604
/popup/3946,42,오드삭스 팝업 | 팝가 POPGA,20250910,20260518
/popup/3874,113,요아정 팝업 - Sweet Moments at YOAJUNG | 팝가 POPGA,20250904,20260704
/popup/3374,201,스윙셋 X 영아트 팝업 | 팝가 POPGA,20250725,20260620
/popup/2250/reviews/write,1,헬로키티 X 샤이니 키 팝업 후기 | 팝가 POPGA,20250404,20250404
/popup/2300,78,오월의 방울 팝업 | 팝가 POPGA,20250317,20260618
/popup/105,53,세컨드모닝 X 상상마당 팝업 | 팝가 POPGA,20240801,20260620
/popup/3571,133,우드포드 리저브 팝업 - THE FASHION BAR | 팝가 POPGA,20250807,20260604
/popup/4060,83,팀버랜드 팝업 | 팝가 POPGA,20250919,20260704
/popup/sheet/5705,345,성수 팝업스토어 찾기 | 팝가,20260225,20260315
/popup/sheet/5508,218,성수 팝업스토어 찾기 | 팝가,20260223,20260508
/popup/sheet/5242,152,애니/캐릭터 팝업스토어 찾기 | 팝가,20260223,20260329
/popup/sheet/5621,782,"인기 팝업스토어 일정, 후기를 한눈에! | 팝가 Popga",20260223,20260412
/popup/3192,376,SME 비디오샵 컨셉 프로모션 - 대전 | 팝가 POPGA,20250703,20251204
/popup/2752,206,새벽의 노래 전시 | 팝가 POPGA,20250513,20260612
/popup/930,110,그레일즈 잠실 팝업 | 팝가 POPGA,20241028,20260617
/popup/1835,66,헌치 팝업 | 팝가 POPGA,20250211,20260619
/popup/sheet/6087,332,성수 팝업스토어 찾기 | 팝가,20260330,20260411
/popup/6180,1,팝업스토어 상세 정보 | 팝가 Popga,20260407,20260407
/popup/sheet/6039,595,성수 팝업스토어 찾기 | 팝가,20260327,20260414
/popup/sheet/6179,336,"인기 팝업스토어 일정, 후기를 한눈에! | 팝가 Popga",20260406,20260508
/popup/sheet/6065,598,성수 팝업스토어 찾기 | 팝가,20260329,20260504
/popup/3434,166,디어스윗랩 팝업 - 디어스윗랩 팝업 팝업 | 팝가 Popga,20250730,20260615
/popup/3461,3,뉴앳던 성수 | 팝가 POPGA,20250802,20260104
/popup/3701,38,NS 프로틴 팝업 | 팝가 POPGA,20250820,20260604
/popup/4820,187,핑크퐁크 X 러블리본 팝업 - 홍대 팝업 | 팝가 Popga,20251128,20260614
/popup/sheet/6197,50,팝업스토어 찾기 | 팝가,20260407,20260510
/popup/sheet/6200,144,홍대/신촌 팝업스토어 찾기 | 팝가,20260407,20260516
/popup/sheet/5793,87,팝업스토어 찾기 | 팝가,20260305,20260315
/popup/sheet/5680,67,팝업스토어 찾기 | 팝가,20260223,20260330
/popup/5141,260,무용지용 팝업 - 용산 팝업 | 팝가 Popga,20251228,20260628
/popup/3541,60,하운드팟 팝업 | 팝가 POPGA,20250805,20260615
/popup/5450,106,듀얼소닉 팝업 - 명동 팝업 | 팝가 Popga,20260128,20260623
/popup/sheet/6125,58,팝업스토어 찾기 | 팝가,20260401,20260414
/popup/sheet/6208,294,"인기 팝업스토어 일정, 후기를 한눈에! | 팝가 Popga",20260408,20260422
/popup/sheet/6465,64,잠실 팝업스토어 찾기 | 팝가,20260420,20260510
/popup/sheet/6578,127,성수 팝업스토어 찾기 | 팝가,20260424,20260509
/popup/sheet/6279,97,잠실 팝업스토어 찾기 | 팝가,20260413,20260530
/popup/sheet/6531,205,성수 팝업스토어 찾기 | 팝가,20260422,20260502
/popup/sheet/5551,456,"인기 팝업스토어 일정, 후기를 한눈에! | 팝가 Popga",20260223,20260506
/popup/5766,146,빌리프 X 바나나킥 팝업 - 강남 팝업 | 팝가 Popga,20260304,20260618
/popup/sheet/5778,556,팝업스토어 찾기 | 팝가,20260304,20260508
/popup/6160,32,바샤커피 봄나들이 이벤트 - 명동 팝업 | 팝가 Popga,20260405,20260705
/popup/sheet/5887,39,팝업스토어 찾기 | 팝가,20260315,20260326
/popup/5401,94,브라이튼 팝업 - 여의도 팝업 | 팝가 Popga,20260125,20260522
/popup/4907,183,네오젠 X 슈야토야 팝업 - 여의도 팝업 | 팝가 Popga,20251205,20260622
/popup/1584,93,오징어 게임 시즌2 팝업 - 대전 | 팝가 POPGA,20250110,20260622
/popup/3881,122,김씨네 과일 팝업 | 팝가 POPGA,20250904,20260618
/popup/sheet/5801,135,팝업스토어 찾기 | 팝가,20260306,20260505
/popup/3757,73,여밈 팝업 | 팝가 POPGA,20250826,20260614
/popup/4390,84,미닉스 X 부산 신세계 센텀시티점 팝업 - 부산 팝업 | 팝가 Popga,20251022,20260619
/popup/sheet/5528,40,성수 팝업스토어 찾기 | 팝가,20260223,20260227
/popup/sheet/5421,6,경상권 팝업스토어 찾기 | 팝가,20260224,20260305
/popup/4988,91,메주네 동네 가게 팝업 - 홍대 팝업 | 팝가 Popga,20251212,20260705
/popup/sheet/5630,122,팝업스토어 찾기 | 팝가,20260223,20260308
/popup/sheet/5613,13,홍대/신촌 팝업스토어 찾기 | 팝가,20260223,20260227
/popup/sheet/5377,57,성수 팝업스토어 찾기 | 팝가,20260223,20260302
/popup/sheet/7147,170,"인기 팝업스토어 일정, 후기를 한눈에! | 팝가 Popga",20260520,20260603
/popup/sheet/6098,105,성수 팝업스토어 찾기 | 팝가,20260331,20260405
/popup/sheet/6008,89,팝업스토어 찾기 | 팝가,20260325,20260405
/popup/5374,40,붕어로94 X 소은호떡 팝업 - 청주 - 청주 팝업 | 팝가 Popga,20260121,20260615
/popup/sheet/6176,174,성수 팝업스토어 찾기 | 팝가,20260406,20260430
/popup/sheet/6211,39,"인기 팝업스토어 일정, 후기를 한눈에! | 팝가 Popga",20260408,20260426
/popup/sheet/5438,75,팝업스토어 찾기 | 팝가,20260223,20260606
/popup/sheet/6461,240,성수 팝업스토어 찾기 | 팝가,20260420,20260426
/popup/sheet/6333,280,성수 팝업스토어 찾기 | 팝가,20260414,20260501
/popup/sheet/6069,15,팝업스토어 찾기 | 팝가,20260330,20260401
/popup/sheet/5656,90,홍대/신촌 애니/캐릭터 팝업스토어 찾기 | 팝가,20260223,20260405
/popup/sheet/6021,33,팝업스토어 찾기 | 팝가,20260326,20260407
/popup/sheet/6011,163,성수 팝업스토어 찾기 | 팝가,20260325,20260330
/popup/sheet/5907,46,강남/서초 팝업스토어 찾기 | 팝가,20260316,20260407
/popup/sheet/5814,84,애니/캐릭터 팝업스토어 찾기 | 팝가,20260309,20260415
/popup/sheet/7150,130,성수 팝업스토어 찾기 | 팝가,20260520,20260613
/popup/sheet/5958,126,홍대/신촌 애니/캐릭터 팝업스토어 찾기 | 팝가,20260320,20260408
/popup/sheet/6317,144,성수 팝업스토어 찾기 | 팝가,20260414,20260426
/popup/sheet/6140,88,"인기 팝업스토어 일정, 후기를 한눈에! | 팝가 Popga",20260403,20260422
/popup/sheet/5767,379,홍대/신촌 애니/캐릭터 팝업스토어 찾기 | 팝가,20260304,20260311
/popup/3653,111,에스티로더 X 뷰티쁠 유니버스 팝업 | 팝가 POPGA,20250814,20260620
/popup/919,25,LMR 팝업 | 팝가 POPGA,20241029,20260623
/popup/sheet/5890,69,팝업스토어 찾기 | 팝가,20260316,20260318
/popup/sheet/5875,341,성수 팝업스토어 찾기 | 팝가,20260315,20260331
/popup/sheet/6689,12,팝업스토어 찾기 | 팝가,20260427,20260506
/popup/sheet/5306,334,성수 팝업스토어 찾기 | 팝가,20260223,20260606
/popup/sheet/6927,187,성수 팝업스토어 찾기 | 팝가,20260507,20260510
/popup/sheet/5732,115,애니/캐릭터 팝업스토어 찾기 | 팝가,20260301,20260301
/popup/4923,99,레터프롬문 팝업 - 종로 팝업 | 팝가 Popga,20251208,20260515
/popup/sheet/5150,1,팝업스토어 검색 | 팝가 Popga,20260529,20260529
/popup/2406,65,아르반 팝업 | 팝가 POPGA,20250402,20260522
/popup/sheet/6005,26,팝업스토어 찾기 | 팝가,20260325,20260511
/popup/sheet/6560,95,팝업스토어 찾기 | 팝가,20260423,20260506
/popup/sheet/6551,15,팝업스토어 찾기 | 팝가,20260423,20260425
/popup/sheet/6170,82,"인기 팝업스토어 일정, 후기를 한눈에! | 팝가 Popga",20260406,20260524
/popup/sheet/5919,98,팝업스토어 찾기 | 팝가,20260317,20260603
/popup/sheet/5940,60,애니/캐릭터 팝업스토어 찾기 | 팝가,20260319,20260403
/popup/sheet/6716,193,성수 팝업스토어 찾기 | 팝가,20260429,20260510
/popup/sheet/5882,35,팝업스토어 찾기 | 팝가,20260315,20260323
/popup/7145,28,브라운브레스 팝업 - 신촌 팝업 | 팝가 Popga,20260520,20260705
/popup/sheet/5845,24,팝업스토어 찾기 | 팝가,20260311,20260322
/popup/3383,160,FC바르셀로나 X FC서울 팝업 | 팝가 POPGA,20250725,20260704
/popup/sheet/6527,32,팝업스토어 찾기 | 팝가,20260422,20260430
/popup/sheet/6477,289,성수 팝업스토어 찾기 | 팝가,20260420,20260504
/popup/7390,60,캐리마켓 플리마켓 - 캐리 페스타 - 강남 팝업 | 팝가 Popga,20260605,20260614
/reservation/popup/2689/complete/136,1,탐스싱싱마켓 팝업 사전예약 | 팝가 POPGA,20250515,20250515
/popup/sheet/6576,232,팝업스토어 찾기 | 팝가,20260424,20260510
/popup/sheet/6537,65,팝업스토어 찾기 | 팝가,20260423,20260506
/popup/sheet/6579,28,팝업스토어 찾기 | 팝가,20260424,20260426
/popup/sheet/6598,35,팝업스토어 찾기 | 팝가,20260426,20260530
/popup/6430,151,월드비어컨테이너 페스티벌 - 성수 팝업 | 팝가 Popga,20260417,20260622
/popup/sheet/5838,55,팝업스토어 찾기 | 팝가,20260310,20260329
/popup/sheet/6919,127,성수 팝업스토어 찾기 | 팝가,20260507,20260510
/popup/sheet/6911,23,팝업스토어 찾기 | 팝가,20260506,20260508
/popup/1017,37,부산울산경남 관광 팝업 | 팝가 POPGA,20241107,20260521
/popup/1465,17,비엘알 팝업 - 비엘알 팝업 | 팝가 Popga,20241228,20260604
/popup/2346,80,몰바니 팝업 | 팝가 POPGA,20250326,20260623
/popup/3079,101,부산관광 팝업 | 팝가 POPGA,20250619,20260612
/popup/3208,151,벤시몽 팝업 | 팝가 POPGA,20250703,20260620
/popup/2723,72,트리밍버드 팝업 | 팝가 POPGA,20250509,20260622
/popup/2322,66,메리온 팝업 | 팝가 POPGA,20250324,20260615
/popup/4543,81,블리소이의 작은 집 팝업 - 누구나 즐길 수 있는 향기 - 용산 팝업 | 팝가 Popga,20251105,20260519
/popup/sheet/6183,178,성수 팝업스토어 찾기 | 팝가,20260407,20260410
/popup/sheet/5944,270,"인기 팝업스토어 일정, 후기를 한눈에! | 팝가 Popga",20260319,20260508
/popup/5625,69,참치학교 팝업 - 수원 - 수원 팝업 | 팝가 Popga,20260217,20260705
/popup/1320,22,JAJU 앳 홈 전시 - 자주 팝업 | 팝가 Popga,20241210,20260526
/popup/5117,86,유니클로 히트텍 팝업 - 명동 팝업 | 팝가 Popga,20251225,20260704
/popup/6220,140,바이오던스 팝업 - Hydrogel Splash Bar @홍대 - 홍대 팝업 | 팝가 Popga,20260408,20260616
/popup/6446,90,빵고미 팝업 - 부산 팝업 | 팝가 Popga,20260419,20260704
/popup/4376,251,레페리 크리에이터 플리마켓 | 팝가 Popga,20251022,20260618
/popup/5557,47,봄날엔 팝업 - 용산 팝업 | 팝가 Popga,20260206,20260520
/popup/sheet/1184,2,팝업스토어 검색 | 팝가 Popga,20260224,20260509
/popup/sheet/5400,122,성수 팝업스토어 찾기 | 팝가,20260223,20260228
/popup/4377,59,삼청정독길 저잣거리 페스티벌 | 팝가 Popga,20251022,20260616
/popup/4498,50,페레 이벤트 - STAY HOT FOREVER | 팝가 Popga,20251031,20260628
/popup/sheet/272,2,찜한 팝업스토어 모아보기 | 팝가 Popga,20260227,20260526
/popup/sheet/6467,102,성수 팝업스토어 찾기 | 팝가,20260420,20260427
/popup/sheet/6025,65,팝업스토어 찾기 | 팝가,20260326,20260402
/popup/sheet/6094,24,팝업스토어 찾기 | 팝가,20260331,20260418
/popup/sheet/6146,76,팝업스토어 찾기 | 팝가,20260403,20260408
/popup/sheet/5934,137,성수 팝업스토어 찾기 | 팝가,20260318,20260417
/popup/1208,42,냥냥몬스터즈 홀리데이 팝업 - 냥냥몬스터즈 팝업 | 팝가 Popga,20241203,20260704
/popup/sheet/6243,120,"인기 팝업스토어 일정, 후기를 한눈에! | 팝가 Popga",20260409,20260426
/popup/sheet/7036,53,팝업스토어 찾기 | 팝가,20260514,20260521
/popup/sheet/7070,34,잠실 팝업스토어 찾기 | 팝가,20260517,20260530
/popup/sheet/4045,1,팝업스토어 검색 | 팝가 Popga,20260413,20260413
/popup/sheet/6724,34,팝업스토어 찾기 | 팝가,20260429,20260510
/popup/sheet/6944,155,성수 팝업스토어 찾기 | 팝가,20260508,20260510
/popup/sheet/2531,1,팝업스토어 찾기 | 팝가,20260503,20260503
/popup/sheet/6757,13,짱구 검색 결과 | 팝가,20260430,20260515
/popup/sheet/4971,56,팝업스토어 찾기 | 팝가,20260224,20260502
/popup/sheet/6613,11,팝업스토어 찾기 | 팝가,20260426,20260429
/popup/sheet/6737,21,팝업스토어 찾기 | 팝가,20260429,20260518
/popup/sheet/6995,43,팝업스토어 찾기 | 팝가,20260512,20260604
/popup/sheet/5583,9,용산 팝업스토어 찾기 | 팝가,20260223,20260226
/popup/5711,67,그린칙 팝업 - 용산 팝업 | 팝가 Popga,20260225,20260627
/popup/sheet/1535,1,키즈/반려동물 팝업스토어 찾기 | 팝가,20260319,20260319
/popup/sheet/7162,17,팝업스토어 찾기 | 팝가,20260521,20260530
/popup/sheet/5918,63,팝업스토어 찾기 | 팝가,20260317,20260406
/popup/sheet/7110,95,팝업스토어 찾기 | 팝가,20260519,20260603
/popup/7267,39,위드썸 팝업 @부산 - 부산 팝업 | 팝가 Popga,20260528,20260613
/popup/sheet/7261,12,팝업스토어 찾기 | 팝가,20260528,20260603
/popup/sheet/7220,15,팝업스토어 찾기 | 팝가,20260526,20260530
/popup/sheet/6364,66,"인기 팝업스토어 일정, 후기를 한눈에! | 팝가 Popga",20260421,20260508
/popup/sheet/3181,1,팝업스토어 검색 | 팝가 Popga,20260417,20260417
/popup/6959,26,드멜리 팝업 - 종로구 팝업 | 팝가 Popga,20260511,20260614
/popup/sheet/7111,102,성수 팝업스토어 찾기 | 팝가,20260519,20260525
/popup/sheet/5842,83,"인기 팝업스토어 일정, 후기를 한눈에! | 팝가 Popga",20260310,20260315
/popup/sheet/5791,121,성수 팝업스토어 찾기 | 팝가,20260305,20260311
/popup/sheet/6513,14,팝업스토어 찾기 | 팝가,20260421,20260430
/popup/sheet/6648,35,"인기 팝업스토어 일정, 후기를 한눈에! | 팝가 Popga",20260427,20260501
/popup/sheet/6986,68,여의도 팝업스토어 찾기 | 팝가,20260512,20260522
/popup/sheet/6853,33,5월 베이비몬스터 팝업스토어 서울 3곳: 인사동·명동·합정 오픈 정보 & 포토카드 이벤트 | 팝가 Popga,20260501,20260511
/popup/sheet/7004,115,성수 팝업스토어 찾기 | 팝가,20260512,20260604
/popup/1107,79,올웨이즈프린팅 | 팝가 POPGA,20241118,20260618
/popup/2310/reviews/write,3,엔믹스 팝업 후기 | 팝가 POPGA,20250324,20250330
/popup/2998,8,"인기 팝업스토어 일정, 후기를 한눈에! | 팝가 Popga",20250615,20260118
/popup/4603,56,힐다 팝업 - 여의도 팝업 | 팝가 Popga,20251110,20260523
/popup/sheet/5239,74,F&B 팝업스토어 찾기 | 팝가,20260223,20260508
/popup/sheet/5722,98,팝업스토어 찾기 | 팝가,20260226,20260331
/popup/sheet/6181,60,잠실 팝업스토어 찾기 | 팝가,20260407,20260423
/popup/sheet/5588,32,홍대/신촌 팝업스토어 찾기 | 팝가,20260223,20260318
/popup/sheet/6657,152,잠실 팝업스토어 찾기 | 팝가,20260427,20260603
/popup/sheet/5742,41,팝업스토어 찾기 | 팝가,20260301,20260308
/popup/sheet/5643,44,잠실 팝업스토어 찾기 | 팝가,20260223,20260312
/popup/sheet/5362,2,애니/캐릭터 팝업스토어 찾기 | 팝가,20260315,20260401
/popup/sheet/5780,52,팝업스토어 찾기 | 팝가,20260304,20260319
/popup/sheet/6608,39,잠실 팝업스토어 찾기 | 팝가,20260426,20260530
/popup/sheet/6683,18,팝업스토어 찾기 | 팝가,20260427,20260430
/popup/sheet/6288,80,팝업스토어 찾기 | 팝가,20260413,20260508
/popup/sheet/4698,1,"성수, 홍대/신촌 F&B 팝업스토어 찾기 | 팝가",20260410,20260410
/popup/sheet/5717,44,"인기 팝업스토어 일정, 후기를 한눈에! | 팝가 Popga",20260226,20260308
/popup/sheet/6555,27,팝업스토어 찾기 | 팝가,20260423,20260529
/popup/sheet/4347,1,팝업스토어 찾기 | 팝가,20260320,20260320
/popup/6676,15,메리베리위시 팝업 - 부산 팝업 | 팝가 Popga,20260427,20260618
/popup/sheet/6628,5,팝업스토어 찾기 | 팝가,20260426,20260428
/popup/sheet/6561,69,성수 팝업스토어 찾기 | 팝가,20260423,20260426
/popup/sheet/6994,17,팝업스토어 찾기 | 팝가,20260512,20260523
/popup/sheet/6755,24,팝업스토어 찾기 | 팝가,20260430,20260521
/popup/6202,19,키비티 팝업 - 부산 팝업 | 팝가 Popga,20260407,20260522
/popup/459,23,RSSC 더현대 서울 팝업 - RSSC 팝업 | 팝가 Popga,20240830,20260619
/popup/2539,948,괴도 세인트 테일 X 투니크 콜라보 카페 | 팝가 POPGA,20250417,20260616
/popup/2241/reviews,3,비투비 캐릭터 팝업 후기 | 팝가 POPGA,20250328,20250329
/popup/2152,9,에어드랍 커피 성수 | 팝가 POPGA,20250701,20260105
/popup/sheet/5719,521,홍대/신촌 애니/캐릭터 팝업스토어 찾기 | 팝가,20260226,20260312
/popup/2119,1,팝업스토어 상세 정보 | 팝가 Popga,20260222,20260222
/popup/sheet/6084,32,"인기 팝업스토어 일정, 후기를 한눈에! | 팝가 Popga",20260330,20260405
/popup/4002,5,"인기 팝업스토어 일정, 후기를 한눈에! | 팝가 Popga",20251127,20260105
/popup/sheet/4897,2,팝업스토어 찾기 | 팝가,20260324,20260505
/popup/sheet/5456,93,성수 팝업스토어 찾기 | 팝가,20260223,20260410
/popup/4032,52,노드랩스 팝업 | 팝가 POPGA,20250917,20260606
/popup/5841,60,혼쿄 팝업 - 홍대 팝업 | 팝가 Popga,20260310,20260613
/popup/sheet/5233,15,팝업스토어 찾기 | 팝가,20260223,20260302
/popup/sheet/4022,1,"라이프스타일, 키즈/반려동물, F&B, 기타 팝업스토어 찾기 | 팝가",20260227,20260227
/popup/sheet/5983,9,팝업스토어 찾기 | 팝가,20260323,20260325
/reservation/popup/2689/complete/206,1,탐스싱싱마켓 팝업 사전예약 | 팝가 POPGA,20250517,20250517
/reservation/popup/2689/complete/192,1,탐스싱싱마켓 팝업 사전예약 | 팝가 POPGA,20250517,20250517
/popup/sheet/6957,37,팝업스토어 찾기 | 팝가,20260511,20260519
/popup/sheet/6418,33,팝업스토어 찾기 | 팝가,20260416,20260426
/popup/1752/reviews,3,에센허브 팝업 후기 | 팝가 POPGA,20250211,20250211
/popup/3009,4,문선 | 팝가 POPGA,20250615,20250616
/popup/2423/reviews/write,6,카스 팝업 후기 | 팝가 POPGA,20250416,20250418
/popup/sheet/6267,31,여의도 팝업스토어 찾기 | 팝가,20260410,20260415
/popup/sheet/6557,23,팝업스토어 찾기 | 팝가,20260423,20260428
/popup/sheet/7309,19,팝업스토어 찾기 | 팝가,20260531,20260603
/popup/sheet/5879,19,여의도 팝업스토어 찾기 | 팝가,20260315,20260318
/popup/sheet/6350,13,팝업스토어 찾기 | 팝가,20260415,20260430
/popup/sheet/6401,21,팝업스토어 찾기 | 팝가,20260416,20260423
/popup/7638,15,티켓투더문 팝업 @부천 - 부천 팝업 | 팝가 Popga,20260621,20260704
/popup/sheet/6731,73,여의도 팝업스토어 찾기 | 팝가,20260429,20260506
/popup/250,38,쿼카 인 하스피탈 팝업 | 팝가 POPGA,20240808,20260521
/popup/1869,61,비클린 X 루메네 팝업 | 팝가 POPGA,20250213,20260619
/popup/4103,29,고차고차 팝업 | 팝가 POPGA,20250924,20260618
/popup/sheet/5562,31,잠실 팝업스토어 찾기 | 팝가,20260223,20260314
/reservation/popup/2689/complete/326,1,탐스싱싱마켓 팝업 사전예약 | 팝가 POPGA,20250523,20250523
/popup/sheet/6215,32,용산 팝업스토어 찾기 | 팝가,20260408,20260423
/popup/sheet/5766,167,강남/서초 팝업스토어 찾기 | 팝가,20260304,20260331
/popup/sheet/1140,1,팝업스토어 찾기 | 팝가,20260302,20260302
/popup/6309,1,팝업스토어 상세 정보 | 팝가 Popga,20260413,20260413
/popup/sheet/6449,18,"인기 팝업스토어 일정, 후기를 한눈에! | 팝가 Popga",20260419,20260429
/reservation/popup/2689/complete/177,1,탐스싱싱마켓 팝업 사전예약 | 팝가 POPGA,20250516,20250516
/popup/sheet/6573,28,팝업스토어 찾기 | 팝가,20260423,20260509
/popup/sheet/5046,1,찜한 팝업스토어 모아보기 | 팝가 Popga,20260505,20260505
/popup/sheet/5444,1,팝업스토어 찾기 | 팝가,20260311,20260311
/popup/1419',1,팝가 POPGA,20241222,20241222
/popup/865/reviews/6/modify,1,스위트스팟 후기 | 팝가 POPGA,20250124,20250124
/popup/sheet/7129,64,여의도 팝업스토어 찾기 | 팝가,20260520,20260603
/popup/6299,65,설화수 윤조에센스 팝업 - 잠실 팝업 | 팝가 Popga,20260413,20260619
/popup/sheet/6621,5,제이에스티나 검색 결과 | 팝가,20260426,20260429
/popup/sheet/5636,166,성수 팝업스토어 찾기 | 팝가,20260223,20260508
/popup/sheet/5602,13,잠실 팝업스토어 찾기 | 팝가,20260223,20260226
/popup/sheet/7358,26,팝업스토어 찾기 | 팝가,20260602,20260603
/popup/sheet/6141,11,팝업스토어 찾기 | 팝가,20260405,20260407
/reservation/popup/2689/complete/143,1,탐스싱싱마켓 팝업 사전예약 | 팝가 POPGA,20250515,20250515
/popup/sheet/3194,1,F&B 팝업스토어 찾기 | 팝가,20260508,20260508
/popup/4112,263,커브드 팝업 - Kurved GLOW STATION | 팝가 POPGA,20250925,20260704
/popup/3652,563,ASL 팝업 - 메카소울 - ASL 팝업 팝업 | 팝가 Popga,20250814,20260704
/popup/3004,6,뭍 | 팝가 POPGA,20250615,20250616
/popup/4048,78,에스팩토리 라이브 이벤트 - 행복한 여행자 | 팝가 POPGA,20250918,20260530
/popup/1986/reviews,17,도쿄卍리벤저스 전시 후기 | 팝가 POPGA,20250331,20250523
/popup/277,1,팝업스토어 정보가 필요할 땐 팝가(POPGA),20250523,20250523
/popup/7291,14,만욱 개인전 - 서초 팝업 | 팝가 Popga,20260529,20260606
/popup/sheet/6355,268,성수 팝업스토어 찾기 | 팝가,20260415,20260427
/popup/sheet/6311,20,팝업스토어 찾기 | 팝가,20260414,20260606
/popup/7177,31,아디다스 월드컵 팝업 - 하남 팝업 | 팝가 Popga,20260522,20260705
/popup/sheet/6603,10,팝업스토어 찾기 | 팝가,20260427,20260518
/popup/2455,86,랜쇼페 베이스볼필드 팝업 | 팝가 POPGA,20250408,20260616
/popup/2398/reviews/write,1,드롭드롭드롭 BE-TWIN 홈파티 이벤트 후기 | 팝가 POPGA,20250416,20250416
/popup/sheet/5669,266,성수 팝업스토어 찾기 | 팝가,20260223,20260405
/popup/sheet/87,2,팝업스토어 찾기 | 팝가,20260311,20260330
/popup/2114/reviews/write,3,꿈빛 파티시엘 팝업 후기 | 팝가 POPGA,20250331,20250420
/popup/2890,1,팝업스토어 정보가 필요할 땐 팝가(POPGA),20250602,20250602
/popup/2385/reviews/write,3,컴온스타일 쇼케이스 팝업 후기 | 팝가 POPGA,20250404,20250404
/popup/2156,2,Bored&hungry | 팝가 POPGA,20250504,20250506
/popup/sheet/6403,61,잠실 팝업스토어 찾기 | 팝가,20260416,20260430
/popup/sheet/7208,60,팝업스토어 찾기 | 팝가,20260525,20260530
/popup/1134,1,브런치 브라더 하우스 X 에이랜드 팝업 | 팝가 POPGA,20241121,20241121
/popga-pass/3458,3,밀키샵 성수점 | 팝가패스,20250916,20250918
/popup/sheet/5241,374,성수 팝업스토어 찾기 | 팝가,20260223,20260331
/popup/sheet/5735,160,성수 팝업스토어 찾기 | 팝가,20260227,20260327
/popup/sheet/6451,41,팝업스토어 찾기 | 팝가,20260420,20260430
/popup/sheet/7049,62,팝업스토어 찾기 | 팝가,20260515,20260529
/popup/sheet/4865,5,팝업스토어 찾기 | 팝가,20260227,20260526
/reservation/popup/2689/complete/199,1,탐스싱싱마켓 팝업 사전예약 | 팝가 POPGA,20250517,20250517
/popup/6788,2,드리미 팝업 - 동탄 팝업 | 팝가 Popga,20260503,20260520
/popup/sheet/5342,1,"성수, 홍대/신촌 F&B 팝업스토어 찾기 | 팝가",20260410,20260410
/reservation/popup/2689/complete/165,1,탐스싱싱마켓 팝업 사전예약 | 팝가 POPGA,20250516,20250516
/popup/7358,12,운카페에주께로 플리마켓 - 마포 팝업 | 팝가 Popga,20260602,20260628
/popup/519,80,아톰 70주년 팝업 | 팝가 POPGA,20240909,20260616
/popup/3014,8,삐아 | 팝가 POPGA,20250615,20250616
/popup/sheet/7065,353,팝업스토어 찾기 | 팝가,20260515,20260627
/popup/drawer/5531,1,"인기 팝업스토어 일정, 후기를 한눈에! | 팝가 Popga",20260302,20260310
/popup/6751,16,바디프랜드 팝업 - 대구 팝업 | 팝가 Popga,20260430,20260516
/popup/5788,4,팝업스토어 상세 정보 | 팝가 Popga,20260305,20260305
/popup/sheet/4555,1,팝업스토어 검색 | 팝가 Popga,20260409,20260409
/popup/sheet/1122,1,경상권 팝업스토어 찾기 | 팝가,20260506,20260506
/popup/3445,317,댄스냅 팝업 | 팝가 POPGA,20250730,20260619
/popup/3789,78,크러쉬 X 러쉬 팝업 : Crush with Lush - 잠실 | 팝가 POPGA,20250828,20260619
/popup/2988,6,일과 | 팝가 POPGA,20250615,20250616
/popga-pass/2161,9,무브모브 성수 | 팝가패스,20250916,20250926
/popup/sheet/5476,654,성수 팝업스토어 찾기 | 팝가,20260223,20260430
/popup/sheet/625,1,팝업스토어 찾기 | 팝가,20260227,20260227
/popup/1555,59,말렌 팝업 | 팝가 POPGA,20250109,20260606
/popup/3006,5,유핑 성수 | 팝가 POPGA,20250615,20250616
/reservation/popup/1936,1,팝업스토어 정보가 필요할 땐 팝가(POPGA),20250502,20250502
/reservation/popup/2689/complete/300,1,탐스싱싱마켓 팝업 사전예약 | 팝가 POPGA,20250520,20250520
/popup/2558/reviews/write,1,수북즈 팝업 후기 | 팝가 POPGA,20250506,20250506
/popup/2163,6,Libreak | 팝가 POPGA,20250521,20260113
/popup/sheet/6225,76,잠실 팝업스토어 찾기 | 팝가,20260408,20260419
/popup/sheet/5641,13,애니/캐릭터 팝업스토어 찾기 | 팝가,20260223,20260302
/popup/sheet/3682,2,찜한 팝업스토어 모아보기 | 팝가 Popga,20260330,20260511
/popup/3016,10,오징어게임 더익스피리언스 | 팝가 POPGA,20250615,20250617
/popup/sheet/6796,6,팝업스토어 찾기 | 팝가,20260429,20260505
/popup/sheet/5260,1,팝업스토어 찾기 | 팝가,20260312,20260312
/popup/2370,203,작은 브랜드 마켓 팝업 | 팝가 POPGA,20250328,20260526
/reservation/popup/2689/complete/121,1,탐스싱싱마켓 팝업 사전예약 | 팝가 POPGA,20250513,20250513
/popup/3012,4,논픽션 | 팝가 POPGA,20250615,20250616
/popup/sheet/2740,3,팝업스토어 찾기 | 팝가,20260330,20260516
/popup/2996,3,스테치 | 팝가 POPGA,20250615,20250616
/reservation/popup/2689/complete/340,1,탐스싱싱마켓 팝업 사전예약 | 팝가 POPGA,20250526,20250526
/popup/sheet/5659,179,팝업스토어 찾기 | 팝가,20260223,20260426
/popup/sheet/4423,104,팝업스토어 찾기 | 팝가,20260223,20260323
/popup/sheet/5877,42,팝업스토어 찾기 | 팝가,20260315,20260325
/popup/sheet/6444,9,"인기 팝업스토어 일정, 후기를 한눈에! | 팝가 Popga",20260419,20260425
/popup/7360,14,래코드 팝업 - 종로 팝업 | 팝가 Popga,20260604,20260615
/popup/2987,10,이와자루 | 팝가 POPGA,20250615,20260104
/popup/sheet/5368,2,팝업스토어 찾기 | 팝가,20260311,20260320
/popup/2484/reviews/191/modify,1,삼성 라이온즈 X 바오패밀리 팝업 - 대구 후기 | 팝가 POPGA,20250426,20250426
/popup/sheet/6314,44,홍대/신촌 팝업스토어 찾기 | 팝가,20260414,20260428
/popup/sheet/6637,7,팝업스토어 찾기 | 팝가,20260426,20260508
/popup/sheet/6634,5,경상권 팝업스토어 찾기 | 팝가,20260426,20260504
/popup/sheet/6460,16,여의도 팝업스토어 찾기 | 팝가,20260420,20260422
/popup/6655,1,팝업스토어 상세 정보 | 팝가 Popga,20260427,20260427
/popup/3555,84,호과당 팝업 | 팝가 POPGA,20250806,20260614
/reservation/popup/2689/complete/131,1,탐스싱싱마켓 팝업 사전예약 | 팝가 POPGA,20250514,20250514
/popup/2175,1,"인기 팝업스토어 일정, 후기를 한눈에! | 팝가 Popga",20251230,20251230
/popup/4912,63,GS25 데이지에일 팝업 - 종로 - 종로 팝업 | 팝가 Popga,20251205,20260515
/reservation/popup/2689/complete/317,1,탐스싱싱마켓 팝업 사전예약 | 팝가 POPGA,20250523,20250523
/popup/sheet/5639,16,잠실 팝업스토어 찾기 | 팝가,20260223,20260226
/popup/sheet/6354,135,성수 팝업스토어 찾기 | 팝가,20260415,20260419
/popup/sheet/3712,1,팝업스토어 검색 | 팝가 Popga,20260501,20260501
/popup/915,31,REKET 가로수길 팝업 | 팝가 POPGA,20241026,20260526
/popup/4321,44,한열음의 다락방 플리마켓 - 낭만과 평화 사이 | 팝가 Popga,20251016,20260604
/popup/sheet/4564,1,팝업스토어 찾기 | 팝가,20260521,20260521
/popup/50645065,1,"인기 팝업스토어 일정, 후기를 한눈에! | 팝가 Popga",20251222,20251222
/popup/1046,56,커렌트 팝업 | 팝가 POPGA,20241109,20260604
/popup/1802/reviews,3,호카 본디 9 팝업 후기 | 팝가 POPGA,20250212,20250221
/popup/sheet/6029,432,성수 팝업스토어 찾기 | 팝가,20260326,20260413
/popup/sheet/5378,3,"성수, 홍대/신촌 F&B 팝업스토어 찾기 | 팝가",20260224,20260410
/popup/sheet/6864,48,"인기 팝업스토어 일정, 후기를 한눈에! | 팝가 Popga",20260430,20260507
/popup/sheet/981,1,팝업스토어 검색 | 팝가 Popga,20260417,20260417
/popup/1539/reviews/write,3,아이소이 로즈 팝업 후기 | 팝가 POPGA,20250124,20250127
/popup/5057,164,주토피아2 팝업 | 윈터 베케이션 @ AK플라자 분당 - 분당 팝업 | 팝가 Popga,20251219,20260518
/popup/6266,55,코치 팝업 - 여의도 팝업 | 팝가 Popga,20260410,20260530
/popup/sheet/5880,74,팝업스토어 찾기 | 팝가,20260315,20260404
/popup/sheet/6618,4,"전라권 F&B, 뷰티, 패션, 애니/캐릭터, 문구/아트, 라이프스타일, 디지털/테크, 기타 팝업스토어 찾기 | 팝가",20260426,20260429
/popup/2117,3,"인기 팝업스토어 일정, 후기를 한눈에! | 팝가 Popga",20250923,20260103
/popup/sheet/5867,66,"인기 팝업스토어 일정, 후기를 한눈에! | 팝가 Popga",20260313,20260323
/popup/sheet/3238,1,팝업스토어 검색 | 팝가 Popga,20260420,20260420
/popup/sheet/6334,107,성수 팝업스토어 찾기 | 팝가,20260414,20260420
/popup/sheet/5604,1,팝업스토어 찾기 | 팝가,20260312,20260312
/popup/1717,30,시너진 팝업 | 팝가 POPGA,20250124,20260623
/reservation/popup/2689/complete/292,1,탐스싱싱마켓 팝업 사전예약 | 팝가 POPGA,20250519,20250519
/popup/sheet/5549,885,홍대/신촌 애니/캐릭터 팝업스토어 찾기 | 팝가,20260223,20260322
/popup/sheet/6617,12,팝업스토어 찾기 | 팝가,20260426,20260516
/popup/sheet/5467,3,팝업스토어 지도 | 팝가,20260224,20260224
/popup/sheet/7264,11,팝업스토어 찾기 | 팝가,20260528,20260529
/popup/sheet/5473,1,성수 팝업스토어 찾기 | 팝가,20260320,20260320
/popup/37,21,이영지 16 Fantasy 서울 팝업 - 이영지 팝업 | 팝가 Popga,20240805,20260623
/popup/1829,128,에이비페브 팝업 | 팝가 POPGA,20250210,20260622
/popup/2846,64,빅노우즈애니멀즈 팝업 | 팝가 POPGA,20250526,20260613
/popup/sheet/5607,4,강남/서초 팝업스토어 찾기 | 팝가,20260224,20260226
/popup/sheet/772,1,팝업스토어 검색 | 팝가 Popga,20260504,20260504
/popup/sheet/3333,1,팝업스토어 검색 | 팝가 Popga,20260430,20260430
/popup/sheet/2552,1,팝업스토어 찾기 | 팝가,20260424,20260424
/popup/565,273,이케아 신촌 유플렉스 팝업 | 팝가 POPGA,20240916,20260704
/popup/1204,12,카밀 팝업 | 팝가 POPGA,20241202,20260622
/popup/91,49,"소소히히 이번 여름에, 나랑 다꾸할래? (홍대) 팝업 - 소소히히 팝업 | 팝가 Popga",20240828,20260623
/popup/3108,397,핏버디 팝업 | 팝가 POPGA,20250623,20260704
/popup/1019,2,팝업스토어 정보가 필요할 땐 팝가(POPGA),20250422,20250428
/popup/7344,14,무유무유 팝업 - 강남 팝업 | 팝가 Popga,20260602,20260616
/popup/sheet/3573,1,팝업스토어 찾기 | 팝가,20260404,20260404
/popup/7263,6,위드썸 팝업 @동탄 - 동탄 팝업 | 팝가 Popga,20260528,20260606
/popup/sheet/1677,1,팝업스토어 찾기 | 팝가,20260312,20260312
/popup/sheet/6790,5,팝업스토어 찾기 | 팝가,20260429,20260502
/popup/384,70,브레드이발소 X 쉬즈베이글 베이커리카페 팝업 - 쉬즈베이글 팝업 | 팝가 Popga,20240823,20260617
/popup/1886,86,꼴렉뜨 핑크 팝업 | 팝가 POPGA,20250214,20260519
/popup/sheet/5214,31,경상권 팝업스토어 찾기 | 팝가,20260225,20260406
/popup/sheet/5922,592,성수 팝업스토어 찾기 | 팝가,20260317,20260521
/reservation/popup/2689/complete/183,1,탐스싱싱마켓 팝업 사전예약 | 팝가 POPGA,20250517,20250517
/popup/157,1,팝업스토어 상세 정보 | 팝가 Popga,20260419,20260419
/popup/2265/reviews/write,1,포켓몬 X 프라그먼트 디자인 팝업 후기 | 팝가 POPGA,20250324,20250324
/popup/sheet/6900,1047,성수 팝업스토어 찾기 | 팝가,20260506,20260620
/popup/7448,145,"ICE ON, The frozen moment in 베리시 스타필드 하남점 - 하남 팝업 | 팝가 Popga",20260610,20260628
/popup/sheet/5596,2,패션 팝업스토어 찾기 | 팝가,20260313,20260320
/popup/sheet/2090,1,팝업스토어 검색 | 팝가 Popga,20260314,20260314
/popup/1536,77,미스터두낫띵 팝업 | 팝가 POPGA,20250106,20260616
/popup/2647/reviews/write,1,힌스 밀키솝 팝업 후기 | 팝가 POPGA,20250511,20250511
/popup/sheet/6213,24,팝업스토어 찾기 | 팝가,20260408,20260413
/popup/620,59,Bonsai Lifestyle 팝업 - 우너프 분재샵 팝업 | 팝가 Popga,20240923,20260705
/popup/2369/reviews/write,1,블루 록 X 애니플러스 콜라보 카페 후기 | 팝가 POPGA,20250411,20250411
/popup/sheet/5519,27,잠실 팝업스토어 찾기 | 팝가,20260223,20260314
/reservation/popup/2689/complete/309,1,탐스싱싱마켓 팝업 사전예약 | 팝가 POPGA,20250523,20250523
/popup/sheet/5646,38,여의도 팝업스토어 찾기 | 팝가,20260223,20260301
/popup/sheet/5013,2,팝업스토어 검색 | 팝가 Popga,20260227,20260323
/popup/sheet/4009,2,팝업스토어 검색 | 팝가 Popga,20260401,20260422
/popup/1631,85,코튼푸드수퍼 팝업 | 팝가 POPGA,20250116,20260627
/popup/4262,75,보리수파리 팝업 | 팝가 Popga,20251011,20260705
/reservation/popup/2689/complete/328,1,탐스싱싱마켓 팝업 사전예약 | 팝가 POPGA,20250524,20250524
/popup/4494,47,몽블랑 팝업 | 팝가 Popga,20251031,20260519
/popup/sheet/5932,85,팝업스토어 찾기 | 팝가,20260318,20260405
/popup/7498,23,봄날엔 팝업 @대구 - 대구 팝업 | 팝가 Popga,20260611,20260614
/popup/672,1,팝업스토어 상세 정보 | 팝가 Popga,20260429,20260429
/popup/sheet/3915,1,팝업스토어 추천,20260331,20260331
/popup/2133,2,"인기 팝업스토어 일정, 후기를 한눈에! | 팝가 Popga",20251230,20260113
/popup/2469/reviews,65,대환장 기안장 팝업 후기 | 팝가 POPGA,20250416,20250513
/popup/2570/reviews/write,1,그라운즈 팝업 후기 | 팝가 POPGA,20250425,20250425
/popup/sheet/6124,15,팝업스토어 찾기 | 팝가,20260401,20260407
/popup/sheet/5923,361,성수 팝업스토어 찾기 | 팝가,20260317,20260416
/popup/sheet/6521,40,팝업스토어 찾기 | 팝가,20260421,20260505
/popup/2162,4,"인기 팝업스토어 일정, 후기를 한눈에! | 팝가 Popga",20251123,20260115
/popup/sheet/5521,13,성수동 검색 결과 | 팝가,20260223,20260227
/popup/sheet/6729,20,팝업스토어 찾기 | 팝가,20260429,20260511
/popup/5825,5,팝업스토어 상세 정보 | 팝가 Popga,20260309,20260310
/popup/sheet/5668,165,F&B 팝업스토어 찾기 | 팝가,20260223,20260315
/reservation/popup/2689/complete/337,1,탐스싱싱마켓 팝업 사전예약 | 팝가 POPGA,20250525,20250525
/popup/1128,1,팝가 POPGA,20241129,20241129
/popup/2500/reviews/write,1,딥티크 성수 부티크 오픈 이벤트 후기 | 팝가 POPGA,20250422,20250422
/popup/sheet/3107,2,팝업스토어 찾기 | 팝가,20260225,20260401
/popup/sheet/6694,208,성수 팝업스토어 찾기 | 팝가,20260428,20260502
/reservation/popup/2689/complete/172,1,탐스싱싱마켓 팝업 사전예약 | 팝가 POPGA,20250516,20250516
/popup/sheet/4125,1,팝업스토어 찾기 | 팝가,20260318,20260318
/popup/2395/reviews/write,1,트렌타로마 팝업 후기 | 팝가 POPGA,20250401,20250401
/popup/1986/reviews/130/modify,1,도쿄卍리벤저스 전시 후기 | 팝가 POPGA,20250331,20250331
/popup/sheet/6131,46,팝업스토어 찾기 | 팝가,20260402,20260423
/popup/sheet/5396,1,팝업스토어 지도 | 팝가,20260323,20260323
/popup/sheet/3668,1,팝업스토어 찾기 | 팝가,20260421,20260421
/popup/2766/reviews/write,1,니아르 팝업 후기 | 팝가 POPGA,20250516,20250516
/popup/sheet/7170,150,성수 팝업스토어 찾기 | 팝가,20260521,20260524
/popup/sheet/5394,1,팝업스토어 찾기 | 팝가,20260311,20260311
/popup/2385/reviews,8,컴온스타일 쇼케이스 팝업 후기 | 팝가 POPGA,20250404,20250407
/popup/sheet/5039,1,팝업스토어 찾기 | 팝가,20260308,20260308
/popup/sheet/2831,1,팝업스토어 찾기 | 팝가,20260511,20260511
/popup/sheet/452,1,경상권 팝업스토어 찾기 | 팝가,20260226,20260226
/reservation/popup/2689/complete/159,1,탐스싱싱마켓 팝업 사전예약 | 팝가 POPGA,20250516,20250516
/popup/4957,338,오끌레르 이벤트 - 성수 팝업 | 팝가 Popga,20251210,20260623
/popup/sheet/5691,32,팝업스토어 찾기 | 팝가,20260224,20260311
/popup/sheet/5697,51,홍대/신촌 팝업스토어 찾기 | 팝가,20260224,20260312
/popup/sheet/6697,174,성수 팝업스토어 찾기 | 팝가,20260428,20260503
/popup/sheet/1102,1,키즈/반려동물 팝업스토어 찾기 | 팝가,20260319,20260319
/popup/2704,301,아뜰리에 가나 전시 | 팝가 POPGA,20250508,20260622
/popup/sheet/5799,110,성수 팝업스토어 찾기 | 팝가,20260306,20260311
/popup/sheet/4089,1,"라이프스타일, 키즈/반려동물, F&B, 기타 팝업스토어 찾기 | 팝가",20260227,20260227
/popup/sheet/6661,46,잠실 팝업스토어 찾기 | 팝가,20260427,20260508
/popup/sheet/4425,1,찜한 팝업스토어 모아보기 | 팝가 Popga,20260503,20260503
/popup/sheet/5815,9,팝업스토어 찾기 | 팝가,20260309,20260314
/reservation/popup/2689/complete/149,1,탐스싱싱마켓 팝업 사전예약 | 팝가 POPGA,20250515,20250515
/popup/184,28,리무브 롯데백화점 영등포 팝업 - 리무브 팝업 | 팝가 Popga,20240815,20260612
/popup/sheet/6635,33,잠실 팝업스토어 찾기 | 팝가,20260426,20260506
/popup/sheet/4394,1,"키즈/반려동물, 디지털/테크 팝업스토어 찾기 | 팝가",20260304,20260304
/popup/sheet/5156,10,팝업스토어 찾기 | 팝가,20260223,20260301
/popup/sheet/2423,1,팝업스토어 찾기 | 팝가,20260301,20260301
/popup/sheet/6182,123,성수 팝업스토어 찾기 | 팝가,20260407,20260427
/popup/sheet/4357,5,팝업스토어 찾기 | 팝가,20260316,20260606
/popup/6410,13,포인트앤 X 녹기전에 팝업 @혜화 - 한성대 팝업 | 팝가 Popga,20260416,20260519
/popup/sheet/6414,1,성수 팝업스토어 찾기 | 팝가,20260417,20260417
/popup/sheet/4820,1,팝업스토어 추천,20260313,20260313
/popup/1113,1,팝가 POPGA,20241120,20241120
/popup/1907/reviews/write,1,바샤커피 팝업 후기 | 팝가 POPGA,20250223,20250223
/popga-pass/2134,4,골든센트리 | 팝가패스,20250916,20250924
/reservation/popup/2689/complete/187,1,탐스싱싱마켓 팝업 사전예약 | 팝가 POPGA,20250517,20250517
/popup/3899,95,고창 꿀고구마 팝업 - 합정 | 팝가 POPGA,20250906,20260518
/popup/sheet/5573,3,뷰티 팝업스토어 찾기 | 팝가,20260301,20260303
/reservation/popup/2689/complete/325,1,탐스싱싱마켓 팝업 사전예약 | 팝가 POPGA,20250523,20250523
/popup/6432,29,애프터매스 X 드래곤포니 팝업 - 강남 팝업 | 팝가 Popga,20260417,20260623
/popup/sheet/6411,26,팝업스토어 찾기 | 팝가,20260416,20260420
/popup/sheet/4322,1,"su, market 팝업 - 홍대 팝업 | 팝가 Popga",20260323,20260323
/popup/sheet/6951,387,"인기 팝업스토어 일정, 후기를 한눈에! | 팝가 Popga",20260509,20260526
/reservation/popup/2689/complete/202,1,탐스싱싱마켓 팝업 사전예약 | 팝가 POPGA,20250517,20250517
/popup/sheet/3211,1,찜한 팝업스토어 모아보기 | 팝가 Popga,20260429,20260429
/popup/1642/reviews/write,2,빈프라임 팝업 후기 | 팝가 POPGA,20250127,20250127
/popup/2067/reviews/write,1,킴스미 팝업 후기 | 팝가 POPGA,20250519,20250519
/popup/sheet/5937,60,팝업스토어 찾기 | 팝가,20260318,20260326
/popup/sheet/6481,239,성수 팝업스토어 찾기 | 팝가,20260421,20260510
/popup/3005,8,"인기 팝업스토어 일정, 후기를 한눈에! | 팝가 Popga",20250615,20260116
/popup/3210,185,경북 그로서리 클럽 팝업 | 팝가 POPGA,20250703,20260623
/popup/2457/reviews/write,1,에잇세컨즈 X 포켓몬 팝업 후기 | 팝가 POPGA,20250416,20250416
/popup/2154,3,"인기 팝업스토어 일정, 후기를 한눈에! | 팝가 Popga",20250506,20260105
/popup/sheet/5748,319,성수 팝업스토어 찾기 | 팝가,20260302,20260315
/popup/sheet/5526,33,"인기 팝업스토어 일정, 후기를 한눈에! | 팝가 Popga",20260223,20260314
/reservation/popup/2689/complete/197,1,탐스싱싱마켓 팝업 사전예약 | 팝가 POPGA,20250517,20250517
/reservation/popup/2689/complete/148,1,탐스싱싱마켓 팝업 사전예약 | 팝가 POPGA,20250515,20250515
/popup/2409/reviews/write,1,웨이크메이크 팝업 후기 | 팝가 POPGA,20250410,20250410
/popup/sheet/5642,128,팝업스토어 찾기 | 팝가,20260223,20260315
/popup/sheet/5978,24,경상권 팝업스토어 찾기 | 팝가,20260323,20260419
/popup/sheet/2841,1,팝업스토어 검색 | 팝가 Popga,20260426,20260426
/popup/sheet/2528,1,팝업스토어 지도 | 팝가,20260322,20260322
/popup/2057/reviews/write,1,다이슨 COOL CLUB 팝업 후기 | 팝가 POPGA,20250303,20250303
/popup/2137,4,"인기 팝업스토어 일정, 후기를 한눈에! | 팝가 Popga",20251002,20260119
/popup/sheet/6715,408,5월 연휴 가볼만한 곳| 토이스토리 5 팝업스토어 전국 7곳 일정·혜택 총정리 | 팝가 Popga,20260428,20260622
/popup/sheet/5550,1,"키즈/반려동물, 디지털/테크 팝업스토어 찾기 | 팝가",20260304,20260304
/popup/sheet/5609,2,서울 전체 팝업스토어 지도 | 팝가,20260223,20260226
/popup/sheet/4242,1,팝업스토어 찾기 | 팝가,20260506,20260506
/popup/1238,338,조규매 팝업 | 팝가 POPGA,20241203,20260620
/popup/835,139,호쿠스포쿠스 팝업 | 팝가 POPGA,20241022,20260604
/popup/3303,86,치이상점 팝업 - 부산 | 팝가 POPGA,20250715,20260705
/popup/2739/reviews,90,아이유 생일 카페 - 용산 후기 | 팝가 POPGA,20250515,20250527
/popup/3186,12,팝업스토어 정보가 필요할 땐 팝가(POPGA),20250703,20250706
/popup/sheet/6335,272,성수 팝업스토어 찾기 | 팝가,20260414,20260430
/popup/1907/reviews,1,바샤커피 팝업 후기 | 팝가 POPGA,20250223,20250223
/reservation/popup/2689/complete/124,1,탐스싱싱마켓 팝업 사전예약 | 팝가 POPGA,20250513,20250513
/popup/2625/reviews/306/modify,1,더마팩토리 성분연구소 팝업 후기 | 팝가 POPGA,20250525,20250525
/popup/sheet/5348,1,애니/캐릭터 팝업스토어 찾기 | 팝가,20260305,20260305
/reservation/popup/2689/complete/117,1,탐스싱싱마켓 팝업 사전예약 | 팝가 POPGA,20250513,20250513
/popup/sheet/6190,22,경상권 팝업스토어 찾기 | 팝가,20260407,20260503
/popup/sheet/4507,1,홍대/신촌 팝업스토어 찾기 | 팝가,20260424,20260424
/popup/1177,18,메리 위글마스 크리스마스 팝업 - 위글위글 팝업 | 팝가 Popga,20241128,20260603
/popup/1129,1,팝가 POPGA,20241129,20241129
/popup/sheet/6030,100,팝업스토어 찾기 | 팝가,20260326,20260407
/popup/sheet/6338,504,성수 팝업스토어 찾기 | 팝가,20260414,20260515
/popup/sheet/5577,5,홍대/신촌 팝업스토어 찾기 | 팝가,20260224,20260508
/popup/6549,28,케짐 빌리지 팝업 - 영등포 팝업 | 팝가 Popga,20260423,20260604
/popup/sheet/3747,1,팝업스토어 찾기 | 팝가,20260511,20260511
/popup/sheet/5889,81,팝업스토어 찾기 | 팝가,20260315,20260326
/popup/sheet/3927,1,성수 뷰티 팝업스토어 찾기 | 팝가,20260506,20260506
/popup/1131,1,팝가 POPGA,20241129,20241129
/popga-pass/2168,5,와니타 음악감상실 | 팝가패스,20250923,20250925
/popup/4814,227,울트라 백화점 전시 - 하이퍼 알고리즘 - 을지로 팝업 | 팝가 Popga,20251127,20260519
/popup/2505/reviews/166/modify,1,기준 팝업 후기 | 팝가 POPGA,20250416,20250416
/popup/sheet/5723,37,팝업스토어 찾기 | 팝가,20260226,20260316
/popup/sheet/6535,73,팝업스토어 찾기 | 팝가,20260422,20260520
/popup/6538,24,다이브 팝업 - 시청 팝업 | 팝가 Popga,20260422,20260515
/popup/285,1,팝업스토어 상세 정보 | 팝가 Popga,20260618,20260618
/popup/1632/reviews/write,2,GS25 X 아이긴 팝업 후기 | 팝가 POPGA,20250124,20250127
/popup/1671/reviews/write,1,플레이브 X 올리브영 팝업 - 명동 후기 | 팝가 POPGA,20250214,20250214
/popup/3017,9,크래프트 프랙티스 | 팝가 POPGA,20250615,20260108
/popup/3007,6,새터 성수점 | 팝가 POPGA,20250615,20260107
/popup/1473,70,아라리오샵 팝업 | 팝가 POPGA,20241226,20260617
/popup/3727,177,크런틴 팝업 - Shake Bar | 팝가 POPGA,20250811,20260628
/popup/2916,22,블루 아카이브 X 무신사 팝업 - 홍대 | 팝가 POPGA,20250605,20260105
/popup/2401/reviews/write,1,에센셜바이이큐엘 팝업 후기 | 팝가 POPGA,20250408,20250408
/popup/2324/reviews/write,1,슈퍼드라이 오픈 이벤트 후기 | 팝가 POPGA,20250416,20250416
/popga-pass/2137,1,스케치테이블 성수 | 팝가패스,20250919,20250919
/popup/sheet/6107,104,"인기 팝업스토어 일정, 후기를 한눈에! | 팝가 Popga",20260331,20260413
/popup/sheet/1644,1,팝업스토어 찾기 | 팝가,20260227,20260227
/popup/sheet/5827,32,팝업스토어 찾기 | 팝가,20260309,20260323
/popup/sheet/5622,179,성수 팝업스토어 찾기 | 팝가,20260223,20260309
/popup/sheet/6295,685,성수 팝업스토어 찾기 | 팝가,20260413,20260522
/popup/sheet/5927,73,팝업스토어 찾기 | 팝가,20260318,20260329
/popup/sheet/3482,1,팝업스토어 검색 | 팝가 Popga,20260408,20260408
/popup/sheet/3559,1,팝업스토어 검색 | 팝가 Popga,20260430,20260430
/popup/585,154,올리브영 서울뷰티 팝업 | 팝가 POPGA,20240920,20260618
/popup/3496,108,철없는 마켓 팝업 | 팝가 POPGA,20250801,20260518
/reservation/popup/2689/complete/119,1,탐스싱싱마켓 팝업 사전예약 | 팝가 POPGA,20250513,20250513
/reservation/popup/2689/complete/313,1,탐스싱싱마켓 팝업 사전예약 | 팝가 POPGA,20250523,20250523
/popup/5504,53,탈리다쿰 팝업 - 용산 팝업 | 팝가 Popga,20260203,20260620
/popup/sheet/6584,191,팝업스토어 찾기 | 팝가,20260424,20260519
/popup/sheet/6321,10,팝업스토어 찾기 | 팝가,20260414,20260424
/popup/5821,62,노빅딜 팝업 - 용산 팝업 | 팝가 Popga,20260309,20260623
/popup/sheet/6982,275,성수 팝업스토어 찾기 | 팝가,20260512,20260523
/popup/sheet/6753,11,팝업스토어 찾기 | 팝가,20260430,20260504
/popup/sheet/5238,1,애니/캐릭터 팝업스토어 찾기 | 팝가,20260305,20260305
/reservation/popup/2689/complete/302,1,탐스싱싱마켓 팝업 사전예약 | 팝가 POPGA,20250520,20250520
/popup/2164,6,"인기 팝업스토어 일정, 후기를 한눈에! | 팝가 Popga",20250316,20260105
/popup/sheet/5881,67,팝업스토어 찾기 | 팝가,20260315,20260416
/popup/sheet/6315,16,팝업스토어 찾기 | 팝가,20260414,20260416
/popup/sheet/4203,1,팝업스토어 검색 | 팝가 Popga,20260319,20260319
/popup/2122,5,"인기 팝업스토어 일정, 후기를 한눈에! | 팝가 Popga",20250523,20260105
/popup/1337/reviews,1,보노보노 소원의 숲 팝업 - 여의도 후기 | 팝가 POPGA,20250422,20250422
/popup/sheet/5511,70,팝업스토어 찾기 | 팝가,20260225,20260413
/popup/sheet/304,1,애니/캐릭터 팝업스토어 찾기 | 팝가,20260525,20260525
/popup/638,105,트와이스 팝업 | 팝가 POPGA,20240925,20260618
/popup/2320/reviews/168/modify,1,데이지크 츄잉 글로우 팟 팝업 후기 | 팝가 POPGA,20250416,20250416
/popup/4280,75,엔퍼센트 팝업 | 팝가 Popga,20251013,20260612
/popup/sheet/1079,1,팝업스토어 검색 | 팝가 Popga,20260407,20260407
/popup/sheet/6548,492,"인기 팝업스토어 일정, 후기를 한눈에! | 팝가 Popga",20260423,20260511
/popup/sheet/4705,1,잠실 팝업스토어 찾기 | 팝가,20260323,20260323
/popup/7661,67,어도온타이 팝업 - 성수 팝업 | 팝가 Popga,20260623,20260705
/popup/sheet/3312,1,강원권 팝업스토어 찾기 | 팝가,20260505,20260505
/reservation/popup/2689/complete/301,1,탐스싱싱마켓 팝업 사전예약 | 팝가 POPGA,20250520,20250520
/popup/sheet/6177,205,성수 팝업스토어 찾기 | 팝가,20260406,20260430
/popup/5967,77,퍼플라운지 - BTS LP 청음 이벤트 - 동대문 팝업 | 팝가 Popga,20260322,20260623
/popup/7015,3,낫노잉 팝업 - 여의도 팝업 | 팝가 Popga,20260513,20260615
/popup/sheet/7142,89,성수 팝업스토어 찾기 | 팝가,20260520,20260523
/popup/3637,251,로라로라 팝업 | 팝가 POPGA,20250813,20260523
/popup/sheet/5649,90,애니/캐릭터 팝업스토어 찾기 | 팝가,20260223,20260315
/popup/sheet/5986,255,성수 팝업스토어 찾기 | 팝가,20260324,20260402
/popup/sheet/4998,1,홍대/신촌 애니/캐릭터 팝업스토어 찾기 | 팝가,20260322,20260322
/popup/sheet/2699,1,팝업스토어 찾기 | 팝가,20260226,20260226
/popup/sheet/5492,1,팝업스토어 찾기 | 팝가,20260305,20260305
/popup/1862/reviews/write,1,명탐정 코난 팝업 후기 | 팝가 POPGA,20250401,20250401
/popup/sheet/6103,292,홍대/신촌 애니/캐릭터 팝업스토어 찾기 | 팝가,20260331,20260510
/popup/4884,114,바바라 팝업 - 강남 팝업 | 팝가 Popga,20251203,20260619
/popup/sheet/5579,1,서울 전체 애니/캐릭터 팝업스토어 찾기 | 팝가,20260225,20260225
/popup/7641,78,앙스모멍 팝업 - Les Vacances d’été - 종로 팝업 | 팝가 Popga,20260622,20260704
/popup/sheet/5812,28,팝업스토어 찾기 | 팝가,20260309,20260317
/popup/35,60,오사무굿즈 팝업 | 팝가 POPGA,20240919,20260623
/popup/2981,23,초이다이닝 | 팝가 POPGA,20250615,20260117
/popup/2121,1,팝업스토어 상세 정보 | 팝가 Popga,20260222,20260222
/popup/sheet/6339,80,팝업스토어 찾기 | 팝가,20260415,20260426
/popup/865/reviews/write,1,스위트스팟 후기 | 팝가 POPGA,20250124,20250124
/popup/1804/reviews,9,하리보 X GS25 팝업 후기 | 팝가 POPGA,20250214,20250511
/popup/sheet/6203,322,성수 팝업스토어 찾기 | 팝가,20260407,20260419
/popup/sheet/6622,13,팝업스토어 찾기 | 팝가,20260426,20260509
/popup/5907,61,푸마키즈 팝업 - 아카이브 스니커즈 팝업 - 강남 팝업 | 팝가 Popga,20260316,20260627
/popup/sheet/5917,51,팝업스토어 찾기 | 팝가,20260317,20260331
/popup/sheet/1020,1,팝업스토어 찾기 | 팝가,20260227,20260227
/popup/sheet/3023,1,팝업스토어 찾기 | 팝가,20260507,20260507
/popup/sheet/6417,26,팝업스토어 찾기 | 팝가,20260416,20260418
/popup/6235,1,팝업스토어 상세 정보 | 팝가 Popga,20260413,20260413
/popup/sheet/1740,1,팝업스토어 찾기 | 팝가,20260511,20260511
/popup/5242,679,보노보노 40주년 기념 전시 - 동대문 팝업 | 팝가 Popga,20260108,20260628
/popup/255,11,모스키토 팝업 - 모스키토 팝업 | 팝가 Popga,20240807,20260604
/popup/497,133,보노보노 조개를 찾아줘 팝업 | 팝가 POPGA,20240906,20260521
/popup/1111,97,코치 홀리데이 팝업 | 팝가 POPGA,20241119,20260620
/popup/768,41,오월의 방울 팝업 | 팝가 POPGA,20241011,20260519
/popup/1711/reviews,12,더나인몰 X 쿠키런: 킹덤 팝업 후기 | 팝가 POPGA,20250127,20250206
/popup/2821,548,시리즈 X 이니셜D 팝업 - 더현대 | 팝가 POPGA,20250522,20260704
/popup/1673,46,빌레로이앤보흐 & 까사부가티 팝업 - 분당 | 팝가 POPGA,20250120,20260623
/popup/1915,50,씨드비 물염색 팝업 | 팝가 POPGA,20250218,20260522
/popup/3268,241,점프샵 팝업 - 부산 | 팝가 POPGA,20250709,20260107
/popup/2687,97,칠성사이다 740 팝업 - 잠실 | 팝가 POPGA,20250507,20260515
/popup/2343,398,어니스트플라워 팝업 | 팝가 POPGA,20250326,20260615
/popup/2061,173,우주먼지 팝업 | 팝가 POPGA,20250304,20260604
/popup/3804,647,뮤드 팝업 - THE SHAPE MUSEUM | 팝가 POPGA,20250828,20260613
/popup/3981,321,ITZY 팝업 - ON AIR | 팝가 POPGA,20250912,20260617
/popup/4076,136,금호장 팝업 | 팝가 POPGA,20250922,20260616
/popup/1432,94,인스타360 팝업 | 팝가 POPGA,20241220,20260616
/popup/2523,412,넥스지 팝업 | 팝가 POPGA,20250416,20260620
/popup/3901,599,해리포터 위자드몰 팝업 - 대구 | 팝가 POPGA,20250905,20260524
/popup/4567,5169,주토피아 2 팝업 - 시크릿 미션 - 여의도 팝업 | 팝가 Popga,20251106,20260704
/popup/2488,212,폴라초이스 X 뷰티쁠 무빙팝업 | 팝가 POPGA,20250410,20260705
/popup/4501,976,퀘이사존 데이 팝업 - 부산 - 퀘이사존 데이 팝업 | 팝가 Popga,20251031,20260619
/popup/2547,48,노말 팝업 | 팝가 POPGA,20250418,20260620
/popup/3458,10,밀키샵 성수점 | 팝가 Popga,20250828,20260627
/popup/2560,171,더잠 팝업 | 팝가 POPGA,20250422,20260614
/popup/4098,37,에핑글러 팝업 | 팝가 Popga,20250924,20260612
/popup/4521,245,따끈따끈 빛고을 오일장 팝업 - 성수 | 팝가 Popga,20251103,20260619
/popup/5233,210,요시고 사진전: 끝나지 않은 여행 전시 - 명동 팝업 | 팝가 Popga,20260109,20260613
/popup/sheet/5689,214,"인기 팝업스토어 일정, 후기를 한눈에! | 팝가 Popga",20260224,20260329
/popup/5332,69,패치파이 팝업 - 용산 팝업 | 팝가 Popga,20260117,20260618
/popup/sheet/5744,314,성수 팝업스토어 찾기 | 팝가,20260301,20260406
/popup/sheet/5216,133,홍대/신촌 애니/캐릭터 팝업스토어 찾기 | 팝가,20260225,20260407
/popup/4794,342,"루이까또즈 팝업 - 끌로델, 시간의 상점 - 성수 팝업 | 팝가 Popga",20251126,20260628
/popup/3170,111,메기 팝업 | 팝가 POPGA,20250630,20260105
/popup/sheet/6191,374,성수 팝업스토어 찾기 | 팝가,20260407,20260509
/popup/sheet/6199,31,팝업스토어 찾기 | 팝가,20260407,20260423
/popup/sheet/6187,308,성수 팝업스토어 찾기 | 팝가,20260407,20260620
/popup/4830,132,리베르 팝업 - 화이트 게더링 하우스 - 여의도 팝업 | 팝가 Popga,20251128,20260705
/popup/sheet/6256,536,성수 팝업스토어 찾기 | 팝가,20260409,20260506
/popup/sheet/5849,380,홍대/신촌 애니/캐릭터 팝업스토어 찾기 | 팝가,20260311,20260509
/popup/sheet/5802,121,성수 팝업스토어 찾기 | 팝가,20260306,20260311
/popup/sheet/7134,410,팝업스토어 찾기 | 팝가,20260520,20260612
/popup/sheet/6871,54,팝업스토어 찾기 | 팝가,20260506,20260604
/popup/sheet/6007,79,팝업스토어 찾기 | 팝가,20260325,20260422
/popup/sheet/5896,138,여의도 팝업스토어 찾기 | 팝가,20260316,20260430
/popup/sheet/6236,244,성수 팝업스토어 찾기 | 팝가,20260409,20260424
/popup/5160,112,오베베 베이커리 팝업 - 잠실 팝업 | 팝가 Popga,20251230,20260519
/popup/4423,312,알파 인더스트리 팝업 - 종로 팝업 | 팝가 Popga,20251024,20260516
/popup/4461,43,"플레이뮤지엄 팝업 - Play the Game, Feel the Art | 팝가 Popga",20251029,20251029
/popup/1939,77,유엔난민기구 <사막 여우와 아이> 팝업 | 팝가 POPGA,20250219,20260623
/popup/sheet/5032,341,성수 팝업스토어 찾기 | 팝가,20260223,20260409
/popup/sheet/5762,133,여의도 팝업스토어 찾기 | 팝가,20260303,20260325
/popup/sheet/5976,97,잠실 팝업스토어 찾기 | 팝가,20260323,20260409
/popup/4852,203,악월 X 애니메이트 콜라보 카페 - 홍대 - 홍대 팝업 | 팝가 Popga,20251201,20260615
/popup/4239,79,수택 플리마켓 | 팝가 Popga,20251006,20260618
/popup/sheet/5895,470,성수 팝업스토어 찾기 | 팝가,20260316,20260521
/popup/sheet/5899,178,팝업스토어 찾기 | 팝가,20260316,20260330
/popup/sheet/6000,245,성수 팝업스토어 찾기 | 팝가,20260325,20260408
/popup/975,73,주디마리 홍대 팝업 | 팝가 POPGA,20241103,20260603
/popup/sheet/5850,467,홍대/신촌 애니/캐릭터 팝업스토어 찾기 | 팝가,20260311,20260402
/popup/3683,101,솔트앤멜로우 팝업 | 팝가 POPGA,20250819,20260615
/popup/sheet/5624,21,"인기 팝업스토어 일정, 후기를 한눈에! | 팝가 Popga",20260223,20260307
/popup/sheet/5682,63,"인기 팝업스토어 일정, 후기를 한눈에! | 팝가 Popga",20260223,20260304
/popup/sheet/5674,272,성수 팝업스토어 찾기 | 팝가,20260223,20260508
/popup/sheet/7272,583,성수 팝업스토어 찾기 | 팝가,20260528,20260617
/popup/3417,42,미스터두낫띵 팝업 | 팝가 POPGA,20250729,20260617
/popup/3514,70,위자드몰 팝업 | 팝가 POPGA,20250804,20260520
/popup/sheet/6304,214,성수 팝업스토어 찾기 | 팝가,20260413,20260423
/popup/sheet/6360,34,팝업스토어 찾기 | 팝가,20260415,20260422
/popup/sheet/6246,48,잠실 팝업스토어 찾기 | 팝가,20260409,20260418
/popup/sheet/5728,60,팝업스토어 찾기 | 팝가,20260227,20260307
/popup/sheet/6254,406,성수 팝업스토어 찾기 | 팝가,20260409,20260503
/popup/sheet/6491,48,팝업스토어 찾기 | 팝가,20260421,20260429
/popup/sheet/6352,270,성수 팝업스토어 찾기 | 팝가,20260415,20260429
/popup/sheet/6003,49,팝업스토어 찾기 | 팝가,20260325,20260401
/popup/sheet/6162,33,팝업스토어 찾기 | 팝가,20260405,20260414
/popup/sheet/5954,73,팝업스토어 찾기 | 팝가,20260320,20260405
/popup/sheet/5870,116,애니/캐릭터 팝업스토어 찾기 | 팝가,20260313,20260416
/popup/sheet/5824,36,팝업스토어 찾기 | 팝가,20260309,20260402
/popup/sheet/5959,69,팝업스토어 찾기 | 팝가,20260320,20260401
/popup/1628,72,공산품미학 전시 | 팝가 POPGA,20250117,20260521
/popup/sheet/7046,207,"인기 팝업스토어 일정, 후기를 한눈에! | 팝가 Popga",20260514,20260603
/popup/1377,63,타임스퀘어 X 테디스베이글 팝업 - 테디스베이글 팝업 | 팝가 Popga,20241216,20260617
/popup/sheet/6306,40,팝업스토어 찾기 | 팝가,20260413,20260415
/popup/sheet/6282,336,성수 팝업스토어 찾기 | 팝가,20260410,20260510
/popup/sheet/5714,274,홍대/신촌 애니/캐릭터 팝업스토어 찾기 | 팝가,20260226,20260329
/popup/sheet/6322,2344,"인기 팝업스토어 일정, 후기를 한눈에! | 팝가 Popga",20260414,20260620
/popup/sheet/7002,86,팝업스토어 찾기 | 팝가,20260512,20260604
/popup/7204,23,이수챌린지페스타 - 영등포 팝업 | 팝가 Popga,20260524,20260612
/popup/sheet/6556,113,"인기 팝업스토어 일정, 후기를 한눈에! | 팝가 Popga",20260423,20260509
/popup/7191,35,아이엠아이 팝업 - 강남 팝업 | 팝가 Popga,20260524,20260618
/popup/sheet/6474,27,팝업스토어 찾기 | 팝가,20260420,20260421
/popup/sheet/6708,312,성수 팝업스토어 찾기 | 팝가,20260428,20260521
/popup/665,1,팝업스토어 상세 정보 | 팝가 Popga,20260429,20260429
/popup/sheet/6286,32,"인기 팝업스토어 일정, 후기를 한눈에! | 팝가 Popga",20260410,20260504
/popup/sheet/5484,30,팝업스토어 찾기 | 팝가,20260223,20260302
/popup/5274,116,GS25 X 플레이브 팝업 - 건대 - 건대 팝업 | 팝가 Popga,20260112,20260526
/popup/sheet/7019,173,성수 팝업스토어 찾기 | 팝가,20260513,20260613
/popup/sheet/7079,11,"인기 팝업스토어 일정, 후기를 한눈에! | 팝가 Popga",20260518,20260521
/popup/5063,104,23.65 팝업 - 여의도 팝업 | 팝가 Popga,20251219,20260627
/popup/sheet/6626,7,팝업스토어 찾기 | 팝가,20260426,20260430
/popup/5049,96,오프아워 팝업 - 용산 팝업 | 팝가 Popga,20251218,20260618
/popup/sheet/5901,145,성수 팝업스토어 찾기 | 팝가,20260316,20260417
/popup/1127,52,벨리곰 X 위글위글 팝업 | 팝가 POPGA,20241120,20260705
/popup/sheet/5828,327,성수 팝업스토어 찾기 | 팝가,20260310,20260502
/popup/5887,44,메이커스 초콜릿 팝업 - 용산 팝업 | 팝가 Popga,20260315,20260704
/popup/sheet/3513,1,찜한 팝업스토어 모아보기 | 팝가 Popga,20260524,20260524
/popup/sheet/5797,148,팝업스토어 찾기 | 팝가,20260306,20260403
/popup/843,42,쓰리제로 팝업 | 팝가 POPGA,20241022,20260705
/popup/sheet/6741,23,팝업스토어 찾기 | 팝가,20260430,20260603
/popup/sheet/7168,108,성수 팝업스토어 찾기 | 팝가,20260521,20260522
/popup/sheet/37,1,팝업스토어 찾기 | 팝가,20260311,20260311
/popup/7609,128,러베 X 짱구는 못말려 팝업 - 남양주 팝업 | 팝가 Popga,20260618,20260628
/popup/7393,114,유니스 팝업 - 신촌 팝업 | 팝가 Popga,20260605,20260618
/popup/7452,42,싸카풋볼스토어 팝업 - 대한민국 축구 국가대표팀 팝업 - 고양 팝업 | 팝가 Popga,20260609,20260627
/popup/2371,149,타르트 성수 팝업 | 팝가 POPGA,20250328,20260613
/popup/28908,1,팝업스토어 정보가 필요할 땐 팝가(POPGA),20250613,20250613
/popga-pass/3503,8,야심잔기지떡 성수점 | 팝가패스,20250918,20250928
/popga-pass/2132,5,라무라 성수 | 팝가패스,20250918,20250927
/popup/4601,119,프롬퓨처 팝업 - 여의도 팝업 | 팝가 Popga,20251109,20260627
/popup/4312,91,유토피베이커피 팝업 | 팝가 Popga,20251015,20260628
/popup/sheet/5650,132,애니/캐릭터 팝업스토어 찾기 | 팝가,20260223,20260317
/popup/967,32,삭스어필 X 모구타카하시 서교 팝업 | 팝가 POPGA,20241031,20260603
/popup/sheet/6272,49,잠실 팝업스토어 찾기 | 팝가,20260410,20260422
/popup/4801,131,악녀는 두번 산다 X 투니크 콜라보 카페 - 홍대 팝업 | 팝가 Popga,20251127,20260522
/popup/sheet/6245,67,잠실 팝업스토어 찾기 | 팝가,20260409,20260508
/popup/sheet/6526,58,"인기 팝업스토어 일정, 후기를 한눈에! | 팝가 Popga",20260422,20260426
/popup/sheet/6575,45,팝업스토어 찾기 | 팝가,20260424,20260516
/popup/6563,47,지지오티티 팝업 - 여의도 팝업 | 팝가 Popga,20260424,20260622
/popup/sheet/5696,23,팝업스토어 찾기 | 팝가,20260224,20260310
/popup/sheet/6111,111,팝업스토어 찾기 | 팝가,20260401,20260423
/popup/2927,186,어반 소피스티케이션 팝업 | 팝가 POPGA,20250605,20260704
/popup/2717,28,르버브 X 비클린 팝업 - 부천 | 팝가 POPGA,20250509,20260519
/popup/sheet/5997,29,팝업스토어 찾기 | 팝가,20260324,20260326
/popup/sheet/5429,26,"인기 팝업스토어 일정, 후기를 한눈에! | 팝가 Popga",20260223,20260415
/popup/sheet/6494,28,팝업스토어 찾기 | 팝가,20260421,20260423
/popup/sheet/5512,1,경상권 팝업스토어 찾기 | 팝가,20260225,20260225
/popup/sheet/5587,33,"인기 팝업스토어 일정, 후기를 한눈에! | 팝가 Popga",20260223,20260302
/popup/5366,111,강릉 사임당인절미 팝업 - 용산 팝업 | 팝가 Popga,20260121,20260521
/popup/5496,69,노빅딜 팝업 - 여의도 팝업 | 팝가 Popga,20260202,20260623
/popup/sheet/6202,26,팝업스토어 찾기 | 팝가,20260407,20260416
/popup/6674,14,화가당 팝업 - 고양 팝업 | 팝가 Popga,20260428,20260615
/popup/sheet/6762,25,팝업스토어 찾기 | 팝가,20260430,20260511
/popup/sheet/6686,55,잠실 팝업스토어 찾기 | 팝가,20260427,20260507
/popup/sheet/6265,26,여의도 팝업스토어 찾기 | 팝가,20260410,20260415
/popup/sheet/5678,162,F&B 팝업스토어 찾기 | 팝가,20260223,20260508
/popup/sheet/6660,26,팝업스토어 찾기 | 팝가,20260427,20260511
/popup/5579,38,굿지움 팝업 - 구의 팝업 | 팝가 Popga,20260210,20260705
/popup/7279,129,와이즈걸 빈티지 팝업 - 홍대 팝업 | 팝가 Popga,20260528,20260615
/popup/sheet/6701,41,팝업스토어 찾기 | 팝가,20260428,20260509
/popup/sheet/6745,32,"인기 팝업스토어 일정, 후기를 한눈에! | 팝가 Popga",20260429,20260522
/popup/sheet/7236,55,팝업스토어 찾기 | 팝가,20260526,20260529
/popup/sheet/5754,130,F&B 팝업스토어 찾기 | 팝가,20260303,20260518
/popup/sheet/5855,12,성수 팝업스토어 찾기 | 팝가,20260311,20260311
/popup/sheet/6841,19,팝업스토어 찾기 | 팝가,20260429,20260506
/popup/1350,24,인디고션 블루 팝업 | 팝가 POPGA,20241212,20260520
/popup/1474,58,유코히구치 특별展: 비밀의 숲 전시 | 팝가 POPGA,20241229,20260523
/popup/4054,62,어니스트그릭 팝업 | 팝가 POPGA,20250919,20260619
/popga-pass/3461,4,뉴앳던 성수 | 팝가패스,20250918,20250924
/popup/2607/reviews/write,1,폴 스미스 X 로우로우 팝업 후기 | 팝가 POPGA,20250506,20250506
/reservation/popup/2689/complete/338,1,탐스싱싱마켓 팝업 사전예약 | 팝가 POPGA,20250525,20250525
/popup/sheet/6231,21,팝업스토어 찾기 | 팝가,20260408,20260416
/popup/1748,47,써니사이드업 팝업 | 팝가 POPGA,20250203,20260604
/popup/sheet/5743,31,애니/캐릭터 팝업스토어 찾기 | 팝가,20260301,20260305
/popup/sheet/5700,39,강남/서초 팝업스토어 찾기 | 팝가,20260225,20260305
/popup/5207,52,포레포레 팝업 - 부산 - 부산 팝업 | 팝가 Popga,20260106,20260628
/popup/1640,55,탉강정 X 미식유튜버 타임어택 이벤트 - 흑백요리사 팝업 | 팝가 Popga,20250116,20260615
/popup/sheet/5679,21,팝업스토어 찾기 | 팝가,20260223,20260228
/popup/sheet/6505,5,팝업스토어 찾기 | 팝가,20260421,20260424
/popup/6524,9,잼아띠 팝업 - 부산 팝업 | 팝가 Popga,20260422,20260704
/popup/92,30,"소소히히 이번 여름에, 나랑 다꾸할래? (부산) 팝업 - 소소히히 팝업 | 팝가 Popga",20241215,20260623
/popup/sheet/6299,54,팝업스토어 찾기 | 팝가,20260413,20260419
/popup/sheet/6669,21,팝업스토어 찾기 | 팝가,20260428,20260506
/popup/sheet/5234,19,팝업스토어 찾기 | 팝가,20260223,20260315
/popup/sheet/6744,33,팝업스토어 찾기 | 팝가,20260429,20260519
/popup/sheet/1352,1,팝업스토어 찾기 | 팝가,20260606,20260606
/popup/sheet/6348,24,팝업스토어 찾기 | 팝가,20260415,20260430
/popup/10000,1,팝업스토어 상세 정보 | 팝가 Popga,20260516,20260516
/popup/572,37,허니멜 팝업 | 팝가 POPGA,20240913,20260523
/popup/266,10,팝업찾기 | POPUPNOW 팝업나우,20240814,20260105
/popup/1614,179,쿠오카 팝업 - 여의도 | 팝가 POPGA,20250115,20260604
/popup/2131,3,맥파이앤타이거 성수티룸 | 팝가 POPGA,20250727,20250926
/popup/3000,8,쓰윗 thweet | 팝가 POPGA,20250615,20260119
/popup/sheet/7335,27,팝업스토어 찾기 | 팝가,20260602,20260604
/popup/sheet/2447,1,팝업스토어 검색 | 팝가 Popga,20260411,20260411
/popup/5247,3,바디프랜드 팝업 - 건강 수명 충전소 - 강남 팝업 | 팝가 Popga,20260108,20260127
/popup/sheet/5848,96,팝업스토어 찾기 | 팝가,20260311,20260331
/popup/842,22,르니나 팝업 - 르니나 팝업 | 팝가 Popga,20241023,20260522
/popup/sheet/5606,24,팝업스토어 찾기 | 팝가,20260223,20260311
/popup/5052,116,노더럽 wonderland 팝업 - 천안 - 천안 팝업 | 팝가 Popga,20251218,20260519
/popup/sheet/6443,9,팝업스토어 찾기 | 팝가,20260419,20260427
/popup/7064,66,토르홉 팝업 - 목동 팝업 | 팝가 Popga,20260515,20260619
/popup/sheet/6636,5,경상권 팝업스토어 찾기 | 팝가,20260426,20260429
/popup/sheet/6227,67,팝업스토어 찾기 | 팝가,20260409,20260427
/popup/2039/reviews,1,별들에게 물어봐 팝업 후기 | 팝가 POPGA,20250305,20250305
/popup/2973,34,능동미나리 | 팝가 POPGA,20250615,20251226
/popup/2088/reviews,8,삼성생명 라이프놀로지랩 팝업 후기 | 팝가 POPGA,20250307,20250312
/popup/3013,13,데이지크 | 팝가 POPGA,20250615,20260103
/popup/3650,61,원모어백 팝업 - 기념상점 | 팝가 POPGA,20250814,20260219
/reservation/popup/2689/complete/314,1,탐스싱싱마켓 팝업 사전예약 | 팝가 POPGA,20250523,20250523
/popup/sheet/5568,27,용산 팝업스토어 찾기 | 팝가,20260223,20260305
/popup/sheet/6157,13,팝업스토어 찾기 | 팝가,20260405,20260412
/popup/sheet/5965,47,팝업스토어 찾기 | 팝가,20260322,20260326
/popup/sheet/7161,22,"인기 팝업스토어 일정, 후기를 한눈에! | 팝가 Popga",20260521,20260525
/popup/sheet/6262,41,잠실 팝업스토어 찾기 | 팝가,20260410,20260419
/popup/6829,11,스케쳐스 팝업 - 구리 팝업 | 팝가 Popga,20260430,20260521
/popup/283,16,노이어 10주년 팝업 - 노이어 팝업 | 팝가 Popga,20240830,20260604
/popup/3503,10,야심잔기지떡 성수점 | 팝가 Popga,20250916,20260119
/popup/sheet/2555,1,팝업스토어 찾기 | 팝가,20260606,20260606
/popup/6172,50,무이 스튜디오 팝업 - 여의도 팝업 | 팝가 Popga,20260406,20260614
/popup/2994,2,에트레베이크하우스 성수 | 팝가 POPGA,20250615,20250616
/popup/4428,333,용한소녀 팝업 | 팝가 Popga,20251024,20260705
/popup/sheet/6067,55,팝업스토어 찾기 | 팝가,20260329,20260405
/popup/sheet/6020,24,팝업스토어 찾기 | 팝가,20260327,20260329
/popup/sheet/5094,6,팝업스토어 찾기 | 팝가,20260225,20260228
/popup/sheet/6679,18,경상권 팝업스토어 찾기 | 팝가,20260427,20260505
/popga-pass/2324,1,"팝가패스 | 팝업스토어 근처 맛집, 카페 추천 서비스 | 팝가 POPGA",20250916,20250916
/popup/1977,36,꼬떼따블 팝업 - 분당 | 팝가 POPGA,20250221,20260525
/popup/3540,86,배쓰프로젝트 팝업 | 팝가 POPGA,20250805,20260612
/popup/sheet/6198,27,팝업스토어 찾기 | 팝가,20260407,20260420
/popup/3479,1,팝업스토어 상세 정보 | 팝가 Popga,20260222,20260222
/popup/sheet/6453,35,팝업스토어 찾기 | 팝가,20260420,20260421
/popup/sheet/6558,29,팝업스토어 찾기 | 팝가,20260423,20260505
/reservation/popup/2689/complete/146,1,탐스싱싱마켓 팝업 사전예약 | 팝가 POPGA,20250515,20250515
/popup/1756/reviews,3,"굿나잇, 티팩토리 전시 후기 | 팝가 POPGA",20250210,20250210
/popup/3875,729,카카오페이 팝업 - 오래오래 함께가게 | 팝가 POPGA,20250904,20260526
/reservation/popup/2689/complete/342,1,탐스싱싱마켓 팝업 사전예약 | 팝가 POPGA,20250527,20250527
/popup/2985,6,건너집 | 팝가 POPGA,20250615,20251210
/popup/689,1,팝업스토어 정보가 필요할 땐 팝가(POPGA),20250512,20250515
/popup/sheet/4179,57,팝업스토어 찾기 | 팝가,20260224,20260315
/popup/6636,6,K2 X 아이더 X 노르디스크 팝업 - 부산 팝업 | 팝가 Popga,20260426,20260526
/popup/sheet/6072,25,팝업스토어 찾기 | 팝가,20260330,20260427
/popup/sheet/1994,1,팝업스토어 찾기 | 팝가,20260227,20260227
/popup/sheet/5595,1,성수 팝업스토어 찾기 | 팝가,20260320,20260320
/popup/sheet/6410,18,팝업스토어 찾기 | 팝가,20260416,20260420
/popup/5861,3,팝업스토어 상세 정보 | 팝가 Popga,20260312,20260313
/popup/sheet/6976,31,잠실 팝업스토어 찾기 | 팝가,20260512,20260518
/popup/2033/reviews/write,1,아리얼 팝업 후기 | 팝가 POPGA,20250228,20250301
/popga-pass/2146,4,타르트 성수 | 팝가패스,20250917,20250921
/popup/2515/reviews/186/modify,1,K리그 X 산리오캐릭터즈 팝업 후기 | 팝가 POPGA,20250425,20250425
/popup/sheet/6577,43,팝업스토어 찾기 | 팝가,20260424,20260426
/popup/208,12,투타임즈유 팝업 - 2xu 팝업 | 팝가 Popga,20240816,20260604
/popup/6440,5,팝업스토어 상세 정보 | 팝가 Popga,20260420,20260502
/popup/sheet/2731,1,키즈/반려동물 팝업스토어 찾기 | 팝가,20260319,20260319
/popup/sheet/7067,12,팝업스토어 찾기 | 팝가,20260517,20260524
/popup/sheet/6250,10,팝업스토어 찾기 | 팝가,20260409,20260414
/popup/1714/reviews/write,1,수바코 팝업 후기 | 팝가 POPGA,20250124,20250124
/popup/52,1,팝업스토어 정보가 필요할 땐 팝가(POPGA),20250623,20250623
/popup/2695/reviews/write,23,가나디의 쿠킹 클래스 팝업 후기 | 팝가 POPGA,20250515,20250526
/popup/sheet/5757,28,팝업스토어 찾기 | 팝가,20260303,20260311
/popup/sheet/5625,11,F&B 팝업스토어 찾기 | 팝가,20260225,20260303
/popup/66,1,"인기 팝업스토어 일정, 후기를 한눈에! | 팝가 Popga",20251201,20251201
/popup/sheet/4810,1,팝업스토어 검색 | 팝가 Popga,20260504,20260504
/popup/sheet/6751,8,경상권 팝업스토어 찾기 | 팝가,20260502,20260518
/popup/sheet/7209,14,"인기 팝업스토어 일정, 후기를 한눈에! | 팝가 Popga",20260525,20260529
/popup/54,32,플레이인더박스x코우펜짱 팝업 - 플레이인더박스 팝업 | 팝가 Popga,20240801,20260623
/popup/2320,1337,데이지크 츄잉 글로우 팟 팝업 | 팝가 POPGA,20250324,20260627
/popup/1782/reviews,2,레고 보태니컬 발렌타인 팝업 후기 | 팝가 POPGA,20250216,20250217
/popup/3986,289,기아 EV5 X 파이브가이즈 팝업 | 팝가 POPGA,20250915,20260529
/popup/3428,213,후지필름 X half 팝업 | 팝가 POPGA,20250730,20260616
/popup/sheet/5232,7,팝업스토어 찾기 | 팝가,20260223,20260314
/popup/7580,26,스케이트보딩 데이 - 광진구 팝업 | 팝가 Popga,20260617,20260627
/popup/2029.,1,미키 마우스 컬렉션 팝업 | 팝가 POPGA,20250306,20250306
/popup/2984,5,로열포버티 | 팝가 POPGA,20250615,20260108
/popup/sheet/6224,45,잠실 팝업스토어 찾기 | 팝가,20260408,20260416
/popup/sheet/5340,1,팝업스토어 검색 | 팝가 Popga,20260320,20260320
/popup/2817,73,밴드 아워유스 팝업 | 팝가 POPGA,20250521,20260524
/popup/2266/reviews,4,태그호이어 레이싱 팝업 후기 | 팝가 POPGA,20250324,20250329
/popup/4211,274,해리포터 위자드몰 팝업 - 종로 | 팝가 Popga,20251003,20260628
/popup/2982,8,리타르단도 | 팝가 POPGA,20250615,20260102
/popup/2388/reviews/write,1,베리베리뱁 팝업 후기 | 팝가 POPGA,20250409,20250409
/popup/sheet/5706,180,"인기 팝업스토어 일정, 후기를 한눈에! | 팝가 Popga",20260225,20260313
/popup/sheet/5655,7,"인기 팝업스토어 일정, 후기를 한눈에! | 팝가 Popga",20260223,20260415
/popup/sheet/6405,57,팝업스토어 찾기 | 팝가,20260416,20260429
/reservation/popup/2689/complete/311,1,탐스싱싱마켓 팝업 사전예약 | 팝가 POPGA,20250523,20250523
/popup/sheet/6416,42,팝업스토어 찾기 | 팝가,20260416,20260430
/reservation/popup/2689/complete/134,1,탐스싱싱마켓 팝업 사전예약 | 팝가 POPGA,20250515,20250515
/popup/2625/reviews/write,2,더마팩토리 성분연구소 팝업 후기 | 팝가 POPGA,20250504,20250525
/popup/5932,199,오위스 팝업 - 여의도 팝업 | 팝가 Popga,20260318,20260525
/popup/2672/reviews,2,리스키 무빙 팝업 - 성수 후기 | 팝가 POPGA,20250505,20250505
/popup/250002,1,"인기 팝업스토어 일정, 후기를 한눈에! | 팝가 Popga",20251221,20251221
/popup/sheet/5909,319,성수 팝업스토어 찾기 | 팝가,20260317,20260323
/popup/4980,409,웰던&웰컴 팝업 - 홍대 팝업 | 팝가 Popga,20251212,20260603
/popup/2976,14,앤드밀 성수 | 팝가 POPGA,20250615,20260110
/popup/sheet/5316,1,팝업스토어 찾기 | 팝가,20260424,20260424
/popup/6956,6,오프아워 팝업 - 여의도 팝업 | 팝가 Popga,20260511,20260623
/popup/2609,130,마스터 시바의 특제 라멘 팝업 | 팝가 POPGA,20250428,20260616
/popup/2975,11,원할머니보쌈 | 팝가 POPGA,20250615,20250616
/popup/3785,36,L’EX: 02_빈티지 플리마켓 - L’EX: 02_빈티지 플리마켓 팝업 | 팝가 Popga,20250827,20260705
/popup/sheet/5966,218,성수 팝업스토어 찾기 | 팝가,20260322,20260331
/popup/sheet/6167,79,"인기 팝업스토어 일정, 후기를 한눈에! | 팝가 Popga",20260405,20260419
/popup/sheet/5884,55,F&B 팝업스토어 찾기 | 팝가,20260315,20260326
/popup/sheet/4312,1,팝업스토어 검색 | 팝가 Popga,20260307,20260307
/popup/sheet/5878,16,팝업스토어 찾기 | 팝가,20260315,20260415
/popup/sheet/4067,1,팝업스토어 찾기 | 팝가,20260301,20260301
/popup/1136,49,한사토이 팝업 | 팝가 POPGA,20241122,20260623
/popup/sheet/6368,104,애니/캐릭터 팝업스토어 찾기 | 팝가,20260421,20260606
/popup/sheet/5168,1,경기/인천 애니/캐릭터 팝업스토어 찾기 | 팝가,20260315,20260315
/popup/2970,185,무큐르 X 로맨틱스 팝업 | 팝가 POPGA,20250611,20260615
/popup/8943,1,"인기 팝업스토어 일정, 후기를 한눈에! | 팝가 Popga",20251126,20251126
/popup/sheet/2267,1,팝업스토어 검색 | 팝가 Popga,20260406,20260406
/popup/sheet/758,1,애니/캐릭터 팝업스토어 찾기 | 팝가,20260525,20260525
/popup/sheet/4802,1,"성수, 홍대/신촌 F&B 팝업스토어 찾기 | 팝가",20260410,20260410
/reservation/popup/2689/complete/167,1,탐스싱싱마켓 팝업 사전예약 | 팝가 POPGA,20250516,20250516
/popup/sheet/7165,4,서울 전체 팝업스토어 찾기 | 팝가,20260529,20260603
/popup/sheet/6027,25,팝업스토어 찾기 | 팝가,20260326,20260328
/popup/sheet/2527,2,팝업스토어 검색 | 팝가 Popga,20260425,20260430
/popup/sheet/6440,3,팝업스토어 찾기 | 팝가,20260420,20260420
/popup/sheet/5483,1,용산 팝업스토어 찾기 | 팝가,20260310,20260310
/popup/3643,76,현대 N 팝업 | 팝가 POPGA,20250814,20260628
/popup/sheet/6132,39,팝업스토어 찾기 | 팝가,20260402,20260428
/popup/sheet/4492,1,팝업스토어 찾기 | 팝가,20260308,20260308
/popup/sheet/2442,1,팝업스토어 검색 | 팝가 Popga,20260428,20260428
/popup/4155,155,리코더팩토리 팝업 | 팝가 Popga,20250930,20260618
/popup/2806/reviews/write,1,풍림 팝업 후기 | 팝가 POPGA,20250521,20250521
/popup/2706,58,요기보 팝업 - 하남 | 팝가 POPGA,20250508,20260627
/popup/4867,89,코코모빵 팝업 - 여의도 팝업 | 팝가 Popga,20251202,20260622
/popup/4327,57,톰 브라운 윈터 팝업 | 팝가 Popga,20251016,20260619
/popup/sheet/6234,208,성수 팝업스토어 찾기 | 팝가,20260408,20260524
/popup/sheet/5440,1,팝업스토어 찾기 | 팝가,20260311,20260311
/popup/1178,3,스타벅스 Merrier Together 팝업 | 팝가 POPGA,20241128,20241129
/popup/2606,150,웰라쥬 X 에이미 티 팝업 | 팝가 POPGA,20250425,20260628
/popup/4165,124,돈돈즈 팝업 | 팝가 Popga,20250930,20260619
/popup/2788/reviews,1,칼 라거펠트 팝업 후기 | 팝가 POPGA,20250519,20250519
/popga-pass/3463,1,프로젝트앤제이 | 팝가패스,20250920,20250920
/popup/sheet/6739,23,"인기 팝업스토어 일정, 후기를 한눈에! | 팝가 Popga",20260429,20260505
/popup/sheet/6991,193,성수 팝업스토어 찾기 | 팝가,20260512,20260516
/popup/sheet/5391,1,팝업스토어 찾기 | 팝가,20260305,20260305
/popup/229,34,청소광 브라이언 팝업 - 청소광 팝업 | 팝가 Popga,20240816,20260606
/popup/4204,162,춘천 포테이투어 팝업 | 팝가 Popga,20251003,20260622
/popup/sheet/6046,81,팝업스토어 찾기 | 팝가,20260327,20260419
/reservation/popup/2689/complete/176,1,탐스싱싱마켓 팝업 사전예약 | 팝가 POPGA,20250516,20250516
/popup/sheet/98,1,팝업스토어 찾기 | 팝가,20260311,20260311
/popup/3467,4,"인기 팝업스토어 일정, 후기를 한눈에! | 팝가 Popga",20251126,20260106
/popup/sheet/5960,114,"인기 팝업스토어 일정, 후기를 한눈에! | 팝가 Popga",20260320,20260325
/popup/3046,478,스탠리 팝업 | 팝가 POPGA,20250616,20260704
/popup/2169,2,더스토리지룸 | 팝가 POPGA,20250701,20250725
/popup/sheet/5638,17,팝업스토어 찾기 | 팝가,20260223,20260415
/reservation/popup/2689/complete/306,1,탐스싱싱마켓 팝업 사전예약 | 팝가 POPGA,20250522,20250522
/popup/sheet/5924,523,성수 팝업스토어 찾기 | 팝가,20260317,20260511
/popup/7226,7,팝업스토어 상세 정보 | 팝가 Popga,20260526,20260604
/popup/sheet/2698,2,팝업스토어 찾기 | 팝가,20260511,20260518
/popup/sheet/167,1,팝업스토어 찾기 | 팝가,20260320,20260320
/popup/1845,47,타무르 팝업 - 판교 - 타무르 팝업 | 팝가 Popga,20250212,20260705
/popup/3627,75,롯데 호텔 X 고야마 스스무 팝업 | 팝가 POPGA,20250812,20260620
/popup/4617,58,엥모둔 팝업 - 잠실 팝업 | 팝가 Popga,20251111,20260618
/popup/sheet/6210,229,성수 팝업스토어 찾기 | 팝가,20260408,20260427
/popup/2281/reviews/write,1,VDL 팝업 후기 | 팝가 POPGA,20250325,20250325
/popup/sheet/5654,369,애니/캐릭터 팝업스토어 찾기 | 팝가,20260224,20260509
/popup/4982,227,조앤프렌즈 팝업 - 부산 - 부산 팝업 | 팝가 Popga,20251212,20260628
/popup/sheet/6835,8,서울 전체 팝업스토어 찾기 | 팝가,20260429,20260504
/popup/sheet/4532,1,뷰티 팝업스토어 찾기 | 팝가,20260319,20260319
/popup/sheet/5111,1,애니/캐릭터 팝업스토어 찾기 | 팝가,20260315,20260315
/popup/2684,93,24/7 팝업 | 팝가 POPGA,20250507,20260628
/popup/3021,15,정근날 | 팝가 POPGA,20250615,20260118
/popup/sheet/5640,40,팝업스토어 찾기 | 팝가,20260223,20260306
/popup/sheet/6487,193,성수 팝업스토어 찾기 | 팝가,20260421,20260504
/popup/sheet/5943,36,팝업스토어 찾기 | 팝가,20260319,20260322
/popup/sheet/6949,102,팝업스토어 찾기 | 팝가,20260508,20260522
/popup/1871/reviews/write,1,옴니피플 헤비 팝업 후기 | 팝가 POPGA,20250216,20250216
/popup/sheet/6259,88,팝업스토어 찾기 | 팝가,20260409,20260516
/popup/sheet/5347,1,팝업스토어 찾기 | 팝가,20260227,20260227
/popup/sheet/6725,13,팝업스토어 찾기 | 팝가,20260429,20260505
/reservation/popup/2689/complete/196,1,탐스싱싱마켓 팝업 사전예약 | 팝가 POPGA,20250517,20250517
/popup/sheet/5776,992,성수 팝업스토어 찾기 | 팝가,20260304,20260415
/popup/sheet/1689,1,"키즈/반려동물, 디지털/테크 팝업스토어 찾기 | 팝가",20260304,20260304
/popup/sheet/5816,10,팝업스토어 찾기 | 팝가,20260309,20260325
/reservation/popup/2689/complete/193,1,탐스싱싱마켓 팝업 사전예약 | 팝가 POPGA,20250517,20250517
/popup/sheet/4439,1,팝업스토어 검색 | 팝가 Popga,20260301,20260301
/popup/71335290,1,팝업스토어 상세 정보 | 팝가 Popga,20260520,20260520
/popup/1897/reviews/write,1,비클린 뷰티 위크 팝업 후기 | 팝가 POPGA,20250216,20250216
/popup/sheet/4593,1,"여의도, 경기/인천 팝업스토어 찾기 | 팝가",20260227,20260227
/popup/2237,68,위캔더스 팝업 - 대구 | 팝가 POPGA,20250314,20260612
/reservation/popup/2689/complete/310,1,탐스싱싱마켓 팝업 사전예약 | 팝가 POPGA,20250523,20250523
/reservation/popup/2689/complete/316,1,탐스싱싱마켓 팝업 사전예약 | 팝가 POPGA,20250523,20250523
/popup/sheet/5996,39,팝업스토어 찾기 | 팝가,20260324,20260326
/popup/570,973,데저트젬스 두바이초콜릿 팝업 - 데저트젬스 팝업 | 팝가 Popga,20240913,20260529
/popup/2159,1,어메이징브루잉컴퍼니 | 팝가 POPGA,20250616,20250616
/popup/sheet/5425,85,"인기 팝업스토어 일정, 후기를 한눈에! | 팝가 Popga",20260223,20260606
/popup/sheet/6838,4,팝업스토어 찾기 | 팝가,20260429,20260504
/popup/1969/reviews/write,3,프라포투투 팝업 후기 | 팝가 POPGA,20250319,20250416
/popup/2240/reviews/write,3,오아드 팝업 후기 | 팝가 POPGA,20250321,20250326
/popup/sheet/6961,94,팝업스토어 찾기 | 팝가,20260511,20260526
/reservation/popup/2689/complete/154,1,탐스싱싱마켓 팝업 사전예약 | 팝가 POPGA,20250516,20250516
/popup/3061,124,앙개 팝업 | 팝가 POPGA,20250617,20260519
/popup/4431,117,앙개 팝업 | 팝가 Popga,20251027,20260530
/popup/sheet/5756,607,성수 팝업스토어 찾기 | 팝가,20260303,20260705
/popup/sheet/5677,94,팝업스토어 찾기 | 팝가,20260223,20260410
/popup/sheet/5833,129,성수 팝업스토어 찾기 | 팝가,20260310,20260315
/popup/2484/reviews/write,4,삼성 라이온즈 X 바오패밀리 팝업 - 대구 후기 | 팝가 POPGA,20250426,20250505
/popup/392,181,슈가슈가룬 콜라보 카페 팝업 | 팝가 POPGA,20240827,20260119
/popup/2885,176,달링다운 감각의 미로 팝업 | 팝가 POPGA,20250530,20260104
/popup/4400,239,제로이드 이벤트 | 팝가 Popga,20251023,20260627
/popup/3456,4,"인기 팝업스토어 일정, 후기를 한눈에! | 팝가 Popga",20251202,20260104
/popup/sheet/1194,1,팝업스토어 지도 | 팝가,20260227,20260227
/popup/7741,54,서울패션허브 브랜드 위크 팝업 - 동대문 팝업 | 팝가 Popga,20260628,20260705
/popup/sheet/6242,22,팝업스토어 찾기 | 팝가,20260409,20260412
/popup/5864,80,코스모폴리탄X아이더 플렉션 하이브리드 트레일러 팝업 - 종로 - 북촌 팝업 | 팝가 Popga,20260312,20260519
/popup/2384/reviews/write,1,플랙 패밀리세일 팝업 후기 | 팝가 POPGA,20250404,20250404
/popup/sheet/7123,11,"인기 팝업스토어 일정, 후기를 한눈에! | 팝가 Popga",20260520,20260524
/popup/3985,183,무자기 팝업 | 팝가 POPGA,20250915,20260628
/popup/sheet/5931,52,팝업스토어 찾기 | 팝가,20260318,20260329
/popup/sheet/5611,15,"인기 팝업스토어 일정, 후기를 한눈에! | 팝가 Popga",20260223,20260225
/popup/1677/reviews/write,1,핑구 팝업 후기 | 팝가 POPGA,20250130,20250130
/popup/sheet/5733,1036,홍대/신촌 애니/캐릭터 팝업스토어 찾기 | 팝가,20260301,20260409
/popup/sheet/7008,10,스위스밀리터리 검색 결과 | 팝가,20260513,20260518
/popup/sheet/5819,50,팝업스토어 찾기 | 팝가,20260309,20260320
/popup/sheet/1567,1,팝업스토어 찾기 | 팝가,20260425,20260425
/popup/sheet/100,1,팝업스토어 찾기 | 팝가,20260311,20260311
/popup/361,51,르 아르베이 팝업 | 팝가 POPGA,20240820,20260604
/popga-pass/2141,1,Thweet 쓰윗 | 팝가패스,20250917,20250917
/popup/2623/reviews/write,1,포코리 프렌즈 팝업 후기 | 팝가 POPGA,20250501,20250501
/popup/drawer/5198,1,"인기 팝업스토어 일정, 후기를 한눈에! | 팝가 Popga",20260228,20260228
/popup/sheet/6702,325,성수 팝업스토어 찾기 | 팝가,20260428,20260510
/popup/sheet/6837,15,팝업스토어 찾기 | 팝가,20260429,20260530
/popup/sheet/3986,1,팝업스토어 검색 | 팝가 Popga,20260226,20260226
/popup/sheet/5740,693,애니/캐릭터 팝업스토어 찾기 | 팝가,20260301,20260327
/popup/sheet/3091,3,팝업스토어 검색 | 팝가 Popga,20260316,20260511
/popup/sheet/5860,312,홍대/신촌 애니/캐릭터 팝업스토어 찾기 | 팝가,20260312,20260417
/popup/sheet/2012,1,팝업스토어 찾기 | 팝가,20260227,20260227
/popup/sheet/5009,1,서울 전체 애니/캐릭터 팝업스토어 찾기 | 팝가,20260309,20260309
/popup/3425,117,베르사체 팝업 | 팝가 POPGA,20250729,20260606
/popga-pass/3462,1,아카사카 크라부 성수본점 | 팝가패스,20250915,20250915
/popup/sheet/5865,427,"인기 팝업스토어 일정, 후기를 한눈에! | 팝가 Popga",20260312,20260506
/popup/sheet/4020,1,찜한 팝업스토어 모아보기 | 팝가 Popga,20260530,20260530
/popup/sheet/6607,31,"인기 팝업스토어 일정, 후기를 한눈에! | 팝가 Popga",20260426,20260503
/popup/sheet/5289,25,팝업스토어 찾기 | 팝가,20260223,20260228
/reservation/popup/2689/complete/184,1,탐스싱싱마켓 팝업 사전예약 | 팝가 POPGA,20250517,20250517
/popup/1934/reviews/write,1,마이오마이 팝업 후기 | 팝가 POPGA,20250223,20250223
/popup/2567,75,소니엔젤 팝업 - 소니엔젤 팝업 | 팝가 Popga,20250423,20260627
/reservation/popup/2689/complete/293,1,탐스싱싱마켓 팝업 사전예약 | 팝가 POPGA,20250519,20250519
/popup/4848,209,댄꼼마 팝업 - 여의도 팝업 | 팝가 Popga,20251201,20260627
/popup/sheet/5693,481,성수 팝업스토어 찾기 | 팝가,20260224,20260308
/popup/sheet/5777,100,성수 팝업스토어 찾기 | 팝가,20260304,20260526
/reservation/popup/865/complete/5,1,스위트스팟 사전예약 | 팝가 POPGA,20250509,20250509
/popup/3008,5,새터 서울숲점 | 팝가 POPGA,20250615,20260103
/popup/2324/reviews,2,슈퍼드라이 오픈 이벤트 후기 | 팝가 POPGA,20250416,20250417
/popup/5762,110,제로그램 팝업 - 여의도 팝업 | 팝가 Popga,20260303,20260622
/popup/sheet/5939,31,팝업스토어 찾기 | 팝가,20260319,20260404
/reservation/popup/2689/complete/198,1,탐스싱싱마켓 팝업 사전예약 | 팝가 POPGA,20250517,20250517
/popup/sheet/5462,1,성수 팝업스토어 찾기 | 팝가,20260320,20260320
/popup/2109,66,카일로 팝업 | 팝가 POPGA,20250307,20260606
/popup/2505/reviews/write,1,기준 팝업 후기 | 팝가 POPGA,20250416,20250416
/popga-pass/2179,1,브루크 | 팝가패스,20250924,20250924
/popup/sheet/5434,276,성수 팝업스토어 찾기 | 팝가,20260223,20260331
/popup/sheet/3793,1,팝업스토어 검색 | 팝가 Popga,20260411,20260411
/popup/sheet/5198,14,팝업스토어 검색 | 팝가 Popga,20260223,20260522
/popup/sheet/5119,1,팝업스토어 추천,20260227,20260227
/reservation/popup/2689/complete/201,1,탐스싱싱마켓 팝업 사전예약 | 팝가 POPGA,20250517,20250517
/popup/sheet/7295,13,성수 팝업스토어 찾기 | 팝가,20260529,20260529
/popup/sheet/2382,1,팝업스토어 찾기 | 팝가,20260417,20260417
/popup/sheet/6293,78,여의도 팝업스토어 찾기 | 팝가,20260413,20260506
/popup/sheet/6800,17,팝업스토어 찾기 | 팝가,20260429,20260530
/popup/sheet/5243,1,팝업스토어 검색 | 팝가 Popga,20260322,20260322
/popup/2161,1,팝업스토어 상세 정보 | 팝가 Popga,20260309,20260309
/popup/3698,235,마티에 프리미에르 팝업 | 팝가 POPGA,20250820,20260627
/popup/3957,41,요아케키리 팝업 | 팝가 POPGA,20250911,20260615
/popup/sheet/6943,30,"인기 팝업스토어 일정, 후기를 한눈에! | 팝가 Popga",20260508,20260510
/popup/1444,99,햄깅 팝업 | 팝가 POPGA,20241223,20260705
/popup/4335,79,이 결혼은 어차피 망하게 되어있다 X 2025 월드 웹툰 페스티벌 팝업 | 팝가 Popga,20251017,20260516
/popup/32664,2,팝업스토어 정보가 필요할 땐 팝가(POPGA),20250710,20250711
/popup/sheet/5854,85,팝업스토어 찾기 | 팝가,20260311,20260326
/popup/sheet/5858,48,팝업스토어 찾기 | 팝가,20260312,20260328
/reservation/popup/2689/complete/200,1,탐스싱싱마켓 팝업 사전예약 | 팝가 POPGA,20250517,20250517
/popup/1341,18,스머피 매지컬 크리스마스 팝업 - 스머프 팝업 | 팝가 Popga,20241213,20260615
/popup/2409/reviews,3,웨이크메이크 팝업 후기 | 팝가 POPGA,20250410,20250519
/popup/3678,132,시소 요가 X 언더시티 이벤트 - Yoga for Runners | 팝가 POPGA,20250819,20260622
/popup/1990/reviews/write,1,스킵과 로퍼 X 투니크 콜라보 카페 팝업 후기 | 팝가 POPGA,20250321,20250321
/popup/2492,443,괴수 8호 팝업 - 수원 | 팝가 POPGA,20250411,20260705
/reservation/popup/865,14,스위트스팟 사전예약 | 팝가 POPGA,20250509,20250522
/popup/sheet/733,1,팝업스토어 찾기 | 팝가,20260325,20260325
/popup/sheet/6408,49,팝업스토어 찾기 | 팝가,20260416,20260508
/popup/2442/reviews/162/modify,1,네스프레소 버츄오 팝업 후기 | 팝가 POPGA,20250416,20250416
/popup/4598,72,그린버터 팝업 - 여의도 팝업 | 팝가 Popga,20251109,20260627
/popup/sheet/6615,5,팝업스토어 찾기 | 팝가,20260426,20260429
/reservation/popup/2689/complete/116,1,탐스싱싱마켓 팝업 사전예약 | 팝가 POPGA,20250513,20250513
/popup/sheet/1759,1,팝업스토어 찾기 | 팝가,20260330,20260330
/popup/sheet/7055,31,"인기 팝업스토어 일정, 후기를 한눈에! | 팝가 Popga",20260515,20260524
/popup/sheet/543,1,애니/캐릭터 팝업스토어 찾기 | 팝가,20260525,20260525
/popup/sheet/6967,35,팝업스토어 찾기 | 팝가,20260511,20260518
/reservation/popup/2689/complete/170,1,탐스싱싱마켓 팝업 사전예약 | 팝가 POPGA,20250516,20250516
/popup/410,1,팝업스토어 상세 정보 | 팝가 Popga,20260620,20260620
/popup/1802/reviews/write,2,호카 본디 9 팝업 후기 | 팝가 POPGA,20250212,20250212
/popup/2652,121,신이어마켓 미니 전시 | 팝가 POPGA,20250430,20260521
/popup/sheet/6469,182,홍대/신촌 애니/캐릭터 팝업스토어 찾기 | 팝가,20260420,20260510
/popup/5565,31,기호 X 무신사 팝업 - 홍대 팝업 | 팝가 Popga,20260209,20260628
/popup/sheet/5531,2,팝업스토어 찾기 | 팝가,20260228,20260320
/reservation/popup/2689/complete/185,1,탐스싱싱마켓 팝업 사전예약 | 팝가 POPGA,20250517,20250517
/popup/sheet/5410,1,성수 팝업스토어 찾기 | 팝가,20260320,20260320
/popup/2474/reviews,30,칠성사이다 740 팝업 후기 | 팝가 POPGA,20250411,20250425
/popup/sheet/6446,29,팝업스토어 찾기 | 팝가,20260419,20260509
/popup/sheet/7012,142,성수 팝업스토어 찾기 | 팝가,20260513,20260518
/popup/sheet/2,1,팝업스토어 찾기 | 팝가,20260311,20260311
/popup/sheet/2695,1,팝업스토어 찾기 | 팝가,20260313,20260313
/popup/4136,230,마이티즈 월드 팝업- Enter the MIGHTEEZ | 팝가 Popga,20250926,20260530
/popup/2459/reviews/write,1,나가노 마켓 팝업 후기 | 팝가 POPGA,20250519,20250519
/popup/sheet/7290,27,여의도 팝업스토어 찾기 | 팝가,20260529,20260606
/popup/2505/reviews,2,기준 팝업 후기 | 팝가 POPGA,20250416,20250421
/popup/2411/reviews/write,2,아이소이 잡티로즈쎄럼실 팝업 후기 | 팝가 POPGA,20250410,20250411
/reservation/popup/2689/complete/333,1,탐스싱싱마켓 팝업 사전예약 | 팝가 POPGA,20250524,20250524
/popup/sheet/5831,362,성수 팝업스토어 찾기 | 팝가,20260310,20260318
/popup/sheet/3584,3,F&B 팝업스토어 찾기 | 팝가,20260313,20260508
/popup/sheet/54,1,팝업스토어 찾기 | 팝가,20260311,20260311
/popup/sheet/5663,302,성수 팝업스토어 찾기 | 팝가,20260223,20260319
/popup/sheet/6086,21,"인기 팝업스토어 일정, 후기를 한눈에! | 팝가 Popga",20260330,20260405
/popup/sheet/5808,89,팝업스토어 찾기 | 팝가,20260309,20260312
/popup/sheet/5475,1,팝업스토어 찾기 | 팝가,20260311,20260311
/popup/sheet/67,1,팝업스토어 찾기 | 팝가,20260311,20260311
/popup/1448,633,위대한 축구선수 100인전 전시 | 팝가 POPGA,20241223,20260619
/popup/5715,49,빙의자들을 위한 특혜 X 투니크 콜라보 팝업 - 부산 - 부산 팝업 | 팝가 Popga,20260226,20260522
/popup/sheet/5852,94,애니/캐릭터 팝업스토어 찾기 | 팝가,20260311,20260411
/popup/27791,1,팝업스토어 정보가 필요할 땐 팝가(POPGA),20250523,20250523
/popup/6488,671,헬로키티 X 지수 팝업 - 잠실 팝업 | 팝가 Popga,20260421,20260616
/popup/549,55,묘차 팝업 | 팝가 POPGA,20240913,20260604
/popup/1073,162,스누피 X 롯데월드 미라클 윈터 팝업 | 팝가 POPGA,20241114,20260619
/popup/2065,762,티르티르 팝업 | 팝가 POPGA,20250304,20260627
/popup/2047,72,소프스튜디오 팝업 - 판교 | 팝가 POPGA,20250228,20260627
/popup/1471,65,펀 스퀘어 팝업 | 팝가 POPGA,20241226,20260616
/popup/2074,216,어노브 팝업 | 팝가 POPGA,20250305,20260604
/popup/2886,246,엑시스와이 팝업 | 팝가 POPGA,20250530,20250613
/popup/4120,506,무용지용 키보드 키링 팝업 | 팝가 Popga,20250925,20260704
/popup/2719,724,시리즈 X 이니셜D 팝업 | 팝가 POPGA,20250509,20260521
/popup/2705,262,케이스어랏 팝업 | 팝가 POPGA,20250508,20260518
/reservation/popup/2689,765,탐스싱싱마켓 팝업 사전예약 | 팝가 POPGA,20250507,20250528
/popup/2751,130,피스마이너스원 하이볼 팝업 | 팝가 POPGA,20250513,20260617
/popup/1895,99,풋볼스탠다드 팝업 | 팝가 POPGA,20250215,20260521
/popup/5077,926,페이퍼백 팝업 - 성수 팝업 | 팝가 Popga,20251222,20260617
/popup/2411,411,아이소이 잡티로즈쎄럼실 팝업 | 팝가 POPGA,20250402,20260519
/popup/3834,81,World 오브헌트 서울 팝업 | 팝가 POPGA,20250901,20260628
/popup/2914,135,엄브로 X 데이식스 팝업 | 팝가 POPGA,20250605,20260115
/popup/4932,619,주토피아 홀리데이 마켓 팝업 - 대구 - 대구 팝업 | 팝가 Popga,20251208,20260616
/popup/4622,151,고독한 미식가 팝업 - 여의도 팝업 | 팝가 Popga,20251111,20260525
/popup/2638,287,이케아 팝업 | 팝가 POPGA,20250430,20260704
/popup/2806,213,풍림 팝업 | 팝가 POPGA,20250520,20260616
/popup/3599,125,우즈 팝업 - 홍대 | 팝가 POPGA,20250811,20260612
/popup/sheet/5487,298,홍대/신촌 애니/캐릭터 팝업스토어 찾기 | 팝가,20260223,20260506
/popup/sheet/5753,29,팝업스토어 찾기 | 팝가,20260303,20260312
/popup/sheet/6075,240,성수 팝업스토어 찾기 | 팝가,20260407,20260429
/popup/4236,96,히히클럽 팝업 | 팝가 Popga,20251005,20260606
/popup/2571/reviews,10,휩드 마켓 팝업 후기 | 팝가 POPGA,20250426,20250506
/popup/sheet/5727,79,여의도 팝업스토어 찾기 | 팝가,20260227,20260317
/popup/sheet/7333,205,성수 팝업스토어 찾기 | 팝가,20260601,20260617
/popup/sheet/7249,286,성수 팝업스토어 찾기 | 팝가,20260529,20260618
/popup/4413,182,818 BLOOM by 지드래곤 팝업 | 팝가 Popga,20251024,20260623
/popup/sheet/6582,106,여의도 팝업스토어 찾기 | 팝가,20260424,20260509
/popup/sheet/6545,376,성수 팝업스토어 찾기 | 팝가,20260422,20260520
/popup/4632,51,소머드 팝업 - 용산 팝업 | 팝가 Popga,20251112,20260705
/popup/sheet/4921,76,팝업스토어 찾기 | 팝가,20260223,20260530
/popup/sheet/5633,51,강남/서초 팝업스토어 찾기 | 팝가,20260223,20260305
/popup/sheet/5670,367,성수 팝업스토어 찾기 | 팝가,20260223,20260320
/popup/sheet/5634,126,성수 팝업스토어 찾기 | 팝가,20260223,20260406
/popup/sheet/6159,36,팝업스토어 찾기 | 팝가,20260405,20260422
/popup/sheet/6145,224,성수 팝업스토어 찾기 | 팝가,20260403,20260411
/popup/890,47,부평 지하던전 팝업 - 부평 지하던전 팝업 | 팝가 Popga,20241027,20260524
/popup/4636,44,루트파인더 팝업 - 용산 팝업 | 팝가 Popga,20251112,20260522
/popup/5008,107,더블유랩 팝업 - 여의도 팝업 | 팝가 Popga,20251216,20260623
/popup/sheet/5967,46,팝업스토어 찾기 | 팝가,20260322,20260413
/popup/6297,115,토폴로지 X 미하라야스히로 팝업 - 여의도 팝업 | 팝가 Popga,20260413,20260704
/popup/sheet/6319,33,잠실 팝업스토어 찾기 | 팝가,20260414,20260416
/popup/sheet/5685,176,성수 팝업스토어 찾기 | 팝가,20260224,20260301
/popup/sheet/5694,264,성수 팝업스토어 찾기 | 팝가,20260224,20260331
/popup/sheet/6473,261,성수 팝업스토어 찾기 | 팝가,20260420,20260516
/popup/sheet/5692,188,"인기 팝업스토어 일정, 후기를 한눈에! | 팝가 Popga",20260224,20260303
/popup/sheet/6301,86,팝업스토어 찾기 | 팝가,20260414,20260419
/popup/sheet/6104,57,잠실 팝업스토어 찾기 | 팝가,20260331,20260409
/popup/sheet/6071,98,팝업스토어 찾기 | 팝가,20260330,20260419
/popup/sheet/5998,170,성수 팝업스토어 찾기 | 팝가,20260325,20260410
/popup/sheet/7202,90,팝업스토어 찾기 | 팝가,20260524,20260604
/popup/sheet/7216,145,성수 팝업스토어 찾기 | 팝가,20260526,20260603
/popup/5517,40,똥깡아지 메주 팝업 - 꼬꼬하우스 - 여의도 팝업 | 팝가 Popga,20260204,20260604
/popup/sheet/7369,75,팝업스토어 찾기 | 팝가,20260604,20260617
/popup/sheet/4702,1,팝업스토어 찾기 | 팝가,20260408,20260408
/popup/sheet/6110,85,팝업스토어 찾기 | 팝가,20260331,20260508
/popup/sheet/5961,101,홍대/신촌 팝업스토어 찾기 | 팝가,20260322,20260408
/popup/4334,135,외모지상주의 아케이드 X 2025 월드 웹툰 페스티벌 팝업 | 팝가 Popga,20251017,20260522
/popup/sheet/6920,134,"인기 팝업스토어 일정, 후기를 한눈에! | 팝가 Popga",20260507,20260520
/popup/sheet/6297,39,여의도 팝업스토어 찾기 | 팝가,20260413,20260422
/popup/sheet/7387,67,"인기 팝업스토어 일정, 후기를 한눈에! | 팝가 Popga",20260605,20260614
/popup/sheet/6589,645,성수 팝업스토어 찾기 | 팝가,20260424,20260530
/popup/sheet/5800,37,팝업스토어 찾기 | 팝가,20260306,20260311
/popup/sheet/6761,14,팝업스토어 찾기 | 팝가,20260430,20260507
/popup/3783,28,누스미크 팝업 | 팝가 POPGA,20250827,20260526
/popup/sheet/6280,175,팝업스토어 찾기 | 팝가,20260410,20260429
/popup/sheet/6667,42,"인기 팝업스토어 일정, 후기를 한눈에! | 팝가 Popga",20260428,20260503
/popup/sheet/6993,439,성수 팝업스토어 찾기 | 팝가,20260512,20260603
/popup/sheet/6415,228,성수 팝업스토어 찾기 | 팝가,20260416,20260519
/popup/6605,11,블리소이 팝업 - 김포공항 팝업 | 팝가 Popga,20260427,20260614
/popup/sheet/6896,24,팝업스토어 찾기 | 팝가,20260505,20260522
/popup/4100,98,그랜드 민트 페스티벌 2025 | 팝가 Popga,20250924,20260617
/popup/sheet/6023,31,"인기 팝업스토어 일정, 후기를 한눈에! | 팝가 Popga",20260326,20260329
/popup/7048,105,ITZY 팝업 - Motto @홍대 - 홍대 팝업 | 팝가 Popga,20260515,20260704
/popup/6658,37,Tornortied 팝업 - 성수 팝업 | 팝가 Popga,20260427,20260521
/popup/sheet/6915,77,애니/캐릭터 팝업스토어 찾기 | 팝가,20260506,20260603
/popup/sheet/6861,196,팝업스토어 찾기 | 팝가,20260430,20260524
/popup/sheet/6875,21,팝업스토어 찾기 | 팝가,20260505,20260518
/popup/sheet/7205,186,성수 팝업스토어 찾기 | 팝가,20260524,20260603
/popup/sheet/5746,75,팝업스토어 찾기 | 팝가,20260301,20260317
/popup/sheet/7058,253,성수 팝업스토어 찾기 | 팝가,20260515,20260518
/popup/6417,18,에뚜알린 1주년 팝업 - 강남 팝업 | 팝가 Popga,20260416,20260617
/popup/sheet/5823,182,성수 팝업스토어 찾기 | 팝가,20260309,20260318
/popup/sheet/5773,175,성수 팝업스토어 찾기 | 팝가,20260304,20260331
/popup/sheet/5775,85,팝업스토어 찾기 | 팝가,20260304,20260318
/popup/1402,80,꽉홀로 집에 대구 팝업 | 팝가 POPGA,20241218,20260612
/popup/1012,20,코멜리코 아틀리에 팝업 | 팝가 POPGA,20241106,20260606
/popup/163,30,갤럭시 스튜디오 잠실 팝업 | 팝가 POPGA,20240801,20260522
/popup/3972,115,샤카웨어 팝업 | 팝가 POPGA,20250912,20260705
/popup/830,85,폴앤안나 팝업 - paul&anna 팝업 | 팝가 Popga,20241023,20260705
/popup/4688,86,플로로도라 팝업 - 플로로도라 팝업 팝업 | 팝가 Popga,20251118,20260522
/popup/sheet/6264,30,팝업스토어 찾기 | 팝가,20260410,20260415
/popup/5497,72,슈링크홈 팝업 - 애프터파티앳홈 - 강남 팝업 | 팝가 Popga,20260202,20260623
/popup/sheet/6117,118,성수 팝업스토어 찾기 | 팝가,20260401,20260521
/popup/6611,1,큐라프록스 팝업 - 동탄 팝업 | 팝가 Popga,20260426,20260426
/popup/sheet/5995,15,팝업스토어 찾기 | 팝가,20260324,20260325
/popup/sheet/6492,39,팝업스토어 찾기 | 팝가,20260421,20260426
/popup/sheet/5586,17,홍대/신촌 애니/캐릭터 팝업스토어 찾기 | 팝가,20260223,20260302
/popup/28,1,팝업스토어 상세 정보 | 팝가 Popga,20260225,20260225
/popup/sheet/4159,90,홍대/신촌 애니/캐릭터 팝업스토어 찾기 | 팝가,20260223,20260328
/popup/sheet/5871,259,성수 팝업스토어 찾기 | 팝가,20260313,20260320
/popup/sheet/6609,20,팝업스토어 찾기 | 팝가,20260426,20260530
/popup/7284,32,몬드킴 팝업 전시 - Roses in Flux - 안국 팝업 | 팝가 Popga,20260529,20260619
/popup/sheet/5813,28,팝업스토어 찾기 | 팝가,20260309,20260329
/popup/sheet/6336,130,"인기 팝업스토어 일정, 후기를 한눈에! | 팝가 Popga",20260414,20260606
/popup/5958,70,캐릭터 작가 데뷔 팝업 - 홍대 팝업 | 팝가 Popga,20260320,20260613
/popup/sheet/6659,54,"인기 팝업스토어 일정, 후기를 한눈에! | 팝가 Popga",20260427,20260503
/popup/sheet/5952,78,팝업스토어 찾기 | 팝가,20260320,20260409
/popup/sheet/6748,74,경상권 팝업스토어 찾기 | 팝가,20260430,20260604
/popup/sheet/5759,26,팝업스토어 찾기 | 팝가,20260303,20260326
/popup/sheet/7106,83,성수 팝업스토어 찾기 | 팝가,20260519,20260521
/popup/6893,22,레터프롬문 팝업 - 여의도 팝업 | 팝가 Popga,20260505,20260604
/popup/1781/reviews,1,"시시호시 Love, Dear 팝업 - 잠실 후기 | 팝가 POPGA",20250223,20250224
/popup/5084,63,위드썸 팝업 - 부산 - 부산 팝업 | 팝가 Popga,20251223,20260617
/popup/3011,9,쿠오카 | 팝가 POPGA,20250615,20260114
/popup/3387,155,KBL X 라인프렌즈 팝업 | 팝가 POPGA,20250728,20260704
/popup/sheet/5648,8,"인기 팝업스토어 일정, 후기를 한눈에! | 팝가 Popga",20260223,20260225
/popup/sheet/6328,25,팝업스토어 찾기 | 팝가,20260414,20260422
/popup/sheet/5217,25,대전 검색 결과 | 팝가,20260223,20260405
/popup/7592,11,토이스토리 5 팝업 - 여의도 팝업 | 팝가 Popga,20260617,20260617
/popup/6853,36,베이비몬스터 팝업 @종로 - 홍대 팝업 | 팝가 Popga,20260430,20260628
/popup/2281/reviews/120/modify,1,VDL 팝업 후기 | 팝가 POPGA,20250325,20250325
/popup/sheet/6585,165,성수 팝업스토어 찾기 | 팝가,20260424,20260426
/popup/sheet/5745,14,"인기 팝업스토어 일정, 후기를 한눈에! | 팝가 Popga",20260301,20260311
/popup/sheet/5992,12,팝업스토어 찾기 | 팝가,20260324,20260330
/popup/sheet/6363,55,여의도 팝업스토어 찾기 | 팝가,20260415,20260518
/popup/2223,49,꾸까 팝업 - 안성 - 꾸까 팝업 | 팝가 Popga,20250313,20260616
/popup/1090,27,요기보 팝업 | 팝가 POPGA,20241115,20260523
/popup/sheet/5851,42,팝업스토어 찾기 | 팝가,20260311,20260322
/popup/sheet/6088,37,"인기 팝업스토어 일정, 후기를 한눈에! | 팝가 Popga",20260330,20260428
/popup/sheet/4828,2,찜한 팝업스토어 모아보기 | 팝가 Popga,20260227,20260502
/popup/7544,19,봉보노 팝업 - 평촌 팝업 | 팝가 Popga,20260615,20260623
/popup/2009/reviews/write,1,페넥 팝업 후기 | 팝가 POPGA,20250225,20250225
/popup/4106,75,푸에브코 팝업 - 푸에브코 팝업 팝업 | 팝가 Popga,20250924,20260614
/popup/1021,2,팝업스토어 정보가 필요할 땐 팝가(POPGA),20250422,20250428
/popup/5585,37,오르시아 팝업 - 여의도 팝업 | 팝가 Popga,20260210,20260519
/popup/2320/reviews/write,2,데이지크 츄잉 글로우 팟 팝업 후기 | 팝가 POPGA,20250416,20250416
/popup/2134,2,"인기 팝업스토어 일정, 후기를 한눈에! | 팝가 Popga",20251230,20260113
/popup/3873,68,아이엠아이 팝업 | 팝가 POPGA,20250904,20260615
/popup/sheet/6349,17,팝업스토어 찾기 | 팝가,20260415,20260511
/popup/sheet/5608,28,잠실 팝업스토어 찾기 | 팝가,20260223,20260508
/popup/5815,27,오픈갤러리 기획전 - 쉼의 좌표 - 대구 팝업 | 팝가 Popga,20260309,20260628
/popup/3019,5,페인트래빗 | 팝가 POPGA,20250615,20260115
/popup/3463,3,프로젝트앤제이 | 팝가 Popga,20251003,20260618
/popup/5012,201,더바이닐하우스 팝업 - ROUGH TRACKS - 성수 팝업 | 팝가 Popga,20251216,20260623
/popup/sheet/7281,187,팝업스토어 찾기 | 팝가,20260528,20260612
/popup/1120011500,1,"인기 팝업스토어 일정, 후기를 한눈에! | 팝가 Popga",20251029,20251029
/popup/sheet/1922,1,"키즈/반려동물, 디지털/테크 팝업스토어 찾기 | 팝가",20260304,20260304
/popup/sheet/5404,8,애니/캐릭터 팝업스토어 찾기 | 팝가,20260225,20260301
/popup/6118,29,아크메드라비 팝업 - 부산 - 부산 팝업 | 팝가 Popga,20260401,20260613
/popup/sheet/7232,12,"인기 팝업스토어 일정, 후기를 한눈에! | 팝가 Popga",20260526,20260529
/popup/sheet/7071,17,팝업스토어 찾기 | 팝가,20260517,20260525
/popup/sheet/6641,3,팝업스토어 찾기 | 팝가,20260426,20260427
/popup/sheet/6018,14,팝업스토어 찾기 | 팝가,20260327,20260331
/popup/6494,11,뜨거운 곰탕 팝업 - 잠실 팝업 | 팝가 Popga,20260421,20260616
/popup/1642/reviews,8,빈프라임 팝업 후기 | 팝가 POPGA,20250127,20250414
/popup/1781/reviews/80/modify,1,"시시호시 Love, Dear 팝업 - 잠실 후기 | 팝가 POPGA",20250223,20250223
/popup/sheet/6133,35,팝업스토어 찾기 | 팝가,20260402,20260416
/popup/sheet/6035,49,강남/서초 팝업스토어 찾기 | 팝가,20260327,20260426
/popup/sheet/5430,4,팝업스토어 검색 | 팝가 Popga,20260224,20260502
/popup/7618,27,듀 인피니스 팝업 - 목동 팝업 | 팝가 Popga,20260619,20260704
/popup/sheet/7039,13,팝업스토어 찾기 | 팝가,20260514,20260526
/popup/sheet/6261,5,팝업스토어 검색 | 팝가 Popga,20260424,20260502
/popup/2441/reviews,3,니아르 팝업 후기 | 팝가 POPGA,20250410,20250412
/popup/sheet/5665,19,팝업스토어 찾기 | 팝가,20260223,20260303
/popup/sheet/6893,27,"인기 팝업스토어 일정, 후기를 한눈에! | 팝가 Popga",20260505,20260506
/popup/1353,28,비이커 X 요시다 유니 팝업 | 팝가 POPGA,20241213,20260526
/popup/sheet/5454,1,팝업스토어 검색 | 팝가 Popga,20260422,20260422
/reservation/popup/2689/complete/178,1,탐스싱싱마켓 팝업 사전예약 | 팝가 POPGA,20250516,20250516
/popup/1884/reviews/write,1,머렐 팝업 - 압구정 후기 | 팝가 POPGA,20250219,20250219
/popup/2738/reviews,19,아이유 생일 카페 - 연남 후기 | 팝가 POPGA,20250516,20250519
/popup/3,1,팝업스토어 정보가 필요할 땐 팝가(POPGA),20250829,20250829
/popup/2474/reviews/170/modify,1,칠성사이다 740 팝업 후기 | 팝가 POPGA,20250416,20250416
/popga-pass/2128,6,뵈르뵈르 성수본점 | 팝가패스,20250919,20250929
/popup/sheet/4894,3,팝업스토어 지도 | 팝가,20260227,20260227
/popup/sheet/3686,1,팝업스토어 찾기 | 팝가,20260409,20260409
/popup/2462/reviews,5,무신사 슈즈 페스티벌 팝업 - 무신사 스토어 성수@대림창고 후기 | 팝가 POPGA,20250416,20250420
/popup/sheet/4199,1,팝업스토어 찾기 | 팝가,20260227,20260227
/popup/sheet/6445,25,팝업스토어 찾기 | 팝가,20260419,20260422
/popup/sheet/6619,5,F&B 팝업스토어 찾기 | 팝가,20260426,20260428
/popup/517,1,팝업스토어 상세 정보 | 팝가 Popga,20260619,20260619
/popga-pass/2130,4,천상가옥 | 팝가패스,20250915,20250928
/popup/2077/reviews,3,클럽메드 푸켓 팝업 후기 | 팝가 POPGA,20250308,20250316
/popup/2469/reviews/write,1,대환장 기안장 팝업 후기 | 팝가 POPGA,20250416,20250416
/popup/sheet/4893,1,팝업스토어 지도 | 팝가,20260227,20260228
/popup/2176,5,"인기 팝업스토어 일정, 후기를 한눈에! | 팝가 Popga",20250425,20260119
/popup/sheet/5486,1,팝업스토어 찾기 | 팝가,20260320,20260320
/popup/1711/reviews/write,3,더나인몰 X 쿠키런: 킹덤 팝업 후기 | 팝가 POPGA,20250127,20250204
/popup/sheet/6833,7,"인기 팝업스토어 일정, 후기를 한눈에! | 팝가 Popga",20260429,20260501
/popup/1774/reviews/write,1,보스 X 29CM 팝업 후기 | 팝가 POPGA,20250210,20250210
/popup/sheet/5980,29,"인기 팝업스토어 일정, 후기를 한눈에! | 팝가 Popga",20260323,20260329
/popup/sheet/5493,3,경상권 팝업스토어 찾기 | 팝가,20260224,20260226
/popup/6789,1,LG전자 팝업 - 동탄 팝업 | 팝가 Popga,20260604,20260604
/popup/2265/reviews,1,포켓몬 X 프라그먼트 디자인 팝업 후기 | 팝가 POPGA,20250324,20250324
/popup/2189,2,팝가 성수패스 제휴 업체 [식당&기타편] | 팝가 POPGA,20250319,20250417
/popga-pass/2122,1,해설 | 팝가패스,20250919,20250919
/popup/sheet/6596,32,"인기 팝업스토어 일정, 후기를 한눈에! | 팝가 Popga",20260426,20260504
/popup/sheet/6553,20,팝업스토어 찾기 | 팝가,20260423,20260504
/popup/2155,2,Pauline CoffeeBar | 팝가 POPGA,20250515,20260104
/popup/sheet/5160,1,F&B 팝업스토어 찾기 | 팝가,20260508,20260508
/popup/2572,321,프룻오브더룸 팝업 | 팝가 POPGA,20250423,20260515
/reservation/popup/2689/complete/323,1,탐스싱싱마켓 팝업 사전예약 | 팝가 POPGA,20250523,20250523
/popup/sheet/6958,222,성수 팝업스토어 찾기 | 팝가,20260511,20260524
/popup/2023,175,이번 생은 우주대스타 X 애니플러스 콜라보 카페 팝업 | 팝가 POPGA,20250226,20260525
/reservation/popup/2689/complete/127,1,탐스싱싱마켓 팝업 사전예약 | 팝가 POPGA,20250513,20250513
/reservation/popup/2689/complete/307,1,탐스싱싱마켓 팝업 사전예약 | 팝가 POPGA,20250522,20250522
/popup/sheet/7081,27,잠실 팝업스토어 찾기 | 팝가,20260518,20260521
/popup/51,1,팝업스토어 정보가 필요할 땐 팝가(POPGA),20250623,20250623
/reservation/popup/2689/complete/125,1,탐스싱싱마켓 팝업 사전예약 | 팝가 POPGA,20250513,20250513
/popup/sheet/6540,35,팝업스토어 찾기 | 팝가,20260422,20260429
/popga-pass/2129,2,쏘쏘한 베이킹 | 팝가패스,20250918,20250918
/popup/4533,62,플랑 드 미라벨 팝업 - DOL & Mirer - 종로 팝업 | 팝가 Popga,20251104,20260627
/popup/886,45,2024년 국립공원 팝업 | 팝가 POPGA,20241024,20260523
/popga-pass/2140,1,에트레베이크하우스 | 팝가패스,20250916,20250916
/popup/5350,1,"인기 팝업스토어 일정, 후기를 한눈에! | 팝가 Popga",20260120,20260120
/popup/sheet/4834,2,팝업스토어 찾기 | 팝가,20260320,20260606
/popup/4237,142,후카후카 스튜디오 X 히히클럽 팝업 - 후후히히 학교가자 | 팝가 Popga,20251005,20260615
/popup/36773632,1,팝업스토어 정보가 필요할 땐 팝가(POPGA),20250826,20250826
/popup/sheet/3652,2,팝업스토어 검색 | 팝가 Popga,20260329,20260412
/popup/sheet/6433,27,팝업스토어 찾기 | 팝가,20260417,20260419
/popup/1776%EC%9E%85%EB%8B%88%EB%8B%A4,1,팝가 POPGA,20250206,20250206
/popup/2550,62,스파이더 X 류현진 팝업 | 팝가 POPGA,20250418,20260616
/popup/sheet/5711,78,팝업스토어 찾기 | 팝가,20260225,20260307
/reservation/popup/2689/complete/339,1,탐스싱싱마켓 팝업 사전예약 | 팝가 POPGA,20250525,20250525
/reservation/popup/2689/complete/180,1,탐스싱싱마켓 팝업 사전예약 | 팝가 POPGA,20250517,20250517
/popup/2673,147,리스키 무빙팝업 - 홍대 - 리스키 팝업 팝업 | 팝가 Popga,20250502,20260627
/popup/2995,4,폴린커피바 | 팝가 POPGA,20250615,20250616
/popga-pass/2189,5,"팝가패스 | 팝업스토어 근처 맛집, 카페 추천 서비스 | 팝가 POPGA",20250918,20250927
/popup/5330,78,낼나 팝업 - 용산 팝업 | 팝가 Popga,20260117,20260604
/popup/2515/reviews/write,3,K리그 X 산리오캐릭터즈 팝업 후기 | 팝가 POPGA,20250424,20250508
/popup/3563,42,티켓투더문 팝업 | 팝가 POPGA,20250807,20260530
/reservation/popup/2689/complete/312,1,탐스싱싱마켓 팝업 사전예약 | 팝가 POPGA,20250523,20250526
/popup/sheet/5974,273,성수 팝업스토어 찾기 | 팝가,20260323,20260401
/popup/sheet/5876,74,"인기 팝업스토어 일정, 후기를 한눈에! | 팝가 Popga",20260315,20260322
/popup/sheet/5821,58,용산 팝업스토어 찾기 | 팝가,20260309,20260319
/popup/4184,294,트레저 팝업 - PULSE ON | 팝가 Popga,20251001,20260705
/popup/3338,204,투모로우바이투게더 팝업 | 팝가 POPGA,20250721,20260617
/popup/sheet/6258,136,성수 팝업스토어 찾기 | 팝가,20260409,20260419
/popup/sheet/6742,17,경기/인천 팝업스토어 찾기 | 팝가,20260429,20260521
/popup/2989,4,무브모브 | 팝가 POPGA,20250615,20250616
/popup/4959,45,발롱블랑 라이프 팝업 - 강남 팝업 | 팝가 Popga,20251210,20260628
/popup/sheet/3154,1,팝업스토어 찾기 | 팝가,20260405,20260405
/popup/sheet/501,1,팝업스토어 찾기 | 팝가,20260502,20260502
/popup/1593/reviews,2,코치 X 마뗑킴 팝업 후기 | 팝가 POPGA,20250130,20250131
/popup/1833/reviews,1,쿠오교토 팝업 후기 | 팝가 POPGA,20250211,20250211
/popup/2060,356,구달 X 캐치! 티니핑 팝업 | 팝가 POPGA,20250304,20260616
/popup/2310/reviews,2,엔믹스 팝업 후기 | 팝가 POPGA,20250324,20250324
/reservation/popup/2689/complete/132,1,탐스싱싱마켓 팝업 사전예약 | 팝가 POPGA,20250514,20250514
/popup/5774,8,팝업스토어 상세 정보 | 팝가 Popga,20260304,20260312
/reservation/popup/2689/complete/168,1,탐스싱싱마켓 팝업 사전예약 | 팝가 POPGA,20250516,20250516
/popup/1670/reviews/57/modify,1,플레이브 X 올리브영 팝업 - 성수 후기 | 팝가 POPGA,20250214,20250214
/popup/sheet/6209,29,아오이로 X 간샤 팝업 - 홍대 팝업 | 팝가 Popga,20260408,20260412
/popup/sheet/5911,402,성수 팝업스토어 찾기 | 팝가,20260317,20260521
/popup/sheet/373,1,팝업스토어 찾기 | 팝가,20260511,20260511
/popup/3113,93,파이시스 팝업 | 팝가 POPGA,20250623,20260704
/reservation/popup/2689/complete/297,1,탐스싱싱마켓 팝업 사전예약 | 팝가 POPGA,20250519,20250519
/popup/sheet/6673,6,"인기 팝업스토어 일정, 후기를 한눈에! | 팝가 Popga",20260428,20260508
/popga-pass/2155,1,Pauline CoffeeBar | 팝가패스,20250919,20250919
/popup/5985,363,데미안 허스트 전시 - 진실은 없어 그러나 모든 것은 가능하지 - 종로 팝업 | 팝가 Popga,20260324,20260628
/popup/sheet/6113,78,애니/캐릭터 팝업스토어 찾기 | 팝가,20260401,20260511
/popup/sheet/7086,159,성수 팝업스토어 찾기 | 팝가,20260518,20260525
/popup/sheet/7018,38,팝업스토어 찾기 | 팝가,20260513,20260524
/popup/sheet/6848,3,팝업스토어 찾기 | 팝가,20260429,20260501
/popup/2627,42,LCDC 써머 팝업 | 팝가 POPGA,20250429,20260522
/popup/sheet/5925,207,성수 팝업스토어 찾기 | 팝가,20260318,20260322
/reservation/popup/2689/complete/195,1,탐스싱싱마켓 팝업 사전예약 | 팝가 POPGA,20250517,20250517
/popup/sheet/6247,46,잠실 팝업스토어 찾기 | 팝가,20260409,20260421
/popup/sheet/6422,250,성수 팝업스토어 찾기 | 팝가,20260417,20260503
/popup/sheet/4475,1,팝업스토어 검색 | 팝가 Popga,20260503,20260503
/popup/sheet/5687,47,여의도 팝업스토어 찾기 | 팝가,20260224,20260308
/popup/sheet/1480,1,성수 팝업스토어 찾기 | 팝가,20260506,20260506
/popup/6206,23,미헤브 팝업 - 영등포 팝업 | 팝가 Popga,20260408,20260705
/popup/sheet/6434,53,팝업스토어 찾기 | 팝가,20260417,20260428
/popup/sheet/4000,1,"라이프스타일, 키즈/반려동물, F&B, 기타 팝업스토어 찾기 | 팝가",20260227,20260227
/popup/1936/reviews/write,3,힌스 팝업 후기 | 팝가 POPGA,20250325,20250425
/reservation/popup/2689/complete/303,1,탐스싱싱마켓 팝업 사전예약 | 팝가 POPGA,20250521,20250521
/popup/sheet/6006,146,성수 팝업스토어 찾기 | 팝가,20260325,20260328
/reservation/popup/2689/complete/160,1,탐스싱싱마켓 팝업 사전예약 | 팝가 POPGA,20250516,20250516
/popup/2141,6,"인기 팝업스토어 일정, 후기를 한눈에! | 팝가 Popga",20250421,20260119
/reservation/popup/2689/complete/336,1,탐스싱싱마켓 팝업 사전예약 | 팝가 POPGA,20250525,20250525
/popup/sheet/7282,611,성수 팝업스토어 찾기 | 팝가,20260528,20260613
/popup/sheet/5652,1,홍대/신촌 팝업스토어 찾기 | 팝가,20260302,20260320
/popup/sheet/2543,1,"키즈/반려동물, 디지털/테크 팝업스토어 찾기 | 팝가",20260304,20260304
/popup/sheet/4110,2,팝업스토어 지도 | 팝가,20260228,20260407
/popup/2285,256,칼과 꽃 X 투니크 콜라보 카페 팝업 | 팝가 POPGA,20250319,20260623
/popup/4380,129,케이스어랏 X 윤동희 팝업 | 팝가 Popga,20251022,20260614
/popup/sheet/7203,305,성수 팝업스토어 찾기 | 팝가,20260524,20260604
/popup/1986/reviews/write,1,도쿄卍리벤저스 전시 후기 | 팝가 POPGA,20250331,20250331
/popup/sheet/5582,9,팝업스토어 지도 | 팝가,20260223,20260307
/popup/sheet/7088,43,팝업스토어 찾기 | 팝가,20260518,20260525
/popup/sheet/6869,64,"인기 팝업스토어 일정, 후기를 한눈에! | 팝가 Popga",20260430,20260510
/popup/4692,96,그레이스유 X 네이버 팝업 - 강남 팝업 | 팝가 Popga,20251118,20260614
/popup/sheet/5571,66,잠실 팝업스토어 찾기 | 팝가,20260223,20260305
/reservation/popup/2689/complete/186,1,탐스싱싱마켓 팝업 사전예약 | 팝가 POPGA,20250517,20250517
/popup/sheet/5029,428,팝업스토어 찾기 | 팝가,20260223,20260430
/popup/sheet/6332,104,팝업스토어 찾기 | 팝가,20260415,20260510
/popup/sheet/1635,1,팝업스토어 찾기 | 팝가,20260317,20260317
/popga-pass/3460,2,매튜 | 팝가패스,20250922,20250924
/popup/sheet/5589,92,"인기 팝업스토어 일정, 후기를 한눈에! | 팝가 Popga",20260223,20260510
/popup/425,1,"인기 팝업스토어 일정, 후기를 한눈에! | 팝가 Popga",20251009,20251009
/popup/2617,90,동원산업 X 스시코우지 팝업 | 팝가 POPGA,20250428,20260623
/popup/sheet/5736,118,팝업스토어 찾기 | 팝가,20260227,20260309
/popup/2438,2065,캐릭캐릭체인지 앵콜 팝업 | 팝가 POPGA,20250404,20260620
/popup/3020,11,폼폼스튜디오 | 팝가 POPGA,20250615,20260107
/popup/sheet/5566,10,홍대/신촌 팝업스토어 찾기 | 팝가,20260223,20260226
/reservation/popup/2689/complete/164,1,탐스싱싱마켓 팝업 사전예약 | 팝가 POPGA,20250516,20250516
/popup/sheet/6001,160,"인기 팝업스토어 일정, 후기를 한눈에! | 팝가 Popga",20260325,20260519
/popup/2315/reviews/write,1,포맨트 X 쿠로미 팝업 후기 | 팝가 POPGA,20250409,20250409
/popup/sheet/5574,39,용산 팝업스토어 찾기 | 팝가,20260223,20260315
/popup/sheet/7068,17,경상권 팝업스토어 찾기 | 팝가,20260517,20260603
/popup/sheet/5853,43,팝업스토어 찾기 | 팝가,20260311,20260318
/popup/2859,294,세븐틴 X 비비고 팝업 - 홍대 | 팝가 POPGA,20250527,20260526
/popup/3265,1,팝업스토어 정보가 필요할 땐 팝가(POPGA),20250709,20250709
/popup/3504,180,로보샵 팝업 | 팝가 POPGA,20250801,20260628
/popup/sheet/5684,167,팝업스토어 찾기 | 팝가,20260223,20260329
/popup/sheet/3115,1,팝업스토어 찾기 | 팝가,20260306,20260306
/popup/sheet/6456,538,성수 팝업스토어 찾기 | 팝가,20260423,20260520
/popup/sheet/1533,1,키즈/반려동물 팝업스토어 찾기 | 팝가,20260304,20260319
/popup/sheet/5962,8,팝업스토어 찾기 | 팝가,20260322,20260326
/popup/1825,46,룩옵티컬 팝업 - 판교 | 팝가 POPGA,20250210,20260615
/popup/4855,135,악월 X 애니메이트 콜라보 카페 - 잠실 - 잠실 팝업 | 팝가 Popga,20251201,20260615
/popga-pass/2120,1,오와리 본점 | 팝가패스,20250928,20250928
/popup/5706,213,제니 Ruby 1주년 기념 팝업 - 여의도 팝업 | 팝가 Popga,20260225,20260618
/popup/sheet/3381,1,팝업스토어 검색 | 팝가 Popga,20260412,20260412
/popup/sheet/6499,28,경상권 팝업스토어 찾기 | 팝가,20260421,20260516
/popup/sheet/6863,50,팝업스토어 찾기 | 팝가,20260430,20260507
/popup/sheet/5015,1,팝업스토어 추천,20260420,20260420
/popup/sheet/6406,82,팝업스토어 찾기 | 팝가,20260416,20260502
/reservation/popup/2689/complete/171,1,탐스싱싱마켓 팝업 사전예약 | 팝가 POPGA,20250516,20250516
/popup/sheet/5223,2,F&B 팝업스토어 찾기 | 팝가,20260305,20260508
/popup/sheet/5213,333,성수 팝업스토어 찾기 | 팝가,20260223,20260407
/popup/sheet/5779,97,"인기 팝업스토어 일정, 후기를 한눈에! | 팝가 Popga",20260304,20260318
/popup/7467,14,아스토믹 팝업 @목동 - 목동 팝업 | 팝가 Popga,20260610,20260704
/popup/4199,419,오숑의 티하우스 팝업 | 팝가 Popga,20251002,20260520
/popup/sheet/6330,26,경상권 팝업스토어 찾기 | 팝가,20260414,20260505
/popup/sheet/6347,6,팝업스토어 찾기 | 팝가,20260415,20260420
/popup/sheet/1867,1,팝업스토어 검색 | 팝가 Popga,20260525,20260525
/popup/sheet/6432,21,팝업스토어 찾기 | 팝가,20260417,20260422
/popup/sheet/7151,31,"인기 팝업스토어 일정, 후기를 한눈에! | 팝가 Popga",20260520,20260525
/popup/2359,153,바바토토 식물 팝업 | 팝가 POPGA,20250327,20260521
/popup/2314,51,플르부아 팝업 - 부천 | 팝가 POPGA,20250321,20260622
/reservation/popup/2689/complete/203,1,탐스싱싱마켓 팝업 사전예약 | 팝가 POPGA,20250517,20250517
/reservation/popup/2689/complete/194,1,탐스싱싱마켓 팝업 사전예약 | 팝가 POPGA,20250517,20250517
/popup/sheet/6884,110,팝업스토어 찾기 | 팝가,20260504,20260530
/popup/sheet/466,1,기타 팝업스토어 찾기 | 팝가,20260319,20260319
/popup/850,32,도토리 잠실 팝업 | 팝가 POPGA,20241022,20260704
/popup/4323,387,3CE 팝업 - 벨벳 케이크 샵 | 팝가 Popga,20251016,20260119
/popup/sheet/6720,19,팝업스토어 찾기 | 팝가,20260429,20260530
/popup/sheet/7183,27,팝업스토어 찾기 | 팝가,20260522,20260525
/popup/2835,230,NU: 카니발×애니메이트 콜라보 카페 - 부산 | 팝가 POPGA,20250523,20260620
/popga-pass/2119,3,조디악 | 팝가패스,20250923,20250926
/reservation/popup/2689/complete/114,1,탐스싱싱마켓 팝업 사전예약 | 팝가 POPGA,20250513,20250513
/reservation/popup/2689/complete/320,1,탐스싱싱마켓 팝업 사전예약 | 팝가 POPGA,20250523,20250523
/popup/sheet/6568,46,팝업스토어 찾기 | 팝가,20260423,20260507
/popup/7706,32,아크로밧 팝업 - 서초 팝업 | 팝가 Popga,20260625,20260628
/popup/4185,96,데디베어 팝업 | 팝가 Popga,20251001,20260623
/popup/sheet/5651,330,성수 팝업스토어 찾기 | 팝가,20260223,20260327
/popup/sheet/5957,94,팝업스토어 찾기 | 팝가,20260320,20260406
/popup/sheet/4665,1,키즈/반려동물 팝업스토어 찾기 | 팝가,20260319,20260319
/reservation/popup/2689/complete/142,1,탐스싱싱마켓 팝업 사전예약 | 팝가 POPGA,20250515,20250515
/popup/4516,238,부드바르 팝업 - 성수 팝업 | 팝가 Popga,20251103,20260618
/popup/4264,211,스트레이키즈 팝업 | 팝가 Popga,20251011,20260627
/popup/sheet/5935,253,성수 팝업스토어 찾기 | 팝가,20260318,20260331
/popup/646,27,유병재 X 모리스&보리스 행운던전 팝업 | 팝가 POPGA,20240926,20260105
/popup/327,11,청.바.지 팝업 - 청년이 바꾸는 지방 팝업 | 팝가 Popga,20240823,20260524
/popup/1768,73,갤럭시 스튜디오 팝업 - 영등포 | 팝가 POPGA,20250204,20260519
/popup/3030,321,"스물, 서울숲 | 팝가 POPGA",20250613,20260627
/popup/2057/reviews,5,다이슨 COOL CLUB 팝업 후기 | 팝가 POPGA,20250303,20250313
/popup/3040,300,퍼블릭비컨 팝업 - 성수 | 팝가 POPGA,20250613,20260623
/popup/2682,63,말렌 팝업 | 팝가 POPGA,20250507,20260618
/popup/2695/reviews,200,가나디의 쿠킹 클래스 팝업 후기 | 팝가 POPGA,20250517,20250527
/popup/2624,356,시프트지 팝업 | 팝가 POPGA,20250428,20260523
/popup/3289,123,내외디스틸러리 팝업 | 팝가 POPGA,20250711,20260623
/popup/3823,128,팝가스토어 동대문점 | 팝가 POPGA,20250829,20260616
/popup/3976,62,청년창업실험공간 공업사 팝업 - PRODUCT STORAGE | 팝가 POPGA,20250912,20260619
/popup/2398/reviews,3,드롭드롭드롭 BE-TWIN 홈파티 이벤트 후기 | 팝가 POPGA,20250416,20250417
/popup/2522/reviews,29,롬앤 플래그십스토어 후기 | 팝가 POPGA,20250501,20250528
/popup/5601,684,국립중앙박물관 X 블랙핑크 청음회 - 용산 팝업 | 팝가 Popga,20260213,20260622
/popup/4288,85,마음을 세공하다 전시 - Emotion Reforged | 팝가 Popga,20251014,20260616
/popup/2480,127,스노우피크 X 헬로키티 팝업 - 강남 | 팝가 POPGA,20250410,20260606
/popup/4324,203,순수한면 𝗫 몰티즈 팝업 | 팝가 Popga,20251016,20260704
/popup/sheet/5763,226,성수 팝업스토어 찾기 | 팝가,20260303,20260315
/popup/4620,131,주디마리 팝업 - 잠실 팝업 | 팝가 Popga,20251111,20260606
/popup/0,498,"인기 팝업스토어 일정, 후기를 한눈에! | 팝가 Popga",20251103,20260106
/popup/4425,328,팝마트 15주년 팝티 이벤트 | 팝가 Popga,20251024,20260525
/popup/sheet/5987,594,성수 팝업스토어 찾기 | 팝가,20260410,20260427
/popup/sheet/5703,185,성수 팝업스토어 찾기 | 팝가,20260225,20260314
/popup/sheet/7270,83,"인기 팝업스토어 일정, 후기를 한눈에! | 팝가 Popga",20260528,20260603
/popup/sheet/7121,156,5월 영등포 박지훈 소심이 팝업스토어 'NEW FRIENDS' 사전예약·굿즈·이벤트 총정리 | 팝가 Popga,20260520,20260606
/popup/sheet/6095,362,성수 팝업스토어 찾기 | 팝가,20260331,20260427
/popup/sheet/6081,277,성수 팝업스토어 찾기 | 팝가,20260330,20260412
/popup/5226,82,미은당 팝업 - 강남 팝업 | 팝가 Popga,20260107,20260526
/popup/5732,149,팝업스토어 상세 정보 | 팝가 Popga,20260301,20260401
/popup/sheet/5344,23,애니/캐릭터 팝업스토어 찾기 | 팝가,20260225,20260307
/popup/sheet/6121,112,강남/서초 팝업스토어 찾기 | 팝가,20260401,20260509
/popup/4989,340,조앤프렌즈 팝업 - 강남 - 강남 팝업 | 팝가 Popga,20251212,20260627
/popup/5071,253,롯데웰푸드 팝업 - 홀리데이 스위트 마켓 - 성수 팝업 | 팝가 Popga,20251222,20260604
/popup/2123,2,"인기 팝업스토어 일정, 후기를 한눈에! | 팝가 Popga",20251225,20260108
/popup/sheet/5989,94,팝업스토어 찾기 | 팝가,20260324,20260515
/popup/sheet/5468,203,용산 팝업스토어 찾기 | 팝가,20260223,20260430
/popup/sheet/5840,354,성수 팝업스토어 찾기 | 팝가,20260310,20260403
/popup/sheet/6289,21,팝업스토어 찾기 | 팝가,20260413,20260416
/popup/4892,153,시선력 2026 신년 팝업 - 홍대 팝업 | 팝가 Popga,20251204,20260618
/popup/sheet/5538,14,팝업스토어 지도 | 팝가,20260223,20260511
/popup/sheet/6257,669,성수 팝업스토어 찾기 | 팝가,20260409,20260510
/popup/sheet/6119,237,성수 팝업스토어 찾기 | 팝가,20260401,20260414
/popup/sheet/5869,424,홍대/신촌 애니/캐릭터 팝업스토어 찾기 | 팝가,20260313,20260419
/popup/sheet/6044,490,"인기 팝업스토어 일정, 후기를 한눈에! | 팝가 Popga",20260327,20260515
/popup/5079,60,더퓨처샵 팝업 - 강남 - 강남 팝업 | 팝가 Popga,20251222,20260627
/popup/2613,83,쿼시 팝업 | 팝가 POPGA,20250428,20260628
/popup/sheet/6310,14,팝업스토어 찾기 | 팝가,20260414,20260422
/popup/sheet/6722,328,"인기 팝업스토어 일정, 후기를 한눈에! | 팝가 Popga",20260429,20260511
/popup/sheet/5782,81,팝업스토어 찾기 | 팝가,20260305,20260319
/popup/sheet/7034,356,성수 팝업스토어 찾기 | 팝가,20260514,20260525
/popup/sheet/5704,241,"인기 팝업스토어 일정, 후기를 한눈에! | 팝가 Popga",20260225,20260320
/popup/5217,125,메이드바이 행운맨숀 팝업 - 대전 - 대전 팝업 | 팝가 Popga,20260106,20260622
/popup/2716,50,크록스 X 스와로브스키 팝업 - 강남 | 팝가 POPGA,20250509,20260525
/popup/sheet/6566,222,성수 팝업스토어 찾기 | 팝가,20260428,20260505
/popup/sheet/6554,65,잠실 팝업스토어 찾기 | 팝가,20260423,20260507
/popup/sheet/7238,60,"인기 팝업스토어 일정, 후기를 한눈에! | 팝가 Popga",20260526,20260530
/popup/sheet/6719,41,팝업스토어 찾기 | 팝가,20260429,20260518
/popup/sheet/5558,304,홍대/신촌 애니/캐릭터 팝업스토어 찾기 | 팝가,20260223,20260327
/popup/sheet/6226,77,팝업스토어 찾기 | 팝가,20260409,20260429
/popup/4977,93,빌레로이앤보흐 팝업 - 여의도 팝업 | 팝가 Popga,20251212,20260619
/popup/sheet/5856,137,애니/캐릭터 팝업스토어 찾기 | 팝가,20260311,20260412
/popup/5812,32,세라젬 뷰티 팝업 - 메디스파 올인원 론칭 쇼케이스 - 강남 팝업 | 팝가 Popga,20260309,20260619
/popup/840,64,AK플라자 X 유어굿즈 분당 팝업 - YOUR GOODS 팝업 | 팝가 Popga,20241022,20260704
/popup/sheet/6462,59,팝업스토어 찾기 | 팝가,20260420,20260529
/popup/5782,52,쥬비스다이어트 팝업 - 목동 팝업 | 팝가 Popga,20260305,20260606
/popup/sheet/5829,121,팝업스토어 찾기 | 팝가,20260310,20260411
/popup/1067,35,헤이딜러 내차조향소 경주 팝업 - 헤이딜러 팝업 | 팝가 Popga,20241113,20260614
/popup/sheet/6586,60,팝업스토어 찾기 | 팝가,20260424,20260426
/popup/1894,39,터치인솔 팝업 - 부천 | 팝가 POPGA,20250214,20260622
/popup/600,46,해피 쓰담 데이 팝업 | 팝가 POPGA,20240921,20260526
/popup/2356,65,3월 5주차 핫한 팝업 모음 | 팝가 POPGA,20250327,20260503
/popup/2979,3,롸카두들 | 팝가 POPGA,20250615,20250616
/popup/sheet/6169,11,팝업스토어 찾기 | 팝가,20260407,20260428
/popup/555,1,팝업스토어 정보가 필요할 땐 팝가(POPGA),20250523,20250523
/popup/sheet/6114,26,"인기 팝업스토어 일정, 후기를 한눈에! | 팝가 Popga",20260401,20260405
/popup/sheet/5683,110,성수 팝업스토어 찾기 | 팝가,20260223,20260228
/popup/sheet/2739,1,팝업스토어 찾기 | 팝가,20260330,20260330
/reservation/popup/2689/complete/191,1,탐스싱싱마켓 팝업 사전예약 | 팝가 POPGA,20250517,20250517
/popup/sheet/6313,22,팝업스토어 찾기 | 팝가,20260414,20260419
/popup/sheet/6270,128,팝업스토어 찾기 | 팝가,20260410,20260418
/popup/4033,55,아키텍티 팝업 | 팝가 POPGA,20250917,20260617
/popup/sheet/6840,10,경기/인천 팝업스토어 찾기 | 팝가,20260429,20260606
/popup/sheet/6684,62,잠실 팝업스토어 찾기 | 팝가,20260427,20260506
/popup/sheet/5805,9,팝업스토어 찾기 | 팝가,20260309,20260311
/popup/sheet/6583,42,팝업스토어 찾기 | 팝가,20260424,20260430
/popup/sheet/5818,40,"인기 팝업스토어 일정, 후기를 한눈에! | 팝가 Popga",20260309,20260315
/popup/sheet/7024,22,팝업스토어 찾기 | 팝가,20260513,20260516
/popup/sheet/6860,43,"인기 팝업스토어 일정, 후기를 한눈에! | 팝가 Popga",20260430,20260509
/popup/sheet/6909,66,잠실 팝업스토어 찾기 | 팝가,20260506,20260524
/popup/1622/reviews/write,1,호즈미 포츈 하우스 전시 후기 | 팝가 POPGA,20250212,20250212
/popup/2259/reviews,2,"커버서울 <마침내, 봄> 전시 후기 | 팝가 POPGA",20250319,20250320
/popup/96,70,샵사이다 CIDER 팝업 - 샵사이다 팝업 | 팝가 Popga,20240801,20260623
/popup/sheet/5135,21,경기/인천 팝업스토어 찾기 | 팝가,20260223,20260426
/popup/966,51,삭스어필 X 모구타카하시 삼청 팝업 - Socks Appeal 팝업 | 팝가 Popga,20241031,20260618
/popup/sheet/2049,1,"키즈/반려동물, 디지털/테크 팝업스토어 찾기 | 팝가",20260304,20260304
/popup/sheet/6341,16,팝업스토어 찾기 | 팝가,20260415,20260422
/popup/sheet/5623,30,강남/서초 팝업스토어 찾기 | 팝가,20260223,20260304
/popup/sheet/6984,35,팝업스토어 찾기 | 팝가,20260512,20260520
/popup/sheet/5885,40,F&B 팝업스토어 찾기 | 팝가,20260315,20260326
/popup/sheet/6424,67,"인기 팝업스토어 일정, 후기를 한눈에! | 팝가 Popga",20260417,20260423
/popup/sheet/865,1,팝업스토어 검색 | 팝가 Popga,20260319,20260319
/popup/6474,23,굿네이버스 이벤트 - 선 넘는 좋은 일 - 여의도 팝업 | 팝가 Popga,20260420,20260429
/popup/sheet/5847,18,팝업스토어 찾기 | 팝가,20260311,20260315
/popup/3247,19,레페리 셀렉트스토어 팝업 - 하남 - 레페리 팝업 | 팝가 Popga,20250708,20260606
/popup/sheet/6221,37,"인기 팝업스토어 일정, 후기를 한눈에! | 팝가 Popga",20260408,20260412
/popup/sheet/7362,9,팝업스토어 찾기 | 팝가,20260604,20260604
/popup/sheet/6668,7,팝업스토어 찾기 | 팝가,20260428,20260506
/popup/sheet/6925,59,"인기 팝업스토어 일정, 후기를 한눈에! | 팝가 Popga",20260507,20260510
/reservation/popup/2689/complete/334,1,탐스싱싱마켓 팝업 사전예약 | 팝가 POPGA,20250524,20250524
/popup/sheet/3587,1,팝업스토어 찾기 | 팝가,20260227,20260227
/popup/sheet/5510,20,팝업스토어 찾기 | 팝가,20260223,20260306
/popup/sheet/6549,27,팝업스토어 찾기 | 팝가,20260423,20260505
/popup/797,25,비프로젝트 X 비클린 팝업 | 팝가 POPGA,20241018,20260622
/popup/5580,18,에이티즈 X 이마트24 팝업 - 강남 - 강남 팝업 | 팝가 Popga,20260210,20260603
/popup/2457/reviews,5,에잇세컨즈 X 포켓몬 팝업 후기 | 팝가 POPGA,20250416,20250423
/popup/6495,2,,20260422,20260519
/popup/sheet/7084,14,"인기 팝업스토어 일정, 후기를 한눈에! | 팝가 Popga",20260518,20260519
/popup/sheet/7006,35,팝업스토어 찾기 | 팝가,20260512,20260525
/popup/sheet/4728,1,성수 팝업스토어 찾기 | 팝가,20260320,20260320
/popup/3385,53,아키사케 팝업 - 강남 | 팝가 POPGA,20250728,20260518
/reservation/popup/2689/complete/322,1,탐스싱싱마켓 팝업 사전예약 | 팝가 POPGA,20250523,20250523
/popup/sheet/5584,8,홍대/신촌 팝업스토어 찾기 | 팝가,20260223,20260226
/popup/172,14,지존 팝업 - 지존 팝업 | 팝가 Popga,20241014,20260623
/popup/sheet/6026,32,팝업스토어 찾기 | 팝가,20260326,20260415
/popup/sheet/6002,28,팝업스토어 찾기 | 팝가,20260325,20260415
/popup/sheet/6723,65,"인기 팝업스토어 일정, 후기를 한눈에! | 팝가 Popga",20260429,20260510
/popup/2978,15,팝업스토어 정보가 필요할 땐 팝가(POPGA),20250615,20260105
/popup/3036,21,훅클라이밍 성수점 | 팝가 POPGA,20250615,20260107
/popup/2534,56,아크라이브 팝업 | 팝가 POPGA,20250416,20260622
/popup/sheet/5755,45,팝업스토어 찾기 | 팝가,20260303,20260314
/popup/sheet/5968,107,성수 팝업스토어 찾기 | 팝가,20260322,20260324
/popup/sheet/2008,1,팝업스토어 검색 | 팝가 Popga,20260414,20260414
/popup/sheet/6269,44,여의도 팝업스토어 찾기 | 팝가,20260410,20260430
/popup/1833/reviews/write,1,쿠오교토 팝업 후기 | 팝가 POPGA,20250211,20250211
/popup/6003,57,세기피앤씨 팝업 - 여의도 팝업 | 팝가 Popga,20260325,20260627
/popup/3460,4,"인기 팝업스토어 일정, 후기를 한눈에! | 팝가 Popga",20251208,20260105
/popup/260/reviews/write,2,누디트서울숲 무유무유 팝업 후기 | 팝가 POPGA,20250124,20250127
/popup/2290,21,블루노마드 사주타로 | 팝가 POPGA,20250505,20260105
/popup/sheet/6222,18,팝업스토어 찾기 | 팝가,20260408,20260414
/popup/sheet/5605,37,성수 팝업스토어 찾기 | 팝가,20260223,20260224
/popup/sheet/6843,6,경기/인천 팝업스토어 찾기 | 팝가,20260429,20260523
/popup/sheet/3795,1,팝업스토어 찾기 | 팝가,20260403,20260417
/popup/sheet/6572,8,팝업스토어 찾기 | 팝가,20260426,20260505
/popup/sheet/5477,6,팝업스토어 찾기 | 팝가,20260224,20260302
/popup/sheet/5603,7,팝업스토어 찾기 | 팝가,20260223,20260225
/popup/sheet/6797,7,팝업스토어 찾기 | 팝가,20260429,20260505
/reservation/popup/2689/complete/115,1,탐스싱싱마켓 팝업 사전예약 | 팝가 POPGA,20250513,20250513
/popup/sheet/6156,46,팝업스토어 찾기 | 팝가,20260405,20260422
/popup/6624,47,끄네들로 팝업 @잠실 - 잠실 팝업 | 팝가 Popga,20260426,20260705
/popup/sheet/6342,14,팝업스토어 찾기 | 팝가,20260415,20260423
/popup/sheet/4175,1,"홍대/신촌, 용산, 잠실 애니/캐릭터 팝업스토어 찾기 | 팝가",20260227,20260227
/popup/sheet/6207,23,팝업스토어 찾기 | 팝가,20260408,20260415
/popup/1670/reviews/write,6,플레이브 X 올리브영 팝업 - 성수 후기 | 팝가 POPGA,20250204,20250214
/popup/2266/reviews/write,1,태그호이어 레이싱 팝업 후기 | 팝가 POPGA,20250324,20250324
/popup/sheet/4796,2,팝업스토어 검색 | 팝가 Popga,20260418,20260515
/popup/sheet/6639,5,팝업스토어 찾기 | 팝가,20260426,20260429
/popup/2623/reviews,1,포코리 프렌즈 팝업 후기 | 팝가 POPGA,20250501,20250501
/popup/sheet/5726,636,성수 팝업스토어 찾기 | 팝가,20260227,20260405
/popup/sheet/6969,330,nct 검색 결과 | 팝가,20260511,20260604
/popup/2423/reviews/164/modify,1,카스 팝업 후기 | 팝가 POPGA,20250416,20250416
/popup/3469,5,"인기 팝업스토어 일정, 후기를 한눈에! | 팝가 Popga",20250906,20260108
/popup/sheet/6916,24,팝업스토어 찾기 | 팝가,20260507,20260519
/popup/sheet/4798,1,팝업스토어 검색 | 팝가 Popga,20260313,20260313
/popup/sheet/5093,1,F&B 팝업스토어 찾기 | 팝가,20260508,20260508
/popup/sheet/4050,2,팝업스토어 검색 | 팝가 Popga,20260502,20260511
/popup/1151,192,먼작귀 X 카카오프렌즈 강남 팝업 - 카카오프렌즈 팝업 | 팝가 Popga,20241127,20260705
/reservation/popup/2689/complete/335,1,탐스싱싱마켓 팝업 사전예약 | 팝가 POPGA,20250525,20250525
/popup/sheet/6743,31,팝업스토어 찾기 | 팝가,20260429,20260506
/popup/2986,6,고토리스낵바 | 팝가 POPGA,20250615,20260103
/popup/2165,3,"인기 팝업스토어 일정, 후기를 한눈에! | 팝가 Popga",20251220,20260118
/popup/sheet/5109,1,팝업스토어 검색 | 팝가 Popga,20260313,20260313
/popup/5787,21,디오바스크 팝업 - 목동 팝업 | 팝가 Popga,20260305,20260613
/popup/45,1,"인기 팝업스토어 일정, 후기를 한눈에! | 팝가 Popga",20260125,20260125
/popup/sheet/2359,1,팝업스토어 찾기 | 팝가,20260227,20260227
/popup/sheet/5863,227,성수 팝업스토어 찾기 | 팝가,20260312,20260322
/popga-pass/3464,5,하하하성수 | 팝가패스,20250915,20250915
/popup/sheet/6047,45,강남/서초 팝업스토어 찾기 | 팝가,20260327,20260424
/popup/7676,6,팝업스토어 상세 정보 | 팝가 Popga,20260623,20260623
/popup/sheet/5170,1,팝업스토어 찾기 | 팝가,20260310,20260310
/popup/2362/reviews/write,1,달바 팝업 후기 | 팝가 POPGA,20250327,20250327
/popup/sheet/2114,1,팝업스토어 검색 | 팝가 Popga,20260323,20260323
/popup/1632/reviews/10/modify,1,GS25 X 아이긴 팝업 후기 | 팝가 POPGA,20250124,20250124
/popup/sheet/5686,561,성수 팝업스토어 찾기 | 팝가,20260224,20260320
/popup/sheet/1738,1,"키즈/반려동물, 디지털/테크 팝업스토어 찾기 | 팝가",20260304,20260304
/popup/2171,5,"인기 팝업스토어 일정, 후기를 한눈에! | 팝가 Popga",20250808,20260105
/popup/7173,20,가먼츠팹 팝업 - 용산 팝업 | 팝가 Popga,20260522,20260530
/popup/2494/reviews,1,갈더마 레스틸렌 스킨 갤러리 팝업 후기 | 팝가 POPGA,20250426,20250426
/popup/48,1,"인기 팝업스토어 일정, 후기를 한눈에! | 팝가 Popga",20260125,20260125
/popup/sheet/3146,1,팝업스토어 검색 | 팝가 Popga,20260530,20260530
/popup/sheet/3489,2,뷰티 팝업스토어 찾기 | 팝가,20260319,20260506
/popup/sheet/6320,6,팝업스토어 찾기 | 팝가,20260414,20260422
/popup/sheet/6674,11,팝업스토어 찾기 | 팝가,20260428,20260504
/reservation/popup/865/complete/4,1,스위트스팟 사전예약 | 팝가 POPGA,20250509,20250509
/reservation/popup/2689/complete/332,1,탐스싱싱마켓 팝업 사전예약 | 팝가 POPGA,20250524,20250524
/popup/6261,373,리바이포유 경주 감사 팝업 - 리바이포유 팝업 | 팝가 Popga,20260421,20260519
/popup/sheet/5252,7,"인기 팝업스토어 일정, 후기를 한눈에! | 팝가 Popga",20260223,20260426
/popup/sheet/5572,4,스마트골목길 팝업 - 홍대 팝업 | 팝가 Popga,20260225,20260320
/popup/sheet/6980,194,성수 팝업스토어 찾기 | 팝가,20260512,20260529
/popup/2515/reviews,27,K리그 X 산리오캐릭터즈 팝업 후기 | 팝가 POPGA,20250424,20250508
/popup/3002,2,레이브스튜디오 | 팝가 POPGA,20250615,20250616
/popga-pass/2145,1,메이플탑 | 팝가패스,20250919,20250919
/popup/sheet/3642,1,팝업스토어 찾기 | 팝가,20260404,20260404
/reservation/popup/2689/complete/128,1,탐스싱싱마켓 팝업 사전예약 | 팝가 POPGA,20250513,20250513
/popup/sheet/4859,1,"성수, 홍대/신촌 F&B 팝업스토어 찾기 | 팝가",20260410,20260410
/popup/sheet/6223,255,팝업스토어 찾기 | 팝가,20260408,20260510
/popup/59872,1,팝업스토어 상세 정보 | 팝가 Popga,20260416,20260416
/popup/5464,71,아쿠아 디 파르마 팝업 - 강남 팝업 | 팝가 Popga,20260129,20260518
/popup/2001,20,예일 팝업 - 부산 - 예일 팝업 | 팝가 Popga,20250226,20260619
/popup/2788/reviews/write,1,칼 라거펠트 팝업 후기 | 팝가 POPGA,20250519,20250519
/popup/sheet/7102,850,"인기 팝업스토어 일정, 후기를 한눈에! | 팝가 Popga",20260519,20260614
/popup/1999,81,레모나 팝업 | 팝가 POPGA,20250225,20260616
/popup/5539,38,셀바티코 팝업 - 여의도 팝업 | 팝가 Popga,20260205,20260628
/popup/6754,9,안토메 팝업 - 울산 팝업 | 팝가 Popga,20260430,20260623
/popup/sheet/6700,130,성수 팝업스토어 찾기 | 팝가,20260428,20260504
/popup/sheet/5140,2,Popup Store Search | Popga,20260226,20260319
/popup/6902,23,후후루 팝업 - 판교 팝업 | 팝가 Popga,20260506,20260617
/popup/1714,96,수바코 팝업 | 팝가 POPGA,20250124,20260705
/popup/sheet/6981,219,성수 팝업스토어 찾기 | 팝가,20260512,20260524
/popup/sheet/6536,31,팝업스토어 찾기 | 팝가,20260422,20260428
/popup/sheet/6854,33,팝업스토어 찾기 | 팝가,20260430,20260523
/popup/2395/reviews,1,트렌타로마 팝업 후기 | 팝가 POPGA,20250401,20250401
/popup/2806/reviews,1,풍림 팝업 후기 | 팝가 POPGA,20250521,20250521
/popup/sheet/887,1,팝업스토어 찾기 | 팝가,20260227,20260227
/popup/1669,72,페이드마인 팝업 | 팝가 POPGA,20250120,20260628
/popga-pass/2172,1,스테치 | 팝가패스,20250928,20250928
/popup/2277/reviews,2,기아 언플러그드 그라운드 리뉴얼 오픈 이벤트 후기 | 팝가 POPGA,20250321,20250323
/popup/sheet/6437,80,"인기 팝업스토어 일정, 후기를 한눈에! | 팝가 Popga",20260417,20260508
/popup/sheet/6457,153,성수 팝업스토어 찾기 | 팝가,20260420,20260430
/popup/sheet/6458,75,"인기 팝업스토어 일정, 후기를 한눈에! | 팝가 Popga",20260420,20260430
/reservation/popup/2689/complete/123,1,탐스싱싱마켓 팝업 사전예약 | 팝가 POPGA,20250513,20250513
/popup/2992,14,로우키 | 팝가 POPGA,20250615,20260107
/popup/2088/reviews/write,1,삼성생명 라이프놀로지랩 팝업 후기 | 팝가 POPGA,20250308,20250308
/popup/2380,437,포켓몬 빵 팝업 | 팝가 POPGA,20250331,20260515
/popup/sheet/7294,23,팝업스토어 찾기 | 팝가,20260529,20260603
/popup/3376,42,탭앤쉬프트 팝업 | 팝가 POPGA,20250725,20260520
/popup/2739/reviews/249/modify,1,아이유 생일 카페 - 용산 후기 | 팝가 POPGA,20250516,20250516
/popup/494,71,센녹 BATH HOUSE 팝업 | 팝가 POPGA,20240904,20260622
/popup/sheet/1771,1,팝업스토어 검색 | 팝가 Popga,20260404,20260404
/popup/sheet/5310,1,팝업스토어 검색 | 팝가 Popga,20260428,20260428
/reservation/popup/2689/complete/162,1,탐스싱싱마켓 팝업 사전예약 | 팝가 POPGA,20250516,20250516
/popup/sheet/5866,68,팝업스토어 찾기 | 팝가,20260313,20260404
/popup/sheet/3031,1,팝업스토어 찾기 | 팝가,20260424,20260424
/popup/1782/reviews/write,2,레고 보태니컬 발렌타인 팝업 후기 | 팝가 POPGA,20250216,20250217
/popup/sheet/5737,99,"인기 팝업스토어 일정, 후기를 한눈에! | 팝가 Popga",20260227,20260312
/popup/sheet/4986,1,"여의도, 경기/인천 팝업스토어 찾기 | 팝가",20260227,20260227
/popup/2739/reviews/267/modify,1,아이유 생일 카페 - 용산 후기 | 팝가 POPGA,20250517,20250517
/popup/sheet/763,1,팝업스토어 검색 | 팝가 Popga,20260508,20260508
/reservation/popup/2689/complete/126,1,탐스싱싱마켓 팝업 사전예약 | 팝가 POPGA,20250513,20250513
/popup/sheet/6508,8,"인기 팝업스토어 일정, 후기를 한눈에! | 팝가 Popga",20260421,20260425
/popup/2991,4,"인기 팝업스토어 일정, 후기를 한눈에! | 팝가 Popga",20250615,20260105
/popup/1142,49,잠실 롯데 크리스마스 마켓 | 팝가 POPGA,20241125,20260622
/popup/2462/reviews/write,1,무신사 슈즈 페스티벌 팝업 - 무신사 스토어 성수@대림창고 후기 | 팝가 POPGA,20250416,20250416
/popup/sheet/6129,40,팝업스토어 찾기 | 팝가,20260402,20260409
/popup/2077/reviews/write,2,클럽메드 푸켓 팝업 후기 | 팝가 POPGA,20250308,20250316
/reservation/popup/2689/complete/153,1,탐스싱싱마켓 팝업 사전예약 | 팝가 POPGA,20250516,20250516
/popup/1593/reviews/write,1,코치 X 마뗑킴 팝업 후기 | 팝가 POPGA,20250130,20250130
/popup/1792/reviews/write,1,케이이치 타나아미 : I’M THE ORIGIN 전시 후기 | 팝가 POPGA,20250206,20250206
/popga-pass/2131,2,맥파이앤타이거 성수티룸 | 팝가패스,20250928,20250928
/popup/sheet/5984,88,팝업스토어 찾기 | 팝가,20260324,20260405
/popup/sheet/5822,276,성수 팝업스토어 찾기 | 팝가,20260309,20260331
/popup/4584,49,제나두 팝업 - 여의도 팝업 | 팝가 Popga,20251107,20260521
/reservation/popup/2689/complete/305,1,탐스싱싱마켓 팝업 사전예약 | 팝가 POPGA,20250521,20250521
/popup/sheet/6105,40,팝업스토어 찾기 | 팝가,20260331,20260405
/reservation/popup/2689/complete/298,1,탐스싱싱마켓 팝업 사전예약 | 팝가 POPGA,20250520,20250520
/popup/sheet/6194,304,성수 팝업스토어 찾기 | 팝가,20260407,20260508
/popup/sheet/6031,180,성수 팝업스토어 찾기 | 팝가,20260326,20260417
/popup/2192,4,"인기 팝업스토어 일정, 후기를 한눈에! | 팝가 Popga",20251119,20260127
/popup/7668,60,노이스 팝업 - 이태원 팝업 | 팝가 Popga,20260623,20260628
/popup/sheet/5765,90,잠실 팝업스토어 찾기 | 팝가,20260304,20260416
/popup/sheet/4945,1,"성수, 홍대/신촌 F&B 팝업스토어 찾기 | 팝가",20260410,20260410
/popup/sheet/6732,66,여의도 팝업스토어 찾기 | 팝가,20260429,20260506
/reservation/popup/2689/complete/299,1,탐스싱싱마켓 팝업 사전예약 | 팝가 POPGA,20250520,20250520
/popup/sheet/5615,6,애니/캐릭터 팝업스토어 찾기 | 팝가,20260224,20260226
/popup/3711,176,국립중앙박물관 이벤트 - 2025 국중박 분장대회 | 팝가 POPGA,20250821,20260615
/popup/sheet/6239,27,팝업스토어 찾기 | 팝가,20260409,20260430
/popup/sheet/6431,33,팝업스토어 찾기 | 팝가,20260417,20260428
/popup/1244,732,실바니안 패밀리 팝업 | 팝가 POPGA,20241203,20260614
/popup/sheet/5979,324,성수 팝업스토어 찾기 | 팝가,20260323,20260409
/popup/sheet/1795,1,팝업스토어 검색 | 팝가 Popga,20260307,20260307
/popup/1951/reviews,1,스탠리 퀜처 프로투어 팝업 후기 | 팝가 POPGA,20250223,20250223
/popup/5697,78,와이이이엘 팝업 - 홍대 팝업 | 팝가 Popga,20260224,20260620
/popup/sheet/5806,1059,홍대/신촌 애니/캐릭터 팝업스토어 찾기 | 팝가,20260309,20260615
/reservation/popup/865/complete/2,1,스위트스팟 사전예약 | 팝가 POPGA,20250509,20250509
/popup/7109,26,브리즐렛 팝업 - 강남 팝업 | 팝가 Popga,20260519,20260617
/popup/2065%E3%85%8D%E3%85%8D%E3%85%8D%E3%85%8D%E3%85%8D%E3%85%8D%E3%85%8D%E3%85%8D%E3%85%8D%E3%85%8,12,팝가 POPGA,20250310,20250312
/popup/sheet/6009,87,성수 팝업스토어 찾기 | 팝가,20260325,20260329
/popup/sheet/6402,8,"인기 팝업스토어 일정, 후기를 한눈에! | 팝가 Popga",20260416,20260416
/popup/1627/reviews/write,1,삶은감자 팝업 후기 | 팝가 POPGA,20250124,20250124
/popup/sheet/1495,1,"키즈/반려동물, 디지털/테크 팝업스토어 찾기 | 팝가",20260304,20260304
/popup/901,19,에씰미 팝업 | 팝가 POPGA,20241025,20260615
/popup/379,109,베이글리스트 X 라크루뜨서울 신촌 팝업 | 팝가 POPGA,20240823,20260529
/popup/1991,182,스킵과 로퍼 콜라보 카페 팝업 - 부산 | 팝가 POPGA,20250224,20260519
/popup/1664,125,던전앤파이터 SNOWMAGE 팝업 | 팝가 POPGA,20250117,20260704
/popup/1880,229,LG 그램 Pro 팝업 | 팝가 POPGA,20250213,20260617
/popup/2621,611,노이스 X 오아시스 팝업 | 팝가 POPGA,20250428,20260705
/popup/2944,88,BT21 THE JOURNEY 팝업 | 팝가 POPGA,20250609,20260615
/popup/2477,50,라인프렌즈 스퀘어 명동점 1주년 이벤트 | 팝가 POPGA,20250410,20260603
/popup/2331,109,로드 오브 히어로즈 X 애니플러스 콜라보 카페 | 팝가 POPGA,20250324,20260519
/popup/3189,280,SME 비디오샵 컨셉 프로모션 - 대구 | 팝가 POPGA,20250703,20260525
/popup/4560,312,영천 리로컬 팝업스토어 - 성수 팝업 | 팝가 Popga,20251106,20260705
/popup/4472,1638,알리익스프레스 성수 팝업 - 11초 장바구니 챌린지 | 팝가 Popga,20251029,20260530
/popup/4535,41,"실버리버47, 로쏘마레, 놀이터 팝업 - 결, 그 시작의 공간 | 팝가 Popga",20251104,20260515
/popup/sheet/5730,228,팝업스토어 찾기 | 팝가,20260301,20260403
/popup/5383,153,LG전자 ART NIGHT with 이연 작가 - 강남 팝업 | 팝가 Popga,20260122,20260522
/popup/sheet/5725,845,"인기 팝업스토어 일정, 후기를 한눈에! | 팝가 Popga",20260227,20260329
/popup/sheet/5894,233,팝업스토어 찾기 | 팝가,20260316,20260603
/popup/3980,155,서울 이랜드 FC 팝업 - One drop One moment | 팝가 POPGA,20250912,20260623
/popup/sheet/6033,66,팝업스토어 찾기 | 팝가,20260327,20260412
/popup/sheet/6102,99,잠실 팝업스토어 찾기 | 팝가,20260331,20260420
/popup/sheet/6528,58,"인기 팝업스토어 일정, 후기를 한눈에! | 팝가 Popga",20260422,20260426
/popup/5760,81,해피요기즈 팝업 - 여의도 팝업 | 팝가 Popga,20260303,20260620
/popup/sheet/5902,157,"인기 팝업스토어 일정, 후기를 한눈에! | 팝가 Popga",20260316,20260329
/popup/sheet/5956,294,성수 팝업스토어 찾기 | 팝가,20260320,20260406
/popup/sheet/5981,38,팝업스토어 찾기 | 팝가,20260323,20260503
/popup/5384,224,녹화버튼 X 연희사과 팝업 - 녹화버튼 팝업 | 팝가 Popga,20260122,20260705
/popup/sheet/6365,188,팝업스토어 찾기 | 팝가,20260415,20260506
/popup/sheet/6079,271,성수 팝업스토어 찾기 | 팝가,20260330,20260428
/popup/sheet/6359,30,"인기 팝업스토어 일정, 후기를 한눈에! | 팝가 Popga",20260415,20260419
/popup/sheet/5600,109,성수 팝업스토어 찾기 | 팝가,20260223,20260419
/popup/sheet/5891,90,홍대/신촌 팝업스토어 찾기 | 팝가,20260316,20260419
/popup/sheet/2857,2,팝업스토어 검색 | 팝가 Popga,20260228,20260303
/popup/sheet/5910,94,팝업스토어 찾기 | 팝가,20260317,20260329
/popup/855,225,나 혼자만 레벨업 X PEER 팝업 - 나혼자만레벨업 팝업 | 팝가 Popga,20241022,20260622
/popup/4851,160,김준수 미디어 팝업 - VOICE : COLOR OF SOUND - 여의도 팝업 | 팝가 Popga,20251201,20260617
/popup/sheet/6946,557,성수 팝업스토어 찾기 | 팝가,20260508,20260523
/popup/sheet/7113,28,팝업스토어 찾기 | 팝가,20260519,20260525
/popup/sheet/6409,52,팝업스토어 찾기 | 팝가,20260416,20260505
/popup/sheet/6868,230,성수 팝업스토어 찾기 | 팝가,20260430,20260526
/popup/sheet/6658,39,"인기 팝업스토어 일정, 후기를 한눈에! | 팝가 Popga",20260427,20260503
/popup/sheet/6705,62,용산아이파크몰 검색 결과 | 팝가,20260428,20260507
/popup/sheet/6710,527,성수 팝업스토어 찾기 | 팝가,20260428,20260521
/popup/sheet/6361,42,잠실 팝업스토어 찾기 | 팝가,20260415,20260422
/popup/7675,191,취향수집소 팝업 - 신촌 팝업 | 팝가 Popga,20260623,20260705
/popup/sheet/6933,78,팝업스토어 찾기 | 팝가,20260508,20260510
/popup/sheet/6004,43,팝업스토어 찾기 | 팝가,20260325,20260406
/popup/sheet/7059,48,팝업스토어 찾기 | 팝가,20260515,20260524
/popup/sheet/6529,58,팝업스토어 찾기 | 팝가,20260422,20260501
/popup/sheet/6248,55,잠실 팝업스토어 찾기 | 팝가,20260409,20260416
/popup/1774/reviews,10,보스 X 29CM 팝업 후기 | 팝가 POPGA,20250210,20250213
/popup/3983,120,야구공빵 팝업 | 팝가 POPGA,20250912,20260529
/popup/4351,181,디오스피스 팝업 | 팝가 Popga,20251020,20260620
/popup/4125,70,EA SPORTS FC 26 팝업 - EA SPORTS FC 26 팝업 팝업 | 팝가 Popga,20250926,20260622
/popup/4995,90,레이나모라 팝업 - 홍대 팝업 | 팝가 Popga,20251215,20260623
/popup/5989,50,센티카 서울 팝업 - 천호 - 천호 팝업 | 팝가 Popga,20260324,20260627
/popup/sheet/5662,115,"인기 팝업스토어 일정, 후기를 한눈에! | 팝가 Popga",20260223,20260302
/popup/sheet/5591,48,팝업스토어 찾기 | 팝가,20260223,20260330
/popup/sheet/6143,107,"인기 팝업스토어 일정, 후기를 한눈에! | 팝가 Popga",20260403,20260415
/popup/sheet/5764,56,홍대/신촌 팝업스토어 찾기 | 팝가,20260303,20260318
/popup/7351,33,태우 개인전 [好虎時節 V] - 강남 팝업 | 팝가 Popga,20260602,20260620
/popup/sheet/6068,88,팝업스토어 찾기 | 팝가,20260329,20260405
/popup/sheet/5698,97,잠실 팝업스토어 찾기 | 팝가,20260225,20260317
/popup/888,88,삼성프렌즈 X 스티키몬스터랩 팝업 | 팝가 POPGA,20241024,20260615
/popup/sheet/5398,1,팝업스토어 찾기 | 팝가,20260311,20260311
/popup/sheet/7005,41,팝업스토어 찾기 | 팝가,20260512,20260530
/popup/sheet/6130,25,팝업스토어 찾기 | 팝가,20260402,20260409
/popup/sheet/5975,23,팝업스토어 찾기 | 팝가,20260323,20260324
/popup/sheet/6275,30,팝업스토어 찾기 | 팝가,20260413,20260416
/popup/7639,40,티켓투더문 팝업 @제주 - 제주 팝업 | 팝가 Popga,20260621,20260705
/popup/sheet/6597,8,팝업스토어 찾기 | 팝가,20260426,20260505
/popup/542,24,크리니크 X 변우석 청춘 메이크업 바 팝업 | 팝가 POPGA,20240913,20260606
/popup/1376,32,버터굿즈 팝업 | 팝가 POPGA,20241216,20260622
/popup/sheet/5999,77,"인기 팝업스토어 일정, 후기를 한눈에! | 팝가 Popga",20260326,20260329
/popup/6250,14,도미실 팝업 - 노원 팝업 | 팝가 Popga,20260409,20260620
/popup/sheet/6894,29,팝업스토어 찾기 | 팝가,20260505,20260519
/popup/2634,11,토끼의 시골집 플리마켓 팝업 | 팝가 POPGA,20250429,20250430
/popup/sheet/5278,1,여의도 팝업스토어 지도 | 팝가,20260225,20260225
/popup/sheet/6599,24,팝업스토어 찾기 | 팝가,20260426,20260511
/popup/sheet/6523,11,팝업스토어 찾기 | 팝가,20260423,20260424
/popup/2178,3,"인기 팝업스토어 일정, 후기를 한눈에! | 팝가 Popga",20251207,20260105
/popup/sheet/5564,6,여의도 팝업스토어 찾기 | 팝가,20260223,20260225
/popup/sheet/6616,13,서울 전체 팝업스토어 찾기 | 팝가,20260426,20260515
/popup/sheet/6604,4,전라권 팝업스토어 찾기 | 팝가,20260427,20260507
/popup/1710/reviews/write,1,픽사 팝업 후기 | 팝가 POPGA,20250124,20250124
/popup/sheet/5750,74,"인기 팝업스토어 일정, 후기를 한눈에! | 팝가 Popga",20260302,20260312
/popup/sheet/5906,22,팝업스토어 찾기 | 팝가,20260316,20260409
/popup/sheet/5186,1,서울 전체 애니/캐릭터 팝업스토어 찾기 | 팝가,20260309,20260309
/popup/sheet/6620,2,팝업스토어 찾기 | 팝가,20260427,20260427
/popup/1171,44,아벡쉐리 팝업 | 팝가 POPGA,20241128,20260526
/popup/4040,4,웁 비주얼 아트 페스티벌 - 웁 2025 비주얼 아트 페스티벌 팝업 | 팝가 Popga,20250918,20260423
/popup/sheet/6024,18,팝업스토어 찾기 | 팝가,20260326,20260329
/popup/sheet/6839,8,서울 전체 팝업스토어 찾기 | 팝가,20260429,20260504
/popup/sheet/208,1,팝업스토어 찾기 | 팝가,20260311,20260311
/popup/sheet/3083,1,팝업스토어 찾기 | 팝가,20260305,20260305
/popup/1731/reviews/write,1,위자드몰 팝업 후기 | 팝가 POPGA,20250211,20250211
/popup/5391,130,멜로우빈 팝업 - 여의도 팝업 | 팝가 Popga,20260128,20260627
/reservation/popup/2689/complete/190,1,탐스싱싱마켓 팝업 사전예약 | 팝가 POPGA,20250517,20250517
/popup/sheet/2737,1,팝업스토어 찾기 | 팝가,20260511,20260511
/popup/sheet/6809,3,팝업스토어 찾기 | 팝가,20260429,20260504
/popup/1677/reviews,7,핑구 팝업 후기 | 팝가 POPGA,20250130,20250517
/reservation/popup/865/complete/7,1,스위트스팟 사전예약 | 팝가 POPGA,20250509,20250509
/popup/sheet/6740,13,"인기 팝업스토어 일정, 후기를 한눈에! | 팝가 Popga",20260429,20260508
/popup/2135,2,키키노히호 성수점 | 팝가 POPGA,20250615,20250713
/popup/2324/reviews/171/modify,1,슈퍼드라이 오픈 이벤트 후기 | 팝가 POPGA,20250416,20250416
/popga-pass/2127,1,강진숯불갈비 | 팝가패스,20250923,20250923
/reservation/popup/2689/complete/155,1,탐스싱싱마켓 팝업 사전예약 | 팝가 POPGA,20250516,20250516
/popup/sheet/5597,1,팝업스토어 찾기 | 팝가,20260311,20260311
/popup/441,21,에딧먼트 X 파르나스몰 팝업 - editment 팝업 | 팝가 Popga,20240830,20260616
/popup/sheet/6580,85,팝업스토어 찾기 | 팝가,20260424,20260429
/popup/sheet/4478,1,키즈/반려동물 팝업스토어 찾기 | 팝가,20260304,20260319
/popup/sheet/7377,62,팝업스토어 찾기 | 팝가,20260604,20260614
/popup/2166,3,"인기 팝업스토어 일정, 후기를 한눈에! | 팝가 Popga",20250818,20251224
/popup/sheet/5738,68,팝업스토어 찾기 | 팝가,20260227,20260319
/popup/2672/reviews/write,1,리스키 무빙 팝업 - 성수 후기 | 팝가 POPGA,20250505,20250505
/popup/sheet/6752,10,팝업스토어 찾기 | 팝가,20260430,20260505
/reservation/popup/2689/complete/120,1,탐스싱싱마켓 팝업 사전예약 | 팝가 POPGA,20250513,20250513
/popup/sheet/7035,5,찜한 팝업스토어 모아보기 | 팝가 Popga,20260514,20260521
/popup/sheet/1472,1,팝업스토어 찾기 | 팝가,20260318,20260318
/popup/sheet/5690,51,팝업스토어 찾기 | 팝가,20260224,20260305
/popup/5067,350,프로젝트 렌트 X SM타운 플래너 팝업 - Sweet Share - 성수 팝업 | 팝가 Popga,20251222,20260623
/popup/2173,17,매치스 성수 | 팝가 POPGA,20250422,20251230
/popup/2142,7,초이다이닝 성수점 | 팝가 POPGA,20250326,20260107
/popup/5,2,팝업스토어 상세 정보 | 팝가 Popga,20250829,20260516
/popup/2960,2,헬로먼데이 성수일로점 | 팝가 POPGA,20250708,20250820
/popup/sheet/5893,40,팝업스토어 찾기 | 팝가,20260316,20260318
/popup/sheet/7219,22,팝업스토어 찾기 | 팝가,20260526,20260529
/popup/sheet/5389,1,팝업스토어 찾기 | 팝가,20260311,20260311
/popup/sheet/5658,241,성수 팝업스토어 찾기 | 팝가,20260223,20260312
/popup/sheet/6647,50,잠실 팝업스토어 찾기 | 팝가,20260427,20260506
/popup/sheet/3639,1,팝업스토어 찾기 | 팝가,20260507,20260507
/popup/4782,260,스토커즈 기부 바자회 플리마켓 - 성수 팝업 | 팝가 Popga,20251125,20260617
/popup/3457,1,"인기 팝업스토어 일정, 후기를 한눈에! | 팝가 Popga",20251230,20251230
/popup/sheet/5561,4,팝업스토어 찾기 | 팝가,20260223,20260225
/popup/6302,1,팝업스토어 상세 정보 | 팝가 Popga,20260413,20260413
/popup/sheet/5752,129,성수 팝업스토어 찾기 | 팝가,20260303,20260309
/reservation/popup/2689/complete/179,1,탐스싱싱마켓 팝업 사전예약 | 팝가 POPGA,20250517,20250517
/popup/sheet/1739,1,팝업스토어 찾기 | 팝가,20260301,20260301
/popup/sheet/3317,1,F&B 팝업스토어 찾기 | 팝가,20260508,20260508
/popup/sheet/5319,52,용산 팝업스토어 찾기 | 팝가,20260225,20260312
/popup/sheet/5836,57,팝업스토어 찾기 | 팝가,20260310,20260314
/popup/1740/reviews,3,알맹이네 과일가게 팝업 후기 | 팝가 POPGA,20250212,20250216
/reservation/popup/2689/complete/130,1,탐스싱싱마켓 팝업 사전예약 | 팝가 POPGA,20250514,20250514
/popup/sheet/292,1,팝업스토어 찾기 | 팝가,20260311,20260311
/popup/sheet/7090,211,성수 팝업스토어 찾기 | 팝가,20260518,20260604
/popup/942,37,텐트를 잘치는 남자 팝업 | 팝가 POPGA,20241029,20260614
/popup/sheet/6340,63,팝업스토어 찾기 | 팝가,20260415,20260422
/popga-pass/2260,1,"팝가패스 | 팝업스토어 근처 맛집, 카페 추천 서비스 | 팝가 POPGA",20250922,20250922
/popup/2144,2,"인기 팝업스토어 일정, 후기를 한눈에! | 팝가 Popga",20251221,20260118
/popup/sheet/2205,1,팝업스토어 찾기 | 팝가,20260524,20260524
/popup/1329,54,텐텐문방구 목동 팝업 | 팝가 POPGA,20241211,20260628
/popup/sheet/5442,1,팝업스토어 찾기 | 팝가,20260311,20260311
/popup/sheet/6883,190,성수 팝업스토어 찾기 | 팝가,20260504,20260507
/popga-pass/2121,3,보카도 버터 | 팝가패스,20250918,20250923
/popup/sheet/1761,1,키즈/반려동물 팝업스토어 찾기 | 팝가,20260304,20260319
/popup/sheet/6475,57,팝업스토어 찾기 | 팝가,20260421,20260426
/popup/sheet/4301,1,팝업스토어 검색 | 팝가 Popga,20260504,20260504
/popup/1951/reviews/write,1,스탠리 퀜처 프로투어 팝업 후기 | 팝가 POPGA,20250223,20250223
/popup/sheet/4621,1,잠실 팝업스토어 찾기 | 팝가,20260323,20260323
/popup/sheet/4856,3,팝업스토어 찾기 | 팝가,20260301,20260506
/popup/3462,1,팝업스토어 상세 정보 | 팝가 Popga,20260417,20260417
/popup/sheet/7140,68,팝업스토어 찾기 | 팝가,20260520,20260525
/reservation/popup/2689/complete/140,1,탐스싱싱마켓 팝업 사전예약 | 팝가 POPGA,20250515,20250515
/reservation/popup/2689/complete/321,1,탐스싱싱마켓 팝업 사전예약 | 팝가 POPGA,20250523,20250523
/popup/sheet/4366,1,팝업스토어 검색 | 팝가 Popga,20260427,20260427
/popup/2398/reviews/159/modify,1,드롭드롭드롭 BE-TWIN 홈파티 이벤트 후기 | 팝가 POPGA,20250416,20250416
/popup/sheet/6476,93,팝업스토어 찾기 | 팝가,20260420,20260521
/popup/1451,68,탬버린하우스 팝업 | 팝가 POPGA,20241224,20260622
/popup/2629,26,미언더 팝업 | 팝가 POPGA,20250429,20260615
/popup/sheet/3651,1,팝업스토어 찾기 | 팝가,20260511,20260511
/popup/2983,7,백이의 | 팝가 POPGA,20250615,20260112
/popup/sheet/6083,1972,"인기 팝업스토어 일정, 후기를 한눈에! | 팝가 Popga",20260330,20260704
/popup/sheet/5459,2,F&B 팝업스토어 찾기 | 팝가,20260315,20260508
/popup/1539/reviews,3,아이소이 로즈 팝업 후기 | 팝가 POPGA,20250124,20250131
/popup/sheet/2422,2,팝업스토어 검색 | 팝가 Popga,20260403,20260406
/popup/4260,41,2025 Fall Collective 팝업 | 팝가 Popga,20251011,20260521
/popup/2514,197,설화수 윤조에센스 팝업 | 팝가 POPGA,20250414,20260628
/popup/sheet/5598,9,"인기 팝업스토어 일정, 후기를 한눈에! | 팝가 Popga",20260223,20260225
/popup/sheet/6966,24,팝업스토어 찾기 | 팝가,20260511,20260518
/popup/2707,285,그레일즈 팝업 | 팝가 POPGA,20250508,20260519
/popup/sheet/1531,1,홍대/신촌 팝업스토어 지도 | 팝가,20260323,20260323
/popup/6324,7,팝업스토어 상세 정보 | 팝가 Popga,20260413,20260414
/popup/sheet/5786,389,홍대/신촌 애니/캐릭터 팝업스토어 찾기 | 팝가,20260305,20260428
/popup/5753,38,마당부켓 팝업 - 목동 팝업 | 팝가 Popga,20260303,20260603
/popup/980,141,뽀짝마을 일러스트페어 | 팝가 POPGA,20241104,20260523
/popup/4964,218,메이드 인 코리아 전시 - 성수 팝업 | 팝가 Popga,20251211,20260617
/popup/964,24,아이큐박스 팝업 | 팝가 POPGA,20241031,20260606
/popup/3175,127,팝가스토어 판교점 | 팝가 POPGA,20250701,20260628
/popup/1800,81,매기 팝업 | 팝가 POPGA,20250207,20260529
/popup/3993,399,말차 디저트 페스티벌 | 팝가 POPGA,20250915,20260618
/popup/2800,476,홀리바넘 팝업 | 팝가 POPGA,20250519,20260516
/popup/3830,66,안티 소셜 소셜 클럽 팝업 | 팝가 POPGA,20250901,20260620
/popup/2852,152,우마뭉 팝업 | 팝가 POPGA,20250527,20260704
/popup/2284,204,파파고파파 팝업 | 팝가 POPGA,20250319,20260620
/popup/3190,244,SME 비디오샵 컨셉 프로모션 - 광주 | 팝가 POPGA,20250703,20260107
/popup/sheet/6144,325,성수 팝업스토어 찾기 | 팝가,20260403,20260423
/popup/sheet/6559,86,팝업스토어 찾기 | 팝가,20260423,20260508
/popup/sheet/5712,567,성수 팝업스토어 찾기 | 팝가,20260226,20260329
/popup/5216,240,메이드바이 행운맨숀 팝업 - 연남 - 연남 팝업 | 팝가 Popga,20260106,20260616
/popup/sheet/6291,47,여의도 팝업스토어 찾기 | 팝가,20260413,20260426
/popup/sheet/5645,106,"인기 팝업스토어 일정, 후기를 한눈에! | 팝가 Popga",20260223,20260323
/popup/sheet/5671,60,용산 팝업스토어 찾기 | 팝가,20260223,20260304
/popup/sheet/6425,283,성수 팝업스토어 찾기 | 팝가,20260417,20260430
/popup/sheet/6369,969,성수 팝업스토어 찾기 | 팝가,20260416,20260529
/popup/2181,5,"인기 팝업스토어 일정, 후기를 한눈에! | 팝가 Popga",20251208,20260123
/popup/sheet/6709,493,성수 팝업스토어 찾기 | 팝가,20260428,20260617
/popup/sheet/5785,61,강남/서초 팝업스토어 찾기 | 팝가,20260305,20260326
/popup/sheet/5772,41,F&B 팝업스토어 찾기 | 팝가,20260304,20260319
/popup/sheet/6921,158,팝업스토어 찾기 | 팝가,20260507,20260524
/popup/sheet/6439,55,"인기 팝업스토어 일정, 후기를 한눈에! | 팝가 Popga",20260420,20260515
/popup/sheet/5872,94,팝업스토어 찾기 | 팝가,20260313,20260324
/popga-pass/3478,1,전자방 | 팝가패스,20250921,20250921
/popup/sheet/5559,153,애니/캐릭터 팝업스토어 찾기 | 팝가,20260223,20260314
/popup/drawer/4899,1,"인기 팝업스토어 일정, 후기를 한눈에! | 팝가 Popga",20260302,20260302
/popup/sheet/6538,42,팝업스토어 찾기 | 팝가,20260422,20260429
/popup/7424,69,컴포즈 성수코리아IT점 이벤트 - 성수 팝업 | 팝가 Popga,20260608,20260620
/popup/6292,13,팝업스토어 상세 정보 | 팝가 Popga,20260413,20260417
/popup/sheet/6161,18,팝업스토어 찾기 | 팝가,20260405,20260426
/popup/6010,17,Lee 오프닝 이벤트 - 강남 팝업 | 팝가 Popga,20260325,20260627
/popup/sheet/5832,44,"인기 팝업스토어 일정, 후기를 한눈에! | 팝가 Popga",20260310,20260315
/popup/sheet/6656,50,잠실 팝업스토어 찾기 | 팝가,20260427,20260524
/popup/7309,20,포에브 팝업 - 여의도 팝업 | 팝가 Popga,20260531,20260615
/popup/2738/reviews/write,13,아이유 생일 카페 - 연남 후기 | 팝가 POPGA,20250515,20250517
/popup/7486,44,뉴제 팝업 - 홍대 팝업 | 팝가 Popga,20260611,20260615
/popup/2484/reviews,23,삼성 라이온즈 X 바오패밀리 팝업 - 대구 후기 | 팝가 POPGA,20250426,20250515
/reservation/popup/2689/complete/189,1,탐스싱싱마켓 팝업 사전예약 | 팝가 POPGA,20250517,20250517
/popup/sheet/6939,18,팝업스토어 찾기 | 팝가,20260508,20260525
/popup/7247,13,AHNI POP-UP STORE in SEOCHON - 종로 팝업 | 팝가 Popga,20260527,20260604
/popup/2151,4,"인기 팝업스토어 일정, 후기를 한눈에! | 팝가 Popga",20250801,20260105
/popup/sheet/4214,3,팝업스토어 찾기 | 팝가,20260226,20260326
/popup/1818/reviews,15,3ce 팝업 후기 | 팝가 POPGA,20250211,20250216
/popga-pass/2290,4,블루노마드 사주타로 | 팝가패스,20250915,20250926
/popup/sheet/3296,1,팝업스토어 검색 | 팝가 Popga,20260330,20260330
/popup/sheet/3939,1,F&B 팝업스토어 찾기 | 팝가,20260508,20260508
/reservation/popup/2689/complete/315,1,탐스싱싱마켓 팝업 사전예약 | 팝가 POPGA,20250523,20250523
/reservation/popup/2689/complete/157,1,탐스싱싱마켓 팝업 사전예약 | 팝가 POPGA,20250516,20250516
/popup/2025120101,1,"인기 팝업스토어 일정, 후기를 한눈에! | 팝가 Popga",20251221,20251221
/reservation/popup/2689/complete/319,1,탐스싱싱마켓 팝업 사전예약 | 팝가 POPGA,20250523,20250523
/popup/1719/reviews/write,1,킥플립 팝업 후기 | 팝가 POPGA,20250126,20250126
/popup/1632/reviews,3,GS25 X 아이긴 팝업 후기 | 팝가 POPGA,20250124,20250131
/reservation/popup/2689/complete/151,1,탐스싱싱마켓 팝업 사전예약 | 팝가 POPGA,20250515,20250515
/popup/sheet/5499,1,홍대/신촌 팝업스토어 찾기 | 팝가,20260223,20260223
/popup/sheet/5367,1,팝업스토어 찾기 | 팝가,20260311,20260311
/reservation/popup/2689/complete/341,1,탐스싱싱마켓 팝업 사전예약 | 팝가 POPGA,20250527,20250527
/reservation/popup/2689/complete/49,1,탐스싱싱마켓 팝업 사전예약 | 팝가 POPGA,20250512,20250512
/reservation/popup/2689/complete/81,1,탐스싱싱마켓 팝업 사전예약 | 팝가 POPGA,20250512,20250512
/reservation/popup/2689/complete/74,1,탐스싱싱마켓 팝업 사전예약 | 팝가 POPGA,20250512,20250512
/reservation/popup/2689/complete/107,1,탐스싱싱마켓 팝업 사전예약 | 팝가 POPGA,20250512,20250512
/reservation/popup/2689/complete/106,1,탐스싱싱마켓 팝업 사전예약 | 팝가 POPGA,20250512,20250512
/reservation/popup/2689/complete/69,1,탐스싱싱마켓 팝업 사전예약 | 팝가 POPGA,20250512,20250512
/reservation/popup/2689/complete/57,1,탐스싱싱마켓 팝업 사전예약 | 팝가 POPGA,20250512,20250512
/reservation/popup/2689/complete/51,1,탐스싱싱마켓 팝업 사전예약 | 팝가 POPGA,20250512,20250512
/reservation/popup/2689/complete/83,1,탐스싱싱마켓 팝업 사전예약 | 팝가 POPGA,20250512,20250512
/reservation/popup/2689/complete/97,1,탐스싱싱마켓 팝업 사전예약 | 팝가 POPGA,20250512,20250512
/reservation/popup/2689/complete/76,1,탐스싱싱마켓 팝업 사전예약 | 팝가 POPGA,20250512,20250512
/reservation/popup/2689/complete/23,1,탐스싱싱마켓 팝업 사전예약 | 팝가 POPGA,20250512,20250512
/reservation/popup/2689/complete/60,1,탐스싱싱마켓 팝업 사전예약 | 팝가 POPGA,20250512,20250512
/reservation/popup/2689/complete/22,1,탐스싱싱마켓 팝업 사전예약 | 팝가 POPGA,20250512,20250512
/reservation/popup/2689/complete/90,1,탐스싱싱마켓 팝업 사전예약 | 팝가 POPGA,20250512,20250512
/reservation/popup/2689/complete/61,1,탐스싱싱마켓 팝업 사전예약 | 팝가 POPGA,20250512,20250512
/reservation/popup/2689/complete/26,1,탐스싱싱마켓 팝업 사전예약 | 팝가 POPGA,20250512,20250512
/reservation/popup/2689/complete/100,1,탐스싱싱마켓 팝업 사전예약 | 팝가 POPGA,20250512,20250512
/reservation/popup/2689/complete/111,1,탐스싱싱마켓 팝업 사전예약 | 팝가 POPGA,20250512,20250512
/reservation/popup/2689/complete/28,1,탐스싱싱마켓 팝업 사전예약 | 팝가 POPGA,20250512,20250512
/reservation/popup/2689/complete/50,1,탐스싱싱마켓 팝업 사전예약 | 팝가 POPGA,20250512,20250512
/reservation/popup/2689/complete/53,1,탐스싱싱마켓 팝업 사전예약 | 팝가 POPGA,20250512,20250512
/reservation/popup/2689/complete/58,1,탐스싱싱마켓 팝업 사전예약 | 팝가 POPGA,20250512,20250512
/reservation/popup/2689/complete/10,1,탐스싱싱마켓 팝업 사전예약 | 팝가 POPGA,20250512,20250512
/reservation/popup/2689/complete/98,1,탐스싱싱마켓 팝업 사전예약 | 팝가 POPGA,20250512,20250512
/popup/2585/reviews,7,인도미 미고랭 팝업 후기 | 팝가 POPGA,20250508,20250512
/reservation/popup/2689],1,로그인 | 팝가 POPGA,20250512,20250512
/reservation/popup/2689/complete/104,1,탐스싱싱마켓 팝업 사전예약 | 팝가 POPGA,20250512,20250512
/reservation/popup/2689/complete/63,1,탐스싱싱마켓 팝업 사전예약 | 팝가 POPGA,20250512,20250512
/reservation/popup/2689/complete/17,1,탐스싱싱마켓 팝업 사전예약 | 팝가 POPGA,20250512,20250512
/reservation/popup/2689/complete/44,1,탐스싱싱마켓 팝업 사전예약 | 팝가 POPGA,20250512,20250512
/reservation/popup/2689/complete/13,1,탐스싱싱마켓 팝업 사전예약 | 팝가 POPGA,20250512,20250512
/popup/2509/reviews/write,1,파파레서피 팝업 후기 | 팝가 POPGA,20250512,20250512
/reservation/popup/2689/complete/96,1,탐스싱싱마켓 팝업 사전예약 | 팝가 POPGA,20250512,20250512
/reservation/popup/2689/complete/33,1,탐스싱싱마켓 팝업 사전예약 | 팝가 POPGA,20250512,20250512
/reservation/popup/2689/complete/95,1,탐스싱싱마켓 팝업 사전예약 | 팝가 POPGA,20250512,20250512
/reservation/popup/2689/complete/105,1,탐스싱싱마켓 팝업 사전예약 | 팝가 POPGA,20250512,20250512
/reservation/popup/2689/complete/68,1,탐스싱싱마켓 팝업 사전예약 | 팝가 POPGA,20250512,20250512
/reservation/popup/2689/complete/88,1,탐스싱싱마켓 팝업 사전예약 | 팝가 POPGA,20250512,20250512
/reservation/popup/2689/complete/64,1,탐스싱싱마켓 팝업 사전예약 | 팝가 POPGA,20250512,20250512
/reservation/popup/2689/complete/45,1,탐스싱싱마켓 팝업 사전예약 | 팝가 POPGA,20250512,20250512
/reservation/popup/2689/complete/37,1,탐스싱싱마켓 팝업 사전예약 | 팝가 POPGA,20250512,20250512
/reservation/popup/2689/complete/112,1,탐스싱싱마켓 팝업 사전예약 | 팝가 POPGA,20250512,20250512
/reservation/popup/2689/complete/110,1,탐스싱싱마켓 팝업 사전예약 | 팝가 POPGA,20250512,20250512
/reservation/popup/2689/complete/91,1,탐스싱싱마켓 팝업 사전예약 | 팝가 POPGA,20250512,20250512
/reservation/popup/2689/complete/80,1,탐스싱싱마켓 팝업 사전예약 | 팝가 POPGA,20250512,20250512
/reservation/popup/2689/complete/40,1,탐스싱싱마켓 팝업 사전예약 | 팝가 POPGA,20250512,20250512
/reservation/popup/2689/complete/18,1,탐스싱싱마켓 팝업 사전예약 | 팝가 POPGA,20250512,20250512
/reservation/popup/2689/complete/27,1,탐스싱싱마켓 팝업 사전예약 | 팝가 POPGA,20250512,20250512
/reservation/popup/2689/complete/62,1,탐스싱싱마켓 팝업 사전예약 | 팝가 POPGA,20250512,20250512
/reservation/popup/2689/complete/92,1,탐스싱싱마켓 팝업 사전예약 | 팝가 POPGA,20250512,20250512
/reservation/popup/2689/complete/55,1,탐스싱싱마켓 팝업 사전예약 | 팝가 POPGA,20250512,20250512
/reservation/popup/2689/complete/9,1,탐스싱싱마켓 팝업 사전예약 | 팝가 POPGA,20250512,20250512
/reservation/popup/2689/complete/75,1,탐스싱싱마켓 팝업 사전예약 | 팝가 POPGA,20250512,20250512
/reservation/popup/2689/complete/41,1,탐스싱싱마켓 팝업 사전예약 | 팝가 POPGA,20250512,20250512
/reservation/popup/2689/complete/89,1,탐스싱싱마켓 팝업 사전예약 | 팝가 POPGA,20250512,20250512
/reservation/popup/2689/complete/24,1,탐스싱싱마켓 팝업 사전예약 | 팝가 POPGA,20250512,20250512
/reservation/popup/2689/complete/15,1,탐스싱싱마켓 팝업 사전예약 | 팝가 POPGA,20250512,20250512
/reservation/popup/2689/complete/71,1,탐스싱싱마켓 팝업 사전예약 | 팝가 POPGA,20250512,20250512
/reservation/popup/2689/complete/14,1,탐스싱싱마켓 팝업 사전예약 | 팝가 POPGA,20250512,20250512
/popup/2509/reviews/215/modify,1,파파레서피 팝업 후기 | 팝가 POPGA,20250512,20250512
/reservation/popup/2689/complete/46,1,탐스싱싱마켓 팝업 사전예약 | 팝가 POPGA,20250512,20250512
/reservation/popup/2689/complete/85,1,탐스싱싱마켓 팝업 사전예약 | 팝가 POPGA,20250512,20250512
/reservation/popup/2689/complete/70,1,탐스싱싱마켓 팝업 사전예약 | 팝가 POPGA,20250512,20250512
/popup/2509/reviews,1,파파레서피 팝업 후기 | 팝가 POPGA,20250512,20250512
/reservation/popup/2689/complete/84,1,탐스싱싱마켓 팝업 사전예약 | 팝가 POPGA,20250512,20250512
/reservation/popup/2689/complete/77,1,탐스싱싱마켓 팝업 사전예약 | 팝가 POPGA,20250512,20250512
/reservation/popup/2689/complete/20,1,탐스싱싱마켓 팝업 사전예약 | 팝가 POPGA,20250512,20250512
/reservation/popup/2689/complete/72,1,탐스싱싱마켓 팝업 사전예약 | 팝가 POPGA,20250512,20250512
/reservation/popup/2689/complete/36,1,탐스싱싱마켓 팝업 사전예약 | 팝가 POPGA,20250512,20250512
/reservation/popup/2689/complete/86,1,탐스싱싱마켓 팝업 사전예약 | 팝가 POPGA,20250512,20250512
/reservation/popup/2689/complete/25,1,탐스싱싱마켓 팝업 사전예약 | 팝가 POPGA,20250512,20250512
/reservation/popup/2689/complete/79,1,탐스싱싱마켓 팝업 사전예약 | 팝가 POPGA,20250512,20250512
/reservation/popup/2689/complete/65,1,탐스싱싱마켓 팝업 사전예약 | 팝가 POPGA,20250512,20250512
/reservation/popup/2689/complete/31,1,탐스싱싱마켓 팝업 사전예약 | 팝가 POPGA,20250512,20250512
/reservation/popup/2689/complete/66,1,탐스싱싱마켓 팝업 사전예약 | 팝가 POPGA,20250512,20250512
/reservation/popup/2689/complete/47,1,탐스싱싱마켓 팝업 사전예약 | 팝가 POPGA,20250512,20250512
/reservation/popup/2689/complete/82,1,탐스싱싱마켓 팝업 사전예약 | 팝가 POPGA,20250512,20250512
/reservation/popup/2689/complete/99,1,탐스싱싱마켓 팝업 사전예약 | 팝가 POPGA,20250512,20250512
/reservation/popup/2689/complete/48,1,탐스싱싱마켓 팝업 사전예약 | 팝가 POPGA,20250512,20250512
/reservation/popup/2689/complete/11,1,탐스싱싱마켓 팝업 사전예약 | 팝가 POPGA,20250512,20250512
/reservation/popup/2689/complete/52,1,탐스싱싱마켓 팝업 사전예약 | 팝가 POPGA,20250512,20250512
/reservation/popup/2689/complete/21,1,탐스싱싱마켓 팝업 사전예약 | 팝가 POPGA,20250512,20250512
/reservation/popup/2689/complete/34,1,탐스싱싱마켓 팝업 사전예약 | 팝가 POPGA,20250512,20250512
/reservation/popup/2689/complete/39,1,탐스싱싱마켓 팝업 사전예약 | 팝가 POPGA,20250512,20250512
/reservation/popup/2689/complete/109,1,탐스싱싱마켓 팝업 사전예약 | 팝가 POPGA,20250512,20250512
/reservation/popup/2689/complete/12,1,탐스싱싱마켓 팝업 사전예약 | 팝가 POPGA,20250512,20250512
/reservation/popup/2689/complete/8,1,탐스싱싱마켓 팝업 사전예약 | 팝가 POPGA,20250512,20250512
/reservation/popup/2689/complete/43,1,탐스싱싱마켓 팝업 사전예약 | 팝가 POPGA,20250512,20250512
/reservation/popup/2689/complete/38,1,탐스싱싱마켓 팝업 사전예약 | 팝가 POPGA,20250512,20250512
/reservation/popup/2689/complete/35,1,탐스싱싱마켓 팝업 사전예약 | 팝가 POPGA,20250512,20250512
/reservation/popup/2689/complete/78,1,탐스싱싱마켓 팝업 사전예약 | 팝가 POPGA,20250512,20250512
/reservation/popup/2689/complete/59,1,탐스싱싱마켓 팝업 사전예약 | 팝가 POPGA,20250512,20250512
/reservation/popup/2689/complete/19,1,탐스싱싱마켓 팝업 사전예약 | 팝가 POPGA,20250512,20250512
/reservation/popup/2689/complete/94,1,탐스싱싱마켓 팝업 사전예약 | 팝가 POPGA,20250512,20250512
/reservation/popup/2689/complete/56,1,탐스싱싱마켓 팝업 사전예약 | 팝가 POPGA,20250512,20250512
/reservation/popup/2689/complete/16,1,탐스싱싱마켓 팝업 사전예약 | 팝가 POPGA,20250512,20250512
/reservation/popup/2689/complete/87,1,탐스싱싱마켓 팝업 사전예약 | 팝가 POPGA,20250512,20250512
/reservation/popup/2689/complete/29,1,탐스싱싱마켓 팝업 사전예약 | 팝가 POPGA,20250512,20250512
/reservation/popup/2689/complete/54,1,탐스싱싱마켓 팝업 사전예약 | 팝가 POPGA,20250512,20250512
/reservation/popup/2689/complete/42,1,탐스싱싱마켓 팝업 사전예약 | 팝가 POPGA,20250512,20250512
/reservation/popup/2689/complete/73,1,탐스싱싱마켓 팝업 사전예약 | 팝가 POPGA,20250512,20250512
/reservation/popup/2689/complete/93,1,탐스싱싱마켓 팝업 사전예약 | 팝가 POPGA,20250512,20250512
/reservation/popup/2689/complete/30,1,탐스싱싱마켓 팝업 사전예약 | 팝가 POPGA,20250512,20250512
/reservation/popup/2689/complete/67,1,탐스싱싱마켓 팝업 사전예약 | 팝가 POPGA,20250512,20250512
/reservation/popup/2689/complete/113,1,탐스싱싱마켓 팝업 사전예약 | 팝가 POPGA,20250512,20250512
/popup/2740/reviews/write,15,아이유 생일 카페 - 성수 후기 | 팝가 POPGA,20250515,20250518
/reservation/popup/2689/complete/232,1,탐스싱싱마켓 팝업 사전예약 | 팝가 POPGA,20250518,20250518
/reservation/popup/2689/complete/238,1,탐스싱싱마켓 팝업 사전예약 | 팝가 POPGA,20250518,20250518
/reservation/popup/2689/complete/250,1,탐스싱싱마켓 팝업 사전예약 | 팝가 POPGA,20250518,20250518
/popup/2663/reviews/write,1,무신사 뷰티 페스타 팝업 후기 | 팝가 POPGA,20250518,20250518
/reservation/popup/2689/complete/213,1,탐스싱싱마켓 팝업 사전예약 | 팝가 POPGA,20250518,20250518
/reservation/popup/2689/complete/222,1,탐스싱싱마켓 팝업 사전예약 | 팝가 POPGA,20250518,20250518
/reservation/popup/2689/complete/229,2,탐스싱싱마켓 팝업 사전예약 | 팝가 POPGA,20250518,20250518
/reservation/popup/2689/complete/235,1,탐스싱싱마켓 팝업 사전예약 | 팝가 POPGA,20250518,20250518
/reservation/popup/2689/complete/277,1,탐스싱싱마켓 팝업 사전예약 | 팝가 POPGA,20250518,20250518
/reservation/popup/2689/complete/242,1,탐스싱싱마켓 팝업 사전예약 | 팝가 POPGA,20250518,20250518
/reservation/popup/2689/complete/230,1,탐스싱싱마켓 팝업 사전예약 | 팝가 POPGA,20250518,20250518
/reservation/popup/2689/complete/257,1,탐스싱싱마켓 팝업 사전예약 | 팝가 POPGA,20250518,20250518
/reservation/popup/2689/complete/208,1,탐스싱싱마켓 팝업 사전예약 | 팝가 POPGA,20250518,20250518
/reservation/popup/2689/complete/214,1,탐스싱싱마켓 팝업 사전예약 | 팝가 POPGA,20250518,20250518
/reservation/popup/2689/complete/269,1,탐스싱싱마켓 팝업 사전예약 | 팝가 POPGA,20250518,20250518
/reservation/popup/2689/complete/278,1,탐스싱싱마켓 팝업 사전예약 | 팝가 POPGA,20250518,20250518
/reservation/popup/2689/complete/237,1,탐스싱싱마켓 팝업 사전예약 | 팝가 POPGA,20250518,20250518
/reservation/popup/2689/complete/245,1,탐스싱싱마켓 팝업 사전예약 | 팝가 POPGA,20250518,20250518
/reservation/popup/2689/complete/215,1,탐스싱싱마켓 팝업 사전예약 | 팝가 POPGA,20250518,20250518
/reservation/popup/2689/complete/240,1,탐스싱싱마켓 팝업 사전예약 | 팝가 POPGA,20250518,20250518
/reservation/popup/2689/complete/212,1,탐스싱싱마켓 팝업 사전예약 | 팝가 POPGA,20250518,20250518
/reservation/popup/2689/complete/247,1,탐스싱싱마켓 팝업 사전예약 | 팝가 POPGA,20250518,20250518
/reservation/popup/2689/complete/274,1,탐스싱싱마켓 팝업 사전예약 | 팝가 POPGA,20250518,20250518
/reservation/popup/2689/complete/264,1,탐스싱싱마켓 팝업 사전예약 | 팝가 POPGA,20250518,20250518
/reservation/popup/2689/complete/280,1,탐스싱싱마켓 팝업 사전예약 | 팝가 POPGA,20250518,20250518
/reservation/popup/2689/complete/209,1,탐스싱싱마켓 팝업 사전예약 | 팝가 POPGA,20250518,20250518
/reservation/popup/2689/complete/266,1,탐스싱싱마켓 팝업 사전예약 | 팝가 POPGA,20250518,20250518
/reservation/popup/2689/complete/252,1,탐스싱싱마켓 팝업 사전예약 | 팝가 POPGA,20250518,20250518
/reservation/popup/2689/complete/226,1,탐스싱싱마켓 팝업 사전예약 | 팝가 POPGA,20250518,20250518
/reservation/popup/2689/complete/227,1,탐스싱싱마켓 팝업 사전예약 | 팝가 POPGA,20250518,20250518
/reservation/popup/2689/complete/251,1,탐스싱싱마켓 팝업 사전예약 | 팝가 POPGA,20250518,20250518
/reservation/popup/2689/complete/276,1,탐스싱싱마켓 팝업 사전예약 | 팝가 POPGA,20250518,20250518
/reservation/popup/2689/complete/272,1,탐스싱싱마켓 팝업 사전예약 | 팝가 POPGA,20250518,20250518
/reservation/popup/2689/complete/289,1,탐스싱싱마켓 팝업 사전예약 | 팝가 POPGA,20250518,20250518
/reservation/popup/2689/complete/273,1,탐스싱싱마켓 팝업 사전예약 | 팝가 POPGA,20250518,20250518
/reservation/popup/2689/complete/260,1,탐스싱싱마켓 팝업 사전예약 | 팝가 POPGA,20250518,20250518
/reservation/popup/2689/complete/249,1,탐스싱싱마켓 팝업 사전예약 | 팝가 POPGA,20250518,20250518
/reservation/popup/2689/complete/279,1,탐스싱싱마켓 팝업 사전예약 | 팝가 POPGA,20250518,20250518
/reservation/popup/2689/complete/282,1,탐스싱싱마켓 팝업 사전예약 | 팝가 POPGA,20250518,20250518
/reservation/popup/2689/complete/270,1,탐스싱싱마켓 팝업 사전예약 | 팝가 POPGA,20250518,20250518
/reservation/popup/2689/complete/224,1,탐스싱싱마켓 팝업 사전예약 | 팝가 POPGA,20250518,20250518
/reservation/popup/2689/complete/262,1,탐스싱싱마켓 팝업 사전예약 | 팝가 POPGA,20250518,20250518
/popup/2689/reviews/write,3,탐스싱싱마켓 팝업 후기 | 팝가 POPGA,20250516,20250518
/reservation/popup/2689/complete/218,1,탐스싱싱마켓 팝업 사전예약 | 팝가 POPGA,20250518,20250518
/reservation/popup/2689/complete/258,1,탐스싱싱마켓 팝업 사전예약 | 팝가 POPGA,20250518,20250518
/reservation/popup/2689/complete/248,1,탐스싱싱마켓 팝업 사전예약 | 팝가 POPGA,20250518,20250518
/reservation/popup/2689/complete/287,1,탐스싱싱마켓 팝업 사전예약 | 팝가 POPGA,20250518,20250518
/reservation/popup/2689/complete/205,1,나의 사전 예약 | 팝가 POPGA,20250517,20250518
/reservation/popup/2689/complete/288,1,탐스싱싱마켓 팝업 사전예약 | 팝가 POPGA,20250518,20250518
/reservation/popup/2689/complete/243,1,탐스싱싱마켓 팝업 사전예약 | 팝가 POPGA,20250518,20250518
/reservation/popup/2689/complete/244,1,탐스싱싱마켓 팝업 사전예약 | 팝가 POPGA,20250518,20250518
/reservation/popup/2689/complete/228,1,탐스싱싱마켓 팝업 사전예약 | 팝가 POPGA,20250518,20250518
/reservation/popup/2689/complete/239,1,탐스싱싱마켓 팝업 사전예약 | 팝가 POPGA,20250518,20250518
/reservation/popup/2689/complete/275,1,탐스싱싱마켓 팝업 사전예약 | 팝가 POPGA,20250518,20250518
/reservation/popup/2689/complete/265,1,탐스싱싱마켓 팝업 사전예약 | 팝가 POPGA,20250518,20250518
/reservation/popup/2689/complete/216,1,탐스싱싱마켓 팝업 사전예약 | 팝가 POPGA,20250518,20250518
/reservation/popup/2689/complete/211,1,탐스싱싱마켓 팝업 사전예약 | 팝가 POPGA,20250518,20250518
/popup/2739/reviews/write,15,아이유 생일 카페 - 용산 후기 | 팝가 POPGA,20250515,20250518
/reservation/popup/2689/complete/220,1,탐스싱싱마켓 팝업 사전예약 | 팝가 POPGA,20250518,20250518
/reservation/popup/2689/complete/259,1,탐스싱싱마켓 팝업 사전예약 | 팝가 POPGA,20250518,20250518
/reservation/popup/2689/complete/261,1,탐스싱싱마켓 팝업 사전예약 | 팝가 POPGA,20250518,20250518
/reservation/popup/2689/complete/263,1,탐스싱싱마켓 팝업 사전예약 | 팝가 POPGA,20250518,20250518
/reservation/popup/2689/complete/225,1,탐스싱싱마켓 팝업 사전예약 | 팝가 POPGA,20250518,20250518
/reservation/popup/2689/complete/233,1,탐스싱싱마켓 팝업 사전예약 | 팝가 POPGA,20250518,20250518
/reservation/popup/2689/complete/267,1,탐스싱싱마켓 팝업 사전예약 | 팝가 POPGA,20250518,20250518
/reservation/popup/2689/complete/223,1,탐스싱싱마켓 팝업 사전예약 | 팝가 POPGA,20250518,20250518
/reservation/popup/2689/complete/281,1,탐스싱싱마켓 팝업 사전예약 | 팝가 POPGA,20250518,20250518
/reservation/popup/2689/complete/271,1,탐스싱싱마켓 팝업 사전예약 | 팝가 POPGA,20250518,20250518
/reservation/popup/2689/complete/284,1,탐스싱싱마켓 팝업 사전예약 | 팝가 POPGA,20250518,20250518
/reservation/popup/2689/complete/241,1,탐스싱싱마켓 팝업 사전예약 | 팝가 POPGA,20250518,20250518
/reservation/popup/2689/complete/207,1,탐스싱싱마켓 팝업 사전예약 | 팝가 POPGA,20250518,20250518
/reservation/popup/2689/complete/253,1,탐스싱싱마켓 팝업 사전예약 | 팝가 POPGA,20250518,20250518
/reservation/popup/2689/complete/256,1,탐스싱싱마켓 팝업 사전예약 | 팝가 POPGA,20250518,20250518
/reservation/popup/2689/complete/219,1,탐스싱싱마켓 팝업 사전예약 | 팝가 POPGA,20250518,20250518
/reservation/popup/2689/complete/285,1,탐스싱싱마켓 팝업 사전예약 | 팝가 POPGA,20250518,20250518
/reservation/popup/2689/complete/268,1,탐스싱싱마켓 팝업 사전예약 | 팝가 POPGA,20250518,20250518
/reservation/popup/2689/complete/234,1,탐스싱싱마켓 팝업 사전예약 | 팝가 POPGA,20250518,20250518
/reservation/popup/2689/complete/246,1,탐스싱싱마켓 팝업 사전예약 | 팝가 POPGA,20250518,20250518
/reservation/popup/2689/complete/221,1,탐스싱싱마켓 팝업 사전예약 | 팝가 POPGA,20250518,20250518
/reservation/popup/2689/complete/231,1,탐스싱싱마켓 팝업 사전예약 | 팝가 POPGA,20250518,20250518
/reservation/popup/2689/complete/255,1,탐스싱싱마켓 팝업 사전예약 | 팝가 POPGA,20250518,20250518
/reservation/popup/2689/complete/210,1,탐스싱싱마켓 팝업 사전예약 | 팝가 POPGA,20250518,20250518
/reservation/popup/2689/complete/254,1,탐스싱싱마켓 팝업 사전예약 | 팝가 POPGA,20250518,20250518
/popup/2740/reviews/278/modify,1,아이유 생일 카페 - 성수 후기 | 팝가 POPGA,20250518,20250518
/reservation/popup/2689/complete/283,1,탐스싱싱마켓 팝업 사전예약 | 팝가 POPGA,20250518,20250518
/reservation/popup/2689/complete/236,1,탐스싱싱마켓 팝업 사전예약 | 팝가 POPGA,20250518,20250518
/popup/4194,179,위드썸 팝업 | 팝가 Popga,20251002,20260512
/popup/3354,158,엔유원 썸머마켓 팝업 | 팝가 POPGA,20250723,20260512
/popup/3302,77,여주곤충박물관 팝업 | 팝가 POPGA,20250715,20260512
/popup/3906,511,삐아 이벤트 - CAFÉ;IN EDITION : Tone Roastery | 팝가 POPGA,20250908,20260512
/popup/3886,232,바를 팝업 | 팝가 POPGA,20250904,20260512
/popup/3117,87,아크메드라비 X 에이랜드 팝업 | 팝가 POPGA,20250624,20260512
/popup/3198,103,<미지의 서울> 팝업 | 팝가 POPGA,20250702,20260512
/popup/3377,186,마티에 프리미에르 팝업 | 팝가 POPGA,20250725,20260512
/popup/3748,212,더정 우롱티프로젝트 팝업 | 팝가 Popga,20250825,20260512
/popup/3933,83,맥 팝업 | 팝가 POPGA,20250909,20260512
/popup/4208,134,틴트트레이 팝업 | 팝가 Popga,20251003,20260512
/popup/3512,64,파파고파파 팝업 | 팝가 POPGA,20250804,20260512
/popup/5169,59,더발론 팝업 - 잠실 팝업 | 팝가 Popga,20251230,20260512
/popup/4616,108,르 빌라쥬 롱샴 팝업 - 잠실 팝업 | 팝가 Popga,20251111,20260512
/popup/3419,67,CU X 투모로우바이투게더 팝업 - 명동 | 팝가 POPGA,20250729,20260512
/popup/4011,27,YOSUK 팝업 | 팝가 POPGA,20250916,20260512
/popup/3732,287,캐릭터 라인 팝업 - 캐릭터 득템존 | 팝가 POPGA,20250822,20260512
/popup/4540,73,여진구 팝업 - c’omma | 팝가 Popga,20251105,20260512
/popup/4606,77,레브 팝업 - 홍대 팝업 | 팝가 Popga,20251110,20260512
/popup/4341,167,보르 팝업 | 팝가 Popga,20251020,20260512
/popup/3883,201,데가제 팝업 | 팝가 POPGA,20250904,20260512
/popup/4077,48,BYD 팝업 - BYD TECH LOUNGE | 팝가 POPGA,20250922,20260512
/popup/4046,139,Chase with the Black Sheriff 이벤트 | 팝가 POPGA,20250918,20260512
/popup/4539,66,FFC X 도큐먼트 팝업 | 팝가 Popga,20251104,20260512
/popup/3216,125,더 스캇렉 팝업 | 팝가 POPGA,20250703,20260512
/popup/3647,69,클럿 스튜디오 팝업 | 팝가 POPGA,20250814,20260512
/popup/3791,222,크러쉬 X 러쉬 팝업 : Crush with Lush - 성수 | 팝가 POPGA,20250828,20260512
/popup/3737,115,요기보 팝업 - Unreal is Real | 팝가 POPGA,20250822,20260512
/popup/5235,100,루이까또즈 팝업 - 잠실 팝업 | 팝가 Popga,20260108,20260512
/popup/5044,130,두바이 티라미수 볼 팝업 - 잠실 팝업 | 팝가 Popga,20251218,20260512
/popup/4687,400,캐리랜드 크리스마스 팝업 - 강남 팝업 | 팝가 Popga,20251117,20260512
/popup/4733,56,러프사이드 팝업 - 여의도 팝업 | 팝가 Popga,20251121,20260512
/popup/sheet/5945,731,성수 팝업스토어 찾기 | 팝가,20260319,20260512
/popup/4910,100,그린버터 팝업 - 용산 팝업 | 팝가 Popga,20251205,20260512
/popup/4193,69,쓰루 플리마켓 | 팝가 Popga,20251002,20260512
/popup/4774,80,그린다이아 홀리데이 팝업 - 압구정 - 강남 팝업 | 팝가 Popga,20251125,20260512
/popup/4997,116,젠트 루이스 팝업 - 성수 팝업 | 팝가 Popga,20251215,20260512
/popup/3939,23,노크럼 베이커리 팝업 | 팝가 POPGA,20250910,20260512
/popup/3644,32,"퍼센테이지 디자인 팝업 - We Are Everywhere, Always! | 팝가 POPGA",20250814,20260512
/popup/sheet/6676,13,팝업스토어 찾기 | 팝가,20260427,20260512
/popup/5931,46,메트로시티 팝업 - 강남 팝업 | 팝가 Popga,20260318,20260512
/popup/3270,117,논타입 팝업 | 팝가 POPGA,20250709,20260512
/popup/4519,228,로얄페리쿠키 팝업 - 성수 팝업 | 팝가 Popga,20251103,20260512
/popup/3999,80,하이도나 팝업 | 팝가 POPGA,20250915,20260512
/popup/4807,62,소담정찬 팝업 - 잠실 팝업 | 팝가 Popga,20251127,20260512
/popup/5920,60,루블리스 팝업 - 신촌 팝업 | 팝가 Popga,20260317,20260512
/popup/4625,37,논타입 팝업 - 성수 팝업 | 팝가 Popga,20251111,20260512
/popup/4163,71,캠프 보산 팝업 - 보산을 담다 | 팝가 Popga,20250930,20260512
/popup/3836,72,클라라 콜레트 미라몬 팝업 | 팝가 POPGA,20250901,20260512
/popup/4055,34,하치 팝업 | 팝가 POPGA,20250919,20260512
/popup/4230,40,올레프트 팝업 | 팝가 Popga,20251005,20260512
/popup/4708,32,BFM 팝업 - Unfolded Diary - 용산 팝업 | 팝가 Popga,20251119,20260512
/popup/3752,40,셀렉티도 팝업 - 어스본 : 자연의 근원 | 팝가 POPGA,20250825,20260512
/popup/3704,51,FLOW.1 팝업 | 팝가 POPGA,20250820,20260512
/popup/4919,92,엠프티 윈터 마켓 팝업 - 강남 팝업 | 팝가 Popga,20251208,20260512
/popup/5181,63,애드 팝업 - 대구 - 대구 팝업 | 팝가 Popga,20251231,20260512
/popup/4529,50,김완 개인전 | 팝가 Popga,20251104,20260512
/popup/sheet/6877,28,팝업스토어 찾기 | 팝가,20260504,20260512
/popup/3221,40,찢고 붙이는 예술 놀이터 2025 PaperSea - 안성 | 팝가 POPGA,20250704,20260512
/popup/sheet/6496,16,팝업스토어 찾기 | 팝가,20260421,20260512
/popup/5466,81,토그 팝업 - 강남 팝업 | 팝가 Popga,20260129,20260512
/popup/4476,33,"U-KNOW, BUT I KNOW 전시회 | 팝가 Popga",20251103,20260512
/popup/3894,56,UMARMUNG 팝업 | 팝가 POPGA,20250905,20260512
/popup/6251,12,후스디자인 팝업 - 시청 팝업 | 팝가 Popga,20260409,20260512
/popup/3589,232,PALs 이벤트 – MUSICAL GATHERING | 팝가 POPGA,20250808,20260512
/popup/4038,51,B-E's 70th 전시 | 팝가 Popga,20250918,20260512
/popup/3654,161,진저그랜파 이벤트 - FXXK OFF SUMMER | 팝가 POPGA,20250814,20260512
/popup/4132,79,오브먼트 팝업 | 팝가 POPGA,20250926,20260512
/popup/3918,91,육우 축제 - Better Beef Market | 팝가 POPGA,20250908,20260512
/popup/4866,109,허먼밀러 팝업 - Timeless Modernism : The HermanMiller - 종로 팝업 | 팝가 Popga,20251202,20260512
/popup/5846,74,N32 팝업 - 여의도 팝업 | 팝가 Popga,20260311,20260512
/popup/4735,345,에볼루션 인 성수 팝업 - 여덟 번째 감각의 문 - 성수 팝업 | 팝가 Popga,20251121,20260512
/popup/5107,30,딜레탕티즘 팝업 - 종로 팝업 | 팝가 Popga,20251224,20260512
/popup/3557,46,바바라 팝업 | 팝가 POPGA,20250806,20260512
/popup/4761,68,2025 서부내륙권 미식 팝업 - 여의도 팝업 | 팝가 Popga,20251124,20260512
/popup/3384,103,아키사케 팝업 - 여의도 | 팝가 POPGA,20250728,20260512
/popup/3222,55,찢고 붙이는 예술 놀이터 2025 PaperSea - 하남 | 팝가 POPGA,20250704,20260512
/popup/3320,139,떼마 팝업 | 팝가 POPGA,20250717,20260512
/popup/3502,74,슬로우애시드 팝업 | 팝가 POPGA,20250801,20260512
/popup/3931,46,KKTT 팝업 | 팝가 POPGA,20250909,20260512
/popup/3660,177,2025 경복궁 생과방 이벤트 | 팝가 POPGA,20250818,20260512
/popup/3754,146,2025 게임문화축제 - Take Back Seoul | 팝가 POPGA,20250825,20260512
/popup/4515,30,엔도어 팝업 | 팝가 Popga,20251103,20260512
/popup/3949,84,밀리언 아케이드 마켓 | 팝가 POPGA,20250910,20260512
/popup/4062,50,껠끄쇼즈 팝업 | 팝가 POPGA,20250919,20260512
/popup/5093,102,커피벌스데이 팝업 - 잠실 팝업 | 팝가 Popga,20251223,20260512
/popup/4605,96,리가즈 팝업 - 성수 팝업 | 팝가 Popga,20251110,20260512
/popup/3252,132,볼빅 팝업 | 팝가 POPGA,20250708,20260512
/popup/3733,79,안드레아 카세레스 내한 이벤트 - 라이브 반려동물 초상화 | 팝가 POPGA,20250822,20260512
/popup/3817,64,나나미카 팝업 | 팝가 POPGA,20250829,20260512
/popup/4956,126,위프 팝업 - 여의도 팝업 | 팝가 Popga,20251210,20260512
/popup/3657,88,라피네르 팝업 | 팝가 POPGA,20250814,20260512
/popup/4402,24,오프넝 스튜디오 마켓 | 팝가 Popga,20251023,20260512
/popup/4922,171,모크네 나크네 시즌 2 팝업 - 성수 팝업 | 팝가 Popga,20251208,20260512
/popup/3611,60,장폴클라리쎄 팝업 | 팝가 POPGA,20250811,20260512
/popup/3929,87,트리드 팝업 - 용산 | 팝가 POPGA,20250909,20260512
/popup/5195,76,닉앤니콜 팝업 - 용산 팝업 | 팝가 Popga,20260102,20260512
/popup/4906,144,66노스 팝업 - 성수 팝업 | 팝가 Popga,20251205,20260512
/popup/3259,358,언스 팝업 | 팝가 POPGA,20250709,20260512
/popup/4160,105,김수아 개인 전시 - 성수동을 구워 서울을 기억해 | 팝가 Popga,20250930,20260512
/popup/3284,188,캠퍼우드 팝업 | 팝가 POPGA,20250711,20260512
/popup/3852,147,주걸륜 팝업 | 팝가 POPGA,20250902,20260512
/popup/3846,217,그럴만두 팝업 - 연남 | 팝가 POPGA,20250902,20260512
/popup/3962,25,"이은황, 진영 전시 - Echoes Within | 팝가 POPGA",20250911,20260512
/popup/4137,189,스마일체리 팝업 | 팝가 POPGA,20250926,20260512
/popup/4014,44,THE SEOUL EDITION 팝업 | 팝가 POPGA,20250916,20260512
/popup/4188,109,현재온도 37.5도 전시 - 성수 | 팝가 Popga,20251002,20260512
/popup/3336,322,닥터블릿 팝업 | 팝가 POPGA,20250718,20260512
/popup/4197,140,아리 팝업 | 팝가 Popga,20251002,20260512
/popup/3920,98,차코랩 팝업 | 팝가 POPGA,20250908,20260512
/popup/4154,74,스티치 팝업 | 팝가 Popga,20250930,20260512
/popup/3530,71,팝가스토어 동대문점 | 팝가 POPGA,20250804,20260512
/popup/4613,65,스틸레써디 팝업 - 홍대 팝업 | 팝가 Popga,20251111,20260512
/popup/3323,130,판타스틱 4 팝업 | 팝가 POPGA,20250717,20260512
/popup/3739,94,스트레이키즈 팝업 | 팝가 POPGA,20250825,20260512
/popup/3126,33,도로시와 팝업 - 대구 | 팝가 POPGA,20250624,20260512
/popup/4513,95,블랙핑크 팝업 - 홍대 | 팝가 Popga,20251103,20260512
/popup/4707,48,고차분 심봉민 2인전 - 집으로 가는 길 - 강남 팝업 | 팝가 Popga,20251119,20260512
/popup/4426,362,가농 70주년 팝업 - eggshop | 팝가 Popga,20251024,20260512
/popup/3715,91,모애쿠 마켓 팝업 - 모애쿠 팝업 팝업 | 팝가 Popga,20250821,20260512
/popup/3705,38,드로터스 팝업 | 팝가 POPGA,20250820,20260512
/popup/5190,127,알테 팝업 - 여의도 팝업 | 팝가 Popga,20260103,20260512
/popup/4641,131,소담 얼리 블랙 프라이데이 이슈 팝업 - 성수 팝업 | 팝가 Popga,20251112,20260512
/popup/4737,227,팝업 아니긴해 팝업 - 성수 팝업 | 팝가 Popga,20251121,20260512
/popup/6732,32,쿠피 팝업 - 여의도 팝업 | 팝가 Popga,20260429,20260512
/popup/6247,32,할렌 팝업 - 잠실 팝업 | 팝가 Popga,20260409,20260512
/popup/4913,36,GS25 데이지에일 팝업 - 부산 - 부산 팝업 | 팝가 Popga,20251205,20260512
/popup/3782,92,지평탁주 팝업 | 팝가 POPGA,20250827,20260512
/popup/4092,92,드랍 바이 드립 이벤트 | 팝가 POPGA,20250923,20260512
/popup/4189,43,현재온도 37.5도 전시 - 수원 | 팝가 Popga,20251002,20260512
/popup/4047,50,발렌티노 팝업 | 팝가 POPGA,20250918,20260512
/popup/4960,65,크레타 플리마켓 - 홍대 팝업 | 팝가 Popga,20251210,20260512
/popup/3963,47,컬렉터의 수집 공간 팝업 | 팝가 POPGA,20250911,20260512
/popup/sheet/6166,1,"서울 전체 F&B, 뷰티, 애니/캐릭터, 키즈/반려동물, 엔터테인먼트 팝업스토어 찾기 | 팝가",20260413,20260512
/popup/5582,28,에프에이디 팝업 - 건대 팝업 | 팝가 Popga,20260210,20260512
/popup/4019,45,KB 조이올팍 페스티벌 | 팝가 POPGA,20250916,20260512
/popup/3786,26,프로젝트유어사이드 팝업 | 팝가 POPGA,20250827,20260512
/popup/3810,41,한 컾 팝업 - 용산 | 팝가 POPGA,20250829,20260512
/popup/3953,41,퍼소네이트 팝업 | 팝가 POPGA,20250911,20260512
/popup/3745,31,히어로즈샵 팝업 | 팝가 POPGA,20250825,20260512
/popup/4797,58,"2025 KNOT 팝업 - 동서양의 전통, 설화, 신비를 엮어내다 - 종로 팝업 | 팝가 Popga",20251126,20260512
/popup/5173,27,로라스타 X 보스 팝업 - 강남 팝업 | 팝가 Popga,20251231,20260512
/popup/6158,12,엠씨엠 팝업 - 명동 팝업 | 팝가 Popga,20260405,20260512
/popup/3532,87,무비무드 팝업 | 팝가 POPGA,20250805,20260512
/popup/3816,222,햄뵤랜드 팝업 | 팝가 POPGA,20250829,20260512
/popup/6841,10,바쿠 팝업 - 김포 팝업 | 팝가 Popga,20260430,20260512
/popup/6593,2,왼그기그 팝업 @수원 - 수원 팝업 | 팝가 Popga,20260426,20260512
/popup/3373,186,IFEELBLUECSM 팝업 | 팝가 POPGA,20250725,20260512
/popup/4005,80,그린홀 오픈 이벤트 | 팝가 POPGA,20250916,20260512
/popup/4074,293,폭군의 셰프 팝업 | 팝가 Popga,20250922,20260512
/popup/3950,250,파우칩 팝업 - 헐랭 박물관 | 팝가 Popga,20250910,20260512
/popup/4993,135,플로렌티나 라이트러 팝업 - 성수 팝업 | 팝가 Popga,20251215,20260512
/popup/5171,97,GS25 X 명조 팝업 - 관악 - 관악 팝업 | 팝가 Popga,20251231,20260512
/popup/3213,50,찢고 붙이는 예술 놀이터 2025 PaperSea - 부천 | 팝가 POPGA,20250703,20260512
/popup/5163,174,노이즈 팝업 - 성수 팝업 | 팝가 Popga,20251230,20260512
/popup/3861,77,누구나 소셜링커가 될 수 있어 전시 | 팝가 POPGA,20250903,20260512
/popup/4621,77,옐로우 삭스 팝업 - 잠실 팝업 | 팝가 Popga,20251111,20260512
/popup/4704,27,더미 팝업 - 더미 팝업 팝업 | 팝가 Popga,20251119,20260512
/popup/5219,95,다이나핏 팝업 - 강남 팝업 | 팝가 Popga,20260106,20260512
/popup/4006,69,경탁주 팝업 - 경탁주 밀주회 | 팝가 POPGA,20250916,20260512
/popup/3790,28,크러쉬 X 러쉬 팝업 : Crush with Lush - 명동 | 팝가 POPGA,20250828,20260512
/popup/6460,22,노퍼블릭 팝업 - 여의도 팝업 | 팝가 Popga,20260420,20260512
/popup/sheet/2529,1,찜한 팝업스토어 모아보기 | 팝가 Popga,20260512,20260512
/popup/4389,184,푸르메 낭만 팝업 | 팝가 Popga,20251022,20260512
/popup/5137,68,아이헤이트먼데이 팝업 - 여의도 팝업 | 팝가 Popga,20251226,20260512
/popup/4487,58,"여름과 겨울 사이, 밤하늘 팝업 전시 | 팝가 Popga",20251030,20260512
/popup/sheet/221,1,에이티즈X애니티즈 팝업스토어 | ANITEEZ IN COLOR 사전예약・현장방문・MD리스트 총정리 | 팝가 Popga,20260512,20260512
/popup/3832,89,꾸미버스 팝업 | 팝가 POPGA,20250901,20260512
/popup/sheet/1132,1,팝업스토어 찾기 | 팝가,20260512,20260512
/popup/4511,34,블랙핑크 팝업 - 명동 | 팝가 Popga,20251103,20260512
/popup/5234,176,"금기숙 기증 특별전 - Dancing, Dreaming, Enlightening - 종로 팝업 | 팝가 Popga",20260109,20260512
/popup/3912,110,케이채 사진전 - Wandergraphy | 팝가 POPGA,20250908,20260512
/popup/4740,20,아워피에르 팝업 - 홍대 팝업 | 팝가 Popga,20251121,20260512
/popup/3613,193,칼린 팝업 | 팝가 POPGA,20250812,20260512
/popup/3253,115,<오징어 게임> 시즌 3 팝업 - 영등포 | 팝가 POPGA,20250708,20260512
/popup/3123,51,삶은감자 팝업 - 분당 | 팝가 POPGA,20250624,20260512
/popup/3621,175,"자아, 색수차 전시 | 팝가 POPGA",20250812,20260512
/popup/5168,216,주토피아2 팝업 | 윈터 베케이션 @ 수원AK플라자 - 수원 팝업 | 팝가 Popga,20251230,20260512
/popup/4190,60,노스페이스 팝업 | 팝가 Popga,20251002,20260512
/popup/3970,68,2025 서울아트굿즈페스티벌 | 팝가 POPGA,20250911,20260512
/popup/4296,272,투썸플레이스 팝업 - ICE BOX MONSTER 아박몬 | 팝가 Popga,20251014,20260512
/popup/3934,90,마원마켓 팝업 | 팝가 POPGA,20250909,20260512
/popup/3505,136,EOA 팝업 | 팝가 POPGA,20250801,20260512
/popup/4581,81,아니 홀리데이 팝업 - 홍대 팝업 | 팝가 Popga,20251107,20260512
/popup/4550,84,리딩 파티 팝업 - 여의도 팝업 | 팝가 Popga,20251105,20260512
/popup/3322,73,판타스틱 4 팝업 - 판교 | 팝가 POPGA,20250717,20260512
/popup/4544,41,스토케 모먼트 팝업 | 팝가 Popga,20251105,20260512
/popup/4414,61,비알워터풀 팝업 | 팝가 Popga,20251024,20260512
/popup/4101,28,트라이베라 팝업 | 팝가 POPGA,20250924,20260512
/popup/4725,33,정화백 개인전 - 온기의 순간 : A Moment of Warmth - 강남 팝업 | 팝가 Popga,20251120,20260512
/popup/4713,88,유센틱 팝업 - 성수 팝업 | 팝가 Popga,20251119,20260512
/popup/4122,88,두근두근 별길마켓 이벤트 | 팝가 Popga,20250925,20260512
/popup/4001,73,"원엔온 이벤트 - FIRST RIDE, FIRST RUSH NEXT STOP | 팝가 POPGA",20250915,20260512
/popup/3299,62,이히브루 X 메쉬커피 팝업 | 팝가 POPGA,20250716,20260512
/popup/4388,53,서해최북단 섬셋 팝업 | 팝가 Popga,20251022,20260512
/popup/6759,7,미니도우 팝업 - 부산 팝업 | 팝가 Popga,20260430,20260512
/popup/3728,33,파나소닉 팝업 | 팝가 POPGA,20250822,20260512
/popup/3194,87,류학생 어남선 팝업 | 팝가 POPGA,20250702,20260512
/popup/6147,42,제이마켓 팝업 - 용산 팝업 | 팝가 Popga,20260405,20260512
/popup/5182,38,말마프렌즈 팝업 - 수원 - 수원 팝업 | 팝가 Popga,20251231,20260512
/popup/4361,208,똥깡아지 메주 팝업 - 메주네 집 앞 농장 | 팝가 Popga,20251021,20260512
/popup/3554,78,TZM 팝업 | 팝가 POPGA,20250806,20260512
/popup/3734,84,더 테라스 캠프 팝업 | 팝가 POPGA,20250822,20260512
/popup/4410,82,스티밀론 팝업 | 팝가 Popga,20251024,20260512
/popup/5813,24,한나니트 X 한나얀 팝업 - 성북 팝업 | 팝가 Popga,20260309,20260512
/popup/4369,72,대한민국 쓱데이 그린매직 낭만 으쓱전 | 팝가 Popga,20251021,20260512
/popup/4313,42,햄릿버거 팝업 | 팝가 Popga,20251015,20260512
/popup/3825,119,이웃집통통이 팝업 | 팝가 Popga,20250901,20260512
/popup/5717,33,이현하 옷장대방출 플리마켓 - 합정 팝업 | 팝가 Popga,20260226,20260512
/popup/5151,101,시이안 팝업 - 성수 팝업 | 팝가 Popga,20251229,20260512
/popup/3747,65,전남 영암 무화과 팝업 - 여왕의 궁전 : 무화과 연회 | 팝가 POPGA,20250825,20260512
/popup/3363,173,DDP 여름축제 : 디자인 홀리데이 | 팝가 POPGA,20250724,20260512
/popup/6326,3,어르니마켓 팝업 - 건대입구 팝업 | 팝가 Popga,20260413,20260512
/popup/4263,75,MORAK 학교 밖 청소년 창업동아리 팝업 | 팝가 Popga,20251011,20260512
/popup/4251,73,714CENTER 팝업 | 팝가 Popga,20251011,20260512
/popup/4800,51,댕댕마불로 여행갈개 팝업 - 고양 팝업 | 팝가 Popga,20251126,20260512
/popup/3809,179,한 컾 팝업 - 성수 | 팝가 POPGA,20250829,20260512
/popup/3897,43,고창 꿀고구마 팝업 - 용산 | 팝가 POPGA,20250905,20260512
/popup/3435,105,"여유와 설빈, 전자양, 카디 팝업 | 팝가 POPGA",20250730,20260512
/popup/3217,149,유체 팝업 | 팝가 POPGA,20250703,20260512
/popup/3575,103,클레츠 팝업 | 팝가 POPGA,20250807,20260512
/popup/4642,67,관광객들 전시 - The Tourists - 강남 팝업 | 팝가 Popga,20251112,20260512
/popup/5104,42,마인드붐 팝업 - 홍대 팝업 | 팝가 Popga,20251224,20260512
/popup/3494,60,24/7 팝업 | 팝가 POPGA,20250604,20260512
/popup/3550,104,셀렉스 프로핏 팝업 - CHALLENGE FIELD | 팝가 POPGA,20250806,20260512
/popup/4948,130,라이프앤피시스 팝업 - 홍대 팝업 | 팝가 Popga,20251210,20260512
/popup/6705,38,아이세이예르 팝업 - 용산 팝업 | 팝가 Popga,20260428,20260512
/popup/3979,23,바우프 팝업 | 팝가 POPGA,20250912,20260512
/popup/4823,54,라이프앤피시스 팝업 - 여의도 팝업 | 팝가 Popga,20251128,20260512
/popup/4792,69,헌치 팝업 - 여의도 팝업 | 팝가 Popga,20251126,20260512
/popup/5399,111,이상한 나라의 밀가루공장 팝업 - 부산 - 부산 팝업 | 팝가 Popga,20260125,20260512
/popup/4150,99,키프터치 팝업 | 팝가 Popga,20250929,20260512
/popup/sheet/6935,34,팝업스토어 찾기 | 팝가,20260508,20260512
/popup/3916,130,​MAFATE 팝업 | 팝가 POPGA,20250908,20260512
/popup/4152,150,아누아 팝업 | 팝가 POPGA,20250929,20260512
/popup/5116,148,이준호 & 펭펭 팝업 - 파인딩 더 펭펭 - 여의도 팝업 | 팝가 Popga,20251225,20260512
/popup/4355,159,롬아카이브 팝업 | 팝가 Popga,20251020,20260512
/popup/3799,52,"SUNSA HIP 100 이벤트 - 셜록 움스, 비밀을 찾아라! | 팝가 POPGA",20250828,20260512
/popup/4039,132,2025 아트페어 Zanci | 팝가 POPGA,20250918,20260512
/popup/4116,141,브리즘 파운드리 오픈 이벤트 | 팝가 POPGA,20250925,20260512
/popup/3624,107,퇴마록 팝업 | 팝가 POPGA,20250812,20260512
/popup/3943,859,해리포터 마호도코로 팝업 | 팝가 POPGA,20250910,20260512
/popup/5180,51,써저리 팝업 - 명동 팝업 | 팝가 Popga,20251231,20260512
/popup/3900,629,DEBUT COUNTDOWN 팝업 - 데뷔까지 단 20분 | 팝가 POPGA,20250905,20260512
/popup/3254,75,<오징어 게임> 시즌 3 팝업 - 대구 | 팝가 POPGA,20250708,20260512
/popup/4697,78,파오와 전시 - Paris Orange Wine - 성수 팝업 | 팝가 Popga,20251118,20260512
/popup/4604,64,더 스캇렉 팝업 - 여의도 팝업 | 팝가 Popga,20251110,20260512
/popup/4658,31,오프아워 팝업 - 고양 - 오프아워 팝업 팝업 | 팝가 Popga,20251114,20260512
/popup/5074,161,V프로젝트 팝업 - V프로젝트의 겨울밤스테이 - 성수 팝업 | 팝가 Popga,20251222,20260512
/popup/5018,106,미니핑고 팝업 - 홍대 팝업 | 팝가 Popga,20251216,20260512
/popup/4871,84,"피라주얼리, 취 팝업 - 고유의 향, 고유의 반짝임 - 종로 팝업 | 팝가 Popga",20251202,20260512
/popup/5053,49,러브트레인 팝업 - L’EX: 03_EVE - 용산 팝업 | 팝가 Popga,20251219,20260512
/popup/4651,740,주토피아2 팝업 - 메가박스 수원AK - 수원 팝업 | 팝가 Popga,20251113,20260512
/popup/4857,53,끌라베 팝업 - 잠실 팝업 | 팝가 Popga,20251202,20260512
/popup/3395,31,이브닝브링스 팝업 | 팝가 POPGA,20250728,20260512
/popup/3590,113,청담 퐁당 전시 - 특별한 상상 | 팝가 POPGA,20250808,20260512
/popup/5810,26,김용일 개인전 - 그리움을 닮은 풍경 - 강남 팝업 | 팝가 Popga,20260309,20260512
/popup/5405,164,찬스클로딩 팝업 - 여의도 팝업 | 팝가 Popga,20260125,20260512
/popup/5835,99,글로리글로우 팝업 - 여의도 팝업 | 팝가 Popga,20260310,20260512
/popup/3312,63,안테나숍 아트마켓 팝업 | 팝가 POPGA,20250716,20260512
/popup/3490,321,2025 사와킹 위크 페스티벌 | 팝가 POPGA,20250731,20260512
/popup/4004,56,화이트샌즈 팝업 | 팝가 POPGA,20250916,20260512
/popup/3648,39,FORM series 전시 - 03.Nourishing Gathering | 팝가 POPGA,20250814,20260512
/popup/4679,44,강승윤 팝업 - 명동 팝업 | 팝가 Popga,20251117,20260512
/popup/4804,51,어포드 팝업 - 성수 팝업 | 팝가 Popga,20251127,20260512
/popup/sheet/5453,25,잠실 팝업스토어 찾기 | 팝가,20260223,20260512
/popup/3487,86,다즐링클럽 팝업 | 팝가 POPGA,20250731,20260512
/popup/3196,98,낫아워스 팝업 | 팝가 POPGA,20250702,20260512
/popup/4500,40,해브오프듀티 팝업 | 팝가 Popga,20251031,20260512
/popup/6489,4,디와이도샵 팝업 - 용산 팝업 | 팝가 Popga,20260421,20260512
/popup/4238,114,2025 반지위크 인 서울 페스티벌 | 팝가 Popga,20251005,20260512
/popup/sheet/2562,1,찜한 팝업스토어 모아보기 | 팝가 Popga,20260512,20260512
/popup/4186,175,2025 보드게임 페스타 | 팝가 Popga,20251002,20260512
/popup/3859,37,컨테이너룸 팝업 | 팝가 POPGA,20250903,20260512
/popup/6275,30,젤멜 슈퍼마켓 팝업 - 용산 팝업 | 팝가 Popga,20260413,20260512
/popup/4293,57,어반 아포테케리 팝업 | 팝가 Popga,20251014,20260512
/popup/6653,22,juï 팝업 - 종로 팝업 | 팝가 Popga,20260427,20260512
/popup/3955,131,인스타360 팝업 | 팝가 POPGA,20250911,20260512
/popup/4583,46,비클린 X 힐란드 팝업 - 비클린 팝업 팝업 | 팝가 Popga,20251107,20260512
/popup/sheet/6872,95,팝업스토어 찾기 | 팝가,20260504,20260512
/popup/5513,15,힘펠 팝업 - 숨쉬는 집 - 여의도 팝업 | 팝가 Popga,20260203,20260512
/popup/4333,135,데이지 신드롬 팝업 | 팝가 Popga,20251017,20260512
/popup/3719,49,바이레도 팝업 | 팝가 POPGA,20250821,20260512
/popup/5351,47,레이블리스 팝업 - 여의도 팝업 | 팝가 Popga,20260119,20260512
/popup/3968,202,2025 궁중문화축전 | 팝가 POPGA,20250911,20260512
/popup/4097,386,"오드리 팝업 - HELLO, MNH NEW FRIEND | 팝가 Popga",20250924,20260512
/popup/3160,171,추성훈 사인회 이벤트 | 팝가 POPGA,20250627,20260512
/popup/3839,138,포르토피노 팝업 | 팝가 POPGA,20250901,20260512
/popup/4349,65,논타입 팝업 | 팝가 Popga,20251020,20260512
/popup/5010,386,크리스마스 롯데리아 디저트 팝업 - 홍대 팝업 | 팝가 Popga,20251216,20260512
/popup/5118,36,동그래 팝업 - 2025 동그래의 첫 연말정산 - 홍대 팝업 | 팝가 Popga,20251225,20260512
/popup/3922,57,NCT WISH 팝업 : MUSINSA DROP - 강남 | 팝가 POPGA,20250908,20260512
/popup/3636,80,썬키스트 마켓 팝업 | 팝가 POPGA,20250813,20260512
/popup/3877,36,구석구석 인삼이 숨바꼭질 팝업 | 팝가 POPGA,20250904,20260512
/popup/sheet/6903,15,팝업스토어 찾기 | 팝가,20260506,20260512
/popup/4943,36,크런틴 팝업 - 부산 - 부산 팝업 | 팝가 Popga,20251209,20260512
/popup/3995,39,백현상회 팝업 | 팝가 POPGA,20250915,20260512
/popup/5270,22,아조바이아조 팝업 - KINETIC STAGE - 잠실 팝업 | 팝가 Popga,20260112,20260512
/popup/6004,47,유라고 팝업 - 여의도 팝업 | 팝가 Popga,20260325,20260512
/popup/5128,52,에버에이유 팝업 - 여의도 팝업 | 팝가 Popga,20251226,20260512
/popup/5832,55,B.I X COIN PARKING DELIVERY 팝업 - 홍대 팝업 | 팝가 Popga,20260310,20260512
/popup/4763,52,한블랙 팝업 - 블랙 매니아 프라이데이 - 홍대 팝업 | 팝가 Popga,20251124,20260512
/popup/6610,8,듀베티카 팝업 - 명동 팝업 | 팝가 Popga,20260426,20260512
/popup/5607,36,마르디 메크르디 레쁘띠 팝업 - 강남 팝업 | 팝가 Popga,20260212,20260512
/popup/4147,36,유코 칸 작가 전시 - Whispering | 팝가 Popga,20250929,20260512
/popup/4276,62,서울패션허브 쇼케이스 팝업 | 팝가 Popga,20251013,20260512
/popup/3224,37,<우화 : 나다움> 전시 | 팝가 POPGA,20250704,20260512
/popup/3766,68,무아스 팝업 | 팝가 POPGA,20250826,20260512
/popup/3350,145,산펠레그리노 팝업 | 팝가 POPGA,20250722,20260512
/popup/4552,55,미연 팝업 - 영등포 - 여의도 팝업 | 팝가 Popga,20251105,20260512
/popup/3690,65,로컬 팝업 in 연남 | 팝가 POPGA,20250819,20260512
/popup/3882,31,유라고 이벤트 | 팝가 POPGA,20250904,20260512
/popup/4918,168,글리밉 팝업 - 홍대 팝업 | 팝가 Popga,20251205,20260512
/popup/3381,125,나르카 팝업 | 팝가 POPGA,20250725,20260512
/popup/3369,224,크러시 팝업 | 팝가 POPGA,20250724,20260512
/popup/3552,109,시크 팝업 - 아이리스 가든 | 팝가 POPGA,20250806,20260512
/popup/4889,425,드립력 팝업 - 성수 팝업 | 팝가 Popga,20251204,20260512
/popup/4536,47,로시 8주년 이벤트 | 팝가 Popga,20251104,20260512
/popup/5040,32,르희캐시미어 팝업 - 판교 팝업 | 팝가 Popga,20251218,20260512
/popup/3689,82,아이언대디 팝업 | 팝가 POPGA,20250819,20260512
/popup/3876,34,이제이 바이올렛 팝업 | 팝가 POPGA,20250904,20260512
/popup/5100,39,레인스 팝업 - 용산 팝업 | 팝가 Popga,20251224,20260512
/popup/3633,55,올라올라 팝업 - 판교 | 팝가 POPGA,20250813,20260512
/popup/3913,58,잔상 사진전 | 팝가 POPGA,20250908,20260512
/popup/5164,26,허니스쿱하우스 팝업 - 고양 - 고양 팝업 | 팝가 Popga,20251230,20260512
/popup/3214,42,찢고 붙이는 예술 놀이터 2025 PaperSea - 위례 | 팝가 POPGA,20250703,20260512
/popup/4306,46,윤종 하이경 2인전 - 시간의 정원 | 팝가 Popga,20251015,20260512
/popup/5847,19,베이드 팝업 - 한남 팝업 | 팝가 Popga,20260311,20260512
/popup/3838,151,"분크 X 길종상가 전시 - 네가 방에 들어가다, 내 가방에 들어간다 | 팝가 POPGA",20250901,20260512
/popup/6839,5,마와 팝업 - 김포 팝업 | 팝가 Popga,20260430,20260512
/popup/4148,186,하이테크 서울 이벤트 | 팝가 POPGA,20250929,20260512
/popup/4929,58,몽모의 크리스마스 파티 팝업 - 부산 팝업 | 팝가 Popga,20251208,20260512
/popup/4331,33,구석구석 김치 도둑 추적 작전 팝업 | 팝가 Popga,20251016,20260512
/popup/3577,161,슈슈체리 아뜰리에 팝업 | 팝가 POPGA,20250807,20260512
/popup/3251,231,칼로 팝업 | 팝가 POPGA,20250708,20260512
/popup/5245,217,헤라 팝업 - 강남 팝업 | 팝가 Popga,20260108,20260512
/popup/3856,35,넌컨템포 팝업 - 이유없이 갖고 싶은 소품 가게 | 팝가 POPGA,20250903,20260512
/popup/4020,110,워터마크 II: 마우스포테이토 크로니클 팝업 - Virtuo Cybernetics | 팝가 POPGA,20250916,20260512
/popup/4631,94,G-STAR 2025 Playshop - G-STAR 2025 팝업 | 팝가 Popga,20251112,20260512
/popup/4525,111,KIMZISU 팝업 | 팝가 Popga,20251104,20260512
/popup/3848,75,먼슬리실버 팝업 | 팝가 POPGA,20250902,20260512
/popup/741,37,지토의 숲 팝업 | 팝가 POPGA,20241009,20260513
/popup/882,58,세븐틴 팝업 | 팝가 POPGA,20241024,20260513
/popup/201,16,'ㅋㄹㅅㅇㅋ X ㅋㄹㅆㅇㅋ' Dplus KIA X Kia 팝업 - 디플러스기아 팝업 | 팝가 Popga,20240812,20260513
/popup/1102,119,로얄캐닌 브랜드 팝업 | 팝가 POPGA,20241122,20260513
/popup/217,8,미(米)토피아 페스티밥 고양 팝업 - 쿠첸 팝업 | 팝가 Popga,20240806,20260513
/popup/1591,206,퓨처플라넷 2050 팝업 - 의정부 | 팝가 POPGA,20250110,20260513
/popup/1706,66,헤라 팝업 | 팝가 POPGA,20250123,20260513
/popup/1569,207,캡틴 아메리카: 브레이브 뉴 월드 팝업 | 팝가 POPGA,20250109,20260513
/popup/1836,36,한손커피 호두과자 팝업 | 팝가 POPGA,20250211,20260513
/popup/758,67,자비없고 잔인한 브라키오 팝업 | 팝가 POPGA,20241010,20260513
/popup/1988,59,레이로우 팝업 | 팝가 POPGA,20250224,20260513
/popup/1430,20,무유무유 대전 팝업 | 팝가 POPGA,20241222,20260513
/popup/1394,64,산타가 된 몽모 팝업 | 팝가 POPGA,20241217,20260513
/popup/1779,38,스티키베이비 팝업 - 명동 | 팝가 POPGA,20250206,20260513
/popup/1782,79,레고 보태니컬 발렌타인 팝업 | 팝가 POPGA,20250205,20260513
/popup/1681,152,쿼시 팝업 | 팝가 POPGA,20250121,20260513
/popup/2115,351,백설공주 팝업 | 팝가 POPGA,20250307,20260513
/popup/342,17,유니세프 한국위원회 30주년 사진전 | 팝가 POPGA,20240821,20260513
/popup/2016,337,2025 한국국제베이커리페어 | 팝가 POPGA,20250226,20260513
/popup/1846,54,비비랩 팝업 - 대구 | 팝가 POPGA,20250211,20260513
/popup/2339,113,노리그렛 팝업 | 팝가 POPGA,20250326,20260513
/popup/2328,177,탭앤쉬프트 팝업 | 팝가 POPGA,20250324,20260513
/popup/2396,184,틸던 팝업 | 팝가 POPGA,20250401,20260513
/popup/2410,168,아이긴 팝업 | 팝가 POPGA,20250402,20260513
/popup/2415,50,강원특별자치도 양구9경 팝업 | 팝가 POPGA,20250403,20260513
/popup/2354,66,플러피시트러스 X 카테고리9 팝업 | 팝가 POPGA,20250327,20260513
/popup/1237,7,퐁당패밀리 김포 팝업 - 퐁당패밀리 팝업 | 팝가 Popga,20250905,20260513
/popup/2768,116,주부생활 창간 60주년 기념 전시 | 팝가 POPGA,20250515,20260513
/popup/2577,209,데케트 팝업 | 팝가 POPGA,20250424,20260513
/popup/2770,222,꼬박꼬밥 팝업 | 팝가 POPGA,20250515,20260513
/popup/6954,4,팝업스토어 상세 정보 | 팝가 Popga,20260511,20260513
/popup/sheet/6918,52,팝업스토어 찾기 | 팝가,20260507,20260513
/popup/2793,71,데이지신드롬 X 마리떼 팝업 | 팝가 POPGA,20250519,20260513
/popup/sheet/6873,23,팝업스토어 찾기 | 팝가,20260504,20260513
/popup/sheet/6756,44,팝업스토어 찾기 | 팝가,20260430,20260513
/popup/2757,45,투모로우바이투게더 X CU 팝업 - 송파 | 팝가 POPGA,20250514,20260513
/popup/1842,38,월드 초콜릿 마스터스 팝업 | 팝가 POPGA,20250211,20260513
/popup/1066,25,유어굿즈 크리스마스 마켓 팝업 | 팝가 POPGA,20241114,20260513
/popup/1778,31,라라브릭 팝업 | 팝가 POPGA,20250205,20260513
/popup/2005,30,이안 조 팝업 | 팝가 POPGA,20250225,20260513
/popup/1639,48,"Here I am, 현대를 살고 있는 나에게 전시 | 팝가 POPGA",20250116,20260513
/popup/1855,37,팀밸 팝업 - 명동 | 팝가 POPGA,20250212,20260513
/popup/2630,66,더 스캇렉 팝업 | 팝가 POPGA,20250429,20260513
/popup/911,27,24/7 팝업 | 팝가 POPGA,20241025,20260513
/popup/2305,80,레인스 팝업 | 팝가 POPGA,20250321,20260513
/popup/1735,12,PHYPS 팝업 - 대구 | 팝가 POPGA,20250201,20260513
/popup/2824,64,앰플엔 블레미샷 팝업 | 팝가 POPGA,20250522,20260513
/popup/1030,20,리틀크랙 <메리 크랙스마스!> 팝업 | 팝가 POPGA,20241108,20260513
/popup/sheet/6266,40,팝업스토어 찾기 | 팝가,20260410,20260513
/popup/1420,55,무지개맨션 팝업 | 팝가 POPGA,20241219,20260513
/popup/141,26,베티붑x얼킨 팝업 | 팝가 POPGA,20240801,20260513
/popup/65,10,HUNCH 팝업 - HUNCH 팝업 | 팝가 Popga,20240813,20260513
/popup/766,55,작고 소소로운 팝업 | 팝가 POPGA,20241011,20260513
/popup/1662,31,몽삭 팝업 - 수원 | 팝가 POPGA,20250117,20260513
/popup/1950,60,플로이드 팝업 | 팝가 POPGA,20250220,20260513
/popup/1311,13,내일의 응원단 팝업 | 팝가 POPGA,20241210,20260513
/popup/1105,48,미수아바흐브 팝업 - MISU A BARBE 팝업 | 팝가 Popga,20241118,20260513
/popup/1070,19,올리베 팝업 | 팝가 POPGA,20241113,20260513
/popup/2028,51,도토리 캐리커쳐 팝업 | 팝가 POPGA,20250227,20260513
/popup/1060,33,트와이스 팝업 | 팝가 POPGA,20241114,20260513
/popup/1427,23,땡글라스 팝업 | 팝가 POPGA,20241221,20260513
/popup/sheet/6931,107,성수 팝업스토어 찾기 | 팝가,20260508,20260513
/popup/991,40,레메프 팝업 | 팝가 POPGA,20241105,20260513
/popup/1625,28,이울라이 팝업 | 팝가 POPGA,20250118,20260513
/popup/1482,25,노티드 X 박은영 셰프 '크림 멘보' 광교 팝업 | 팝가 POPGA,20241229,20260513
/popup/925,19,하이케이 전시 | 팝가 POPGA,20241028,20260513
/popup/sheet/6970,10,팝업스토어 찾기 | 팝가,20260511,20260513
/popup/1040,16,홀리선 팝업 | 팝가 POPGA,20241108,20260513
/popup/1008,22,멀버리 팝업 | 팝가 POPGA,20241106,20260513
/popup/418,23,캉골키즈 아이코닉 팝업 | 팝가 POPGA,20240904,20260513
/popup/1206,112,위자드몰 팝업 - 부산 - 위자드몰 팝업 | 팝가 Popga,20241202,20260513
/popup/1984,43,코스노리 팝업 - 부천 | 팝가 POPGA,20250224,20260513
/popup/2379,95,띵스 댓 매터 팝업 | 팝가 POPGA,20250331,20260513
/popup/1741,50,터치인솔 팝업 | 팝가 POPGA,20250131,20260513
/popup/1028,42,오브제바이쿤달 X 메이필드호텔 서울 팝업 | 팝가 POPGA,20241107,20260513
/popup/954,22,공후하 X 뷰티플레이 팝업 | 팝가 POPGA,20241030,20260513
/popup/6668,6,SAG 벌룬 X 마이리틀타이거 팝업 - 부천 팝업 | 팝가 Popga,20260428,20260513
/popup/1657,6,강병인 글씨 예술가의 신년 덕담 이벤트 - 안성 - 강병인 팝업 | 팝가 Popga,20250117,20260513
/popup/554,13,시야쥬 팝업 | 팝가 POPGA,20240913,20260513
/popup/1173,22,허니울 스튜디오 팝업 | 팝가 POPGA,20241128,20260513
/popup/2015,58,국립공원 캐릭터 팝업 | 팝가 POPGA,20250226,20260513
/popup/1295,12,제이트리 고양 팝업 - 제이트리 팝업 | 팝가 Popga,20241209,20260513
/popup/2769,112,팀밸 팝업 | 팝가 POPGA,20250515,20260513
/popup/2639,149,진로 X 경기떡집 X 일타강사 백사부 팝업 | 팝가 POPGA,20250430,20260513
/popup/sheet/6552,61,팝업스토어 찾기 | 팝가,20260423,20260513
/popup/937,77,디즈니 퍼피 해피니스 팝업 | 팝가 POPGA,20241029,20260513
/popup/811,29,GAYEON LEE 팝업 | 팝가 POPGA,20241020,20260513
/popup/sheet/6948,59,"인기 팝업스토어 일정, 후기를 한눈에! | 팝가 Popga",20260508,20260513
/popup/sheet/2291,1,찜한 팝업스토어 모아보기 | 팝가 Popga,20260513,20260513
/popup/3033,47,솜속 팝업 | 팝가 POPGA,20250613,20260513
/popup/215,12,한국 튜브 샵 HANKOOK TUBE SHOP 팝업 - 한국타이어 팝업 | 팝가 Popga,20240812,20260513
/popup/1005,46,인더스토리 팝업 | 팝가 POPGA,20241106,20260513
/popup/2491,124,글루타넥스 팝업 | 팝가 POPGA,20250411,20260513
/popup/234,7,미니언즈X하울팟 위례 팝업 - 하울팟 팝업 | 팝가 Popga,20241117,20260513
/popup/564,44,아도르 X 뚜들리 가을소풍 팝업 | 팝가 POPGA,20240913,20260513
/popup/1372,18,바이너리샵 크리스마스 집들이 팝업 | 팝가 POPGA,20241216,20260513
/popup/2294,167,약탈혼 X 투니크 콜라보 카페 팝업 - 부산 | 팝가 POPGA,20250320,20260513
/popup/610,23,퐁당패밀리 동대문 팝업 | 팝가 POPGA,20240921,20260513
/popup/1355,22,무신사 엠프티 홀리데이 팝업 | 팝가 POPGA,20241213,20260513
/popup/2702,53,쥐순이의 보석함 팝업 | 팝가 POPGA,20250508,20260513
/popup/1307,31,엠앤엠즈 크리스마스 부산 팝업 | 팝가 POPGA,20241209,20260513
/popup/2657,86,팝가스토어 동대문점 어린이날 이벤트 | 팝가 POPGA,20250430,20260513
/popup/2860,133,우주박스 팝업 | 팝가 POPGA,20250527,20260513
/popup/1403,26,커먼윈터타운 팝업 | 팝가 POPGA,20241218,20260513
/popup/2819,162,금호전기 번개표 팝업 | 팝가 POPGA,20250522,20260513
/popup/2489,55,별별마을 팝업 | 팝가 POPGA,20250411,20260513
/popup/1097,22,K팝 디자이너 팝업 | 팝가 POPGA,20241116,20260513
/popup/2032,5,바버 팝업 - 수원 - 바버 팝업 | 팝가 Popga,20250228,20260513
/popup/224,12,미(米)토피아 페스티밥 하남 팝업 - 쿠첸 팝업 | 팝가 Popga,20240904,20260513
/popup/263,61,도토리 캐리커쳐 팝업 | 팝가 POPGA,20240808,20260513
/popup/1316,34,열혈사제2 골목 팝업 | 팝가 POPGA,20241210,20260513
/popup/2352,119,루즈앤라운지 팝업 | 팝가 POPGA,20250326,20260513
/popup/1327,25,무신사 뷰티 어워즈 홍대 팝업 | 팝가 POPGA,20241211,20260513
/popup/2645,122,메르꽁떼 팝업 | 팝가 POPGA,20250430,20260513
/popup/2733,41,우주먼지 <아기먼지 칭구들> 팝업 - 청주 | 팝가 POPGA,20250512,20260513
/popup/1231,22,HAPPY MEMORY 팝업 | 팝가 POPGA,20241202,20260513
/popup/891,27,리우드 팝업 | 팝가 POPGA,20241024,20260513
/popup/1321,490,잔망루피 홀리 익스프레스 부산 팝업 | 팝가 POPGA,20241213,20260513
/popup/23,32,플라이밀 팝업 | 팝가 POPGA,20241120,20260513
/popup/1796,121,눈사람 눙눙이 팝업 | 팝가 POPGA,20250206,20260513
/popup/693,47,티슬로 팝업 | 팝가 POPGA,20240928,20260513
/popup/501,122,맘스터치 X 블루아카이브 부산 해운대 팝업 | 팝가 POPGA,20240905,20260513
/popup/2048,199,소프스튜디오 팝업 - 명동 | 팝가 POPGA,20250228,20260513
/popup/1752,96,에센허브 팝업 | 팝가 POPGA,20250203,20260513
/popup/1575,19,검은 수녀들 X 매트블랙커피 팝업 - 판교 | 팝가 POPGA,20250110,20260513
/popup/1605,36,비뮤즈맨션 팝업 | 팝가 POPGA,20250114,20260513
/popup/1582,33,요기보 X 야마하 팝업 - 고양 | 팝가 POPGA,20250110,20260513
/popup/2308,345,슈가스쿱 팝업 | 팝가 POPGA,20250321,20260513
/popup/1965,26,코랄리에 팝업 | 팝가 POPGA,20250221,20260513
/popup/2697,278,르멘트 팝업 | 팝가 POPGA,20250508,20260513
/popup/2674,206,옷 OHTNYC 팝업 | 팝가 POPGA,20250502,20260513
/popup/3101,473,넘버링 A13 팝업 | 팝가 POPGA,20250620,20260513
/popup/1874,18,푸디버디 팝업 - 안성 | 팝가 POPGA,20250214,20260513
/popup/2554,231,해리포터 필름콘서트 팝업 | 팝가 POPGA,20250421,20260513
/popup/1656,9,강병인 글씨 예술가의 신년 덕담 이벤트 - 코엑스 | 팝가 POPGA,20250123,20260513
/popup/2677,222,OFZ 오일데이 이벤트 | 팝가 POPGA,20250502,20260513
/popup/2404,224,더마토리 팝업 | 팝가 POPGA,20250402,20260513
/popup/2317,111,로라로라 팝업 | 팝가 POPGA,20250321,20260513
/popup/5114,66,세컨드스튜디오 팝업 - 여의도 팝업 | 팝가 Popga,20251224,20260513
/popup/1118,18,레고 산타 빌리지 고양 팝업 | 팝가 POPGA,20241119,20260513
/popup/1010,20,스웨터하우스 팝업 | 팝가 POPGA,20241106,20260513
/popup/3902,102,시골'S런 이벤트 - TOMATO RUN | 팝가 POPGA,20250708,20260513
/popup/2655,133,아이레시피 팝업 | 팝가 POPGA,20250430,20260513
/popup/2767,292,어바웃톤 X 뷰티쁠 무빙팝업 | 팝가 Popga,20250515,20260513
/popup/2785,216,히어리 팝업 | 팝가 POPGA,20250516,20260513
/popup/270,27,태극당 팝업 | 팝가 POPGA,20240807,20260513
/popup/1983,42,루미르 팝업 - 부천 | 팝가 POPGA,20250224,20260513
/popup/923,44,온초점 디저트 파르나스몰 팝업 | 팝가 POPGA,20241028,20260513
/popup/918,47,베리베리 건강원 팝업 | 팝가 POPGA,20241027,20260513
/popup/1912,50,마담티라미수 팝업 - 용산 | 팝가 POPGA,20250218,20260513
/popup/543,115,픽사 스튜디오 팝업 | 팝가 POPGA,20240913,20260513
/popup/759,38,이딸라 팝업 - iittala 팝업 | 팝가 Popga,20241010,20260513
/popup/472,38,브레니 파이 칸틴 팝업 | 팝가 POPGA,20240902,20260513
/popup/1913,20,마담티라미수 팝업 - 강남 | 팝가 POPGA,20250218,20260513
/popup/1574,53,검은 수녀들 X 매트블랙커피 팝업 | 팝가 POPGA,20250109,20260513
/popup/2297,74,우브에 팝업 | 팝가 POPGA,20250320,20260513
/popup/2537,40,듑벨 팝업 | 팝가 POPGA,20250417,20260513
/popup/2542,55,그레일즈 팝업 | 팝가 POPGA,20250417,20260513
/popup/1929,43,킨제네라 팝업 - 용산 | 팝가 POPGA,20250219,20260513
/popup/514,43,로에카 팝업 | 팝가 POPGA,20240907,20260513
/popup/1146,13,코카-콜라 크리스마스 빌리지 팝업 | 팝가 POPGA,20241127,20260513
/popup/2017,128,남원뷰틔설화 : 백향뎐 팝업 | 팝가 POPGA,20250226,20260513
/popup/1364,51,키키쿼카 크리스마스 팝업 | 팝가 POPGA,20241214,20260513
/popup/1974,71,닥터디퍼런트 팝업 | 팝가 POPGA,20250221,20260513
/popup/1018,25,반찬일기장 팝업 | 팝가 POPGA,20241107,20260513
/popup/sheet/6901,13,팝업스토어 찾기 | 팝가,20260506,20260513
/popup/1122,11,탈리다쿰 대구 팝업 | 팝가 POPGA,20241120,20260513
/popup/312,29,MAISON SASSY 목동 팝업 - 쎄시시드르 팝업 | 팝가 Popga,20240813,20260513
/popup/5124,40,패션캣 팝업 - 목동 팝업 | 팝가 Popga,20251226,20260513
/popup/1807,21,스타필드 윈터 키즈 스트리트 팝업 - 안성 | 팝가 POPGA,20250208,20260513
/popup/878,119,COMGEN 잠실 팝업 | 팝가 POPGA,20241024,20260513
/popup/1292,31,포지티브 팝업 | 팝가 POPGA,20241206,20260513
/popup/809,12,눈사람 눙눙이 팝업 | 팝가 POPGA,20241019,20260513
/popup/643,15,몽벨 팝업 | 팝가 POPGA,20240925,20260513
/popup/267,40,BLESSED MOON 블레스문 팝업 - 블레스문 팝업 | 팝가 Popga,20240830,20260513
/popup/1083,8,부산 금정 STYLE-UP 팝업 - 부산 금정구 팝업 | 팝가 Popga,20241215,20260513
/popup/1318,17,우주먼지 연말 대전 팝업 | 팝가 POPGA,20241211,20260513
/popup/1445,65,테디테일즈 신촌 팝업 | 팝가 POPGA,20241223,20260513
/popup/1284,21,블루이 크리스마스 스페셜 팝업 | 팝가 POPGA,20241209,20260513
/popup/1328,30,주니토니 매직 크리스마스 팝업 - 주니토니 팝업 | 팝가 Popga,20241213,20260513
/popup/2658,84,팝가스토어 판교점 어린이날 이벤트 | 팝가 POPGA,20250430,20260513
/popup/1349,19,휘오 울림워터 팝업 | 팝가 POPGA,20241212,20260513
/popup/328,32,무해한 친구들의 행복한 나날들 어드벤처점 팝업 | 팝가 POPGA,20240816,20260513
/popup/1308,23,눈사람 눙눙이 팝업 - 용산 - 눙눙이 팝업 | 팝가 Popga,20241210,20260513
/popup/1429,57,무유무유 팝업 - 판교 | 팝가 POPGA,20241223,20260513
/popup/2038,127,메팔 팝업 | 팝가 POPGA,20250227,20260513
/popup/1003,71,쿠키런: 킹덤 특별展 <불과 파괴의 땅> 전시 | 팝가 POPGA,20241106,20260513
/popup/1195,8,슈퍼드라이 with NCT DREAM 팝업 | 팝가 POPGA,20241129,20260513
/popup/1386,10,쁘띠팩토리 수원 팝업 | 팝가 POPGA,20250103,20260513
/popup/2440,439,왁 X 존스 팝업 | 팝가 POPGA,20250407,20260513
/popup/2390,55,뉴제스트 팝업 | 팝가 POPGA,20250331,20260513
/popup/834,13,나이스 클랍 X L.point 팝업 - NICE CLAUP 팝업 | 팝가 Popga,20241023,20260513
/popup/1434,16,챱챱케이크 팝업 | 팝가 POPGA,20241221,20260513
/popup/1016,34,오보즈 잠실 팝업 | 팝가 POPGA,20241106,20260513
/popup/2694,142,피올리 팝업 | 팝가 POPGA,20250507,20260513
/popup/sheet/4390,1,팝업스토어 검색 | 팝가 Popga,20260513,20260513
/popup/1203,51,포켓몬 잠실 팝업 | 팝가 POPGA,20241202,20260513
/popup/1453,19,커렌트 팝업 | 팝가 POPGA,20241224,20260513
/popup/854,12,이나벨로 팝업 | 팝가 POPGA,20241023,20260513
/popup/3099,115,가루쌀 빵지순례 팝업 | 팝가 POPGA,20250620,20260513
/popup/862,65,크리스마스 H 빌리지 팝업 | 팝가 POPGA,20241023,20260513
/popup/1246,22,두아리파 팝업 | 팝가 POPGA,20241203,20260513
/popup/2102,22,컬럼비아 팝업 - 하남 | 팝가 POPGA,20250307,20260513
/popup/2427,23,스텔라앤츄이스 팝업 - 하남 | 팝가 POPGA,20250404,20260513
/popup/1085,50,샤넬 윈터 테일 홀리데이 아이스링크 팝업 | 팝가 POPGA,20241115,20260513
/popup/2098,179,아틀리에나인 팝업 | 팝가 POPGA,20250307,20260513
/popup/1514,60,모든 조건이 조화로울 때 전시 | 팝가 POPGA,20250102,20260513
/popup/1264,73,로제 'rosie' 팝업 - 로제 팝업 | 팝가 Popga,20241205,20260513
/popup/2333,47,모노룸 팝업 | 팝가 POPGA,20250325,20260513
/popup/987,19,퐁당패밀리 명동 팝업 | 팝가 POPGA,20241105,20260513
/popup/1359,91,리버풀 팝업 | 팝가 POPGA,20241214,20260513
/popup/2043,22,논타입 팝업 | 팝가 POPGA,20250227,20260513
/popup/1638,52,"공예행: 골골샅샅, 면면촌촌 전시 | 팝가 POPGA",20250116,20260513
/popup/1291,37,모엣&샹동 팝업 | 팝가 POPGA,20241206,20260513
/popup/1207,96,위자드몰 잠실 팝업 | 팝가 POPGA,20241203,20260513
/popup/1108,49,BYTP X 신세계 팝업 | 팝가 POPGA,20241119,20260513
/popup/1478,40,나체 팝업 | 팝가 POPGA,20241228,20260513
/popup/1609,14,한번 더 콘덴싱 : 가치의 재발견 전시 - 나비엔 팝업 | 팝가 Popga,20250113,20260513
/popup/933,231,코리락쿠마 20주년 기념 팝업 | 팝가 POPGA,20241029,20260513
/popup/1009,20,스윙셋 대구 팝업 | 팝가 POPGA,20241106,20260513
/popup/1492,80,콰티 팝업 | 팝가 POPGA,20241230,20260513
/popup/1766,80,잔스포츠 팝업 | 팝가 POPGA,20250204,20260513
/popup/289,17,무브먼트 랩 <여름밤의 꿈> 팝업 - 무브먼트랩 팝업 | 팝가 Popga,20240815,20260513
/popup/79,45,아임비타 비타민 스테이션 팝업 | 팝가 POPGA,20240801,20260513
/popup/1053,102,쿠키런 윈터 페스티벌 | 팝가 POPGA,20241112,20260513
/popup/2037,9,하뚱 팝업 - 고양 | 팝가 POPGA,20250227,20260513
/popup/1481,13,노티드 X 박은영 셰프 '크림 멘보' 대전 팝업 | 팝가 POPGA,20241227,20260513
/popup/1526,16,유어굿즈 아트페스타 팝업 | 팝가 POPGA,20250103,20260513
/popup/1899,127,캡틴 아메리카: 브레이브 뉴 월드 팝업 - 여의도 | 팝가 POPGA,20250217,20260513
/popup/1263,386,오브제바이쿤달 팝업 | 팝가 POPGA,20241205,20260513
/popup/2872,416,글루타넥스 팝업 | 팝가 POPGA,20250529,20260513
/popup/1948,37,피넛버터바나나 팝업 - 명동 | 팝가 POPGA,20250220,20260513
/popup/2875,291,프리터 팝업 | 팝가 POPGA,20250529,20260513
/popup/2897,202,JAEIN 팝업 | 팝가 POPGA,20250602,20260513
/popup/2611,205,레터프롬문 팝업 | 팝가 POPGA,20250428,20260513
/popup/2432,35,알파 인더스트리 X 썬번 팝업 | 팝가 POPGA,20250404,20260513
/popup/2018,69,포컬포인트 팝업 | 팝가 POPGA,20250226,20260513
/popup/2922,202,짱구와 친구들 팝업 - 김포 | 팝가 POPGA,20250605,20260513
/popup/sheet/6284,460,성수 팝업스토어 찾기 | 팝가,20260410,20260513
/popup/2745,204,어바웃톤 무빙팝업 | 팝가 POPGA,20250513,20260513
/popup/829,53,고요웨어 팝업 | 팝가 POPGA,20241023,20260513
/popup/1904,56,프린세스 프링 10주년 카페 팝업 | 팝가 POPGA,20250217,20260513
/popup/1826,191,무유무유 팝업 | 팝가 POPGA,20250210,20260513
/popup/548,22,토레 팝업 | 팝가 POPGA,20240913,20260513
/popup/2901,317,제너럴아이디어 팝업 | 팝가 POPGA,20250602,20260513
/popup/sheet/6760,152,잠실 팝업스토어 찾기 | 팝가,20260430,20260513
/popup/sheet/6807,18,팝업스토어 찾기 | 팝가,20260429,20260513
/popup/1079,62,포켓몬 부산 팝업 | 팝가 POPGA,20241114,20260513
/popup/329,66,무해한 친구들의 행복한 나날들 월드몰점 팝업 | 팝가 POPGA,20240816,20260513
/popup/1232,37,스트레이키즈 合(HOP) 팝업 | 팝가 POPGA,20241202,20260513
/popup/252,15,당고당 당고 팝업 - 당고 팝업 | 팝가 Popga,20240812,20260513
/popup/2753,123,일빠로디 팝업 | 팝가 POPGA,20250514,20260513
/popup/2573,40,멘톨로지 팝업 | 팝가 POPGA,20250423,20260513
/popup/282,18,이스턴에디션 팝업 - 이스턴에디션 팝업 | 팝가 Popga,20240808,20260513
/popup/756,13,지지배배 한복 팝업 | 팝가 POPGA,20241010,20260513
/popup/1527,19,위아바임 팝업 | 팝가 POPGA,20250104,20260513
/popup/2,26,슈퍼배드 4 팝업 - 슈퍼배드4 팝업 | 팝가 Popga,20240801,20260513
/popup/1831,29,아임타입 팝업 - 판교 | 팝가 POPGA,20250210,20260513
/popup/1174,16,정년이 X 더현대 대구 팝업 | 팝가 POPGA,20241129,20260513
/popup/1150,5,엘스타 2 DREAMY STAGE in CGV - 엘소드 팝업 | 팝가 Popga,20241130,20260513
/popup/1476,14,서울일러스트레이션페어V.18 | 팝가 POPGA,20241227,20260513
/popup/2414,23,먼싱웨어 팝업 | 팝가 POPGA,20250403,20260513
/popup/1266,11,터치인솔 X 비클린 팝업 | 팝가 POPGA,20241205,20260513
/popup/1428,176,무유무유 팝업 - 명동 | 팝가 POPGA,20241220,20260513
/popup/2585,417,인도미 미고랭 팝업 | 팝가 POPGA,20250424,20260513
/popup/1272,34,따우전드 팝업 | 팝가 POPGA,20241205,20260513
/popup/2014,121,브레더스 팝업 - 잠실 | 팝가 POPGA,20250226,20260513
/popup/1971,88,니얼지 팝업 - 미아 | 팝가 POPGA,20250221,20260513
/popup/sheet/6759,4,아동복 검색 결과 | 팝가,20260501,20260513
/popup/2569,176,프레시볼 팝업 | 팝가 POPGA,20250423,20260513
/popup/1511,82,튠 X 한해툰세 팝업 | 팝가 POPGA,20250102,20260513
/popup/1165,85,인아워맨션 크리스마스 마켓 팝업 - 인아워맨션 팝업 | 팝가 Popga,20241127,20260513
/popup/1507,90,공중 만화탕 전시 | 팝가 POPGA,20250102,20260513
/popup/2861,75,베르사체퍼퓸 팝업 | 팝가 POPGA,20250527,20260513
/popup/1334,32,만석닭강정 팝업 | 팝가 POPGA,20241212,20260513
/popup/2549,97,주니토니 팝업 | 팝가 POPGA,20250418,20260513
/popup/1728,25,레더리 팝업 - 부산 | 팝가 POPGA,20250131,20260513
/popup/1210,33,서울광장 스케이트장 | 팝가 POPGA,20241209,20260513
/popup/752,14,서울 팝업 페스티벌 & 아이러브 캐릭터 라이선싱쇼 | 팝가 POPGA,20241010,20260513
/popup/2383,267,스탠드오일 팝업 | 팝가 POPGA,20250331,20260513
/popup/2644,25,초이락 팝업 - 고양 - 초이락 브랜드 스토어 팝업 | 팝가 Popga,20250430,20260513
/popup/1229,34,2024 로맨틱 한강 크리스마스 마켓 | 팝가 POPGA,20241202,20260513
/popup/1873,23,푸디버디 팝업 - 고양 | 팝가 POPGA,20250213,20260513
/popup/571,8,미아프 팝업 | 팝가 POPGA,20240913,20260513
/popup/1832,23,킨제네라 팝업 - 김포 | 팝가 POPGA,20250211,20260513
/popup/2955,46,코프위 팝업 | 팝가 POPGA,20250610,20260513
/popup/1408,19,베리 크리스마스 팝업 | 팝가 POPGA,20241218,20260513
/popup/202,52,모리스보리스 팝업 | 팝가 POPGA,20240801,20260513
/popup/1572,52,파비안 네그린 전시 - 판교 | 팝가 POPGA,20250110,20260513
/popup/944,16,우니토 팝업 | 팝가 POPGA,20241029,20260513
/popup/2533,32,코디너리 팝업 - 코디너리 팝업 | 팝가 Popga,20250416,20260513
/popup/2417,481,홀리바넘 팝업 | 팝가 POPGA,20250403,20260513
/popup/2365,95,미야기 히데타카 팝업 | 팝가 POPGA,20250328,20260513
/popup/1726,65,XTONZ 팝업 | 팝가 POPGA,20250130,20260513
/popup/1885,84,제니아테일러 팝업 | 팝가 POPGA,20250214,20260513
/popup/sheet/6936,38,"인기 팝업스토어 일정, 후기를 한눈에! | 팝가 Popga",20260508,20260513
/popup/2041,40,니커버커 팝업 | 팝가 POPGA,20250227,20260513
/popup/326,26,굿즈플래너 <멍냥꽁냥 굿즈투어> 팝업 | POPUPNOW 팝업나우,20240814,20260513
/popup/2039,61,별들에게 물어봐 팝업 | 팝가 POPGA,20250227,20260513
/popup/2299,103,세이프라이프 팝업 | 팝가 POPGA,20250320,20260513
/popup/2809,241,포레스트 팝업 | 팝가 POPGA,20250521,20260513
/popup/1558,83,이니스프리 X 마이멜로디 마이 레티놀 시카 팝업 | 팝가 POPGA,20250108,20260513
/popup/1906,137,다이슨 하트 랩 팝업 | 팝가 POPGA,20250217,20260513
/popup/1588,55,해브레스 팝업 | 팝가 POPGA,20250110,20260513
/popup/1439,14,킨제네라 팝업 | 팝가 POPGA,20241223,20260513
/popup/2878,131,샬롬 팝업 | 팝가 POPGA,20250529,20260513
/popup/1668,46,굿즈플래너 팝업 | 팝가 POPGA,20250120,20260513
/popup/1675,92,데스커 팝업 | 팝가 POPGA,20250120,20260513
/popup/2441,411,니아르 팝업 | 팝가 POPGA,20250407,20260513
/popup/2428,191,베르하우스 팝업 | 팝가 POPGA,20250404,20260513
/popup/1907,183,바샤커피 팝업 | 팝가 POPGA,20250217,20260513
/popup/2401,159,에센셜바이이큐엘 팝업 | 팝가 POPGA,20250401,20260513
/popup/2928,168,헤레틱 팝업 | 팝가 POPGA,20250605,20260513
/popup/2561,156,롯데타운명동 팝업 | 팝가 POPGA,20250422,20260513
/popup/2013,82,브레더스 팝업 - 홍대 | 팝가 POPGA,20250226,20260513
/popup/2505,200,기준 팝업 | 팝가 POPGA,20250414,20260513
/popup/2678,95,마블 컬렉션 팝업 | 팝가 POPGA,20250502,20260513
/popup/sheet/6175,353,"인기 팝업스토어 일정, 후기를 한눈에! | 팝가 Popga",20260406,20260513
/popup/2508,135,온리드 X 꼬모윤 팝업 | 팝가 POPGA,20250414,20260513
/popup/3092,87,로컬 터미널 팝업 | 팝가 POPGA,20250620,20260513
/popup/1856,53,팀밸 팝업 | 팝가 POPGA,20250212,20260513
/popup/2202,19,리멤버 팝업 - 대구 | 팝가 POPGA,20250311,20260513
/popup/750,27,미꾸야 제맛대로 연구소 팝업 | 팝가 POPGA,20241010,20260513
/popup/1737,34,솜프 팝업 - 대구 | 팝가 POPGA,20250131,20260513
/popup/1535,88,쁘띠아띠 팝업 | 팝가 POPGA,20250106,20260513
/popup/2802,130,허자보이에이씨씨 팝업 | 팝가 POPGA,20250520,20260513
/popup/2580,38,윗 팝업 | 팝가 POPGA,20250424,20260513
/popup/1170,42,우당탕탕 선물가게 팝업 | 팝가 POPGA,20241129,20260513
/popup/436,16,우주먼지 먼지포켓 팝업 - 우주먼지 팝업 | 팝가 Popga,20240830,20260513
/popup/1529,79,퓨처 그라운드 부천 팝업 | 팝가 POPGA,20250104,20260513
/popup/2535,45,퓨어스펙 오렌지 & 큐티 만다린 트럭 팝업 - 광화문 - PSK인터내셔널 팝업 | 팝가 Popga,20250417,20260513
/popup/1119,8,레고 산타 빌리지 안성 팝업 | 팝가 POPGA,20241120,20260513
/popup/1792,145,케이이치 타나아미 : I’M THE ORIGIN 전시 | 팝가 POPGA,20250206,20260513
/popup/2012,29,플랫츠 팝업 - 천호 - 플랫츠 팝업 | 팝가 Popga,20250226,20260513
/popup/sheet/2364,1,찜한 팝업스토어 모아보기 | 팝가 Popga,20260513,20260513
/popup/1704,42,산타마리아 노벨라 설 기프팅 팝업 | 팝가 POPGA,20250123,20260513
/popup/1414,11,LCWM 블랙 크리스마스 팝업 | 팝가 POPGA,20241219,20260513
/popup/1595,31,다이슨 WashG1 팝업 | 팝가 POPGA,20250113,20260513
/popup/1093,4,GINORI 1735 팝업 | 팝가 POPGA,20241118,20260513
/popup/2376,40,민지운 음감회 | 팝가 POPGA,20250328,20260513
/popup/1822,22,베러플레이스 팝업 - 대구 | 팝가 POPGA,20250210,20260513
/popup/1838,20,팀밸 팝업 - 목동 | 팝가 POPGA,20250211,20260513
/popup/1094,19,마티아스 팝업 | 팝가 POPGA,20241117,20260513
/popup/1497,23,글로우 팝업 | 팝가 POPGA,20241231,20260513
/popup/2357,88,아웃도어 갤러리 팝업 | 팝가 POPGA,20250327,20260513
/popup/824,18,전남 세계 김밥 페스티벌 | 팝가 POPGA,20241022,20260513
/popup/sheet/6902,15,팝업스토어 찾기 | 팝가,20260506,20260513
/popup/169,11,포레스트 팝업 | 팝가 POPGA,20240801,20260513
/popup/sheet/6816,30,잠실 팝업스토어 찾기 | 팝가,20260429,20260513
/popup/2754,45,시메트릭 퍼센트 팝업 - 더현대 | 팝가 POPGA,20250514,20260513
/popup/471,17,라피니토 팝업 | 팝가 POPGA,20240903,20260513
/popup/1198,43,노 노트X왓어버터 팝업 | 팝가 POPGA,20241130,20260513
/popup/3050,231,청년정책 팝업 | 팝가 POPGA,20250616,20260513
/popup/2341,163,호즈미 팝업 - 대구 | 팝가 POPGA,20250326,20260513
/popup/2880,75,댐잇 터미널 팝업 | 팝가 POPGA,20250529,20260513
/popup/2915,30,파이시스 팝업 | 팝가 POPGA,20250605,20260513
/popup/3093,54,서울시 넥스트로컬 팝업 | 팝가 POPGA,20250620,20260513
/popup/774,33,하모니 팝업 | 팝가 POPGA,20241014,20260513
/popup/359,31,나는 솔로 팝업 | 팝업나우,20240823,20260513
/popup/2656,99,팝가스토어 용산점 어린이날 이벤트 | 팝가 POPGA,20250430,20260513
/popup/1658,41,한유아 미디어아트 전시 | 팝가 POPGA,20250120,20260513
/popup/3109,113,칼라파타르 팝업 | 팝가 POPGA,20250623,20260513
/popup/1655,9,강병인 글씨 예술가의 신년 덕담 이벤트 - 수원 - 강병인 팝업 | 팝가 Popga,20250124,20260513
/popup/2361,152,나이스고스트클럽 X 이스트쿤스트 팝업 | 팝가 POPGA,20250327,20260513
/popup/2784,37,피지컬가먼츠 팝업 | 팝가 POPGA,20250517,20260513
/popup/1705,31,클라랑스 뷰티 팩토리 팝업 - 강남 - 클라랑스 팝업 | 팝가 Popga,20250123,20260513
/popup/1399,23,샤크 뷰티 팝업 | 팝가 POPGA,20241218,20260513
/popup/2905,227,페치 팝업 | 팝가 POPGA,20250604,20260513
/popup/1392,54,더현대 X 웁 하우스 파티 팝업 | 팝가 POPGA,20241218,20260513
/popup/692,31,복복 팝업 | 팝가 POPGA,20240927,20260513
/popup/2227,43,폰즈 리무버카 팝업 - 서울시립대 | 팝가 POPGA,20250314,20260513
/popup/1674,30,휴먼앤캣 팝업 | 팝가 POPGA,20250120,20260513
/popup/1854,101,바바라 팝업 | 팝가 POPGA,20250212,20260513
/popup/1352,67,2024 올리브영 어워즈 팝업 | 팝가 POPGA,20241213,20260513
/popup/3062,165,골든듀 팝업 | 팝가 POPGA,20250617,20260513
/popup/2111,58,스티키베이비 팝업 | 팝가 POPGA,20250307,20260513
/popup/3023,79,호즈미 팝업 | 팝가 POPGA,20250612,20260513
/popup/2709,196,에센셜바이이큐엘 팝업 | 팝가 POPGA,20250508,20260513
/popup/3102,829,올데이 프로젝트 팝업 | 팝가 POPGA,20250623,20260513
/popup/2565,159,르 아르베이 팝업 | 팝가 POPGA,20250423,20260513
/popup/2426,209,새미네부엌 X 쿠첸 집밥 팝업 | 팝가 POPGA,20250404,20260513
/popup/5202,219,AMD x LG gram POP-UP STORE - 용산 팝업 | 팝가 Popga,20260105,20260513
/popup/1718,69,미스그린 팝업 | 팝가 POPGA,20250124,20260513
/popup/1953,37,히다 팝업 | 팝가 POPGA,20250220,20260513
/popup/1795,74,카카올라 팝업 | 팝가 POPGA,20250206,20260513
/popup/2094,39,준태킴 팝업 | 팝가 POPGA,20250306,20260513
/popup/2009,56,페넥 팝업 | 팝가 POPGA,20250225,20260513
/popup/2286,54,브리핑 팝업 | 팝가 POPGA,20250319,20260513
/popup/1613,29,펄시 팝업 | 팝가 POPGA,20250114,20260513
/popup/2326,54,레고 보태니컬 팝업 | 팝가 POPGA,20250324,20260513
/popup/632,13,키득키득 팝업 - 키득키득 팝업 | 팝가 Popga,20240925,20260513
/popup/1946,9,베리베리뱁 팝업 - 청주 | 팝가 POPGA,20250220,20260513
/popup/1062,34,중식여신 X GUO 동파육 만두 광교 팝업 | 팝가 POPGA,20241113,20260513
/popup/1100,22,CBB 팝업 | 팝가 POPGA,20241116,20260513
/popup/404,31,쁘띠팩토리 팝업 | 팝가 POPGA,20240828,20260513
/popup/1788,19,앳킨슨 팝업 - 판교 - 앳킨슨 팝업 | 팝가 Popga,20250206,20260513
/popup/2759,29,이센트릭 팝업 | 팝가 POPGA,20250514,20260513
/popup/11,5,로우로우 스트링 시리즈 5주년 팝업 - 로우로우 팝업 | 팝가 Popga,20241230,20260513
/popup/sheet/6849,24,팝업스토어 찾기 | 팝가,20260430,20260513
/popup/433,9,Mushroom Fairy Village 팝업 - i live with six cats 팝업 | 팝가 Popga,20240829,20260513
/popup/2771,161,<천국보다 아름다운> 팝업 | 팝가 POPGA,20250515,20260513
/popup/1763,16,무민 아라비아 팝업 - 대구 | 팝가 POPGA,20250204,20260513
/popup/2271,105,템퍼 팝업 | 팝가 POPGA,20250318,20260513
/popup/360,17,콘텐츠 유니버스 코리아 2024 페스티벌 - 유튜브 팝업 | 팝가 Popga,20240829,20260513
/popup/786,26,카누 호환캡슐 팝업 | 팝가 POPGA,20241015,20260513
/popup/235,13,미니언즈X하울팟 분당 팝업 - 하울팟 팝업 | 팝가 Popga,20240809,20260513
/popup/1467,56,톰과 제리 팝업 | 팝가 POPGA,20241226,20260513
/popup/718,203,정년이 X 평화다방 팝업 | 팝가 POPGA,20241004,20260513
/popup/1875,43,지토의숲 캐리커쳐 팝업 | 팝가 POPGA,20250213,20260513
/popup/1330,19,크리스마스 빌리지 부산 마켓 | 팝가 POPGA,20241213,20260513
/popup/1485,18,종종 팝업 | 팝가 POPGA,20241227,20260513
/popup/2378,662,L4K3 팝업 | 팝가 POPGA,20250331,20260513
/popup/1139,75,무민 X 에버랜드 팝업 | 팝가 POPGA,20241124,20260513
/popup/sheet/2459,1,찜한 팝업스토어 모아보기 | 팝가 Popga,20260513,20260513
/popup/2866,112,모디 라이징 브랜드 패션 팝업 | 팝가 POPGA,20250528,20260513
/popup/2910,216,달링다운 와규 팝업 | 팝가 POPGA,20250604,20260513
/popup/1604,13,마테스 팝업 - 마테스 팝업 | 팝가 Popga,20250114,20260513
/popup/1538,268,호쿠네 X 리북방 X 보어드앤헝그리 X 탉강정 흑백요리사 수원 팝업 | 팝가 POPGA,20250106,20260513
/popup/2349,32,레스포색 X 로베르토 카발리 팝업 | 팝가 POPGA,20250326,20260513
/popup/2712,112,원웨이 팝업 | 팝가 POPGA,20250508,20260513
/popup/2425,349,별별잡화점 팝업 | 팝가 POPGA,20250404,20260513
/popup/2058,21,월리워 스튜디오 팝업 - 울산 | 팝가 POPGA,20250304,20260513
/popup/2541,144,레인스 팝업 | 팝가 POPGA,20250417,20260513
/popup/1447,85,오징어 게임 시즌2 X 신세계 백화점 부산 팝업 | 팝가 POPGA,20241223,20260513
/popup/1333,13,김범수 여행 디 오리지널 팝업 - 김범수 팝업 | 팝가 Popga,20241213,20260513
/popup/sheet/6964,50,성수 팝업스토어 찾기 | 팝가,20260511,20260513
/popup/sheet/6898,56,"인기 팝업스토어 일정, 후기를 한눈에! | 팝가 Popga",20260505,20260513
/popup/2389,84,리조트휘트니스 팝업 | 팝가 POPGA,20250331,20260513
/popup/1753,45,"시시호시 Love, Dear 팝업 | 팝가 POPGA",20250203,20260513
/popup/1382,47,피넛버터바나나 명동 팝업 | 팝가 POPGA,20241218,20260513
/popup/1985,68,몽글미 팝업 | 팝가 POPGA,20250224,20260513
/popup/844,9,포레포레 파티 메리메리 팝업 - 포레포레 팝업 | 팝가 Popga,20241022,20260513
/popup/761,50,세종대왕 X 플레이모빌 팝업 - 리코 팝업 | 팝가 Popga,20241010,20260513
/popup/1256,10,롯데 크리스마스 마켓 수원 팝업 | 팝가 POPGA,20241207,20260513
/popup/2797,147,타미진스 팝업 | 팝가 POPGA,20250519,20260513
/popup/4396,88,소담페스타 - NEW RUN:달려라 소상공인 | 팝가 Popga,20251023,20260513
/popup/1189,42,포토그램 팝업 | 팝가 POPGA,20241129,20260513
/popup/1770,28,하리보 팝업 - 분당 | 팝가 POPGA,20250205,20260513
/popup/2067,280,킴스미 팝업 | 팝가 POPGA,20250304,20260513
/popup/269,41,니커버커 베이글 신세계백화점 본점 팝업 | 팝가 POPGA,20240821,20260513
/popup/1884,60,머렐 팝업 - 압구정 | 팝가 POPGA,20250214,20260513
/popup/1463,16,영롱시네마 판교 팝업 | 팝가 POPGA,20241227,20260513
/popup/2024,148,이번 생은 우주대스타 X 애니플러스 콜라보 카페 팝업 - 부산 | 팝가 POPGA,20250227,20260513
/popup/1877,162,이케아 팝업 - 광주 | 팝가 POPGA,20250213,20260513
/popup/1461,15,영롱시네마 목동 팝업 | 팝가 POPGA,20241226,20260513
/popup/1911,37,포그 팝업 | 팝가 POPGA,20250218,20260513
/popup/170,23,서천 마케트 팝업 | 팝가 POPGA,20240801,20260513
/popup/3032,54,더티린넨 팝업 | 팝가 POPGA,20250613,20260513
/popup/2185,11,구빈 팝업 | 팝가 POPGA,20250310,20260513
/popup/1806,9,스타필드 윈터 키즈 스트리트 팝업 - 고양 | 팝가 POPGA,20250212,20260513
/popup/sheet/2489,1,찜한 팝업스토어 모아보기 | 팝가 Popga,20260513,20260513
/popup/4143,84,미우미우 팝업 | 팝가 Popga,20250929,20260514
/popup/4849,266,라인프렌즈 브라운 15주년 팝업 - HUG BROWN HOUSE - 명동 팝업 | 팝가 Popga,20251201,20260514
/popup/sheet/6172,81,"인기 팝업스토어 일정, 후기를 한눈에! | 팝가 Popga",20260406,20260514
/popup/sheet/6945,37,팝업스토어 찾기 | 팝가,20260508,20260514
/popup/sheet/6490,133,홍대/신촌 팝업스토어 찾기 | 팝가,20260421,20260514
/popup/sheet/6963,52,성수 팝업스토어 찾기 | 팝가,20260511,20260514
/popup/sheet/6974,39,팝업스토어 찾기 | 팝가,20260512,20260514
/popup/1421,73,리이제 팝업 | 팝가 POPGA,20241219,20260514
/popup/sheet/6897,180,성수 팝업스토어 찾기 | 팝가,20260505,20260514
/popup/sheet/5903,32,팝업스토어 찾기 | 팝가,20260316,20260514
/popup/sheet/1393,1,팝업스토어 검색 | 팝가 Popga,20260514,20260514
/popup/sheet/4261,1,여의도 라이프스타일 팝업스토어 찾기 | 팝가,20260514,20260514
/popup/sheet/2274,1,찜한 팝업스토어 모아보기 | 팝가 Popga,20260514,20260514
/popup/sheet/6565,87,팝업스토어 찾기 | 팝가,20260423,20260514
/popup/6343,31,콤마씨 팝업 - 여의도 팝업 | 팝가 Popga,20260415,20260514
/popup/4756,75,GUVS 팝업 - 여의도 팝업 | 팝가 Popga,20251123,20260514
/popup/sheet/4719,1,여의도 라이프스타일 팝업스토어 찾기 | 팝가,20260514,20260514
/popup/sheet/4136,1,찜한 팝업스토어 모아보기 | 팝가 Popga,20260514,20260514
/popup/sheet/6926,48,"인기 팝업스토어 일정, 후기를 한눈에! | 팝가 Popga",20260507,20260514
/popup/sheet/5921,207,팝업스토어 찾기 | 팝가,20260317,20260514
/popup/sheet/5496,2,여의도 라이프스타일 팝업스토어 찾기 | 팝가,20260224,20260514
/popup/sheet/4274,1,성수 뷰티 팝업스토어 찾기 | 팝가,20260514,20260514
/popup/sheet/1600,2,여의도 라이프스타일 팝업스토어 찾기 | 팝가,20260227,20260514
/popup/sheet/5988,125,여의도 팝업스토어 찾기 | 팝가,20260324,20260514
/popup/sheet/6862,50,팝업스토어 찾기 | 팝가,20260430,20260514
/popup/sheet/4428,1,찜한 팝업스토어 모아보기 | 팝가 Popga,20260514,20260514
/popup/3984,202,NCT DREAM 팝업 - Dreamiez’s Dream Forest | 팝가 POPGA,20250912,20260514
/popup/6761,21,룸코펜하겐 팝업 - 남대문 팝업 | 팝가 Popga,20260430,20260514
/popup/sheet/5653,1377,홍대/신촌 애니/캐릭터 팝업스토어 찾기 | 팝가,20260223,20260514
/popup/2774,62,업비트 피자데이 팝업 - 건국대학교 | 팝가 POPGA,20250516,20260514
/popup/sheet/6692,18,팝업스토어 찾기 | 팝가,20260427,20260514
/popup/sheet/6343,46,여의도 팝업스토어 찾기 | 팝가,20260415,20260514
/popup/sheet/5846,66,여의도 팝업스토어 찾기 | 팝가,20260311,20260514
/popup/sheet/4562,1,여의도 라이프스타일 팝업스토어 찾기 | 팝가,20260514,20260514
/popup/sheet/6960,22,팝업스토어 찾기 | 팝가,20260511,20260514
/popup/2772,136,클라뷰 X 포롱이 팝업 | 팝가 POPGA,20250515,20260514
/popup/sheet/1137,1,여의도 라이프스타일 팝업스토어 찾기 | 팝가,20260514,20260514
/popup/sheet/4756,1,여의도 라이프스타일 팝업스토어 찾기 | 팝가,20260514,20260514
/popup/sheet/4689,1,성수 뷰티 팝업스토어 찾기 | 팝가,20260514,20260514
/popup/sheet/1238,1,팝업스토어 검색 | 팝가 Popga,20260514,20260514
/popup/590,41,뮤지컬 알라딘 팝업 | 팝가 POPGA,20240919,20260514
/popup/4845,232,복(福)이 깃든 물건들 팝업 - Find your fortune - 홍대 팝업 | 팝가 Popga,20251130,20260514
/popup/sheet/6249,416,성수 팝업스토어 찾기 | 팝가,20260409,20260514
/popup/5376,94,노브포에티 팝업 - 서울 팝업 | 팝가 Popga,20260121,20260514
/popup/sheet/5835,102,팝업스토어 찾기 | 팝가,20260310,20260514
/popup/4261,85,트위너 팝업 | 팝가 Popga,20251011,20260514
/popup/sheet/6307,61,팝업스토어 찾기 | 팝가,20260414,20260514
/popup/sheet/6601,16,팝업스토어 찾기 | 팝가,20260427,20260514
/popup/sheet/5208,1,여의도 라이프스타일 팝업스토어 찾기 | 팝가,20260514,20260514
/popup/7035,13,펍지 X 기아 언플러그드 그라운드 팝업 @뚝섬 - 성수 팝업 | 팝가 Popga,20260514,20260514
/popup/sheet/5370,1,여의도 라이프스타일 팝업스토어 찾기 | 팝가,20260514,20260514
/popup/sheet/6670,35,경상권 팝업스토어 찾기 | 팝가,20260428,20260514
/popup/1479,52,노티드 X 박은영 셰프 '크림 멘보' 강남 팝업 | 팝가 POPGA,20241227,20260514
/popup/sheet/2730,2,팝업스토어 검색 | 팝가 Popga,20260330,20260514
/popup/sheet/1421,1,여의도 라이프스타일 팝업스토어 찾기 | 팝가,20260514,20260514
/popup/4648,119,김해김 팝업 - 성수 팝업 | 팝가 Popga,20251113,20260514
/popup/sheet/5555,11,여의도 팝업스토어 찾기 | 팝가,20260223,20260514
/popup/3056,515,NS 프로틴 팝업 | 팝가 POPGA,20250617,20260514
/popup/sheet/6428,620,"인기 팝업스토어 일정, 후기를 한눈에! | 팝가 Popga",20260417,20260514
/popup/sheet/5760,84,"인기 팝업스토어 일정, 후기를 한눈에! | 팝가 Popga",20260303,20260514
/popup/sheet/6459,21,팝업스토어 찾기 | 팝가,20260420,20260514
/popup/sheet/4385,3,성수 뷰티 팝업스토어 찾기 | 팝가,20260322,20260514
/popup/sheet/2932,1,찜한 팝업스토어 모아보기 | 팝가 Popga,20260514,20260514
/popup/3495,48,게이트리스 팝업 | 팝가 POPGA,20250801,20260514
/popup/4681,141,"창조의 경계 전시 - AI, 인간, 그리고 예술 - 강남 팝업 | 팝가 Popga",20251117,20260514
/popup/sheet/6646,14,팝업스토어 찾기 | 팝가,20260426,20260514
/popup/sheet/4607,1,성수 뷰티 팝업스토어 찾기 | 팝가,20260514,20260514
/popup/sheet/6633,11,경상권 팝업스토어 찾기 | 팝가,20260426,20260514
/popup/sheet/3831,1,여의도 라이프스타일 팝업스토어 찾기 | 팝가,20260514,20260514
/popup/sheet/3951,1,찜한 팝업스토어 모아보기 | 팝가 Popga,20260514,20260514
/popup/sheet/7016,12,팝업스토어 찾기 | 팝가,20260513,20260514
/popup/sheet/5857,493,성수 팝업스토어 찾기 | 팝가,20260312,20260517
/popup/sheet/6859,145,성수 팝업스토어 찾기 | 팝가,20260430,20260517
/popup/968,23,백세주막 팝업 | 팝가 POPGA,20241104,20260517
/popup/sheet/6988,121,성수 팝업스토어 찾기 | 팝가,20260512,20260517
/popup/sheet/7045,27,팝업스토어 찾기 | 팝가,20260514,20260517
/popup/sheet/6887,19,팝업스토어 찾기 | 팝가,20260505,20260517
/popup/7051,6,팝업스토어 상세 정보 | 팝가 Popga,20260515,20260517
/popup/468,17,가덕하게 팝업 - 가덕도 신공항 팝업 | 팝가 Popga,20240904,20260517
/popup/sheet/2647,1,"5월 3주차 성수 데이트 지도: 성수 팝업스토어부터 맛집, 카페까지 | 팝가 Popga",20260517,20260517
/popup/sheet/6344,153,성수 팝업스토어 찾기 | 팝가,20260415,20260517
/popup/sheet/5569,252,"인기 팝업스토어 일정, 후기를 한눈에! | 팝가 Popga",20260223,20260517
/popup/2146,1,팝업스토어 상세 정보 | 팝가 Popga,20260517,20260517
/popup/sheet/6721,31,팝업스토어 찾기 | 팝가,20260429,20260517
/popup/sheet/6782,45,잠실 팝업스토어 찾기 | 팝가,20260430,20260517
/popup/sheet/6662,249,성수 팝업스토어 찾기 | 팝가,20260427,20260517
/popup/sheet/6602,5,"전라권, 충청권 팝업스토어 찾기 | 팝가",20260427,20260517
/popup/7026,7,벨벳바니 이벤트 - 벨벳보이를 찾아라! - 성수 팝업 | 팝가 Popga,20260513,20260517
/popup/2961,135,전자랜드 세모키 팝업 | 팝가 POPGA,20250611,20260517
/popup/3534,309,보송이 팝업 - 보송이의 여름방학 | 팝가 POPGA,20250805,20260517
/popup/sheet/2310,3,팝업스토어 검색 | 팝가 Popga,20260509,20260517
/popup/sheet/2625,1,"5월 3주차 성수 데이트 지도: 성수 팝업스토어부터 맛집, 카페까지 | 팝가 Popga",20260517,20260517
/popup/sheet/6185,216,성수 팝업스토어 찾기 | 팝가,20260407,20260517
/popup/sheet/5915,147,애니/캐릭터 팝업스토어 찾기 | 팝가,20260317,20260517
/popup/sheet/7033,112,성수 팝업스토어 찾기 | 팝가,20260514,20260517
/popup/sheet/6048,215,성수 팝업스토어 찾기 | 팝가,20260329,20260517
/popup/sheet/3054,1,팝업스토어 지도 | 팝가,20260517,20260517
/popup/sheet/7056,21,팝업스토어 찾기 | 팝가,20260515,20260517
/popup/sheet/7061,36,팝업스토어 찾기 | 팝가,20260515,20260517
/popup/sheet/6888,366,성수 팝업스토어 찾기 | 팝가,20260505,20260517
/popup/sheet/6856,108,잠실 팝업스토어 찾기 | 팝가,20260430,20260517
/popup/sheet/2692,2,"5월 3주차 성수 데이트 지도: 성수 팝업스토어부터 맛집, 카페까지 | 팝가 Popga",20260512,20260517
/popup/sheet/7011,129,성수 팝업스토어 찾기 | 팝가,20260513,20260517
/popup/98,40,팝업찾기 | POPUPNOW 팝업나우,20240801,20260517
/popup/4566,43,세컨미닛아우어 팝업 - 용산 팝업 | 팝가 Popga,20251106,20260517
/popup/sheet/7000,152,성수 팝업스토어 찾기 | 팝가,20260512,20260517
/popup/sheet/5888,104,팝업스토어 찾기 | 팝가,20260315,20260517
/popup/sheet/7041,39,팝업스토어 찾기 | 팝가,20260514,20260517
/popup/sheet/2697,2,"5월 3주차 성수 데이트 지도: 성수 팝업스토어부터 맛집, 카페까지 | 팝가 Popga",20260516,20260517
/popup/sheet/7050,12,팝업스토어 찾기 | 팝가,20260515,20260517
/popup/2157,6,고토리 스낵바 | 팝가 POPGA,20250425,20260517
/popup/sheet/5781,1945,"인기 팝업스토어 일정, 후기를 한눈에! | 팝가 Popga",20260305,20260517
/popup/6743,16,하리보젤리 팝업 - 평촌 팝업 | 팝가 Popga,20260429,20260517
/popup/2795,72,이지오 X 희희 팝업 | 팝가 POPGA,20250519,20260517
/popup/4462,240,씨뮤 산타즈의 선물 공장 팝업 | 팝가 Popga,20251029,20260517
/popup/sheet/5914,1337,"인기 팝업스토어 일정, 후기를 한눈에! | 팝가 Popga",20260317,20260517
/popup/4468,79,슈트패브릭 팝업 | 팝가 Popga,20251029,20260517
/popup/sheet/6938,33,팝업스토어 찾기 | 팝가,20260508,20260517
/popup/sheet/7032,15,팝업스토어 찾기 | 팝가,20260514,20260517
/popup/3464,1,팝업스토어 상세 정보 | 팝가 Popga,20260517,20260517
/popup/sheet/2727,1,"애니 덕후 필독! 6월 애니 팝업스토어 모음zip. (달빛천사 카페, 포켓몬 월드, 댄꼼마, 짱구, 지브리) | 팝가 Popga",20260517,20260517
/popup/1245,73,슈가슈가룬 X 팝퍼블 콜라보 팝업 | 팝가 POPGA,20241203,20260527
/popup/4108,84,쿠진 팝업 | 팝가 POPGA,20250924,20260527
/popup/5442,208,르봉마리아쥬 팝업 - 잠실 팝업 | 팝가 Popga,20260128,20260527
/popup/sheet/5731,623,성수 팝업스토어 찾기 | 팝가,20260301,20260527
/popup/sheet/7064,116,팝업스토어 찾기 | 팝가,20260515,20260527
/popup/sheet/6718,66,"인기 팝업스토어 일정, 후기를 한눈에! | 팝가 Popga",20260429,20260527
/popup/3773,28,DEXT:ed Market 이벤트 | 팝가 POPGA,20250827,20260527
/popup/4512,55,블랙핑크 팝업 - 강남 | 팝가 Popga,20251103,20260527
/popup/sheet/7083,52,"인기 팝업스토어 일정, 후기를 한눈에! | 팝가 Popga",20260518,20260527
/popup/sheet/7122,23,"인기 팝업스토어 일정, 후기를 한눈에! | 팝가 Popga",20260520,20260527
/popup/6965,3,해브해드 팝업 - 부산 팝업 | 팝가 Popga,20260512,20260527
/popup/1667,49,케르종 팝업 - 판교 | 팝가 POPGA,20250120,20260527
/popup/sheet/7077,51,여의도 팝업스토어 찾기 | 팝가,20260517,20260527
/popup/sheet/5076,1,찜한 팝업스토어 모아보기 | 팝가 Popga,20260527,20260527
/popup/2456,223,콜드플레이 팝업 | 팝가 POPGA,20250408,20260527
/popup/sheet/5864,75,"인기 팝업스토어 일정, 후기를 한눈에! | 팝가 Popga",20260312,20260527
/popup/sheet/6472,937,성수 팝업스토어 찾기 | 팝가,20260420,20260527
/popup/sheet/5667,430,성수 팝업스토어 찾기 | 팝가,20260223,20260527
/popup/sheet/7105,137,성수 팝업스토어 찾기 | 팝가,20260519,20260527
/popup/5265,92,GS25 X 플레이브 팝업 - 선릉 - 강남 팝업 | 팝가 Popga,20260112,20260527
/popup/sheet/7073,22,팝업스토어 찾기 | 팝가,20260517,20260527
/popup/sheet/7062,64,팝업스토어 찾기 | 팝가,20260515,20260527
/popup/sheet/5191,1,찜한 팝업스토어 모아보기 | 팝가 Popga,20260527,20260527
/popup/4614,270,홀리추얼 팝업 - 성수 팝업 | 팝가 Popga,20251111,20260527
/popup/sheet/5209,3,애니/캐릭터 팝업스토어 찾기 | 팝가,20260302,20260527
/popup/sheet/5955,131,애니/캐릭터 팝업스토어 찾기 | 팝가,20260320,20260527
/popup/6925,49,베이지크 팝업 - 서대문구 팝업 | 팝가 Popga,20260507,20260527
/popup/sheet/7157,8,강남/서초 팝업스토어 찾기 | 팝가,20260521,20260527
/popup/sheet/5131,1,찜한 팝업스토어 모아보기 | 팝가 Popga,20260527,20260527
/popup/7141,19,오프아워 팝업 - 여의도 팝업 | 팝가 Popga,20260520,20260527
/popup/3794,163,내가 봐줄게 사주타로 팝업 | 팝가 POPGA,20250828,20260527
/popup/4007,95,"2025 서울청년주간 이벤트 - 청년의 무한 성장, 그라운드 업(GRWND UP) | 팝가 POPGA",20250916,20260527
/popup/sheet/6294,757,성수 팝업스토어 찾기 | 팝가,20260413,20260527
/popup/821,32,1907 Village 팝업 | 팝가 POPGA,20241021,20260527
/popup/1947,63,우너프 X 라시트포 팝업 | 팝가 POPGA,20250220,20260527
/popup/3500,37,휙 팝업 | 팝가 POPGA,20250801,20260527
/popup/sheet/5664,403,"인기 팝업스토어 일정, 후기를 한눈에! | 팝가 Popga",20260223,20260527
/popup/4667,107,노이스 X 베르디 팝업 - 성수 팝업 | 팝가 Popga,20251114,20260527
/popup/2798,100,소소영 <두 개의 이야기: 기억과 물성 사이> 전시 | 팝가 POPGA,20250519,20260527
/popup/sheet/5155,1,찜한 팝업스토어 모아보기 | 팝가 Popga,20260527,20260527
/popup/3548,180,무음 팝업 - GLITCH GIRLS CLOSET | 팝가 POPGA,20250806,20260527
/popup/sheet/5185,1,찜한 팝업스토어 모아보기 | 팝가 Popga,20260527,20260527
/popup/223,37,지구랜드 유닛팝업 '지구스테이션' 팝업 | 팝가 POPGA,20240807,20260527
/popup/sheet/5201,9,찜한 팝업스토어 모아보기 | 팝가 Popga,20260223,20260527
/popup/1460,50,감정 과수원 전시 | 팝가 POPGA,20241224,20260527
/popup/sheet/7074,44,"인기 팝업스토어 일정, 후기를 한눈에! | 팝가 Popga",20260517,20260527
/popup/sheet/5089,1,찜한 팝업스토어 모아보기 | 팝가 Popga,20260527,20260527
/popup/1344,51,디즈니스토어 MAGICAL CHRISTMAS 팝업 | 팝가 POPGA,20241212,20260527
/popup/sheet/7171,25,여의도 팝업스토어 찾기 | 팝가,20260522,20260527
/popup/sheet/7143,42,팝업스토어 찾기 | 팝가,20260520,20260527
/popup/3441,96,헤이프 팝업 | 팝가 POPGA,20250730,20260528
/popup/4102,77,마르쉐 채소시장 팝업 | 팝가 POPGA,20250924,20260528
/popup/sheet/5803,569,애니/캐릭터 팝업스토어 찾기 | 팝가,20260306,20260528
/popup/sheet/6940,74,잠실 팝업스토어 찾기 | 팝가,20260508,20260528
/popup/sheet/6953,88,팝업스토어 찾기 | 팝가,20260511,20260528
/popup/sheet/7076,42,팝업스토어 찾기 | 팝가,20260517,20260528
/popup/628,66,아임타입 팝업 | 팝가 POPGA,20240927,20260528
/popup/sheet/4749,1,팝업스토어 검색 | 팝가 Popga,20260528,20260528
/popup/2342,48,스와치 팝업 | 팝가 POPGA,20250326,20260528
/popup/sheet/6543,257,성수 팝업스토어 찾기 | 팝가,20260422,20260528
/popup/4652,264,주토피아2 팝업 - 메가박스 더부티크목동현대백화점 - 목동 팝업 | 팝가 Popga,20251113,20260528
/popup/sheet/7038,17,팝업스토어 찾기 | 팝가,20260514,20260528
/popup/4057,420,샌디에이고 미술관 특별전시 - 르네상스에서 인상주의까지 - 샌디에이고 미술관 특별전시 팝업 | 팝가 Popga,20250919,20260528
/popup/251,155,온초점 두바이 초콜릿 팝업 | POPUPNOW 팝업나우,20240807,20260528
/popup/1466,48,앳킨슨1799 팝업 | 팝가 POPGA,20241226,20260528
/popup/2442,565,네스프레소 버츄오 팝업 | 팝가 POPGA,20250407,20260528
/popup/2911,185,포에브 팝업 | 팝가 POPGA,20250604,20260528
/popup/5255,128,게이즈샵 팝업 - 여의도 팝업 | 팝가 Popga,20260109,20260528
/popup/sheet/7112,45,잠실 팝업스토어 찾기 | 팝가,20260519,20260528
/popup/sheet/6962,114,"조규현 조규매 베이커리 팝업스토어| 사전예약&현장대기 방법, 굿즈 리스트 총정리 | 팝가 Popga",20260511,20260528
/popup/sheet/6899,22,팝업스토어 찾기 | 팝가,20260505,20260528
/popup/2849,102,베이지크 팝업 | 팝가 POPGA,20250526,20260528
/popup/sheet/7037,63,홍대/신촌 팝업스토어 찾기 | 팝가,20260514,20260528
/popup/1325,76,우리들의 365일 대전 팝업 | 팝가 POPGA,20241215,20260528
/popup/558,23,로보락 팝업 | 팝가 POPGA,20240913,20260528
/popup/1395,35,인생쉐이크 팝업 | 팝가 POPGA,20241217,20260528
/popup/sheet/6885,33,"인기 팝업스토어 일정, 후기를 한눈에! | 팝가 Popga",20260504,20260528
/popup/3824,124,창작의 정원 전시 | 팝가 POPGA,20250829,20260528
/popup/2126,9,노스 성수점 | 팝가 POPGA,20250315,20260528
/popup/sheet/7075,41,잠실 팝업스토어 찾기 | 팝가,20260517,20260528
/popup/3204,221,스크럽 대디 팝업 | 팝가 POPGA,20250702,20260528
/popup/1280,29,풀티 팝업 | 팝가 POPGA,20241206,20260528
/popup/6875,31,에이미원더 팝업 - 용산 팝업 | 팝가 Popga,20260504,20260528
/popup/sheet/7145,50,홍대/신촌 팝업스토어 찾기 | 팝가,20260520,20260528
/popup/346,52,퀸즈베리도넛하우스 팝업 - 도넛 팝업 | 팝가 Popga,20240821,20260528
/popup/sheet/6278,504,성수 팝업스토어 찾기 | 팝가,20260410,20260528
/popup/sheet/5431,1,홍대/신촌 팝업스토어 찾기 | 팝가,20260528,20260528
/popup/4542,122,오브제바이쿤달 팝업 - 강남 팝업 | 팝가 Popga,20251105,20260528
/popup/2338,130,성수마켓 팝업 | 팝가 POPGA,20250325,20260528
/popup/6846,18,제이제이디저트 팝업 - 영등포 팝업 | 팝가 Popga,20260430,20260528
/popup/sheet/5699,136,홍대/신촌 애니/캐릭터 팝업스토어 찾기 | 팝가,20260225,20260528
/popup/2737,200,어프어프 X 김씨네과일 팝업 | 팝가 POPGA,20250512,20260528
/popup/sheet/7260,54,성수 팝업스토어 찾기 | 팝가,20260527,20260528
/popup/sheet/7175,40,여의도 팝업스토어 찾기 | 팝가,20260522,20260528
/popup/2602,118,몰랑이 팝업 | 팝가 POPGA,20250425,20260528
/popup/2738,2112,아이유 생일 카페 - 연남 | 팝가 POPGA,20250514,20260528
/popup/sheet/7013,195,성수 팝업스토어 찾기 | 팝가,20260513,20260528
/popup/6521,111,풀리오 팝업 - 미아 팝업 | 팝가 Popga,20260421,20260528
/popup/sheet/6232,266,팝업스토어 찾기 | 팝가,20260408,20260528
/popup/sheet/7127,28,팝업스토어 찾기 | 팝가,20260520,20260528
/popup/4277,95,방탄소년단 MOVIE WEEKS 팝업 | 팝가 Popga,20251013,20260528
/popup/sheet/7229,11,팝업스토어 찾기 | 팝가,20260526,20260528
/popup/sheet/6968,21,팝업스토어 찾기 | 팝가,20260511,20260528
/popup/2052,65,피넛버터바나나 팝업 - 대구 | 팝가 POPGA,20250228,20260531
/popup/sheet/7192,21,"인기 팝업스토어 일정, 후기를 한눈에! | 팝가 Popga",20260524,20260531
/popup/sheet/7190,104,"인기 팝업스토어 일정, 후기를 한눈에! | 팝가 Popga",20260523,20260531
/popup/sheet/7133,164,"인기 팝업스토어 일정, 후기를 한눈에! | 팝가 Popga",20260520,20260531
/popup/sheet/6975,62,여의도 팝업스토어 찾기 | 팝가,20260512,20260531
/popup/sheet/6163,154,잠실 팝업스토어 찾기 | 팝가,20260405,20260531
/popup/sheet/5783,108,팝업스토어 찾기 | 팝가,20260305,20260531
/popup/2850,79,다이슨 청소기 팝업 | 팝가 POPGA,20250526,20260531
/popup/sheet/6281,49,"인기 팝업스토어 일정, 후기를 한눈에! | 팝가 Popga",20260410,20260531
/popup/sheet/7025,95,여의도 팝업스토어 찾기 | 팝가,20260513,20260531
/popup/sheet/7099,152,성수 팝업스토어 찾기 | 팝가,20260518,20260531
/popup/sheet/7278,24,팝업스토어 찾기 | 팝가,20260528,20260531
/popup/sheet/4348,1,찜한 팝업스토어 모아보기 | 팝가 Popga,20260531,20260531
/popup/sheet/6905,35,팝업스토어 찾기 | 팝가,20260506,20260531
/popup/sheet/6070,455,성수 팝업스토어 찾기 | 팝가,20260330,20260531
/popup/sheet/2945,1,팝업스토어 검색 | 팝가 Popga,20260531,20260531
/popup/sheet/7057,222,성수 팝업스토어 찾기 | 팝가,20260515,20260531
/popup/sheet/7230,97,성수 팝업스토어 찾기 | 팝가,20260526,20260531
/popup/sheet/5973,1280,성수 팝업스토어 찾기 | 팝가,20260323,20260531
/popup/sheet/5482,4,"2월 성수 팝업스토어 | NCT 위시 베이커리 팝업 사전 예약, 굿즈 리스트 총정리 | 팝가 Popga",20260420,20260531
/popup/sheet/7201,44,"인기 팝업스토어 일정, 후기를 한눈에! | 팝가 Popga",20260524,20260531
/popup/sheet/7173,31,팝업스토어 찾기 | 팝가,20260522,20260531
/popup/3570,139,논타입 팝업 | 팝가 POPGA,20250807,20260531
/popup/sheet/5147,378,애니/캐릭터 팝업스토어 찾기 | 팝가,20260223,20260531
/popup/sheet/7251,28,"인기 팝업스토어 일정, 후기를 한눈에! | 팝가 Popga",20260527,20260531
/popup/sheet/6022,66,팝업스토어 찾기 | 팝가,20260326,20260531
/popup/sheet/6429,348,"인기 팝업스토어 일정, 후기를 한눈에! | 팝가 Popga",20260417,20260531
/popup/sheet/6834,25,팝업스토어 찾기 | 팝가,20260429,20260531
/popup/1104,23,삶은 감자 대구 팝업 | 팝가 POPGA,20241118,20260531
/popup/sheet/7093,73,팝업스토어 찾기 | 팝가,20260518,20260531
/popup/438,26,제주한잔 연남상륙작전 팝업 | POPUPNOW 팝업나우,20240830,20260531
/popup/sheet/6212,768,성수 팝업스토어 찾기 | 팝가,20260408,20260531
/popup/sheet/7253,62,"인기 팝업스토어 일정, 후기를 한눈에! | 팝가 Popga",20260527,20260531
/popup/5619,35,삼바마켓 팝업 - 홍대 팝업 | 팝가 Popga,20260213,20260531
/popup/sheet/6950,155,팝업스토어 찾기 | 팝가,20260509,20260531
/popup/sheet/7120,230,성수 팝업스토어 찾기 | 팝가,20260520,20260531
/popup/490,118,테디테일즈 판교 팝업 | 팝가 POPGA,20240906,20260531
/popup/1859,71,멍모이 팝업 | 팝가 POPGA,20250212,20260531
/popup/sheet/6116,113,강남/서초 팝업스토어 찾기 | 팝가,20260401,20260531
/popup/sheet/6122,229,성수 팝업스토어 찾기 | 팝가,20260401,20260531
/popup/2501,100,프린세스 프링 팝업 | 팝가 POPGA,20250411,20260531
/popup/sheet/7188,47,팝업스토어 찾기 | 팝가,20260523,20260531
/popup/sheet/6092,211,성수 팝업스토어 찾기 | 팝가,20260331,20260531
/popup/sheet/6928,246,성수 팝업스토어 찾기 | 팝가,20260507,20260531
/popup/sheet/7089,208,성수 팝업스토어 찾기 | 팝가,20260518,20260531
/popup/1694,70,레스포색 x 마이멜로디 쿠로미 콜라보레이션 팝업 | 팝가 POPGA,20250122,20260531
/popup/sheet/7227,39,팝업스토어 찾기 | 팝가,20260530,20260531
/popup/sheet/6178,604,성수 팝업스토어 찾기 | 팝가,20260406,20260531
/popup/sheet/6188,493,성수 팝업스토어 찾기 | 팝가,20260407,20260531
/popup/sheet/7023,146,성수 팝업스토어 찾기 | 팝가,20260513,20260531
/popup/7149,1,팝업스토어 상세 정보 | 팝가 Popga,20260531,20260531
/popup/sheet/7234,52,팝업스토어 찾기 | 팝가,20260526,20260531
/popup/976,29,주디마리 대전 팝업 | 팝가 POPGA,20241103,20260531
/popup/sheet/5747,275,애니/캐릭터 팝업스토어 찾기 | 팝가,20260301,20260531
/popup/sheet/7047,328,성수 팝업스토어 찾기 | 팝가,20260514,20260531
/popup/sheet/6802,16,팝업스토어 찾기 | 팝가,20260429,20260531
/popup/sheet/7204,35,팝업스토어 찾기 | 팝가,20260524,20260531
/popup/sheet/7269,35,팝업스토어 찾기 | 팝가,20260528,20260531
/popup/sheet/7266,88,성수 팝업스토어 찾기 | 팝가,20260528,20260531
/popup/sheet/7197,21,"인기 팝업스토어 일정, 후기를 한눈에! | 팝가 Popga",20260524,20260531
/popup/2668,29,쏭크 팝업 | 팝가 POPGA,20250502,20260531
/popup/3921,96,NCT WISH 팝업 : MUSINSA DROP - 성수 | 팝가 POPGA,20250908,20260531
/popup/sheet/6941,232,성수 팝업스토어 찾기 | 팝가,20260508,20260531
/popup/2412,293,올리브영 슬로우 드라이브 팝업 | 팝가 POPGA,20250402,20260531
/popup/sheet/7078,288,성수 팝업스토어 찾기 | 팝가,20260517,20260531
/popup/sheet/7237,67,"인기 팝업스토어 일정, 후기를 한눈에! | 팝가 Popga",20260526,20260531
/popup/sheet/4969,1,찜한 팝업스토어 모아보기 | 팝가 Popga,20260531,20260531
/popup/sheet/5177,2,성수 팝업스토어 찾기 | 팝가,20260320,20260531
/popup/drawer/5482,1,"인기 팝업스토어 일정, 후기를 한눈에! | 팝가 Popga",20260304,20260531
/popup/2381,219,셋업이엑스이 팝업 | 팝가 POPGA,20250331,20260601
/popup/sheet/7107,334,성수 팝업스토어 찾기 | 팝가,20260519,20260601
/popup/sheet/7163,189,성수 팝업스토어 찾기 | 팝가,20260521,20260601
/popup/sheet/4946,1,"애니/캐릭터, 엔터테인먼트, 연예인/셀럽 팝업스토어 찾기 | 팝가",20260601,20260601
/popup/sheet/5184,1,"애니/캐릭터, 엔터테인먼트, 연예인/셀럽 팝업스토어 찾기 | 팝가",20260601,20260601
/popup/sheet/7153,34,팝업스토어 찾기 | 팝가,20260520,20260601
/popup/sheet/5338,1,"애니/캐릭터, 엔터테인먼트, 연예인/셀럽 팝업스토어 찾기 | 팝가",20260601,20260601
/popup/sheet/7028,53,팝업스토어 찾기 | 팝가,20260513,20260601
/popup/sheet/5339,1,"애니/캐릭터, 엔터테인먼트, 연예인/셀럽 팝업스토어 찾기 | 팝가",20260601,20260601
/popup/sheet/3725,1,팝업스토어 검색 | 팝가 Popga,20260601,20260601
/popup/sheet/5273,1,"애니/캐릭터, 엔터테인먼트, 연예인/셀럽 팝업스토어 찾기 | 팝가",20260601,20260601
/popup/sheet/4184,1,"엔터테인먼트, 애니/캐릭터, 연예인/셀럽 팝업스토어 찾기 | 팝가",20260601,20260601
/popup/sheet/5274,1,"애니/캐릭터, 엔터테인먼트, 연예인/셀럽 팝업스토어 찾기 | 팝가",20260601,20260601
/popup/sheet/4236,1,"엔터테인먼트, 애니/캐릭터, 연예인/셀럽 팝업스토어 찾기 | 팝가",20260601,20260601
/popup/sheet/5593,2,팝업스토어 찾기 | 팝가,20260531,20260601
/popup/2651,109,써스데이아일랜드 팝업 | 팝가 POPGA,20250430,20260601
/popup/5183,377,이니스프리 X 뚱시바 in 올리브영 홍대타운 - 홍대 팝업 | 팝가 Popga,20260102,20260601
/popup/2568,113,플랙진 팝업 | 팝가 POPGA,20250423,20260601
/popup/4118,83,아베다 팝업 | 팝가 POPGA,20250925,20260601
/popup/2766,157,니아르 팝업 | 팝가 POPGA,20250515,20260601
/popup/sheet/5720,169,"인기 팝업스토어 일정, 후기를 한눈에! | 팝가 Popga",20260226,20260601
/popup/5394,100,존재의 형태 전시 - 강남 팝업 | 팝가 Popga,20260125,20260601
/popup/sheet/6484,54,경상권 팝업스토어 찾기 | 팝가,20260421,20260601
/popup/5560,31,르셀르 팝업 - 여의도 팝업 | 팝가 Popga,20260209,20260601
/popup/sheet/7241,79,성수 팝업스토어 찾기 | 팝가,20260527,20260601
/popup/5474,115,플로로도라 팝업 - 여의도 팝업 | 팝가 Popga,20260130,20260601
/popup/639,51,남해 독일마을 팝업 | 팝가 POPGA,20240929,20260601
/popup/700,39,조커 팝업 | 팝가 POPGA,20240930,20260601
/popup/sheet/5269,1,"애니/캐릭터, 엔터테인먼트, 연예인/셀럽 팝업스토어 찾기 | 팝가",20260601,20260601
/popup/sheet/5379,1,"애니/캐릭터, 엔터테인먼트, 연예인/셀럽 팝업스토어 찾기 | 팝가",20260601,20260601
/popup/450,34,언폴드 팝업 | 팝가 POPGA,20240830,20260601
/popup/sheet/5328,1,"애니/캐릭터, 엔터테인먼트, 연예인/셀럽 팝업스토어 찾기 | 팝가",20260601,20260601
/popup/sheet/5284,1,"애니/캐릭터, 엔터테인먼트, 연예인/셀럽 팝업스토어 찾기 | 팝가",20260601,20260601
/popup/sheet/6241,39,팝업스토어 찾기 | 팝가,20260409,20260601
/popup/sheet/5116,1,"애니/캐릭터, 엔터테인먼트, 연예인/셀럽 팝업스토어 찾기 | 팝가",20260601,20260601
/popup/sheet/5406,3,팝업스토어 찾기 | 팝가,20260309,20260601
/popup/sheet/5265,1,"애니/캐릭터, 엔터테인먼트, 연예인/셀럽 팝업스토어 찾기 | 팝가",20260601,20260601
/popup/sheet/5193,1,"애니/캐릭터, 엔터테인먼트, 연예인/셀럽 팝업스토어 찾기 | 팝가",20260601,20260601
/popup/3574,140,나잇스위밍 팝업 | 팝가 POPGA,20250807,20260601
/popup/sheet/5118,1,"애니/캐릭터, 엔터테인먼트, 연예인/셀럽 팝업스토어 찾기 | 팝가",20260601,20260601
/popup/3153,174,핑거힐 팝업 | 팝가 POPGA,20250627,20260601
/popup/4138,298,디어클레어스 팝업 - 바이위시트렌드 딥다이브스토어 | 팝가 Popga,20250926,20260601
/popup/4397,246,캠터 팝업 | 팝가 Popga,20251023,20260601
/popup/6872,48,에르쯔틴 팝업 - 명동 팝업 | 팝가 Popga,20260504,20260601
/popup/1416,27,코자아 팝업 | 팝가 POPGA,20241219,20260601
/popup/sheet/5264,1,"애니/캐릭터, 엔터테인먼트, 연예인/셀럽 팝업스토어 찾기 | 팝가",20260601,20260601
/popup/sheet/4219,1,"엔터테인먼트, 애니/캐릭터, 연예인/셀럽 팝업스토어 찾기 | 팝가",20260601,20260601
/popup/sheet/5172,2,팝업스토어 검색 | 팝가 Popga,20260305,20260601
/popup/sheet/5196,1,"애니/캐릭터, 엔터테인먼트, 연예인/셀럽 팝업스토어 찾기 | 팝가",20260601,20260601
/popup/4078,48,홀리바넘 팝업 | 팝가 POPGA,20250922,20260601
/popup/1813,177,SML 토이샵 팝업 | 팝가 POPGA,20250207,20260601
/popup/2462,420,무신사 슈즈 페스티벌 팝업 - 무신사 스토어 성수@대림창고 | 팝가 POPGA,20250409,20260601
/popup/4012,85,오프아워 팝업 | 팝가 POPGA,20250916,20260601
/popup/1489,36,새로 신년 부산 팝업 | 팝가 POPGA,20241229,20260601
/popup/sheet/7104,21,팝업스토어 찾기 | 팝가,20260519,20260601
/popup/sheet/7268,37,"인기 팝업스토어 일정, 후기를 한눈에! | 팝가 Popga",20260528,20260601
/popup/sheet/5420,1,"애니/캐릭터, 엔터테인먼트, 연예인/셀럽 팝업스토어 찾기 | 팝가",20260601,20260601
/popup/sheet/5251,779,홍대/신촌 애니/캐릭터 팝업스토어 찾기 | 팝가,20260223,20260601
/popup/sheet/7066,159,"인기 팝업스토어 일정, 후기를 한눈에! | 팝가 Popga",20260517,20260601
/popup/sheet/5268,233,팝업스토어 찾기 | 팝가,20260223,20260601
/popup/2599,138,토이트론 팝업 | 팝가 POPGA,20250425,20260601
/popup/6683,10,셀바티코 팝업 @영등포 - 영등포 팝업 | 팝가 Popga,20260427,20260601
/popup/sheet/5281,1,"애니/캐릭터, 엔터테인먼트, 연예인/셀럽 팝업스토어 찾기 | 팝가",20260601,20260601
/popup/sheet/5292,2,팝업스토어 검색 | 팝가 Popga,20260421,20260601
/popup/4235,76,물건의 집 플리마켓 | 팝가 Popga,20251005,20260601
/popup/sheet/7193,10,팝업스토어 찾기 | 팝가,20260525,20260601
/popup/sheet/4319,1,"엔터테인먼트, 애니/캐릭터, 연예인/셀럽 팝업스토어 찾기 | 팝가",20260601,20260601
/popup/sheet/5178,1,"애니/캐릭터, 엔터테인먼트, 연예인/셀럽 팝업스토어 찾기 | 팝가",20260601,20260601
/popup/3295,131,오브제바이쿤달 팝업 | 팝가 POPGA,20250714,20260601
/popup/4522,104,따끈따끈 빛고을 오일장 팝업 - 잠실 | 팝가 Popga,20251103,20260601
/popup/sheet/5192,1,"애니/캐릭터, 엔터테인먼트, 연예인/셀럽 팝업스토어 찾기 | 팝가",20260601,20260601
/popup/sheet/5166,1,"애니/캐릭터, 엔터테인먼트, 연예인/셀럽 팝업스토어 찾기 | 팝가",20260601,20260601
/popup/sheet/4973,12,팝업스토어 찾기 | 팝가,20260224,20260601
/popup/sheet/6539,395,성수 팝업스토어 찾기 | 팝가,20260422,20260602
/popup/sheet/6435,722,성수 팝업스토어 찾기 | 팝가,20260417,20260602
/popup/4858,56,떼르드 캐시미어 팝업 - 잠실 팝업 | 팝가 Popga,20251202,20260602
/popup/sheet/5770,55,"인기 팝업스토어 일정, 후기를 한눈에! | 팝가 Popga",20260304,20260602
/popup/sheet/7085,56,팝업스토어 찾기 | 팝가,20260518,20260602
/popup/sheet/4481,1,"엔터테인먼트, 애니/캐릭터, 연예인/셀럽 팝업스토어 찾기 | 팝가",20260602,20260602
/popup/1379,33,BT21 엔젤 앤 빌런 팝업 | 팝가 POPGA,20241216,20260602
/popup/sheet/4659,1,"엔터테인먼트, 애니/캐릭터, 연예인/셀럽 팝업스토어 찾기 | 팝가",20260602,20260602
/popup/sheet/4295,2,"엔터테인먼트, 애니/캐릭터, 연예인/셀럽 팝업스토어 찾기 | 팝가",20260426,20260602
/popup/sheet/4513,1,"엔터테인먼트, 애니/캐릭터, 연예인/셀럽 팝업스토어 찾기 | 팝가",20260602,20260602
/popup/sheet/4335,1,"엔터테인먼트, 애니/캐릭터, 연예인/셀럽 팝업스토어 찾기 | 팝가",20260602,20260602
/popup/sheet/4521,1,"엔터테인먼트, 애니/캐릭터, 연예인/셀럽 팝업스토어 찾기 | 팝가",20260602,20260602
/popup/sheet/4511,1,"엔터테인먼트, 애니/캐릭터, 연예인/셀럽 팝업스토어 찾기 | 팝가",20260602,20260602
/popup/sheet/4552,1,"엔터테인먼트, 애니/캐릭터, 연예인/셀럽 팝업스토어 찾기 | 팝가",20260602,20260602
/popup/6228,39,산스 팝업 - 강남 팝업 | 팝가 Popga,20260410,20260602
/popup/sheet/7222,89,팝업스토어 찾기 | 팝가,20260526,20260602
/popup/6528,46,네츄럴코어 팝업 - 여의도 팝업 | 팝가 Popga,20260422,20260602
/popup/sheet/4900,1,"엔터테인먼트, 애니/캐릭터, 연예인/셀럽 팝업스토어 찾기 | 팝가",20260602,20260602
/popup/sheet/4264,1,"엔터테인먼트, 애니/캐릭터, 연예인/셀럽 팝업스토어 찾기 | 팝가",20260602,20260602
/popup/sheet/6934,171,성수 팝업스토어 찾기 | 팝가,20260508,20260602
/popup/6922,24,감만지 김은주 2인 전시회 - <…happily ever after> - 강남 팝업 | 팝가 Popga,20260507,20260602
/popup/sheet/4901,1,"엔터테인먼트, 애니/캐릭터, 연예인/셀럽 팝업스토어 찾기 | 팝가",20260602,20260602
/popup/sheet/4271,1,"엔터테인먼트, 애니/캐릭터, 연예인/셀럽 팝업스토어 찾기 | 팝가",20260602,20260602
/popup/467,30,율립 팝업 - 율립 팝업 | 팝가 Popga,20240904,20260602
/popup/1685,20,팜플래닛 X 매드바닐라 콜라보 카페 팝업 | 팝가 POPGA,20250122,20260602
/popup/sheet/6704,142,5월 팝업스토어 추천 | 유미의 세포들 3 팝업 일정 & 이벤트 총정리 | 팝가 Popga,20260428,20260602
/popup/sheet/4512,1,"엔터테인먼트, 애니/캐릭터, 연예인/셀럽 팝업스토어 찾기 | 팝가",20260602,20260602
/popup/sheet/6471,1100,성수 팝업스토어 찾기 | 팝가,20260420,20260602
/popup/2418,146,코스알엑스 X 뷰티쁠 무빙팝업 | 팝가 POPGA,20250403,20260602
/popup/sheet/4795,1,"엔터테인먼트, 애니/캐릭터, 연예인/셀럽 팝업스토어 찾기 | 팝가",20260602,20260602
/popup/sheet/4334,1,"엔터테인먼트, 애니/캐릭터, 연예인/셀럽 팝업스토어 찾기 | 팝가",20260602,20260602
/popup/sheet/7098,227,성수 팝업스토어 찾기 | 팝가,20260518,20260602
/popup/sheet/4252,1,"엔터테인먼트, 애니/캐릭터, 연예인/셀럽 팝업스토어 찾기 | 팝가",20260602,20260602
/popup/4904,106,TOPS 팝업 - 여의도 팝업 | 팝가 Popga,20251204,20260602
/popup/sheet/4902,1,"엔터테인먼트, 애니/캐릭터, 연예인/셀럽 팝업스토어 찾기 | 팝가",20260602,20260602
/popup/7295,19,캘빈클라인 성수 스토어 - 성수 팝업 | 팝가 Popga,20260529,20260602
/popup/1585,75,오징어 게임 시즌2 팝업 - 광주 | 팝가 POPGA,20250110,20260602
/popup/3366,108,출판사 결 팝업 - Was it love ? | 팝가 POPGA,20250724,20260602
/popup/sheet/4277,1,"엔터테인먼트, 애니/캐릭터, 연예인/셀럽 팝업스토어 찾기 | 팝가",20260602,20260602
/popup/sheet/4270,1,"엔터테인먼트, 애니/캐릭터, 연예인/셀럽 팝업스토어 찾기 | 팝가",20260602,20260602
/popup/sheet/7158,41,홍대/신촌 팝업스토어 찾기 | 팝가,20260521,20260602
/popup/7337,6,팝업스토어 상세 정보 | 팝가 Popga,20260602,20260602
/popup/sheet/7178,77,팝업스토어 찾기 | 팝가,20260522,20260602
/popup/sheet/5900,74,"인기 팝업스토어 일정, 후기를 한눈에! | 팝가 Popga",20260316,20260602
/popup/sheet/4437,1,"엔터테인먼트, 애니/캐릭터, 연예인/셀럽 팝업스토어 찾기 | 팝가",20260602,20260602
/popup/4565,389,끌리메 뷰티 팝업 - 강남 팝업 | 팝가 Popga,20251106,20260602
/popup/sheet/7213,259,성수 팝업스토어 찾기 | 팝가,20260525,20260602
/popup/sheet/4841,1,"엔터테인먼트, 애니/캐릭터, 연예인/셀럽 팝업스토어 찾기 | 팝가",20260602,20260602
/popup/sheet/6997,125,"인기 팝업스토어 일정, 후기를 한눈에! | 팝가 Popga",20260512,20260602
/popup/sheet/4801,1,"엔터테인먼트, 애니/캐릭터, 연예인/셀럽 팝업스토어 찾기 | 팝가",20260602,20260602
/popup/sheet/4399,1,"엔터테인먼트, 애니/캐릭터, 연예인/셀럽 팝업스토어 찾기 | 팝가",20260602,20260602
/popup/sheet/4380,1,"엔터테인먼트, 애니/캐릭터, 연예인/셀럽 팝업스토어 찾기 | 팝가",20260602,20260602
/popup/sheet/4316,1,"엔터테인먼트, 애니/캐릭터, 연예인/셀럽 팝업스토어 찾기 | 팝가",20260602,20260602
/popup/sheet/4275,1,"엔터테인먼트, 애니/캐릭터, 연예인/셀럽 팝업스토어 찾기 | 팝가",20260602,20260602
/popup/7036,30,방과후 태리쌤 팝업 - 명동 팝업 | 팝가 Popga,20260514,20260602
/popup/sheet/6357,136,잠실 팝업스토어 찾기 | 팝가,20260415,20260602
/popup/sheet/7097,85,팝업스토어 찾기 | 팝가,20260518,20260602
/popup/5873,70,아워섹션 팝업 - 연남 팝업 | 팝가 Popga,20260313,20260602
/popup/sheet/4065,2,찜한 팝업스토어 모아보기 | 팝가 Popga,20260511,20260602
/popup/3862,113,시엔느 전시 | 팝가 POPGA,20250903,20260602
/popup/4056,34,MOKA X WEE 키즈아트마켓 - Tiny Wonders | 팝가 POPGA,20250919,20260602
/popup/4553,110,뤼드유제니 팝업 - 성수 팝업 | 팝가 Popga,20251105,20260602
/popup/929,44,웰컴 투 두만월드 팝업 | 팝가 POPGA,20241028,20260605
/popup/2628,45,보기보이즈 팝업 | 팝가 POPGA,20250429,20260605
/popup/7335,17,엠씨알엔 팝업 - 강남 팝업 | 팝가 Popga,20260602,20260605
/popup/sheet/6470,275,성수 팝업스토어 찾기 | 팝가,20260420,20260605
/popup/803,111,소프스튜디오 팝업 | 팝가 POPGA,20241018,20260605
/popup/3626,77,갤럭시 스튜디오 팝업 | 팝가 POPGA,20250812,20260605
/popup/6434,46,클리키 팝업 - 둘리 & 마시마로 - 영등포 팝업 | 팝가 Popga,20260417,20260605
/popup/6129,53,상하이 버터떡 팝업 - 압구정 팝업 | 팝가 Popga,20260402,20260605
/popup/sheet/4258,2,팝업스토어 검색 | 팝가 Popga,20260314,20260605
/popup/2235,173,샹테카이 팝업 | 팝가 POPGA,20250314,20260605
/popup/2079,140,필립스 라떼고 팝업 | 팝가 POPGA,20250305,20260605
/popup/sheet/5451,2,홍대/신촌 애니/캐릭터 팝업스토어 찾기 | 팝가,20260313,20260605
/popup/7392,8,팝업스토어 상세 정보 | 팝가 Popga,20260605,20260605
/popup/5078,244,코스메 쉐프 팝업 - 여의도 팝업 | 팝가 Popga,20251222,20260605
/popup/3692,115,SMCC BOOK DIVE 이벤트 - 아침에 열리는 독서 파티 | 팝가 POPGA,20250819,20260605
/popup/934,111,드래곤볼 팝업 | 팝가 POPGA,20241029,20260605
/popup/sheet/6195,189,홍대/신촌 애니/캐릭터 팝업스토어 찾기 | 팝가,20260407,20260605
/popup/sheet/4874,29,팝업스토어 찾기 | 팝가,20260224,20260605
/popup/3506,198,뭉순과 벗님들 팝업 | 팝가 POPGA,20250801,20260605
/popup/sheet/2571,1,팝업스토어 검색 | 팝가 Popga,20260605,20260605
/popup/2110,70,제나두 팝업 | 팝가 POPGA,20250307,20260605
/popup/6272,45,힐리먼트 팝업 - 잠실 팝업 | 팝가 Popga,20260410,20260605
/popup/50,17,데드풀X울버린 서울 팝업 | 팝가 POPGA,20240802,20260605
/popup/5205,89,크로우캐년 팝업 - 잠실 팝업 | 팝가 Popga,20260106,20260605
/popup/5200,69,로버블 팝업 - 잠실 팝업 | 팝가 Popga,20260105,20260605
/popup/6554,45,로스 팝업 - 잠실 팝업 | 팝가 Popga,20260423,20260605
/popup/sheet/7392,1,팝업스토어 찾기 | 팝가,20260605,20260605
/popup/71553,4,팝업스토어 상세 정보 | 팝가 Popga,20260605,20260605
/popup/sheet/2247,1,홍대/신촌 애니/캐릭터 팝업스토어 찾기 | 팝가,20260605,20260605
/popup/256,28,무쿠앤에보니 팝업 | 팝가 POPGA,20240808,20260605
/popup/3892,85,프란츠 팝업 | 팝가 POPGA,20250905,20260605
/popup/3971,119,크리에이티브 웹툰 성수 팝업 | 팝가 POPGA,20250912,20260605
/popup/6169,19,이유연 개인전 <이동하는 마음> - 성북 팝업 | 팝가 Popga,20260407,20260605
/popup/sheet/7291,11,팝업스토어 찾기 | 팝가,20260529,20260605
/popup/sheet/1646,1,팝업스토어 검색 | 팝가 Popga,20260605,20260605
/popup/253,19,코코로카라 브레드 푸딩 팝업 | 팝가 POPGA,20240808,20260605
/popup/sheet/7391,3,성수 팝업스토어 찾기 | 팝가,20260605,20260605
/popup/2782,51,달개비김치 팝업 | 팝가 POPGA,20250516,20260605
/popup/4791,43,파베아 팝업 - 부산 - 부산 팝업 | 팝가 Popga,20251126,20260605
/popup/6948,23,논타입 팝업 - 여의도 팝업 | 팝가 Popga,20260508,20260605
/popup/2276,125,3월 4주차 핫한 팝업 모음 | 팝가 POPGA,20250318,20260605
/popup/sheet/7207,219,성수 팝업스토어 찾기 | 팝가,20260525,20260605
/popup/6661,41,와하하 팝업 - 잠실 팝업 | 팝가 Popga,20260427,20260605
/popup/sheet/7312,60,팝업스토어 찾기 | 팝가,20260531,20260605
/popup/sheet/7248,26,팝업스토어 찾기 | 팝가,20260527,20260605
/popup/sheet/893,2,홍대/신촌 애니/캐릭터 팝업스토어 찾기 | 팝가,20260311,20260605
/popup/1696,23,극지연구소 남극탐험대 팝업 - 인천 - 쁘리 팝업 | 팝가 Popga,20250122,20260605
/popup/2803,70,LMC 팝업 | 팝가 POPGA,20250520,20260605
/popup/sheet/7225,43,팝업스토어 찾기 | 팝가,20260526,20260605
/popup/690,81,안아줘요와 튤립 꽃밭 팝업 | 팝가 POPGA,20240927,20260605
/popup/3898,125,고창 꿀고구마 팝업 - 잠실 | 팝가 POPGA,20250905,20260605
/popup/1909,82,셔터 팝업 | 팝가 POPGA,20250218,20260605
/popup/3521,131,요아정 팝업 - yoajung summer land | 팝가 POPGA,20250804,20260605
/popup/sheet/4657,2,홍대/신촌 애니/캐릭터 팝업스토어 찾기 | 팝가,20260227,20260605
/popup/7391,7,텍스타일 X 크래프트 팝업 @성수 - 성수 팝업 | 팝가 Popga,20260605,20260605
/popup/1450,54,레고 테크닉 F1 자동차 팝업 | 팝가 POPGA,20241224,20260605
/popup/3416,204,냉기주의보 팝업 - 서늘한 서점 | 팝가 POPGA,20250729,20260605
/popup/1468,35,데일리라이크 대구 팝업 - 데일리라이크 팝업 | 팝가 Popga,20241226,20260605
/popup/1054,125,브런치 브라더 하우스 X 에이랜드 팝업 | 팝가 POPGA,20241112,20260605
/popup/1928,22,나츠메 에리 전시 | 팝가 POPGA,20250219,20260607
/popup/sheet/7405,71,성수 팝업스토어 찾기 | 팝가,20260606,20260607
/popup/7306,8,베루툼 팝업 - 부산 팝업 | 팝가 Popga,20260531,20260607
/popup/sheet/7114,23,경상권 팝업스토어 찾기 | 팝가,20260519,20260607
/popup/sheet/7092,115,성수 팝업스토어 찾기 | 팝가,20260518,20260607
/popup/sheet/4367,2,찜한 팝업스토어 모아보기 | 팝가 Popga,20260502,20260607
/popup/sheet/7109,26,팝업스토어 찾기 | 팝가,20260519,20260607
/popup/5506,33,아트북페어 림 - 종이숲 산책클럽 - 서울 팝업 | 팝가 Popga,20260203,20260607
/popup/3585,34,I AM WHO I AM 팝업 | 팝가 POPGA,20250808,20260607
/popup/sheet/7117,29,팝업스토어 찾기 | 팝가,20260519,20260607
/popup/sheet/1876,1,팝업스토어 검색 | 팝가 Popga,20260607,20260607
/popup/sheet/1419,1,찜한 팝업스토어 모아보기 | 팝가 Popga,20260607,20260607
/popup/sheet/5028,3,홍대/신촌 애니/캐릭터 팝업스토어 찾기 | 팝가,20260309,20260607
/popup/sheet/5789,129,뷰티 팝업스토어 찾기 | 팝가,20260305,20260607
/popup/sheet/500,1,찜한 팝업스토어 모아보기 | 팝가 Popga,20260607,20260607
/popup/1496,9,눈사람 눙눙이 팝업 - 수원 - 눈사람 눙눙이 팝업 | 팝가 Popga,20241230,20260607
/popup/sheet/7324,24,"인기 팝업스토어 일정, 후기를 한눈에! | 팝가 Popga",20260601,20260607
/popup/sheet/7279,73,"인기 팝업스토어 일정, 후기를 한눈에! | 팝가 Popga",20260528,20260607
/popup/sheet/7189,62,팝업스토어 찾기 | 팝가,20260523,20260607
/popup/sheet/7053,36,팝업스토어 찾기 | 팝가,20260515,20260607
/popup/2726,79,프라포투투 팝업 | 팝가 POPGA,20250509,20260607
/popup/sheet/6999,44,"인기 팝업스토어 일정, 후기를 한눈에! | 팝가 Popga",20260512,20260607
/popup/sheet/7200,60,팝업스토어 찾기 | 팝가,20260524,20260607
/popup/sheet/2467,4,팝업스토어 찾기 | 팝가,20260225,20260607
/popup/2375,65,OY 팝업 - 수원 | 팝가 POPGA,20250328,20260607
/popup/sheet/5480,69,성수 팝업스토어 찾기 | 팝가,20260223,20260607
/popup/5069,130,치나츠 아오야마 팝업 - 성수 팝업 | 팝가 Popga,20251222,20260607
/popup/sheet/2609,3,팝업스토어 찾기 | 팝가,20260502,20260607
/popup/sheet/7247,17,팝업스토어 찾기 | 팝가,20260527,20260607
/popup/sheet/7160,66,팝업스토어 찾기 | 팝가,20260521,20260607
/popup/3614,97,닛블리데이즈 팝업 - 뜨개숲으로 | 팝가 POPGA,20250812,20260607
/popup/7199,16,코멜리코 팝업 - 명동 팝업 | 팝가 Popga,20260524,20260607
/popup/sheet/2968,1,찜한 팝업스토어 모아보기 | 팝가 Popga,20260517,20260607
/popup/1672,44,솔트팩토리 팝업 - 분당 | 팝가 POPGA,20250120,20260607
/popup/sheet/7215,18,"인기 팝업스토어 일정, 후기를 한눈에! | 팝가 Popga",20260526,20260607
/popup/3988,466,제 1회 성수 베짱일러스트 페스티벌 | 팝가 POPGA,20250915,20260607
/popup/sheet/7115,263,성수 팝업스토어 찾기 | 팝가,20260519,20260607
/popup/sheet/6303,390,성수 팝업스토어 찾기 | 팝가,20260413,20260607
/popup/sheet/6851,99,팝업스토어 찾기 | 팝가,20260430,20260607
/popup/sheet/7314,42,팝업스토어 찾기 | 팝가,20260531,20260607
/popup/sheet/2519,1,찜한 팝업스토어 모아보기 | 팝가 Popga,20260607,20260607
/popup/sheet/2559,2,찜한 팝업스토어 모아보기 | 팝가 Popga,20260529,20260607
/popup/sheet/6645,39,팝업스토어 찾기 | 팝가,20260426,20260607
/popup/sheet/2920,7,캐릭터 덕후 총집합! 서울 대형 캐릭터 굿즈샵 가챠샵: 팝가스토어 | 팝가 Popga,20260510,20260607
/popup/3501,64,보바 팝업 | 팝가 POPGA,20250801,20260607
/popup/sheet/6298,137,팝업스토어 찾기 | 팝가,20260413,20260607
/popup/sheet/2693,3,팝업스토어 찾기 | 팝가,20260313,20260607
/popup/sheet/7288,45,팝업스토어 찾기 | 팝가,20260529,20260607
/popup/sheet/7327,15,"인기 팝업스토어 일정, 후기를 한눈에! | 팝가 Popga",20260601,20260607
/popup/sheet/7320,37,"인기 팝업스토어 일정, 후기를 한눈에! | 팝가 Popga",20260601,20260607
/popup/sheet/6665,109,잠실 팝업스토어 찾기 | 팝가,20260427,20260607
/popup/34,41,영화 밤낚시 서울 팝업 | 팝가 POPGA,20240801,20260607
/popup/sheet/7103,167,성수 팝업스토어 찾기 | 팝가,20260519,20260607
/popup/sheet/7293,49,홍대/신촌 팝업스토어 찾기 | 팝가,20260529,20260607
/popup/3572,73,YBM 팝업 | 팝가 POPGA,20250807,20260607
/popup/sheet/7262,44,"인기 팝업스토어 일정, 후기를 한눈에! | 팝가 Popga",20260528,20260607
/popup/sheet/7344,16,팝업스토어 찾기 | 팝가,20260602,20260607
/popup/4436,61,샬롯킴 팝업 | 팝가 Popga,20251027,20260607
/popup/sheet/7255,25,팝업스토어 검색 | 팝가 Popga,20260527,20260607
/popup/sheet/2892,2,찜한 팝업스토어 모아보기 | 팝가 Popga,20260502,20260607
/popup/sheet/7355,48,"인기 팝업스토어 일정, 후기를 한눈에! | 팝가 Popga",20260602,20260607
/popup/sheet/7284,40,팝업스토어 찾기 | 팝가,20260529,20260607
/popup/4087,55,SYMM 팝업 | 팝가 POPGA,20250923,20260607
/popup/sheet/7354,48,"인기 팝업스토어 일정, 후기를 한눈에! | 팝가 Popga",20260602,20260607
/popup/sheet/7242,29,팝업스토어 찾기 | 팝가,20260527,20260607
/popup/sheet/7305,296,성수 팝업스토어 찾기 | 팝가,20260529,20260607
/popup/2242,136,와이케이 팝업 | 팝가 POPGA,20250314,20260607
/popup/sheet/7389,19,팝업스토어 찾기 | 팝가,20260605,20260607
/popup/sheet/5599,380,"인기 팝업스토어 일정, 후기를 한눈에! | 팝가 Popga",20260223,20260607
/popup/sheet/6726,415,성수 팝업스토어 찾기 | 팝가,20260429,20260607
/popup/sheet/6077,336,홍대/신촌 애니/캐릭터 팝업스토어 찾기 | 팝가,20260330,20260607
/popup/sheet/5494,123,"인기 팝업스토어 일정, 후기를 한눈에! | 팝가 Popga",20260223,20260607
/popup/sheet/7330,244,성수 팝업스토어 찾기 | 팝가,20260601,20260608
/popup/sheet/5749,204,팝업스토어 찾기 | 팝가,20260302,20260608
/popup/sheet/6913,195,성수 팝업스토어 찾기 | 팝가,20260506,20260608
/popup/5333,48,야닝야닝크로셰클럽 팝업 - 용산 팝업 | 팝가 Popga,20260117,20260608
/popup/sheet/531,2,애니/캐릭터 팝업스토어 찾기 | 팝가,20260525,20260608
/popup/988,60,헤이딜러 내차조향소 대전 팝업 | 팝가 POPGA,20241105,20260608
/popup/1271,24,make it together 기부 캠페인 팝업 | 팝가 POPGA,20241207,20260608
/popup/6569,3,포레스트 탐험대 팝업 - 부산 팝업 | 팝가 Popga,20260424,20260608
/popup/sheet/6747,17,팝업스토어 찾기 | 팝가,20260430,20260608
/popup/sheet/7347,12,팝업스토어 찾기 | 팝가,20260602,20260608
/popup/4386,43,이오이오 스튜디오 아트 팝업 - Playground | 팝가 Popga,20251022,20260608
/popup/sheet/7080,76,잠실 팝업스토어 찾기 | 팝가,20260518,20260608
/popup/sheet/5120,1,찜한 팝업스토어 모아보기 | 팝가 Popga,20260608,20260608
/popup/6641,6,올드페리도넛 팝업 - 창원 팝업 | 팝가 Popga,20260426,20260608
/popup/sheet/5635,191,"인기 팝업스토어 일정, 후기를 한눈에! | 팝가 Popga",20260223,20260608
/popup/sheet/6316,199,성수 팝업스토어 찾기 | 팝가,20260414,20260608
/popup/1361,100,창비 문학 팝업 | 팝가 POPGA,20241213,20260608
/popup/3165,108,펜타포트 2.0 팝업 | 팝가 POPGA,20250630,20260608
/popup/sheet/7289,59,"인기 팝업스토어 일정, 후기를 한눈에! | 팝가 Popga",20260529,20260608
/popup/4768,167,스탠다드 성수 이벤트 - 성수 팝업 | 팝가 Popga,20251125,20260608
/popup/sheet/4996,57,경기/인천 팝업스토어 찾기 | 팝가,20260225,20260608
/popup/2034,50,OY X EE PLACE 팝업 | 팝가 POPGA,20250227,20260608
/popup/sheet/7174,47,팝업스토어 찾기 | 팝가,20260522,20260608
/popup/4909,171,고양이 매력 조각전 - Cats Parts - 용산 팝업 | 팝가 Popga,20251205,20260608
/popup/sheet/6942,206,성수 팝업스토어 찾기 | 팝가,20260508,20260608
/popup/sheet/6480,104,홍대/신촌 애니/캐릭터 팝업스토어 찾기 | 팝가,20260421,20260608
/popup/sheet/5771,1156,성수 팝업스토어 찾기 | 팝가,20260304,20260608
/popup/sheet/7322,89,성수 팝업스토어 찾기 | 팝가,20260601,20260608
/popup/sheet/7042,338,"인기 팝업스토어 일정, 후기를 한눈에! | 팝가 Popga",20260514,20260608
/popup/sheet/6703,362,성수 팝업스토어 찾기 | 팝가,20260428,20260608
/popup/sheet/7381,164,성수 팝업스토어 찾기 | 팝가,20260604,20260608
/popup/4207,451,블룸하우스 팝업 | 팝가 Popga,20251003,20260608
/popup/220,31,뮈글러 X 젠틀몬스터 콜라보 팝업 | 팝가 POPGA,20240903,20260608
/popup/sheet/7116,83,팝업스토어 찾기 | 팝가,20260519,20260608
/popup/4505,483,퍼펙트 글로우 in 트렌드팟 바이 올리브영 홍대 - 홍대 팝업 | 팝가 Popga,20251101,20260608
/popup/547,28,채율 팝업 - 채율 팝업 | 팝가 Popga,20240913,20260608
/popup/1878,204,마크곤잘레스 팝업 | 팝가 POPGA,20250213,20260608
/popup/sheet/6891,249,성수 팝업스토어 찾기 | 팝가,20260505,20260608
/popup/2787,158,롱테이크 팝업 | 팝가 POPGA,20250516,20260608
/popup/1725,41,LMC 팝업 | 팝가 POPGA,20250130,20260608
/popup/sheet/1475,1,팝업스토어 찾기 | 팝가,20260328,20260608
/popup/sheet/218,1,팝업스토어 찾기 | 팝가,20260608,20260608
/popup/sheet/6906,111,"인기 팝업스토어 일정, 후기를 한눈에! | 팝가 Popga",20260506,20260608
/popup/2059,21,앳킨슨 팝업 - 울산 | 팝가 POPGA,20250304,20260608
/popup/2570,196,그라운즈 팝업 | 팝가 POPGA,20250423,20260608
/popup/2368,161,빔스 팝업 | 팝가 POPGA,20250328,20260608
/popup/4483,237,MSI 노트북 팝업 | 팝가 Popga,20251030,20260608
/popup/sheet/6858,909,"인기 팝업스토어 일정, 후기를 한눈에! | 팝가 Popga",20260430,20260608
/popup/6418,41,컴온러너스 런페스타 - 성수 팝업 | 팝가 Popga,20260416,20260608
/popup/2160,1,팝업스토어 상세 정보 | 팝가 Popga,20260608,20260608
/popup/5102,157,크리스마스 뮤직 페스티벌 in 성수 - 성수 팝업 | 팝가 Popga,20251224,20260608
/popup/sheet/7221,85,팝업스토어 찾기 | 팝가,20260526,20260608
/popup/3547,121,오끼뜨 팝업 | 팝가 POPGA,20250806,20260608
/popup/2407,86,캐리마켓 홈 팝업 | 팝가 POPGA,20250402,20260608
/popup/sheet/7125,14,팝업스토어 찾기 | 팝가,20260520,20260608
/popup/1576,30,프레시안 럭키블루 팝업 | 팝가 POPGA,20250109,20260609
/popup/5037,190,그레나디어 홀리데이 에디션 팝업 - 성수 팝업 | 팝가 Popga,20251217,20260609
/popup/sheet/6436,99,팝업스토어 찾기 | 팝가,20260417,20260609
/popup/744,17,한글과자 죽전 팝업 - 타일러 팝업 | 팝가 Popga,20241009,20260609
/popup/sheet/6290,48,강남/서초 팝업스토어 찾기 | 팝가,20260413,20260609
/popup/3911,32,Archive fair 팝업 | 팝가 POPGA,20250908,20260609
/popup/7061,21,윤슬 팝업 - 종로 팝업 | 팝가 Popga,20260515,20260609
/popup/1452,20,시티브리즈 팝업 | 팝가 POPGA,20241224,20260609
/popup/7056,8,리즘 아카이브 세일 팝업 - 종로구 팝업 | 팝가 Popga,20260515,20260609
/popup/sheet/6501,12,팝업스토어 찾기 | 팝가,20260421,20260609
/popup/sheet/6978,180,홍대/신촌 애니/캐릭터 팝업스토어 찾기 | 팝가,20260512,20260609
/popup/715,165,요거트월드 팝업 | 팝가 POPGA,20241002,20260609
/popup/7068,21,라기 팝업 - 부산 팝업 | 팝가 Popga,20260517,20260609
/popup/1475,305,마루의 럭키 New Year 팝업 | 팝가 POPGA,20241227,20260609
/popup/2530,43,세컨드 라이프 제주 팝업 | 팝가 POPGA,20250416,20260609
/popup/sheet/7206,305,성수 팝업스토어 찾기 | 팝가,20260525,20260609
/popup/218,69,무적 마루 데이 팝업 | POPUPNOW 팝업나우,20240806,20260609
/popup/4212,65,낚시 전쟁 팝업 | 팝가 Popga,20251003,20260609
/popup/sheet/7373,19,팝업스토어 찾기 | 팝가,20260604,20260609
/popup/7290,28,노클레임 팝업 - 여의도 팝업 | 팝가 Popga,20260529,20260609
/popup/sheet/7196,32,여의도 팝업스토어 찾기 | 팝가,20260524,20260609
/popup/7157,14,므아므 팝업 - 강남 팝업 | 팝가 Popga,20260521,20260609
/popup/3893,19,트레저 팝업 - LOVE PULSE - 트레저 팝업 팝업 | 팝가 Popga,20250905,20260609
/popup/7374,23,애크온 X 코스모폴리탄 이벤트 @서강대 - 서강대 팝업 | 팝가 Popga,20260604,20260609
/popup/sheet/7394,9,팝업스토어 찾기 | 팝가,20260605,20260609
/popup/sheet/6677,19,팝업스토어 찾기 | 팝가,20260427,20260609
/popup/599,31,펍지 운동회 스타필드 하남 팝업 - PUBG 팝업 | 팝가 Popga,20240920,20260609
/popup/sheet/7374,27,팝업스토어 찾기 | 팝가,20260604,20260609
/popup/sheet/6876,121,용산아이파크몰 검색 결과 | 팝가,20260504,20260609
/popup/6994,25,카일로 팝업 - 서촌 팝업 | 팝가 Popga,20260512,20260609
/popup/sheet/6638,18,팝업스토어 찾기 | 팝가,20260426,20260609
/popup/sheet/6651,91,팝업스토어 찾기 | 팝가,20260427,20260609
/popup/1592,130,캐리마켓 동물원 팝업 | 팝가 POPGA,20250110,20260609
/popup/sheet/4489,109,명동 검색 결과 | 팝가,20260226,20260609
/popup/sheet/7400,37,"인기 팝업스토어 일정, 후기를 한눈에! | 팝가 Popga",20260605,20260609
/popup/sheet/6090,1177,"인기 팝업스토어 일정, 후기를 한눈에! | 팝가 Popga",20260331,20260609
/popup/4765,178,온휴스파 2주년 팝업 - 잠실 팝업 | 팝가 Popga,20251124,20260609
/popup/sheet/6452,23,팝업스토어 찾기 | 팝가,20260420,20260609
/popup/sheet/7403,48,"인기 팝업스토어 일정, 후기를 한눈에! | 팝가 Popga",20260605,20260609
/popup/1469,44,이터널유 대구 팝업 - 이터널유 팝업 | 팝가 Popga,20241226,20260609
/popup/sheet/6959,24,팝업스토어 찾기 | 팝가,20260511,20260609
/popup/sheet/7329,30,여의도 팝업스토어 찾기 | 팝가,20260601,20260609
/popup/sheet/7383,209,성수 팝업스토어 찾기 | 팝가,20260604,20260609
/popup/7050,8,말로 팝업 - 천호 팝업 | 팝가 Popga,20260515,20260609
/popup/sheet/7306,6,팝업스토어 찾기 | 팝가,20260531,20260609
/popup/sheet/6985,443,성수 팝업스토어 찾기 | 팝가,20260512,20260609
/popup/sheet/7176,39,팝업스토어 찾기 | 팝가,20260522,20260609
/popup/4773,31,그린다이아 홀리데이 팝업 - 강남 - 강남 팝업 | 팝가 Popga,20251125,20260609
/popup/sheet/7414,7,팝업스토어 찾기 | 팝가,20260608,20260609
/popup/5546,24,오우르 팝업 - 압구정 팝업 | 팝가 Popga,20260206,20260609
/popup/sheet/7211,145,성수 팝업스토어 찾기 | 팝가,20260525,20260609
/popup/2319,107,SJYP 팝업 | 팝가 POPGA,20250324,20260609
/popup/7209,30,텍스트룸 팝업 - 용산 팝업 | 팝가 Popga,20260525,20260609
/popup/sheet/7385,34,팝업스토어 찾기 | 팝가,20260605,20260609
/popup/5893,51,로우라이즈 X 뷰티쁠 무빙 팝업 - 로우라이즈 팝업 팝업 | 팝가 Popga,20260316,20260609
/popup/sheet/6285,146,팝업스토어 찾기 | 팝가,20260410,20260609
/popup/sheet/7413,4,팝업스토어 찾기 | 팝가,20260608,20260609
/popup/sheet/7001,25,팝업스토어 찾기 | 팝가,20260512,20260609
/popup/sheet/3226,1,팝업스토어 검색 | 팝가 Popga,20260609,20260609
/popup/760,35,뮤지엄인핸드 팝업 | 팝가 POPGA,20241010,20260610
/popup/sheet/7349,117,팝업스토어 찾기 | 팝가,20260602,20260610
/popup/sheet/7082,183,성수 팝업스토어 찾기 | 팝가,20260518,20260610
/popup/3545,145,카콜/키츠 초청 전시 - Within Blue | 팝가 POPGA,20250806,20260610
/popup/sheet/7087,585,성수 팝업스토어 찾기 | 팝가,20260518,20260610
/popup/sheet/5991,76,강남/서초 팝업스토어 찾기 | 팝가,20260324,20260610
/popup/sheet/7459,8,"인기 팝업스토어 일정, 후기를 한눈에! | 팝가 Popga",20260609,20260610
/popup/sheet/6296,44,팝업스토어 찾기 | 팝가,20260413,20260610
/popup/sheet/7361,29,팝업스토어 찾기 | 팝가,20260604,20260610
/popup/sheet/7402,34,"인기 팝업스토어 일정, 후기를 한눈에! | 팝가 Popga",20260605,20260610
/popup/sheet/7410,34,"인기 팝업스토어 일정, 후기를 한눈에! | 팝가 Popga",20260606,20260610
/popup/sheet/6878,76,팝업스토어 찾기 | 팝가,20260504,20260610
/popup/4126,84,하운드팟X벤 작가 라이브 드로잉 팝업 | 팝가 POPGA,20250926,20260610
/popup/sheet/7137,25,팝업스토어 찾기 | 팝가,20260520,20260610
/popup/sheet/7338,55,"인기 팝업스토어 일정, 후기를 한눈에! | 팝가 Popga",20260602,20260610
/popup/2594,139,펑쉐이 팝업 | 팝가 POPGA,20250425,20260610
/popup/sheet/7235,38,팝업스토어 찾기 | 팝가,20260526,20260610
/popup/7229,14,라플리 팝업 - 신촌 팝업 | 팝가 Popga,20260526,20260610
/popup/2177,1,팝업스토어 상세 정보 | 팝가 Popga,20260610,20260610
/popup/2351,254,옴니피플 팝업 | 팝가 POPGA,20250326,20260610
/popup/sheet/7138,26,서울 전체 팝업스토어 찾기 | 팝가,20260520,20260610
/popup/429,44,설화수 자음생크림 팝업 | 팝가 POPGA,20240902,20260610
/popup/sheet/7378,20,팝업스토어 찾기 | 팝가,20260604,20260610
/popup/5042,396,노빅딜 팝업 - 성수 팝업 | 팝가 Popga,20251218,20260610
/popup/sheet/6717,87,홍대/신촌 팝업스토어 찾기 | 팝가,20260429,20260610
/popup/sheet/7063,661,성수 팝업스토어 찾기 | 팝가,20260515,20260610
/popup/3878,56,비클린 팝업 | 팝가 POPGA,20250904,20260610
/popup/sheet/6912,246,"인기 팝업스토어 일정, 후기를 한눈에! | 팝가 Popga",20260506,20260610
/popup/4407,97,프로-스펙스 팝업 | 팝가 Popga,20251024,20260610
/popup/sheet/5035,227,여의도 팝업스토어 찾기 | 팝가,20260223,20260610
/popup/sheet/5985,179,팝업스토어 찾기 | 팝가,20260324,20260610
/popup/sheet/7375,21,팝업스토어 찾기 | 팝가,20260604,20260610
/popup/sheet/7199,19,팝업스토어 찾기 | 팝가,20260524,20260610
/popup/7261,8,위드썸 팝업 @울산 - 울산 팝업 | 팝가 Popga,20260528,20260610
/popup/sheet/7444,1,경상권 팝업스토어 찾기 | 팝가,20260610,20260610
/popup/sheet/6329,216,잠실 팝업스토어 찾기 | 팝가,20260414,20260610
/popup/sheet/7273,28,팝업스토어 찾기 | 팝가,20260528,20260610
/popup/3120,54,세컨드페이버릿 팝업 | 팝가 POPGA,20250624,20260610
/popup/sheet/7351,19,강남/서초 팝업스토어 찾기 | 팝가,20260602,20260610
/popup/sheet/7467,6,"인기 팝업스토어 일정, 후기를 한눈에! | 팝가 Popga",20260610,20260610
/popup/sheet/7009,60,팝업스토어 찾기 | 팝가,20260513,20260610
/popup/sheet/7429,8,팝업스토어 찾기 | 팝가,20260609,20260610
/popup/2229,165,나이키 트레이닝 오프라인 세션 팝업 | 팝가 POPGA,20250313,20260610
/popup/sheet/7318,29,팝업스토어 찾기 | 팝가,20260531,20260610
/popup/594,38,써모스 빌리지 홍대 팝업 | 팝가 POPGA,20240920,20260610
/popup/sheet/6438,172,팝업스토어 찾기 | 팝가,20260417,20260610
/popup/sheet/7448,2,팝업스토어 찾기 | 팝가,20260610,20260610
/popup/sheet/2556,261,애니/캐릭터 팝업스토어 찾기 | 팝가,20260225,20260610
/popup/sheet/7297,43,팝업스토어 찾기 | 팝가,20260529,20260610
/popup/sheet/6867,49,팝업스토어 찾기 | 팝가,20260430,20260610
/popup/1274,58,노트폴리오 X 몰스킨 팝업 - 노트폴리오 팝업 | 팝가 Popga,20241205,20260610
/popup/sheet/7409,37,팝업스토어 찾기 | 팝가,20260606,20260610
/popup/sheet/6850,837,성수 팝업스토어 찾기 | 팝가,20260501,20260610
/popup/sheet/7419,30,팝업스토어 찾기 | 팝가,20260608,20260610
/popup/sheet/7267,23,경상권 팝업스토어 찾기 | 팝가,20260528,20260610
/popup/2170,1,팝업스토어 상세 정보 | 팝가 Popga,20260610,20260610
/popup/sheet/7010,52,팝업스토어 찾기 | 팝가,20260513,20260610
/popup/sheet/7425,20,"인기 팝업스토어 일정, 후기를 한눈에! | 팝가 Popga",20260608,20260610
/popup/sheet/6358,658,성수 팝업스토어 찾기 | 팝가,20260415,20260610
/popup/sheet/4706,1,찜한 팝업스토어 모아보기 | 팝가 Popga,20260610,20260610
/popup/3763,154,브릿지뮤직성수 2025 | 팝가 POPGA,20250827,20260610
/popup/1897,368,비클린 뷰티 위크 팝업 | 팝가 POPGA,20250214,20260610
/popup/sheet/7017,33,팝업스토어 찾기 | 팝가,20260513,20260610
/popup/sheet/6712,300,5월 연휴 가볼만한 곳| 토이스토리 5 팝업스토어 전국 7곳 일정·혜택 총정리 | 팝가 Popga,20260428,20260610
/popup/sheet/6979,316,"인기 팝업스토어 일정, 후기를 한눈에! | 팝가 Popga",20260512,20260610
/popup/sheet/7052,52,팝업스토어 찾기 | 팝가,20260515,20260610
/popup/5130,69,최립우 전시 팝업 - fred1ck._choi ARCHIVE - 여의도 팝업 | 팝가 Popga,20251226,20260610
/popup/sheet/5422,112,강남/서초 팝업스토어 찾기 | 팝가,20260224,20260610
/popup/sheet/7367,32,"인기 팝업스토어 일정, 후기를 한눈에! | 팝가 Popga",20260604,20260610
/popup/sheet/7317,46,팝업스토어 찾기 | 팝가,20260531,20260610
/popup/sheet/7460,11,팝업스토어 찾기 | 팝가,20260609,20260610
/popup/sheet/5892,223,애니/캐릭터 팝업스토어 찾기 | 팝가,20260316,20260610
/popup/sheet/7451,6,팝업스토어 찾기 | 팝가,20260609,20260610
/popup/2581,303,비올디 미니 팝업 | 팝가 POPGA,20250424,20260610
/popup/3606,141,시세이도 팝업 | 팝가 POPGA,20250811,20260610
/popup/5471,34,이터널유 팝업 - 금천구 팝업 | 팝가 Popga,20260130,20260610
/popup/sheet/6711,99,5월 연휴 가볼만한 곳| 토이스토리 5 팝업스토어 전국 7곳 일정·혜택 총정리 | 팝가 Popga,20260428,20260610
/popup/sheet/6252,78,팝업스토어 찾기 | 팝가,20260409,20260610
/popup/sheet/7095,245,성수 팝업스토어 찾기 | 팝가,20260518,20260610
/popup/sheet/5970,127,팝업스토어 찾기 | 팝가,20260322,20260610
/popup/sheet/7418,9,팝업스토어 검색 | 팝가 Popga,20260608,20260610
/popup/sheet/7300,226,성수 팝업스토어 찾기 | 팝가,20260529,20260610
/popup/722,55,오묘 팝업 | 팝가 POPGA,20241004,20260611
/popup/3767,104,서울 패션 위크 네트워킹 파티 | 팝가 POPGA,20250826,20260611
/popup/sheet/6096,532,성수 팝업스토어 찾기 | 팝가,20260331,20260611
/popup/sheet/7231,50,팝업스토어 찾기 | 팝가,20260526,20260611
/popup/sheet/7357,81,팝업스토어 찾기 | 팝가,20260602,20260611
/popup/sheet/7020,66,홍대/신촌 애니/캐릭터 팝업스토어 찾기 | 팝가,20260513,20260611
/popup/sheet/7336,349,성수 팝업스토어 찾기 | 팝가,20260602,20260611
/popup/sheet/7457,111,성수 팝업스토어 찾기 | 팝가,20260609,20260611
/popup/sheet/7245,40,"인기 팝업스토어 일정, 후기를 한눈에! | 팝가 Popga",20260527,20260611
/popup/sheet/7473,9,팝업스토어 찾기 | 팝가,20260610,20260611
/popup/sheet/7187,110,홍대/신촌 팝업스토어 찾기 | 팝가,20260523,20260611
/popup/3569,221,나이스고스트클럽 팝업 | 팝가 POPGA,20250807,20260611
/popup/sheet/7287,204,성수 팝업스토어 찾기 | 팝가,20260529,20260611
/popup/sheet/7108,149,팝업스토어 찾기 | 팝가,20260519,20260611
/popup/sheet/7167,66,"인기 팝업스토어 일정, 후기를 한눈에! | 팝가 Popga",20260521,20260611
/popup/sheet/7198,32,팝업스토어 찾기 | 팝가,20260524,20260611
/popup/sheet/6331,130,팝업스토어 찾기 | 팝가,20260414,20260611
/popup/sheet/7022,63,팝업스토어 찾기 | 팝가,20260513,20260611
/popup/sheet/7401,24,"인기 팝업스토어 일정, 후기를 한눈에! | 팝가 Popga",20260608,20260611
/popup/sheet/7443,39,성수 팝업스토어 찾기 | 팝가,20260610,20260611
/popup/sheet/7274,108,팝업스토어 찾기 | 팝가,20260528,20260611
/popup/sheet/7180,60,홍대/신촌 팝업스토어 찾기 | 팝가,20260522,20260611
/popup/sheet/7393,37,팝업스토어 찾기 | 팝가,20260605,20260611
/popup/sheet/7371,70,팝업스토어 찾기 | 팝가,20260604,20260611
/popup/sheet/7423,33,팝업스토어 찾기 | 팝가,20260608,20260611
/popup/sheet/7422,35,"인기 팝업스토어 일정, 후기를 한눈에! | 팝가 Popga",20260608,20260611
/popup/sheet/7439,24,성수 팝업스토어 찾기 | 팝가,20260609,20260611
/popup/sheet/7372,47,팝업스토어 찾기 | 팝가,20260604,20260611
/popup/sheet/7478,49,성수 팝업스토어 찾기 | 팝가,20260610,20260611
/popup/sheet/7466,16,팝업스토어 찾기 | 팝가,20260610,20260611
/popup/sheet/7345,41,팝업스토어 찾기 | 팝가,20260602,20260611
/popup/sheet/7463,13,팝업스토어 찾기 | 팝가,20260610,20260611
/popup/sheet/6219,676,홍대/신촌 애니/캐릭터 팝업스토어 찾기 | 팝가,20260408,20260611
/popup/sheet/7218,29,팝업스토어 찾기 | 팝가,20260526,20260611
/popup/sheet/7156,64,홍대/신촌 팝업스토어 찾기 | 팝가,20260521,20260611
/popup/sheet/6914,453,팝업스토어 찾기 | 팝가,20260506,20260611
/popup/4683,209,어그 팝업 - 잠실 팝업 | 팝가 Popga,20251117,20260611
/popup/sheet/7136,82,팝업스토어 찾기 | 팝가,20260520,20260611
/popup/sheet/7292,136,홍대/신촌 팝업스토어 찾기 | 팝가,20260529,20260611
/popup/sheet/7441,12,"인기 팝업스토어 일정, 후기를 한눈에! | 팝가 Popga",20260609,20260611
/popup/sheet/7217,23,팝업스토어 찾기 | 팝가,20260526,20260611
/popup/sheet/6857,251,홍대/신촌 애니/캐릭터 팝업스토어 찾기 | 팝가,20260430,20260611
/popup/sheet/7243,300,디지몬 어드벤처 X 애니메이트 콜라보 카페 특전·굿즈 리스트 총정리 | 팝가 Popga,20260527,20260611
/popup/287,58,여름엔 꿀꺽꿀꺽 팝업 | 팝가 POPGA,20240812,20260611
/popup/sheet/7465,12,홍대/신촌 애니/캐릭터 팝업스토어 찾기 | 팝가,20260610,20260611
/popup/sheet/7364,35,팝업스토어 찾기 | 팝가,20260604,20260611
/popup/sheet/7388,158,성수 팝업스토어 찾기 | 팝가,20260605,20260611
/popup/sheet/7417,32,팝업스토어 찾기 | 팝가,20260608,20260611
/popup/sheet/6971,360,홍대/신촌 애니/캐릭터 팝업스토어 찾기 | 팝가,20260511,20260611
/popup/sheet/6972,130,홍대/신촌 팝업스토어 찾기 | 팝가,20260511,20260611
/popup/sheet/7275,139,성수 팝업스토어 찾기 | 팝가,20260528,20260611
/popup/sheet/7474,36,성수 팝업스토어 찾기 | 팝가,20260610,20260611
/popup/sheet/7454,7,팝업스토어 찾기 | 팝가,20260609,20260611
/popup/sheet/7100,34,"인기 팝업스토어 일정, 후기를 한눈에! | 팝가 Popga",20260519,20260611
/popup/1159,36,니니키즈 크리스마스 프라이빗 한강 유람선 파티 | 팝가 POPGA,20241127,20260611
/popup/sheet/6308,674,성수 팝업스토어 찾기 | 팝가,20260414,20260611
/popup/sheet/7472,10,팝업스토어 찾기 | 팝가,20260610,20260611
/popup/sheet/7276,140,홍대/신촌 팝업스토어 찾기 | 팝가,20260528,20260611
/popup/sheet/6230,564,성수 팝업스토어 찾기 | 팝가,20260408,20260611
/popup/sheet/7210,179,성수 팝업스토어 찾기 | 팝가,20260525,20260611
/popup/sheet/4287,907,성수 팝업스토어 찾기 | 팝가,20260223,20260611
/popup/5055,179,크록스 케이스 팝업 - 여의도 팝업 | 팝가 Popga,20251219,20260611
/popup/sheet/7436,98,성수 팝업스토어 찾기 | 팝가,20260609,20260611
/popup/sheet/7450,102,성수 팝업스토어 찾기 | 팝가,20260609,20260611
/popup/sheet/7407,42,"인기 팝업스토어 일정, 후기를 한눈에! | 팝가 Popga",20260606,20260611
/popup/sheet/7308,28,팝업스토어 찾기 | 팝가,20260531,20260611
/popup/sheet/6947,784,"인기 팝업스토어 일정, 후기를 한눈에! | 팝가 Popga",20260508,20260611
/popup/sheet/7359,37,홍대/신촌 애니/캐릭터 팝업스토어 찾기 | 팝가,20260604,20260611
/popup/sheet/7244,35,디지몬 검색 결과 | 팝가,20260527,20260611
/popup/sheet/6696,659,성수 팝업스토어 찾기 | 팝가,20260428,20260611
/popup/sheet/7298,61,팝업스토어 찾기 | 팝가,20260529,20260611
/popup/sheet/7254,106,팝업스토어 찾기 | 팝가,20260527,20260611
/popup/1367,34,샤넬 워치 & 주얼리 팝업 | 팝가 POPGA,20241213,20260611
/popup/1559,100,티타드 X 올리브영 팝업 | 팝가 POPGA,20250109,20260611
/popup/4789,182,글입다 팝업 - 여의도 팝업 | 팝가 Popga,20251126,20260611
/popup/sheet/7452,7,팝업스토어 찾기 | 팝가,20260609,20260611
/popup/sheet/7395,53,"인기 팝업스토어 일정, 후기를 한눈에! | 팝가 Popga",20260605,20260611
/popup/sheet/7331,107,"인기 팝업스토어 일정, 후기를 한눈에! | 팝가 Popga",20260601,20260611
/popup/sheet/7101,58,팝업스토어 찾기 | 팝가,20260519,20260611
/popup/sheet/7223,33,팝업스토어 찾기 | 팝가,20260526,20260611
/popup/sheet/7343,24,팝업스토어 찾기 | 팝가,20260602,20260611
/popup/sheet/7031,117,"인기 팝업스토어 일정, 후기를 한눈에! | 팝가 Popga",20260513,20260611
/popup/sheet/7029,14,팝업스토어 찾기 | 팝가,20260528,20260611
/popup/sheet/7246,59,팝업스토어 찾기 | 팝가,20260527,20260611
/popup/sheet/7299,216,성수 팝업스토어 찾기 | 팝가,20260601,20260611
/popup/sheet/7475,13,"인기 팝업스토어 일정, 후기를 한눈에! | 팝가 Popga",20260610,20260611
/popup/sheet/7131,202,팝업스토어 찾기 | 팝가,20260520,20260611
/popup/sheet/7186,266,성수 팝업스토어 찾기 | 팝가,20260523,20260611
/popup/7375,31,애크온 X 코스모폴리탄 이벤트 @이화여대 - 이화여자대학교 팝업 | 팝가 Popga,20260604,20260611
/popup/6286,18,잠시 팝업 - 용산 팝업 | 팝가 Popga,20260410,20260611
/popup/sheet/7430,20,팝업스토어 찾기 | 팝가,20260609,20260611
/popup/sheet/7426,60,팝업스토어 찾기 | 팝가,20260608,20260611
/popup/sheet/7399,132,성수 팝업스토어 찾기 | 팝가,20260605,20260611
/popup/sheet/7455,43,성수 팝업스토어 찾기 | 팝가,20260609,20260611
/popup/sheet/7446,3,"인기 팝업스토어 일정, 후기를 한눈에! | 팝가 Popga",20260610,20260611
/popup/sheet/7468,4,팝업스토어 찾기 | 팝가,20260610,20260611
/popup/sheet/7340,27,팝업스토어 찾기 | 팝가,20260602,20260611
/popup/sheet/7421,77,성수 팝업스토어 찾기 | 팝가,20260608,20260611
/popup/sheet/7376,56,팝업스토어 찾기 | 팝가,20260604,20260611
/popup/sheet/7380,44,팝업스토어 찾기 | 팝가,20260604,20260611
/popup/sheet/7191,39,강남/서초 팝업스토어 찾기 | 팝가,20260524,20260611
/popup/sheet/6404,163,잠실 팝업스토어 찾기 | 팝가,20260416,20260611
/popup/sheet/7469,7,팝업스토어 찾기 | 팝가,20260610,20260611
/popup/sheet/7406,39,"인기 팝업스토어 일정, 후기를 한눈에! | 팝가 Popga",20260606,20260611
/popup/sheet/6479,80,팝업스토어 찾기 | 팝가,20260421,20260611
/popup/sheet/7445,10,"인기 팝업스토어 일정, 후기를 한눈에! | 팝가 Popga",20260610,20260611
/popup/sheet/7365,148,성수 팝업스토어 찾기 | 팝가,20260604,20260611
/popup/3094,317,헌치 팝업 | 팝가 POPGA,20250620,20260611
/popup/sheet/7286,579,성수 팝업스토어 찾기 | 팝가,20260529,20260611
/popup/sheet/7353,171,성수 팝업스토어 찾기 | 팝가,20260602,20260611
/popup/sheet/7328,126,성수 팝업스토어 찾기 | 팝가,20260601,20260611
/popup/sheet/7259,159,성수 팝업스토어 찾기 | 팝가,20260527,20260611
/popup/sheet/4490,374,홍대/신촌 팝업스토어 찾기 | 팝가,20260223,20260611
/popup/sheet/7159,300,성수 팝업스토어 찾기 | 팝가,20260521,20260611
/popup/sheet/7416,21,팝업스토어 찾기 | 팝가,20260608,20260611
/popup/sheet/7256,42,홍대/신촌 애니/캐릭터 팝업스토어 찾기 | 팝가,20260527,20260611
/popup/sheet/7442,21,성수 팝업스토어 찾기 | 팝가,20260610,20260611
/popup/sheet/7258,54,"인기 팝업스토어 일정, 후기를 한눈에! | 팝가 Popga",20260527,20260611
/popup/sheet/4611,76,경상권 팝업스토어 찾기 | 팝가,20260224,20260611
/popup/sheet/7326,103,홍대/신촌 애니/캐릭터 팝업스토어 찾기 | 팝가,20260601,20260611
/popup/sheet/7265,17,"인기 팝업스토어 일정, 후기를 한눈에! | 팝가 Popga",20260528,20260611
/popup/sheet/7424,97,성수 팝업스토어 찾기 | 팝가,20260608,20260611
/popup/sheet/7307,46,팝업스토어 찾기 | 팝가,20260531,20260611
/popup/sheet/7438,11,팝업스토어 찾기 | 팝가,20260609,20260611
/popup/sheet/7470,12,팝업스토어 찾기 | 팝가,20260610,20260611
/popup/sheet/7415,45,팝업스토어 찾기 | 팝가,20260608,20260611
/popup/sheet/7252,58,팝업스토어 찾기 | 팝가,20260527,20260611
/popup/sheet/7311,95,팝업스토어 찾기 | 팝가,20260531,20260611
/popup/sheet/7431,82,성수 팝업스토어 찾기 | 팝가,20260609,20260611
/popup/sheet/7384,261,팝업스토어 찾기 | 팝가,20260604,20260611
/popup/3820,194,에스더포뮬러 with 파워퍼프걸 in 올리브영 홍대타운 | 팝가 POPGA,20250829,20260611
/popup/sheet/7334,22,"인기 팝업스토어 일정, 후기를 한눈에! | 팝가 Popga",20260610,20260611
/popup/sheet/7321,28,용산 팝업스토어 찾기 | 팝가,20260601,20260611
/popup/3240,422,NCT DREAM 팝업 | 팝가 POPGA,20250707,20260611
/popup/sheet/6714,203,5월 연휴 가볼만한 곳| 토이스토리 5 팝업스토어 전국 7곳 일정·혜택 총정리 | 팝가 Popga,20260428,20260611
/popup/sheet/7169,387,"인기 팝업스토어 일정, 후기를 한눈에! | 팝가 Popga",20260521,20260611
/popup/sheet/7456,11,팝업스토어 찾기 | 팝가,20260609,20260611
/popup/sheet/7181,231,성수 팝업스토어 찾기 | 팝가,20260522,20260611
/popup/sheet/7341,23,팝업스토어 찾기 | 팝가,20260602,20260611
/popup/2813,80,헌치 X 우주먼지 팝업 | 팝가 POPGA,20250521,20260611
/popup/sheet/6983,223,잠실 팝업스토어 찾기 | 팝가,20260513,20260611
/popup/sheet/7316,101,홍대/신촌 애니/캐릭터 팝업스토어 찾기 | 팝가,20260531,20260611
/popup/sheet/7382,326,성수 팝업스토어 찾기 | 팝가,20260604,20260611
/popup/sheet/7368,144,성수 팝업스토어 찾기 | 팝가,20260604,20260611
/popup/sheet/6973,468,성수 팝업스토어 찾기 | 팝가,20260511,20260611
/popup/sheet/7296,97,팝업스토어 찾기 | 팝가,20260529,20260611
/popup/sheet/7432,51,팝업스토어 찾기 | 팝가,20260609,20260611
/popup/sheet/7310,47,팝업스토어 찾기 | 팝가,20260531,20260611
/popup/2436,77,영화 <아마추어> 팝업 | 팝가 POPGA,20250404,20260611
/popup/sheet/7146,208,성수 팝업스토어 찾기 | 팝가,20260520,20260611
/popup/sheet/7427,39,"인기 팝업스토어 일정, 후기를 한눈에! | 팝가 Popga",20260608,20260611
/popup/sheet/7461,11,팝업스토어 찾기 | 팝가,20260610,20260611
/popup/sheet/7350,29,팝업스토어 찾기 | 팝가,20260602,20260611
/popup/sheet/7014,78,팝업스토어 찾기 | 팝가,20260513,20260611
/popup/sheet/7139,29,경상권 팝업스토어 찾기 | 팝가,20260520,20260611
/popup/sheet/7471,14,팝업스토어 찾기 | 팝가,20260610,20260611
/popup/sheet/7390,43,팝업스토어 찾기 | 팝가,20260605,20260611
/popup/sheet/7313,262,성수 팝업스토어 찾기 | 팝가,20260531,20260611
/popup/5244,79,위드썸 팝업 - 부산 - 부산 팝업 | 팝가 Popga,20260108,20260611
/popup/6877,17,블리소이 팝업 - 김포 팝업 | 팝가 Popga,20260504,20260611
/popup/sheet/6977,171,성수 팝업스토어 찾기 | 팝가,20260512,20260611
/popup/sheet/7449,1,"인기 팝업스토어 일정, 후기를 한눈에! | 팝가 Popga",20260611,20260611
/popup/sheet/7348,46,팝업스토어 찾기 | 팝가,20260602,20260611
/popup/sheet/7476,45,성수 팝업스토어 찾기 | 팝가,20260610,20260611
/popup/sheet/7164,213,팝업스토어 찾기 | 팝가,20260521,20260611
/popup/sheet/7250,47,팝업스토어 찾기 | 팝가,20260527,20260611
/popup/sheet/7404,69,팝업스토어 찾기 | 팝가,20260606,20260611
/popup/5146,75,달파티 팝업 - 홍대 팝업 | 팝가 Popga,20251229,20260611
/popup/sheet/7130,472,성수 팝업스토어 찾기 | 팝가,20260520,20260611
/popup/sheet/7363,26,팝업스토어 찾기 | 팝가,20260604,20260611
/popup/sheet/7280,143,성수 팝업스토어 찾기 | 팝가,20260528,20260611
/popup/sheet/7434,14,여의도 팝업스토어 찾기 | 팝가,20260609,20260611
/popup/sheet/7420,109,성수 팝업스토어 찾기 | 팝가,20260608,20260611
/popup/sheet/7370,64,"인기 팝업스토어 일정, 후기를 한눈에! | 팝가 Popga",20260604,20260611
/popup/sheet/6713,115,5월 연휴 가볼만한 곳| 토이스토리 5 팝업스토어 전국 7곳 일정·혜택 총정리 | 팝가 Popga,20260429,20260611
/popup/sheet/7325,97,팝업스토어 찾기 | 팝가,20260601,20260611
/popup/sheet/7228,41,잠실 팝업스토어 찾기 | 팝가,20260526,20260611
/popup/sheet/7440,9,팝업스토어 찾기 | 팝가,20260609,20260611
/popup/sheet/7352,68,팝업스토어 찾기 | 팝가,20260602,20260611
/popup/sheet/7428,10,팝업스토어 찾기 | 팝가,20260609,20260611
/popup/sheet/7323,139,성수 팝업스토어 찾기 | 팝가,20260601,20260611
/popup/sheet/7458,10,"인기 팝업스토어 일정, 후기를 한눈에! | 팝가 Popga",20260609,20260611
/popup/sheet/7433,22,팝업스토어 찾기 | 팝가,20260609,20260611
/popup/sheet/7447,10,팝업스토어 찾기 | 팝가,20260610,20260611
/popup/sheet/5231,205,팝업스토어 찾기 | 팝가,20260223,20260611
/popup/sheet/7257,11,경상권 팝업스토어 찾기 | 팝가,20260527,20260611
/popup/sheet/6924,278,홍대/신촌 애니/캐릭터 팝업스토어 찾기 | 팝가,20260507,20260611
/popup/sheet/7148,10,강남/서초 팝업스토어 찾기 | 팝가,20260528,20260611
/popup/sheet/7366,38,잠실 팝업스토어 찾기 | 팝가,20260604,20260611
/popup/sheet/7271,144,팝업스토어 찾기 | 팝가,20260528,20260611
/popup/sheet/7397,62,"인기 팝업스토어 일정, 후기를 한눈에! | 팝가 Popga",20260605,20260611
/popup/sheet/4872,714,성수 팝업스토어 찾기 | 팝가,20260223,20260611
/popup/sheet/7453,23,"인기 팝업스토어 일정, 후기를 한눈에! | 팝가 Popga",20260609,20260611
/popup/sheet/7398,193,성수 팝업스토어 찾기 | 팝가,20260605,20260611
/popup/sheet/7003,899,"인기 팝업스토어 일정, 후기를 한눈에! | 팝가 Popga",20260512,20260611
/popup/6111,83,아로셀 X 현대백화점 판교점 - 판교 팝업 | 팝가 Popga,20260401,20260611
/popup/6005,32,PSK 퓨어스펙& 큐티 만다린 팝업 - 광화문 - 광화문 팝업 | 팝가 Popga,20260325,20260611
/popup/sheet/7118,175,"인기 팝업스토어 일정, 후기를 한눈에! | 팝가 Popga",20260519,20260611
/popup/sheet/7435,91,성수 팝업스토어 찾기 | 팝가,20260609,20260611
/popup/sheet/7477,28,"인기 팝업스토어 일정, 후기를 한눈에! | 팝가 Popga",20260610,20260611
/popup/sheet/7301,190,성수 팝업스토어 찾기 | 팝가,20260529,20260611
/popup/sheet/7332,50,팝업스토어 찾기 | 팝가,20260610,20260611
/popup/sheet/7346,8,팝업스토어 찾기 | 팝가,20260602,20260611
/popup/sheet/7411,190,성수 팝업스토어 찾기 | 팝가,20260606,20260611
/popup/sheet/7283,152,성수 팝업스토어 찾기 | 팝가,20260529,20260611
/popup/2507,381,논논 팝업 | 팝가 POPGA,20250414,20260611
/popup/sheet/5713,1458,성수 팝업스토어 찾기 | 팝가,20260226,20260611
/popup/4755,61,아카라라이프 팝업 - 판교 - 판교 팝업 | 팝가 Popga,20251123,20260611
/popup/sheet/7342,59,팝업스토어 찾기 | 팝가,20260602,20260611
/popup/sheet/7212,446,성수 팝업스토어 찾기 | 팝가,20260525,20260611
/popup/sheet/7172,431,"인기 팝업스토어 일정, 후기를 한눈에! | 팝가 Popga",20260522,20260611
/popup/sheet/7315,107,홍대/신촌 애니/캐릭터 팝업스토어 찾기 | 팝가,20260531,20260611
/popup/sheet/6881,67,팝업스토어 찾기 | 팝가,20260504,20260611
/popup/sheet/6544,123,팝업스토어 찾기 | 팝가,20260422,20260611
/popup/sheet/7412,14,팝업스토어 찾기 | 팝가,20260608,20260611
/popup/1797,80,설화수 자음생 팝업 | 팝가 POPGA,20250207,20260621
/popup/2195,466,바이더하임 팝업 | 팝가 POPGA,20250310,20260621
/popup/3288,166,갤럭시 Z Flip7ㅣZ Fold7 팝업 | 팝가 POPGA,20250711,20260621
/popup/4896,175,"겨울, 그 따뜻한 순간들 전시 - 잠실 팝업 | 팝가 Popga",20251204,20260621
/popup/4888,183,넌컨템포 팝업 - 이유 없이 갖고 싶은 선물 가게 - 홍대 팝업 | 팝가 Popga,20251203,20260621
/popup/5678,118,베이크타운 팝업 - 홍대 팝업 | 팝가 Popga,20260223,20260621
/popup/3421,66,테일로디 팝업 | 팝가 POPGA,20250729,20260621
/popup/3764,87,현대카드 다빈치모텔 이벤트 | 팝가 POPGA,20250827,20260621
/popup/4971,179,킹 오브 킹스 전시 : The Greatest Love - 방화 팝업 | 팝가 Popga,20251211,20260621
/popup/858,31,에르고시스템 팝업 - ergo system 팝업 | 팝가 Popga,20241023,20260621
/popup/5819,51,"KT&G 상상마당 미니어처 기획전 - 소장, 작지만 큰 행복의 모음 - 홍대 팝업 | 팝가 Popga",20260309,20260621
/popup/4654,52,문달 팝업 - Curated House - 강남 팝업 | 팝가 Popga,20251113,20260621
/popup/509,355,하트티라미수 커넥트현대 팝업 | 팝가 POPGA,20240906,20260621
/popup/3134,152,바이레도 팝업 | 팝가 POPGA,20250625,20260621
/popup/424,136,니커버커 베이글 잠실 롯데월드몰 팝업 | 팝가 POPGA,20240830,20260621
/popup/1712,46,다우닝 X 권오상 콜라보레이션 전시회 | 팝가 POPGA,20250123,20260621
/popup/3245,134,금호전기 번개표 팝업 | 팝가 POPGA,20250707,20260621
/popup/895,21,청년행복 팝업 | 팝가 POPGA,20241025,20260621
/popup/742,10,한글과자 김포공항 팝업 - 타일러 팝업 | 팝가 Popga,20241008,20260621
/popup/7139,50,르세라핌 X 오설록 콜라보 이벤트 @부산 - 부산 팝업 | 팝가 Popga,20260520,20260621
/popup/2031,107,아임반 팝업 | 팝가 POPGA,20250227,20260621
/popup/1893,169,아이언대디 팝업 | 팝가 POPGA,20250214,20260621
/popup/3566,73,비바이아 팝업 | 팝가 POPGA,20250807,20260621
/popup/2783,118,블룹 팝업 | 팝가 POPGA,20250516,20260621
/popup/2187,126,위대한 뮤지션 100인전 | 팝가 POPGA,20250310,20260621
/popup/sheet/5455,220,"인기 팝업스토어 일정, 후기를 한눈에! | 팝가 Popga",20260223,20260621
/popup/7558,91,베러댄예스터데이 팝업 - 강남 팝업 | 팝가 Popga,20260616,20260621
/popup/1371,22,비데블 팝업 | 팝가 POPGA,20241216,20260621
/popup/4429,83,메일지워터 팝업 | 팝가 Popga,20251024,20260621
/popup/4786,242,오밀 팝업 - 여의도 팝업 | 팝가 Popga,20251126,20260621
/popup/6114,41,사운드 오브 더 가든 공연 이벤트 - 용산 팝업 | 팝가 Popga,20260401,20260621
/popup/7598,52,오팔 팝업 - 중구 팝업 | 팝가 Popga,20260618,20260621
/popup/6207,23,이터널유 팝업 - 영등포 팝업 | 팝가 Popga,20260408,20260621
/popup/5157,77,왓플 팝업 - 여의도 팝업 | 팝가 Popga,20251230,20260621
/popup/3904,255,아름다운 수선혁명 랩 팝업 | 팝가 POPGA,20250905,20260621
/popup/3560,60,로컬 팝업 - 경기 & 인천 로컬 상품전 | 팝가 POPGA,20250807,20260621
/popup/3100,105,우브에 X LG전자 팝업 | 팝가 POPGA,20250620,20260621
/popup/2731,121,잉글리시에그 팝업 | 팝가 POPGA,20250512,20260621
/popup/4469,93,PALs 이벤트 - MUSICAL GATHERING Vol.2 | 팝가 Popga,20251029,20260621
/popup/3925,51,윌리엄과 윌리엄의 윌리엄들 팝업 | 팝가 POPGA,20250909,20260621
/popup/507,25,르니나 팝업 - 르니나 팝업 | 팝가 Popga,20240913,20260621
/popup/2676,112,유플러스가 안심을 선물합니다 팝업 | 팝가 POPGA,20250502,20260621
/popup/6522,18,지구인샵 팝업 @김포 - 김포 팝업 | 팝가 Popga,20260423,20260621
/popup/3248,65,레페리 셀렉트스토어 팝업 - 코엑스 | 팝가 POPGA,20250707,20260621
/popup/443,37,비틀쥬스 비틀쥬스 저세상 체험존 팝업 - 비틀쥬스 팝업 | 팝가 Popga,20240829,20260621
/popup/4508,70,Intel Experience Store - HP Day | 팝가 Popga,20251031,20260621
/popup/1966,33,유어굿즈 팝업 | 팝가 POPGA,20250221,20260621
/popup/3863,57,오! 슬로우 마켓 팝업 - Oh! SLOW | 팝가 POPGA,20250903,20260621
/popup/4653,492,주토피아2 팝업 - 메가박스 구의 이스트폴 - 성수 팝업 | 팝가 Popga,20251113,20260621
/popup/5212,503,스타벅스 X 프렌즈 팝업 - 프렌즈 인 장충 - 동대문 팝업 | 팝가 Popga,20260106,20260621
/popup/4743,36,나임포터리 X 시시호시 팝업 - 나임포터리 팝업 팝업 | 팝가 Popga,20251121,20260621
/popup/5150,80,포토토 팝업 - 여의도 팝업 | 팝가 Popga,20251229,20260621
/popup/1369,95,상상의 티셔츠 놀이터 부산 팝업 | 팝가 POPGA,20241216,20260621
/popup/1798,50,클라랑스 뷰티 팩토리 팝업 | 팝가 POPGA,20250207,20260621
/popup/2620,36,슬리핑보틀 팝업 - 판교 | 팝가 POPGA,20250428,20260621
/popup/1500,116,현대면세점 X 몽클레르 퍼퓸 팝업 | 팝가 POPGA,20241231,20260621
/popup/4723,277,코리아보드게임즈 팝업 - 여의도 팝업 | 팝가 Popga,20251120,20260621
/popup/2062,122,덕클링 팝업 | 팝가 POPGA,20250304,20260621
/popup/358,42,빅스 켄 팝업 - 빅스 팝업 | 팝가 Popga,20240823,20260621
/popup/2912,51,오롬 팝업 | 팝가 POPGA,20250605,20260621
/popup/1811,67,젤라또 피케 | 팝가 POPGA,20250207,20260621
/popup/1,33,갤럭시 Z폴드6 Z플립6 팝업 | 팝가 POPGA,20240802,20260621
/popup/1521,28,이유즈 팝업 | 팝가 POPGA,20250103,20260621
/popup/1260,42,컬리 푸드 페스타 | 팝가 POPGA,20241204,20260621
/popup/1630,398,주토피아 팝업 - 코엑스 | 팝가 POPGA,20250115,20260621
/popup/2931,2043,현아에서 짱구랑 놀자! - 송도 | 팝가 POPGA,20250609,20260621
/popup/2711,105,제과제빵 명장전 팝업 | 팝가 POPGA,20250508,20260621
/popup/832,27,키나 팝업 | 팝가 POPGA,20241022,20260621
/popup/2936,148,얼렁뚱땅 상점 팝업 - 대구 | 팝가 POPGA,20250609,20260621
/popup/4686,88,절대검감 X 하이블루밍 팝업 - 홍대 팝업 | 팝가 Popga,20251117,20260621
/popup/5324,49,제로그램 팝업 - 천호 - 천호 팝업 | 팝가 Popga,20260116,20260621
/popup/4777,35,"보이지 않아도 여기 있다 전시 - Here, Unseen - 종로 팝업 | 팝가 Popga",20251125,20260621
/popup/5500,60,와이즈걸 빈티지 팝업 - 홍대 팝업 | 팝가 Popga,20260202,20260621
/popup/2703,160,노티드 X 카러플 팝업 | 팝가 POPGA,20250508,20260621
/popup/5189,103,폴앤안나 팝업 - 여의도 팝업 | 팝가 Popga,20260102,20260621
/popup/2272,354,바이레도 팝업 | 팝가 POPGA,20250318,20260624
/popup/2259,160,"커버서울 <마침내, 봄> 전시 | 팝가 POPGA",20250317,20260624
/popup/2252,182,세르지오 타키니 팝업 | 팝가 POPGA,20250317,20260624
/popup/2204,169,브룩스 팝업 | 팝가 POPGA,20250311,20260624
/popup/2219,497,엔믹스 팝업 | 팝가 POPGA,20250313,20260624
/popup/2230,377,AMI X 최우식 팝업 | 팝가 POPGA,20250313,20260624
/popup/3418,100,CU X 투모로우바이투게더 팝업 - 홍대 | 팝가 POPGA,20250729,20260624
/popup/1958,206,아메스 월드와이드 팝업 | 팝가 POPGA,20250220,20260624
/popup/5020,140,와사비베어 팝업 - 여의도 - 여의도 팝업 | 팝가 Popga,20251216,20260624
/popup/162,112,갤럭시 스튜디오 더현대 팝업 | 팝가 POPGA,20240801,20260624
/popup/1910,122,위키드랩 팝업 | 팝가 POPGA,20250218,20260624
/popup/3393,56,존스블랜드 팝업 | 팝가 POPGA,20250728,20260624
/popup/5696,34,낫포너드 팝업 - 부산 - 부산 팝업 | 팝가 Popga,20260224,20260624
/popup/2099,635,마리떼 팝업 | 팝가 POPGA,20250307,20260624
/popup/6319,28,제이에스티나 팝업 @잠실 - 잠실 팝업 | 팝가 Popga,20260414,20260624
/popup/sheet/6727,922,성수 팝업스토어 찾기 | 팝가,20260501,20260624
/popup/3372,105,라부르켓 X 비클린 팝업 | 팝가 POPGA,20250725,20260624
/popup/1962,175,가내스라 팝업 | 팝가 POPGA,20250220,20260624
/popup/1785,67,경북 로컬체인지업 브랜드 전시 <포터스 온 경북> 팝업 | 팝가 POPGA,20250205,20260624
/popup/1840,131,시에 팝업 | 팝가 POPGA,20250211,20260624
/popup/2089,215,리바이스 블루탭 팝업 | 팝가 POPGA,20250306,20260624
/popup/1816,145,르마드 팝업 | 팝가 POPGA,20250210,20260624
/popup/3141,125,<오징어 게임> 시즌 3 팝업 - 부산 | 팝가 POPGA,20250625,20260624
/popup/2068,195,보기보이즈 X 바이닐 팝업 | 팝가 POPGA,20250304,20260624
/popup/6018,21,핍스모터사이클 팝업 스토어 - 강남 팝업 | 팝가 Popga,20260326,20260624
/popup/852,150,바쿠 잠실 팝업 - BAGGU 팝업 | 팝가 Popga,20241022,20260624
/popup/1724,137,팔렛 팝업 | 팝가 POPGA,20250130,20260624
/popup/2000,163,예일 팝업 | 팝가 POPGA,20250225,20260624
/popup/2336,309,Chat Docs 팝업 | 팝가 POPGA,20250325,20260624
/popup/3992,215,E(at)QL NIGHT 팝업 | 팝가 POPGA,20250915,20260624
/popup/2466,634,이니스프리 X 트위티 팝업 | 팝가 POPGA,20250409,20260624
/popup/4646,158,로꼬 SCRAPS 팝업 - 성수 팝업 | 팝가 Popga,20251113,20260624
/popup/2564,72,방유당 팝업 | 팝가 POPGA,20250422,20260624
/popup/4346,79,라부르켓 팝업 | 팝가 Popga,20251020,20260624
/popup/4420,102,위위 팝업 | 팝가 Popga,20251024,20260624
/popup/5027,134,리큐엠 팝업 - 여의도 팝업 | 팝가 Popga,20251217,20260624
/popup/2254,153,펍지 PUBG 팬페스타 | 팝가 POPGA,20250317,20260624
/popup/6935,25,칠성사이다 팝업 - 종로 팝업 | 팝가 Popga,20260508,20260624
/popup/3118,152,해탈컴퍼니 팝업 | 팝가 POPGA,20250624,20260624
/popup/1791,844,"취향가옥: Art in Life, Life in Art 전시 | 팝가 POPGA",20250206,20260624
/popup/1080,39,탄광마을의 흰둥이 부산 팝업 | 팝가 POPGA,20241114,20260624
/popup/5939,23,알폰스 무하 전시 - 디지털 아르누보 - 강서 팝업 | 팝가 Popga,20260319,20260624
/popup/4781,189,그라운드 220v 디제이 페스티벌 - 여의도 팝업 | 팝가 Popga,20251125,20260624
/popup/3735,116,테틈 팝업 - TETEUM VILLAGE VACANCE | 팝가 POPGA,20250822,20260624
/popup/2029,470,미키 마우스 컬렉션 팝업 | 팝가 POPGA,20250227,20260624
/popup/2116,333,베리시 오픈 이벤트 | 팝가 POPGA,20250307,20260624
/popup/1970,252,니얼지 팝업 - 성수 | 팝가 POPGA,20250221,20260624
/popup/2193,266,화이트데이 엔젤 팝업 | 팝가 POPGA,20250310,20260624
/popup/2296,164,어그 골든 컬렉션 X 하니 팝업 | 팝가 POPGA,20250320,20260624
/popup/4362,110,홍우성 팝업 | 팝가 Popga,20251021,20260624
/popup/7458,86,EQL 6주년 이벤트 - EQL 6th BIRTHDAY PARTY @여의도 - 여의도 팝업 | 팝가 Popga,20260609,20260624
/popup/1503,51,안드레스 샌드라 팝업 | 팝가 POPGA,20241231,20260624
/popup/7357,47,2026 뚜벅뚜벅 축제 - 서초 팝업 | 팝가 Popga,20260602,20260624
/popup/2532,227,쿤달 X 시스플래닛 팝업 | 팝가 POPGA,20250416,20260624
/popup/2804,135,롯데리아 위떼한 팝업 - 숙대입구 | 팝가 POPGA,20250520,20260624
/popup/1951,187,스탠리 퀜처 프로투어 팝업 | 팝가 POPGA,20250220,20260624
/popup/2203,188,웰터 익스페리먼트 팝업 | 팝가 POPGA,20250311,20260624
/popup/2512,227,에이프 AAPE 팝업 | 팝가 POPGA,20250414,20260624
/popup/2220,248,삐아 [RED:BIRTHDAY] 이벤트 | 팝가 POPGA,20250313,20260624
/popup/2279,159,캠퍼 팝업 | 팝가 POPGA,20250318,20260624
/popup/2199,150,아누아 X 월드비전 플리마켓 이벤트 | 팝가 POPGA,20250311,20260624
/popup/1830,87,라브아 팝업 | 팝가 POPGA,20250210,20260624
/popup/2190,382,푸마 나이트로 하우스 팝업 | 팝가 POPGA,20250310,20260624
/popup/1442,46,시간의 모서리 전시 | 팝가 POPGA,20241223,20260624
/popup/6631,12,닛카 위스키 팝업 - 동탄 팝업 | 팝가 Popga,20260426,20260624
/popup/6692,18,오브에르 팝업 - 명동 팝업 | 팝가 Popga,20260428,20260624
/popup/2076,104,푸마키즈 스피드캣 팝업 | 팝가 POPGA,20250305,20260624
/popup/2186,63,닥터디퍼런트 팝업 | 팝가 POPGA,20250310,20260624
/popup/1516,64,라임라잇 어패럴 팝업 | 팝가 POPGA,20250102,20260624
/popup/1926,174,글피오 팝업 | 팝가 POPGA,20250218,20260624
/popup/7297,158,BTS 팝업 - ARIRANG @SHINSEGAE CENTUMCITY - 부산 팝업 | 팝가 Popga,20260529,20260624
/popup/1902,408,베베 더 스쿨 팝업 | 팝가 POPGA,20250217,20260624
/popup/2212,115,예지 팝업 | 팝가 POPGA,20250312,20260624
/popup/3291,323,필립스 팝업 | 팝가 POPGA,20250711,20260624
/popup/2085,1254,스타벅스 슈크림라떼 팝업 | 팝가 POPGA,20250305,20260624
/popup/2054,44,무신사 NEXT IN BRAND 전시 | 팝가 POPGA,20250228,20260624
/popup/2086,101,가터 갤러리 팝업 | 팝가 POPGA,20250306,20260624
/popup/2253,199,노다 팝업 | 팝가 POPGA,20250317,20260624
/popup/sheet/7277,126,홍대/신촌 팝업스토어 찾기 | 팝가,20260601,20260624
/popup/7132,101,아이오아이 오프라인 이벤트 - 여의도 팝업 | 팝가 Popga,20260520,20260624
/popup/6901,23,린클 팝업 - 부산 팝업 | 팝가 Popga,20260506,20260624
/popup/3936,147,SK-II 팝업 - One & Only SK-II | 팝가 POPGA,20250909,20260624
/popup/1872,82,노운 팝업 | 팝가 POPGA,20250213,20260624
/popup/2495,273,포유어아이즈온리 팝업 | 팝가 POPGA,20250411,20260624
/popup/2298,274,페사드 플래그십 스토어 이벤트 | 팝가 POPGA,20250320,20260624
/popup/1745,332,떰토 팝업 | 팝가 POPGA,20250203,20260624
/popup/1871,289,옴니피플 헤비 팝업 | 팝가 POPGA,20250213,20260624
/popup/2036,14,글루타넥스 팝업 - 고양 | 팝가 POPGA,20250227,20260624
/popup/2225,26,폰즈 리무버카 팝업 - 세종대 | 팝가 POPGA,20250313,20260624
/popup/2315,1035,포맨트 X 쿠로미 팝업 | 팝가 POPGA,20250321,20260624
/popup/2255,145,어그 팝업 | 팝가 POPGA,20250317,20260624
/popup/4879,275,허그유어스킨 × 주바 팝업 - 성수 팝업 | 팝가 Popga,20251203,20260624
/popup/4034,69,정관장 팝업 | 팝가 POPGA,20250917,20260624
/popup/5191,222,시프트 팝업 - 여의도 팝업 | 팝가 Popga,20260103,20260624
/popup/7236,34,끌리메 뷰티 팝업 - 강남 팝업 | 팝가 Popga,20260526,20260624
/popup/2749,508,아닐로 플래그십 스토어 오픈 이벤트 | 팝가 POPGA,20250513,20260625
/popup/2283,199,아무개씨 X 상상마당 팝업 | 팝가 POPGA,20250319,20260625
/popup/3855,71,MESH X CANNONAU 이벤트 - 성수동 동네 BBQ Party | 팝가 POPGA,20250903,20260625
/popup/3436,73,도로보도넛 팝업 | 팝가 POPGA,20250730,20260625
/popup/2245,189,왕실초코 게릴라 이벤트 | 팝가 POPGA,20250314,20260625
/popup/3066,328,오후반차 팝업 | 팝가 POPGA,20250618,20260625
/popup/4289,97,인앤아웃 버거 팝업 | 팝가 Popga,20251014,20260625
/popup/7069,28,루시류 X 기욤청담 팝업 - 청담 팝업 | 팝가 Popga,20260518,20260625
/popup/3730,396,브릭샌드 이벤트 | 팝가 POPGA,20250822,20260625
/popup/4356,97,제이리움 팝업 | 팝가 Popga,20251020,20260625
/popup/3948,141,힐튼서울 자서전 - 힐튼서울 자서전 팝업 | 팝가 Popga,20250910,20260625
/popup/4492,945,다마고치 팝업 - 성수 팝업 | 팝가 Popga,20251030,20260625
/popup/1883,283,머렐 팝업 - 성수 | 팝가 POPGA,20250214,20260625
/popup/1075,213,케로로 X 팝퍼블 집사 카페 신촌 팝업 | 팝가 POPGA,20241115,20260625
/popup/2895,562,샛별제과 팝업 | 팝가 POPGA,20250602,20260625
/popup/1987,77,로니엘 팝업 - 판교 | 팝가 POPGA,20250224,20260625
/popup/5106,265,탬오리 팝업 - COZY NEST - 여의도 팝업 | 팝가 Popga,20251224,20260625
/popup/2439,219,탁스 X 로보토이즈 팝업 | 팝가 POPGA,20250407,20260625
/popup/2904,231,골드윈 팝업 | 팝가 POPGA,20250604,20260625
/popup/2951,45,미즈노 팝업 - 홍대 | 팝가 POPGA,20250610,20260625
/popup/4524,650,라브아 팝업 - My Scented Room - 성수 팝업 | 팝가 Popga,20251103,20260625
/popup/1335,82,바샤커피 팝업 | 팝가 POPGA,20241212,20260625
/popup/4954,371,가루센터 팝업 - 성수 팝업 | 팝가 Popga,20251210,20260625
/popup/6424,32,베러밀 팝업 - 강남 팝업 | 팝가 Popga,20260417,20260625
/popup/3486,164,다올상점 팝업 | 팝가 POPGA,20250731,20260625
/popup/6966,37,김스테파니헤리 X 타마노카 팝업 - 강남 팝업 | 팝가 Popga,20260511,20260625
/popup/2394,199,쿠키런 뮤직 콜라보 프로젝트 팝업 | 팝가 POPGA,20250401,20260625
/popup/475,86,망곰이의 베어스 탐방기 팝업 - 망곰이 팝업 | 팝가 Popga,20240903,20260625
/popup/6551,11,허라트 팝업 - 잠실 팝업 | 팝가 Popga,20260423,20260625
/popup/2316,131,왕실초코 게릴라 이벤트 | 팝가 POPGA,20250321,20260625
/popup/2295,247,아캄 팝업 | 팝가 POPGA,20250320,20260625
/popup/3714,59,이야빠빵 팝업 | 팝가 POPGA,20250821,20260625
/popup/1765,69,두두리두팡 팝업 | 팝가 POPGA,20250204,20260625
/popup/5229,52,캄 커피 팝업 - Kalm Beginning - 홍대 팝업 | 팝가 Popga,20260108,20260625
/popup/257,222,치플레 팝업 - 잠실 | 팝가 POPGA,20240810,20260625
/popup/1322,57,피넛버터바나나 압구정 팝업 | 팝가 POPGA,20241210,20260625
/popup/7576,63,비트나 팝업 - 용산 팝업 | 팝가 Popga,20260617,20260625
/popup/3914,85,PDF 팝업 | 팝가 POPGA,20250908,20260625
/popup/4134,79,젠틀러 팝업 | 팝가 POPGA,20250926,20260625
/popup/6619,5,두레연 팝업 - 중동 팝업 | 팝가 Popga,20260426,20260625
/popup/945,44,벙커 플리마켓 팝업 - 플리마켓 팝업 | 팝가 Popga,20241030,20260625
/popup/4480,360,에잇세컨즈 X 케이팝 데몬 헌터스 팝업 - 성수 팝업 | 팝가 Popga,20251030,20260625
/popup/1865,17,마야니 팝업 - 압구정 - 마야니 팝업 | 팝가 Popga,20250213,20260625
/popup/381,40,듀얼소닉 팝업 | 팝가 POPGA,20240830,20260625
/popup/7655,33,오늘31 팝업 - 남양주 팝업 | 팝가 Popga,20260622,20260625
/popup/3666,73,"여름의 향, 세계의 차 전시 | 팝가 POPGA",20250818,20260625
/popup/1756,152,"굿나잇, 티팩토리 전시 | 팝가 POPGA",20250203,20260625
/popup/3517,143,디옵튼 팝업 | 팝가 POPGA,20250804,20260625
/popup/sheet/6880,297,홍대/신촌 애니/캐릭터 팝업스토어 찾기 | 팝가,20260504,20260625
/popup/7694,15,핑구 X 롯데월드 아쿠아리움 - 잠실 팝업 | 팝가 Popga,20260624,20260625
/popup/sheet/7224,576,아카데미과학 포켓몬 팝업스토어 | 30주년 포켓몬 굿즈 리스트·사전예약·방문 기프트 총정리 | 팝가 Popga,20260526,20260625
/popup/3103,166,라페리 X 뷰티쁠 무빙팝업 | 팝가 POPGA,20250623,20260625
/popup/2243,167,글입다 팝업 | 팝가 POPGA,20250314,20260625
/popup/3671,80,쿠온 팝업 | 팝가 POPGA,20250818,20260625
/popup/4064,274,얼렁뚱땅 상점 팝업 | 팝가 POPGA,20250919,20260625
/popup/5192,139,아이덴티티 팝업 - 여의도 팝업 | 팝가 Popga,20260102,20260625
/popup/5278,125,비히디 팝업 - 여의도 팝업 | 팝가 Popga,20260112,20260625
/popup/5639,38,재인 팝업 - 잠실 팝업 | 팝가 Popga,20260219,20260625
/popup/1866,25,하스초콜릿 팝업 - 하스초콜릿 팝업 | 팝가 Popga,20250213,20260625
/popup/4798,1734,해리포터 마호도코로 팝업 - 강남 팝업 | 팝가 Popga,20251126,20260625
/popup/2790,316,투모로우바이투게더 뿔바투 팝업 | 팝가 POPGA,20250519,20260625
/popup/3867,260,유세린 X 뷰티쁠 무빙 팝업 | 팝가 POPGA,20250903,20260625
/popup/6523,11,파닭파닭 팝업 - 미아 팝업 | 팝가 Popga,20260423,20260625
/popup/3618,51,너구리 베이글 팝업 | 팝가 POPGA,20250812,20260625
/popup/7673,27,팝업스토어 상세 정보 | 팝가 Popga,20260623,20260625
/popup/228,75,찾아가는 팩폭 서비스.zip 티처스 팝업 | 팝가 POPGA,20240807,20260625
/popup/3223,96,선일금고 루셀 X 김지희 작가 팝업 | 팝가 POPGA,20250704,20260625
/popup/4179,572,"인상주의에서 초기 모더니즘까지, 빛을 수집한 사람들 전시 - 용산 팝업 | 팝가 Popga",20251001,20260625
/popup/7104,67,태양 전시 - QUINTESSENCE - 용산 팝업 | 팝가 Popga,20260519,20260625
/popup/1332,11,빅토리아 크래킹 팝업 | 팝가 POPGA,20241212,20260625
/popup/640,81,짱구는 여행 중 대구 팝업 | 팝가 POPGA,20240927,20260625
/popup/567,370,삶은감자 팝업 | 팝가 POPGA,20240913,20260626
/popup/633,339,괴근식물 팝업 | 팝가 POPGA,20240924,20260626
/popup/4083,67,데이먼스 이어 팝업 | 팝가 POPGA,20250923,20260626
/popup/566,66,ABO x 티니핑 팝업 | 팝가 POPGA,20240913,20260626
/popup/4942,427,연말 뜨개 팝업 - 용산 팝업 | 팝가 Popga,20251209,20260626
/popup/4911,50,GS25 데이지에일 팝업 - 강남 - 강남 팝업 | 팝가 Popga,20251205,20260626
/popup/4488,154,너를 사랑하지 않는 나에게 X 투니크 콜라보 카페 - 홍대 팝업 | 팝가 Popga,20251030,20260626
/popup/6660,33,바디프랜드 X 오늘의집 북촌 팝업 - 안국 팝업 | 팝가 Popga,20260427,20260626
/popup/1387,17,2024 비밀의 성탄역 | 팝가 POPGA,20241218,20260626
/popup/1234,24,키키쿼카 스노우빌리지 대구 팝업 | 팝가 POPGA,20241203,20260626
/popup/226,25,아카페라 X 포스터샵 팝업 | 팝가 POPGA,20240807,20260626
/popup/6101,128,에스네이처 팝업 - 수분 천사 발렌이의 미니룸 - 강남 팝업 | 팝가 Popga,20260331,20260626
/popup/7522,119,미식 여행 - 로컬트립 맛;잇다 - 시청 팝업 | 팝가 Popga,20260613,20260626
/popup/2583,94,소니엔젤 팝업 | 팝가 POPGA,20250424,20260626
/popup/7269,26,먼나라 이웃나라 음식축제 - 애오개 팝업 | 팝가 Popga,20260528,20260626
/popup/1858,94,오이쎄 팝업 | 팝가 POPGA,20250212,20260626
/popup/5682,142,카비시 팝업 - 여의도 팝업 | 팝가 Popga,20260223,20260626
/popup/1084,160,스타벅스 크리스마스 팝업 - STARBUCKS 팝업 | 팝가 Popga,20241115,20260626
/popup/5487,461,팝마트 발렌타인데이 이벤트 - 홍대 팝업 | 팝가 Popga,20260202,20260626
/popup/653,85,"미키 in 덕수궁 <아트, 경계를 넘어서> 팝업 | 팝가 POPGA",20240926,20260626
/popup/3536,338,현대미술 전시 - Mark Bradford: Keep Walking - Mark Bradford: Keep Walking 팝업 | 팝가 Popga,20250805,20260626
/popup/2740,2152,아이유 생일 카페 - 성수 | 팝가 POPGA,20250514,20260626
/popup/5758,95,지읒리을 막걸리 팝업 - 성수 팝업 | 팝가 Popga,20260303,20260626
/popup/5490,72,네이버 X 서울패션위크 팝업 - 동대문 팝업 | 팝가 Popga,20260202,20260626
/popup/6197,102,TWL 기획전 - 어린이展 - 용산 팝업 | 팝가 Popga,20260407,20260626
/popup/6307,92,우리카드X스타벅스 스타트래블 우리카드 - 동대문 팝업 | 팝가 Popga,20260413,20260626
/popup/7586,81,엘로엘 팝업 - 목동 팝업 | 팝가 Popga,20260617,20260626
/popup/1921,57,주닥 팝업 | 팝가 POPGA,20250218,20260626
/popup/1616,68,럭셔리앤올 팝업 - 고양 - 럭셔리앤올 팝업 | 팝가 Popga,20250114,20260626
/popup/3382,388,제이제이 디저트 팝업 - 제이제이 디저트 팝업 팝업 | 팝가 Popga,20250725,20260626
/popup/1933,89,러쉬 팝업 - 부산 | 팝가 POPGA,20250219,20260626
/popup/3255,85,이크닉 팝업 | 팝가 POPGA,20250708,20260626
/popup/4318,51,헤이유라키친 팝업 | 팝가 Popga,20251016,20260626
/popup/3132,541,컨저링 유니버스 투어 전시 | 팝가 POPGA,20250625,20260626
/popup/1943,81,비클린 뷰티 위크 팝업 - 목동 | 팝가 POPGA,20250219,20260626
/popup/4668,86,길라아카이브 팝업 - 여의도 팝업 | 팝가 Popga,20251114,20260626
/popup/5929,76,노크 팝업 - 신촌 팝업 | 팝가 Popga,20260318,20260626
/popup/60,41,부스럭x우주먼지 팝업 - 부스럭 팝업 | 팝가 Popga,20240805,20260626
/popup/8,10,푸디버디 팝업 - 푸디버디 팝업 | 팝가 Popga,20250102,20260626
/popup/2019,177,뜰안 뜨개공방 팝업 | 팝가 POPGA,20250226,20260626
/popup/5917,55,케이스어랏 팝업 - 영등포 팝업 | 팝가 Popga,20260317,20260626
/popup/3378,141,FC 바르셀로나 팝업 | 팝가 POPGA,20250725,20260626
/popup/1808,72,감성교복 팝업 - 수원 | 팝가 POPGA,20250207,20260626
/popup/3604,159,2025 서울숲 힙합 페스티벌 | 팝가 POPGA,20250811,20260626
/popup/372,17,뮤지엄엘 개관 전시 | 팝가 POPGA,20240822,20260626
/popup/935,59,나상현씨밴드 10주년 기념 팝업 | 팝가 POPGA,20241030,20260626
/popup/523,20,오션 보틀 X 에디 강 팝업 | 팝가 POPGA,20240912,20260626
/popup/481,71,돈돈즈 팝업 | 팝가 POPGA,20240913,20260626
/popup/2540,862,신혼부부 특별전형 X 투니크 콜라보 카페 팝업 | 팝가 POPGA,20250417,20260626
/popup/2663,576,무신사 뷰티 페스타 팝업 | 팝가 POPGA,20250502,20260626
/popup/928,53,그라미치 팝업 - GRAMICCI 팝업 | 팝가 Popga,20241028,20260626
/popup/6755,38,쿠오카 팝업 - 울산 팝업 | 팝가 Popga,20260430,20260626
/popup/3282,278,오데스 팝업 | 팝가 POPGA,20250710,20260626
/popup/1409,84,연리희재 용산 팝업 - 연리희재 팝업 | 팝가 Popga,20241218,20260626
/popup/3665,95,숲의 기억 팝업 - Memories of the Forest | 팝가 POPGA,20250818,20260626
/popup/5616,21,길마르뜨 in 공업사 - 성북 팝업 | 팝가 Popga,20260214,20260626
/popup/3171,55,에버랜드 썸머캠프 인 핑크퐁월드 | 팝가 POPGA,20250630,20260626
/popup/1780,86,스티키베이비 팝업 - 잠실 | 팝가 POPGA,20250206,20260629
/popup/3049,1153,수상한 비눗방울 연구소 팝업 | 팝가 POPGA,20250616,20260629
/popup/3158,101,뉴발란스 팝업 | 팝가 POPGA,20250627,20260629
/popup/3489,2251,롬앤 핑크오피스 팝업 - 부산 | 팝가 POPGA,20250731,20260629
/popup/5175,175,쿠오카 팝업 - 강남 팝업 | 팝가 Popga,20251231,20260629
/popup/2653,92,리드볼트 팝업 - 판교 | 팝가 POPGA,20250430,20260629
/popup/3498,179,낫띵배럴 팝업 - 뚝섬 | 팝가 POPGA,20250801,20260629
/popup/104,17,김가네슈퍼 팝업 - 김가네 팝업 | 팝가 Popga,20240801,20260629
/popup/sheet/6932,610,5월 성수 엔믹스 팝업스토어 사전 예약·굿즈·포토카드 증정 이벤트 총정리 | 팝가 Popga,20260508,20260629
/popup/6241,76,미라클 쇼룸 이벤트 - 여의도 팝업 | 팝가 Popga,20260409,20260629
/popup/4271,91,베이비몬스터 팝업 - WE GO UP | 팝가 Popga,20251013,20260629
/popup/2661,251,이블렛 팝업 | 팝가 POPGA,20250502,20260629
/popup/4403,141,보이넥스트도어 팝업 | 팝가 Popga,20251023,20260629
/popup/377,17,큐어랜드 팝업 - 크크롱 팝업 | 팝가 Popga,20240823,20260629
/popup/6503,6,잇푸도 라멘 팝업 - 동탄 팝업 | 팝가 Popga,20260421,20260629
/popup/2590,330,하감자 수퍼마켙 팝업 | 팝가 POPGA,20250425,20260629
/popup/3070,246,스타벅스RTD 팝업카 이벤트 | 팝가 POPGA,20250618,20260629
/popup/6745,21,라미브랑제리 팝업 - 구리 팝업 | 팝가 Popga,20260429,20260629
/popup/7425,57,오파프 팝업 - 여의도 팝업 | 팝가 Popga,20260608,20260629
/popup/3166,207,블랙핑크 머천다이즈 팝업 | 팝가 POPGA,20250630,20260629
/popup/493,162,벨류엣 X 더현대 서울 팝업 - 벨류엣 팝업 | 팝가 Popga,20240904,20260629
/popup/580,227,웬즈데이 오아시스 팝업 - 웬즈데이 오아시스 팝업 | 팝가 Popga,20240913,20260629
/popup/2853,246,유어네임히얼 팝업 | 팝가 POPGA,20250527,20260629
/popup/1199,454,제로니 팝업 | 팝가 POPGA,20241130,20260629
/popup/2553,168,NBA 플래그십 스토어 오픈 이벤트 | 팝가 POPGA,20250418,20260629
/popup/3960,83,코토팍시 이벤트 | 팝가 POPGA,20250911,20260629
/popup/1650,62,여자친구 'Season of Memories' 팝업 | 팝가 POPGA,20250118,20260629
/popup/3997,62,아뜰리에 수진 미니 전시 | 팝가 POPGA,20250915,20260629
/popup/2526,249,21%파티 이벤트 | 팝가 POPGA,20250416,20260629
/popup/1862,8680,명탐정 코난 팝업 | 팝가 POPGA,20250212,20260629
/popup/167,93,원피스 애니메이션 25주년 팝업 | 팝가 POPGA,20240801,20260629
/popup/2409,425,웨이크메이크 팝업 | 팝가 POPGA,20250402,20260629
/popup/3360,462,화이트 팝업 | 팝가 POPGA,20250724,20260629
/popup/3924,68,스톤베이 팝업 - LUCKY FISHING | 팝가 POPGA,20250909,20260629
/popup/7127,39,봄을상자 팝업 - 영등포 팝업 | 팝가 Popga,20260520,20260629
/popup/6840,25,스컬피그 팝업 - 평촌 팝업 | 팝가 Popga,20260430,20260629
/popup/887,68,아닐로 샤워하우스 팝업 | 팝가 POPGA,20241024,20260629
/popup/4829,112,수연이네 키즈 페어 팝업 - 여의도 팝업 | 팝가 Popga,20251128,20260629
/popup/2648,274,라이프펫 팝업 | 팝가 POPGA,20250430,20260629
/popup/1861,156,유어굿즈 다꾸프렌즈 페스티벌 팝업 - 부산 | 팝가 POPGA,20250212,20260629
/popup/4610,218,르벙드 팝업 - 성수 팝업 | 팝가 Popga,20251110,20260629
/popup/6951,1574,<21세기 대군부인> 팝업 - 여의도 팝업 | 팝가 Popga,20260509,20260629
/popup/89,461,빈티지 스토어 WASHER 팝업 | 팝가 POPGA,20240801,20260629
/popup/757,98,히히클럽 팝업 | 팝가 Popga,20241010,20260629
/popup/482,169,팝마트 팝업 | 팝가 POPGA,20240903,20260629
/popup/5382,315,디즈니 X 아이스비스킷 팝업 - 강남 팝업 | 팝가 Popga,20260122,20260629
/popup/5961,92,마담래쉬 팝업 - 홍대 팝업 | 팝가 Popga,20260322,20260629
/popup/5584,81,도담도담 팝업 - 홍대 팝업 | 팝가 Popga,20260210,20260629
/popup/924,59,재친구 팝업 - 김재중 팝업 | 팝가 Popga,20241028,20260629
/popup/5661,63,디앤드퀘스천 팝업 - 롯데잠실 - 잠실 팝업 | 팝가 Popga,20260222,20260629
/popup/1649,96,(여자)아이들 민니 HERS 팝업 | 팝가 POPGA,20250117,20260629
/popup/3562,94,앰퍼샌드원 팝업 | 팝가 POPGA,20250807,20260629
/popup/2064,62,알파 인더스트리 팝업 | 팝가 POPGA,20250304,20260629
/popup/2003,355,요거트월드 팝업 | 팝가 POPGA,20250225,20260629
/popup/2487,137,아이스비스킷 X 스마일리 팝업 | 팝가 POPGA,20250410,20260629
/popup/5250,91,캐릭터라인 팝업 - 광주 - 광주 팝업 | 팝가 Popga,20260109,20260629
/popup/6504,16,러쉬 X 슈퍼마리오 갤럭시 팝업 - 동탄 팝업 | 팝가 Popga,20260421,20260629
/popup/1168,43,규현 COLORS 영등포 팝업 | 팝가 POPGA,20241127,20260629
/popup/3156,80,자이언티 with 프렌즈 플리마켓 | 팝가 POPGA,20250627,20260629
/popup/2435,62,클로즈유어아이즈 X 올리브영 팝업 - 명동 | 팝가 POPGA,20250404,20260629
/popup/291,134,토리든 X 브랜든 올리브영 팝업 - 토리든 팝업 | 팝가 Popga,20240813,20260629
/popup/2918,118,롱샴 팝업 | 팝가 POPGA,20250605,20260629
/popup/5066,139,논타입 팝업 - 성수 팝업 | 팝가 Popga,20251222,20260629
/popup/7162,27,윤산하 팝업 - 명동 팝업 | 팝가 Popga,20260521,20260629
/popup/2578,106,옵젵상가 오픈 이벤트 | 팝가 POPGA,20250424,20260629
/popup/3642,424,사내뷰공업 팝업 | 팝가 POPGA,20250814,20260629
/popup/2593,201,궁중문화축전 팝업 | 팝가 POPGA,20250425,20260629
/popup/sheet/7339,381,성수 팝업스토어 찾기 | 팝가,20260602,20260629
/popup/1109,24,BTS 진 러닝 와일드 투 해피니스 팝업 | 팝가 POPGA,20241119,20260629
/popup/6582,57,옵티마웰니스뮤지엄 팝업 - 여의도 팝업 | 팝가 Popga,20260424,20260629
/popup/1683,49,모던라이트 : 대한제국 황실 조명 전시 | 팝가 POPGA,20250121,20260630
/popup/1537,1179,스미코구라시 팝업 | 팝가 POPGA,20250106,20260630
/popup/2222,84,탑텐 팝업 - 부산 | 팝가 POPGA,20250313,20260630
/popup/2647,681,힌스 밀키솝 팝업 | 팝가 POPGA,20250430,20260630
/popup/884,20,HONGWOOSUNG 팝업 | 팝가 POPGA,20241024,20260630
/popup/7017,75,윗아웃비자 팝업 @영등포 - 영등포 팝업 | 팝가 Popga,20260513,20260630
/popup/4303,94,굿노트 X 갤럭시 탭 S11 팝업 | 팝가 Popga,20251015,20260630
/popup/5746,53,낼나 팝업 - 김포 - 김포 팝업 | 팝가 Popga,20260301,20260630
/popup/1944,59,비클린 뷰티 위크 팝업 - 부천 | 팝가 POPGA,20250219,20260630
/popup/1608,33,이치란 라멘 팝업 - 남양주 | 팝가 POPGA,20250113,20260630
/popup/1366,28,하우스포그 팝업 | 팝가 POPGA,20241213,20260630
/popup/2660,117,장인한과 팝업 | 팝가 POPGA,20250502,20260630
/popup/2498,124,초이락 팝업 | 팝가 POPGA,20250411,20260630
/popup/7485,50,스포식스 트럭 팝업 @남산타워 - 용산 팝업 | 팝가 Popga,20260611,20260630
/popup/3778,413,2025 브뤼스타 챔피언십 이벤트 | 팝가 POPGA,20250827,20260630
/popup/1740,155,알맹이네 과일가게 팝업 | 팝가 POPGA,20250131,20260630
/popup/1749,127,모리노팡 팝업 | 팝가 POPGA,20250203,20260630
/popup/1867,116,스틱윗미 팝업 - 스틱윗미 팝업 | 팝가 Popga,20250213,20260630
/popup/3076,32,어퓨커멘츠 팝업 | 팝가 POPGA,20250618,20260630
/popup/2967,207,에스더 버니 X 바쿠단야끼 팝업 | 팝가 POPGA,20250611,20260630
/popup/5138,141,포밀리 팝업 - 홍대 팝업 | 팝가 Popga,20251226,20260630
/popup/5127,109,하이디 팝업 - 여의도 팝업 | 팝가 Popga,20251226,20260630
/popup/4130,212,힙부즈 팝업 - 천상천하 유아독존 | 팝가 POPGA,20250926,20260630
/popup/4036,252,디어달리아 X 뷰티쁠 무빙 팝업 | 팝가 POPGA,20250917,20260630
/popup/4863,318,밑미 전시 - 2025 오프더레코드 - 성수 팝업 | 팝가 Popga,20251202,20260630
/popup/7361,53,고동상 팝업 - 종로 팝업 | 팝가 Popga,20260604,20260630
/popup/796,15,소프터 팝업 | 팝가 POPGA,20241018,20260630
/popup/1549,17,체크오 X 노슈가 팝업 - 체크오 팝업 | 팝가 Popga,20250108,20260630
/popup/3159,114,리사 플리마켓 | 팝가 POPGA,20250627,20260630
/popup/1027,11,엘스타 2 RE: PLAY STAGE in CGV (프리뷰) | 팝가 POPGA,20241109,20260630
/popup/2452,203,유노이아 X 단톤 팝업 | 팝가 POPGA,20250407,20260630
/popup/4167,534,바이오힐 보 in 트렌드팟 바이 올리브영 성수 | 팝가 Popga,20251001,20260630
/popup/3551,324,서든어택 팝업 - 서든 캠프 | 팝가 POPGA,20250806,20260630
/popup/2408,315,기아 EV4 X 무신사 팝업 | 팝가 POPGA,20250402,20260630
/popup/3813,49,COC 팝업 | 팝가 POPGA,20250829,20260630
/popup/3380,144,슬로우롤리 X 루시다 X 듀모네 팝업 | 팝가 POPGA,20250725,20260630
/popup/3152,128,프레비츠 팝업 | 팝가 POPGA,20250627,20260630
/popup/3685,148,피치모먼트 팝업 - 대구 | 팝가 POPGA,20250819,20260630
/popup/7525,150,아뜰리에 페이 팝업 - 홍대 팝업 | 팝가 Popga,20260615,20260630
/popup/5108,201,스피릿 핑거스 팝업 - 을지로 팝업 | 팝가 Popga,20251224,20260630
/popup/3593,96,아르베 팝업 | 팝가 POPGA,20250808,20260630
/popup/4757,536,2025 롯데타운 크리스마스 마켓 - 잠실 팝업 | 팝가 Popga,20251123,20260630
/popup/745,53,팔도 카라멜 팝업 | 팝가 POPGA,20241010,20260630
/popup/4992,122,조셉앤스테이시 X 산리오캐릭터즈 팝업 - 명동 팝업 | 팝가 Popga,20251215,20260630
/popup/4115,566,이니스프리 팝업 | 팝가 POPGA,20250925,20260630
/popup/512,43,오드소피 X 비클린 팝업 | 팝가 POPGA,20240906,20260630
/popup/3792,71,크러쉬 X 러쉬 팝업 : Crush with Lush - 강남 | 팝가 POPGA,20250828,20260630
/popup/6086,32,베이비몬스터 데뷔 2주년 기념 팝업 - 인사동 - 인사동 팝업 | 팝가 Popga,20260330,20260630
/popup/3343,98,닌텐도 스위치 동키콩 바난자 팝업 | 팝가 POPGA,20250721,20260630
/popup/6987,37,바반투 팝업 - 홍대 팝업 | 팝가 Popga,20260512,20260630
/popup/726,70,누누씨 포코리 팝업 | 팝가 POPGA,20241007,20260630
/popup/3579,110,케미스트릿 팝업 | 팝가 POPGA,20250808,20260630
/popup/3111,39,류학생 어남선 팝업 - 판교 | 팝가 POPGA,20250623,20260630
/popup/6146,34,리브러쉬 팝업 - 여의도 팝업 | 팝가 Popga,20260403,20260630
/popup/1701,104,이유즈 팝업 | 팝가 POPGA,20250122,20260630
/popup/1020,1897,주술회전 0 전시 | 팝가 POPGA,20241107,20260630
/popup/1908,105,글루글루 팝업 | 팝가 POPGA,20250218,20260630
/popup/6125,71,40주년 보노보노 팝업전 - 하남 - 하남 팝업 | 팝가 Popga,20260401,20260630
/popup/4854,126,40까지 하고 싶은 10가지 일 X 그라떼 콜라보 카페 - 잠실 - 잠실 팝업 | 팝가 Popga,20251201,20260630
/popup/6069,26,낼나 팝업스토어 - 영등포 팝업 | 팝가 Popga,20260330,20260630
/popup/6634,11,마이크로 킥보드 팝업 - 부산 팝업 | 팝가 Popga,20260427,20260630
/popup/2851,535,피스마이너스원 하이볼 팝업 | 팝가 POPGA,20250527,20260630
/popup/7564,69,콜로신스 팝업 - 여의도 팝업 | 팝가 Popga,20260616,20260630
/popup/3617,33,헤이즈 밀 베이커리 팝업 - 헤이즈밀 베이커리 팝업 팝업 | 팝가 Popga,20250812,20260630
/popup/3080,86,아이스트 루체니아 팝업 | 팝가 POPGA,20250619,20260630
/popup/1188,43,다이노탱 코코컵 팝업 | 팝가 POPGA,20241129,20260630
/popup/2720,44,시메트릭 퍼센트 팝업 | 팝가 POPGA,20250509,20260630
/popup/4655,38,웨스켄 팝업 - 용산 팝업 | 팝가 Popga,20251113,20260630
/popup/3831,89,TWB 팝업 | 팝가 POPGA,20250901,20260630
/popup/1065,24,SINGULAR 팝업 - 싱귤러 팝업 | 팝가 Popga,20241123,20260701
/popup/2323,64,떡국누나 팝업 | 팝가 POPGA,20250324,20260701
/popup/3089,85,큐클리프 팝업 | 팝가 POPGA,20250620,20260701
/popup/4401,1657,해리의 크리스마스 공방 - 여의도 팝업 | 팝가 Popga,20251023,20260701
/popup/1305,52,타무르 팝업 - 타무르 팝업 | 팝가 Popga,20241209,20260701
/popup/2104,61,요기보 팝업 - 하남 | 팝가 POPGA,20250307,20260701
/popup/4383,91,도트앤라인 팝업 | 팝가 Popga,20251022,20260701
/popup/3227,226,벤슨 팝업 | 팝가 POPGA,20250704,20260701
/popup/sheet/7303,478,"인기 팝업스토어 일정, 후기를 한눈에! | 팝가 Popga",20260529,20260701
/popup/1783,100,치플레 팝업 - 잠실 | 팝가 POPGA,20250205,20260701
/popup/5145,164,뷰이뷰이 팝업 - 여의도 팝업 | 팝가 Popga,20251229,20260701
/popup/sheet/5948,361,잠실 팝업스토어 찾기 | 팝가,20260320,20260701
/popup/2618,198,와인킹 팝업 | 팝가 POPGA,20250428,20260701
/popup/4698,228,롱테이블 마켓 팝업 - 성수 팝업 | 팝가 Popga,20251118,20260701
/popup/500,114,맘스터치 X 블루아카이브 서울 강남 팝업 | 팝가 POPGA,20240905,20260701
/popup/3582,109,필앳홈 팝업 | 팝가 POPGA,20250808,20260701
/popup/2273,137,베티나르디 팝업 | 팝가 POPGA,20250318,20260701
/popup/5148,52,스텔라앤츄이스 팝업 - 여의도 팝업 | 팝가 Popga,20251229,20260701
/popup/7530,71,애즈유아 팝업 - 홍대 팝업 | 팝가 Popga,20260615,20260701
/popup/3964,129,트웰브 팝업 | 팝가 POPGA,20250911,20260701
/popup/3556,131,화전리제빵소 팝업 - 화전리제빵소 팝업 팝업 | 팝가 Popga,20250806,20260701
/popup/191,50,Horok 술림픽 팝업 | 팝가 POPGA,20240801,20260701
/popup/2843,860,서울국제정원박람회 메타몽가든 | 팝가 POPGA,20250526,20260701
/popup/1918,79,미래엔 디지털초코 팝업 - 고양 | 팝가 POPGA,20250218,20260701
/popup/2899,388,오흐 뒤 구떼 팝업 | 팝가 POPGA,20250602,20260701
/popup/2742,130,페스토 팝업 | 팝가 POPGA,20250513,20260701
/popup/4343,92,마켓인유 팝업 | 팝가 Popga,20251020,20260701
/popup/5090,177,피에르 에르메 파리 팝업 - 여의도 팝업 | 팝가 Popga,20251223,20260701
/popup/2686,158,유라고 팝업 | 팝가 POPGA,20250507,20260701
/popup/7577,67,라플리 팝업 - 여의도 팝업 | 팝가 Popga,20260617,20260701
/popup/6834,34,코웨이 비렉스 팝업 - 명동 팝업 | 팝가 Popga,20260430,20260701
/popup/4053,56,오브베이지 팝업 - 오브베이지 팝업 팝업 | 팝가 Popga,20250919,20260701
/popup/4619,116,아이레시피 팝업 - 잠실 팝업 | 팝가 Popga,20251111,20260701
/popup/4268,140,"범준 X 찰스퍼니처, 장미맨숀 전시 - 삶 너머 삶 | 팝가 Popga",20251013,20260701
/popup/484,118,테토 팝업 - teto 팝업 | 팝가 Popga,20240909,20260701
/popup/2607,549,폴 스미스 X 로우로우 팝업 | 팝가 POPGA,20250425,20260701
/popup/2636,103,유피라운지 팝업 | 팝가 POPGA,20250429,20260701
/popup/5259,67,오프아워 팝업 - 명동 팝업 | 팝가 Popga,20260110,20260701
/popup/4825,84,민트초코월드 팝업 - 수원 - 수원 팝업 | 팝가 Popga,20251128,20260701
/popup/194,38,커티삭 위스키 부산 팝업 - 커티삭 팝업 | 팝가 Popga,20240805,20260701
/popup/1815,80,엠앤엠즈 팝업 - 파주 | 팝가 POPGA,20250210,20260701
/popup/3077,297,판옵티콘 고양이 팝업 | 팝가 POPGA,20250618,20260701
/popup/3682,1791,아이유 팝업 - Found at Eight | 팝가 POPGA,20250819,20260701
/popup/6693,14,히포스베이커 팝업 - 부산 팝업 | 팝가 Popga,20260428,20260701
/popup/3736,100,페이퍼백 팝업 | 팝가 POPGA,20250822,20260701
/popup/4405,84,김아홉 X 널독 팝업 | 팝가 Popga,20251023,20260701
/popup/4438,181,와인마시는대학생의 와인 시음회 - OOTW | 팝가 Popga,20251027,20260701
/popup/5257,95,롤링스튜디오 팝업 - 여의도 팝업 | 팝가 Popga,20260109,20260701
/popup/1738,121,포몽드 팝업 - 판교 - 포몽드 팝업 | 팝가 Popga,20250131,20260701
/popup/5062,95,K리그 사진전&팝업 - 여의도 팝업 | 팝가 Popga,20251219,20260701
/popup/4790,64,가짜를 위한 장소는 없다 X 모애쿠 콜라보 카페 - 홍대 팝업 | 팝가 Popga,20251126,20260701
/popup/926,46,구쯔 원더랜드 평택 팝업 - 굿즈플래너 팝업 | 팝가 Popga,20241028,20260701
/popup/4670,132,엠스토리허브 X 모애쿠 콜라보 카페 - 홍대 팝업 | 팝가 Popga,20251114,20260701
/popup/3760,111,서울숲 힐링 영화제 | 팝가 POPGA,20250826,20260701
/popup/2844,133,그릭데이 팝업 | 팝가 POPGA,20250526,20260701
/popup/2531,222,스키피 팝업 | 팝가 POPGA,20250416,20260701
/popup/2344,627,조구만 X 라인프렌즈 팝업 | 팝가 POPGA,20250326,20260701
/popup/2650,193,리틀템포디자인 X 상상마당 팝업 | 팝가 POPGA,20250430,20260701
/popup/1716,60,코토나 팝업 | 팝가 POPGA,20250124,20260701
/popup/2603,177,뉴믹스커피 팝업 | 팝가 POPGA,20250425,20260701
/popup/4927,524,쿠에른 팝업 - CUEREN WHITE CABIN - 성수 팝업 | 팝가 Popga,20251208,20260701
/popup/7072,37,KPBO뮤직하우스 팝업 - 상수 팝업 | 팝가 Popga,20260518,20260701
/popup/2035,35,KIMYO 팝업 | 팝가 POPGA,20250227,20260701
/popup/7512,47,어몽뎀 팝업 - 용산 팝업 | 팝가 Popga,20260612,20260701
/popup/5896,118,테클라 팝업 - 여의도 팝업 | 팝가 Popga,20260316,20260701
/popup/3157,506,기아 언플러그드 그라운드 : The Kia PV5 썸머 푸드 카트 | 팝가 POPGA,20250627,20260701
/popup/1356,23,카밀 여의도 팝업 | 팝가 POPGA,20241213,20260701
/popup/1273,48,미스터 비스트 팝업 | 팝가 POPGA,20241205,20260701
/popup/7596,70,리민 팝업 - 여의도 팝업 | 팝가 Popga,20260618,20260701
/popup/5983,20,마커스 팝사이클 팝업 - 대구 - 대구 팝업 | 팝가 Popga,20260324,20260701
/popup/3271,189,아멜리 팝업 - 잠실 | 팝가 POPGA,20250709,20260701
/popup/2551,271,프로티원 팝업 | 팝가 POPGA,20250418,20260701
/popup/3258,1196,리그 오브 레전드 팝업 - 아리의 온천 | 팝가 POPGA,20250708,20260702
/popup/3283,429,나이키 팝업 - Leaders of Seoul | 팝가 POPGA,20250710,20260702
/popup/2688,220,배민 계란프라이데이 팝업 | 팝가 POPGA,20250507,20260702
/popup/3795,582,캐릭캐릭체인지 드림샵 팝업 | 팝가 POPGA,20250828,20260702
/popup/3280,219,플레어업 팝업 | 팝가 POPGA,20250709,20260702
/popup/2292,440,집이 없어 팝업 - 부산 | 팝가 POPGA,20250320,20260702
/popup/4637,236,웰로 로컬페스타 2025 - 여의도 팝업 | 팝가 Popga,20251112,20260702
/popup/3835,108,아르켓 팝업 | 팝가 POPGA,20250901,20260702
/popup/4273,211,압구정 막걸리 팝업 | 팝가 Popga,20251013,20260702
/popup/4908,94,오로라퀸 팝업 - 홍대 팝업 | 팝가 Popga,20251205,20260702
/popup/5953,64,브이브이에스 5주년 팝업 - 〈HAP: 합〉 주얼리와 오브제가 만나는 전시 - 연남 팝업 | 팝가 Popga,20260320,20260702
/popup/7619,133,일리고 팝업 - 명동 팝업 | 팝가 Popga,20260619,20260702
/popup/582,55,쉼표주유소 팝업 | 팝가 POPGA,20240914,20260702
/popup/6806,18,로우로우 팝업 - 명동 팝업 | 팝가 Popga,20260429,20260702
/popup/4178,115,이야기 뜨개방 전시 | 팝가 Popga,20251001,20260702
/popup/4322,69,"su, market 팝업 | 팝가 Popga",20251016,20260702
/popup/1973,64,파르벵 팝업 | 팝가 POPGA,20250221,20260702
/popup/4028,112,살로몬 그래블 서울 레이스 이벤트 | 팝가 POPGA,20250917,20260702
/popup/2963,239,머렐 팝업 | 팝가 POPGA,20250611,20260702
/popup/7715,20,메종본뉘 팝업 - 목동 팝업 | 팝가 Popga,20260625,20260702
/popup/3818,438,미피와 마법 우체통 전시 - 미피 팝업 팝업 | 팝가 Popga,20250829,20260702
/popup/6937,36,이미스 팝업 - 중구 팝업 | 팝가 Popga,20260508,20260702
/popup/7654,44,벌룬프렌즈 팝업 - 대전 팝업 | 팝가 Popga,20260622,20260702
/popup/1201,26,미니니 윈터월드 팝업 | 팝가 POPGA,20241130,20260702
/popup/4119,62,구석구석트럭 팝업 | 팝가 POPGA,20250925,20260702
/popup/4703,120,헤테로 팝업 - 성수 팝업 | 팝가 Popga,20251119,20260702
/popup/3865,39,레인즈 팝업 | 팝가 POPGA,20250903,20260702
/popup/5501,166,스노우 팝업 - 강남 팝업 | 팝가 Popga,20260203,20260702
/popup/6555,39,지구인샵 팝업 @송도 - 송도 팝업 | 팝가 Popga,20260423,20260702
/popup/5051,1570,주토피아 2 팝업 - 잠실 - 잠실 팝업 | 팝가 Popga,20251218,20260702
/popup/7743,58,발롱블랑 팝업 - 압구정 팝업 | 팝가 Popga,20260628,20260702
/popup/2461,448,뉴발란스 992 팝업 | 팝가 POPGA,20250409,20260702
/popup/2446,142,토와브 팝업 | 팝가 POPGA,20250407,20260702
/popup/2854,104,오프닛 빈티지 마켓 팝업 | 팝가 POPGA,20250527,20260702
/popup/4514,241,고어텍스 팝업 | 팝가 Popga,20251103,20260702
/popup/4808,943,보이넥스트도어 X 쁘넥도 팝업 - 용산 팝업 | 팝가 Popga,20251127,20260702
/popup/4586,291,딥티크 팝업 - 잠실 팝업 | 팝가 Popga,20251107,20260702
/popup/4952,564,Holiday with 미니틴 팝업 - 성수 팝업 | 팝가 Popga,20251210,20260702
/popup/6800,21,젠사이 팝업 - 영등포 팝업 | 팝가 Popga,20260430,20260702
/popup/3481,203,케이스티파이 X 무라카미 다카시 팝업 - 무라카미 월드 | 팝가 POPGA,20250731,20260702
/popup/6571,33,플라랩 팝업 - 부산 팝업 | 팝가 Popga,20260423,20260702
/popup/2419,58,하입골프 팝업 | 팝가 POPGA,20250403,20260702
/popup/7679,53,마이인스테이 팝업 - 여의도 팝업 | 팝가 Popga,20260623,20260702
/popup/5816,27,슈퍼띵스 팝업 - 대구 팝업 | 팝가 Popga,20260309,20260702
/popup/5159,53,진도모피 팝업 - 강남 팝업 | 팝가 Popga,20251230,20260702
/popup/4881,253,아디다스 이큅먼트 팝업 - 성수 팝업 | 팝가 Popga,20251203,20260702
/popup/1774,371,보스 X 29CM 팝업 | 팝가 POPGA,20250204,20260702
/popup/4145,379,SSF 팝업 | 팝가 Popga,20250929,20260702
/popup/2386,91,아임 쏘리 바이 페트라 콜린스 팝업 | 팝가 POPGA,20250331,20260702
/popup/5129,446,우리은행 팝업 - 우리WON픽 하우스 - 성수 팝업 | 팝가 Popga,20251226,20260702
/popup/6328,34,플레어업 팝업 - 명동 팝업 | 팝가 Popga,20260414,20260702
/popup/6306,31,세일레이싱 X 레드불 팝업 - 잠실 팝업 | 팝가 Popga,20260413,20260702
/popup/2450,378,기네스 하우스 팝업 | 팝가 POPGA,20250407,20260702
/popup/3978,71,아케호무 팝업 | 팝가 POPGA,20250912,20260702
/popup/1061,118,중식여신 X GUO 동파육 만두 압구정 팝업 | 팝가 POPGA,20241113,20260702
/popup/212,1,팝업스토어 상세 정보 | 팝가 Popga,20260702,20260702
/popup/4779,88,딜레이 오프 팝업 - 성수 팝업 | 팝가 Popga,20251125,20260702
/popup/2486,543,살로몬 팝업 | 팝가 POPGA,20250410,20260702
/popup/3812,50,굴뚝강아지 웃음 클리닉 팝업 - 부산 | 팝가 POPGA,20250829,20260702
/popup/3346,420,나이키 풋볼 팝업 | 팝가 POPGA,20250721,20260702
/popup/4286,128,팀버랜드 X 페치 팝업 | 팝가 Popga,20251014,20260702
/popup/772,73,에어로케이 X 마더그라운드 팝업 | 팝가 POPGA,20241014,20260702
/popup/4249,113,체메씨 팝업 | 팝가 Popga,20251010,20260702
/popup/984,43,유니드마이요거트 팝업 | 팝가 POPGA,20241104,20260702
/popup/983,45,위키드 팝업 | 팝가 POPGA,20241104,20260702
/popup/5373,16,라운드어바웃 팝업 - 청주 - 청주 팝업 | 팝가 Popga,20260121,20260702
/popup/996,40,투모로우바이투게더(TXT) 팝업 | 팝가 POPGA,20241106,20260702
/popup/4265,111,코오롱스포츠 X 지용킴 팝업 | 팝가 Popga,20251013,20260702
/popup/2950,233,푸글렌 X 워킹위드프렌드 팝업 | 팝가 POPGA,20250610,20260702
/popup/2701,104,온 팝업 | 팝가 POPGA,20250508,20260702
/popup/3131,222,푸마 에이치스트릿 팝업 | 팝가 POPGA,20250625,20260702
/popup/5098,424,펍지 홈커밍 이벤트 - 성수 팝업 | 팝가 Popga,20251223,20260702
/popup/5096,76,팬시클럽 팝업 - 여의도 팝업 | 팝가 Popga,20251223,20260702
/popup/5070,70,윗아웃비자 팝업 - 여의도 팝업 | 팝가 Popga,20251222,20260702
/popup/7649,50,스텐스 서울 × 누베스 팝업 - 용산 팝업 | 팝가 Popga,20260622,20260702
/popup/1849,62,소운 수채화 캐리커쳐 이벤트 - 대구 | 팝가 POPGA,20250213,20260702
/popup/6267,27,팡파르데코 팝업 - 여의도 팝업 | 팝가 Popga,20260410,20260702
/popup/7671,46,모어서울 팝업 - 강남 팝업 | 팝가 Popga,20260623,20260702
/popup/6618,15,거제문어빵 팝업 - 전주 팝업 | 팝가 Popga,20260426,20260702
/popup/7603,151,더블에이 팝업 - 내일 연구소 - 여의도 팝업 | 팝가 Popga,20260618,20260702
/popup/7219,45,브레게 트래디션 노벨티 쇼케이스 - 강남 팝업 | 팝가 Popga,20260526,20260702
/popup/4191,441,옴니피플 빈티지 팝업 | 팝가 Popga,20251002,20260702
/popup/1390,71,피스마이너스원 X 모남희 팝업 | 팝가 POPGA,20241217,20260702
/popup/3278,71,가터 갤러리 & 길라 아카이브 시즌오프 팝업 | 팝가 POPGA,20250710,20260702
/popup/1924,67,메종본뉘 팝업 - 대구 | 팝가 POPGA,20250219,20260702
/popup/4382,147,아웃도어 보이스 팝업 | 팝가 Popga,20251022,20260702
/popup/4379,132,시에 팝업 | 팝가 Popga,20251022,20260702
/popup/5830,560,BTS 팝업 - ARIRANG @HYBE YONGSAN - 용산 팝업 | 팝가 Popga,20260310,20260702
/popup/7055,34,가연리 팝업 - 종로 팝업 | 팝가 Popga,20260515,20260702
/popup/2744,119,T.B.O.S 티비오에스 팝업 | 팝가 POPGA,20250513,20260702
/popup/4430,174,어그 X 사카이 팝업 | 팝가 Popga,20251027,20260702
/popup/5019,129,소니엔젤 팝업 - 부산 - 부산 팝업 | 팝가 Popga,20251216,20260702
/popup/4086,365,eyoeyo 팝업 | 팝가 Popga,20250923,20260702
/popup/3675,247,더보이즈 팝업 - LUCKY LITTLE THINGS | 팝가 POPGA,20250818,20260702
/popup/2680,169,탄광702동 팝업 | 팝가 POPGA,20250507,20260702
/popup/4671,332,알파 인더스트리 팝업 - 성수 팝업 | 팝가 Popga,20251114,20260702
/popup/1755,141,로이비 팝업 | 팝가 POPGA,20250203,20260702
/popup/2552,56,아디다스 오리지널스 플리마켓 이벤트 | 팝가 POPGA,20250418,20260702
/popup/3677,97,트레바리 X 언더시티 이벤트 - 리딩 시티 | 팝가 POPGA,20250819,20260702
/popup/5283,276,안전가옥 팝업 - 강남 팝업 | 팝가 Popga,20260113,20260702
/popup/2107,1880,픽사 아트 컬렉션 전시 | 팝가 POPGA,20250307,20260702
/popup/3233,201,야마다스포츠 팝업 | 팝가 POPGA,20250704,20260703
/popup/3961,126,공삼대학교 팝업 | 팝가 POPGA,20250911,20260703
/popup/3337,594,봄마음 팝업 | 팝가 POPGA,20250718,20260703
/popup/3819,487,산리오X올리브영 큐티런 in 트렌드팟 바이 올리브영 홍대 | 팝가 POPGA,20250829,20260703
/popup/3340,840,런치박스클럽 팝업 | 팝가 POPGA,20250721,20260703
/popup/4245,835,키엘 팝업 | 팝가 Popga,20251009,20260703
/popup/5690,29,프리터 팝업 - 압구정 팝업 | 팝가 Popga,20260224,20260703
/popup/2839,174,아모레 성수 이벤트 | 팝가 POPGA,20250523,20260703
/popup/5036,137,에피코어 이벤트 - 성수 팝업 | 팝가 Popga,20251217,20260703
/popup/3072,83,키르시 X 썬원버드 팝업 | 팝가 POPGA,20250618,20260703
/popup/6894,43,스튜디오앤파르크 팝업 - 강남 팝업 | 팝가 Popga,20260505,20260703
/popup/354,29,준태킴 FW24 런칭 + 샘플세일 팝업 | 팝가 POPGA,20240821,20260703
/popup/7379,32,만원의 행복 - 모자 교환소 - 홍대 팝업 | 팝가 Popga,20260604,20260703
/popup/1381,24,맥 팝업 | 팝가 POPGA,20241216,20260703
/popup/1814,41,돌체앤가바나 뷰티 팝업 | 팝가 POPGA,20250210,20260703
/popup/2042,59,펜필드 X 닉기어 팝업 | 팝가 POPGA,20250227,20260703
/popup/6629,6,빵떡집 팝업 - 동탄 팝업 | 팝가 Popga,20260426,20260703
/popup/6411,25,포인트앤 X 녹기전에 팝업 @마포 - 마포 팝업 | 팝가 Popga,20260416,20260703
/popup/1708,120,치플레 팝업 - 하남 | 팝가 POPGA,20250123,20260703
/popup/1417,29,에테르아 팝업 | 팝가 POPGA,20241219,20260703
/popup/5743,39,캐리마켓 팝업 - 대구 - 대구 팝업 | 팝가 Popga,20260301,20260703
/popup/3064,411,카스 레몬 스퀴즈 팝업 | 팝가 POPGA,20250617,20260703
/popup/4878,116,도자 캣 팝업 - 여의도 팝업 | 팝가 Popga,20251203,20260703
/popup/sheet/6485,2322,"인기 팝업스토어 일정, 후기를 한눈에! | 팝가 Popga",20260421,20260703
/popup/4446,81,아워글래스 팝업 | 팝가 Popga,20251028,20260703
/popup/3945,51,유지 팝업 | 팝가 POPGA,20250910,20260703
/popup/6126,53,로라로라 그랜드 오픈 이벤트 - 서촌 팝업 | 팝가 Popga,20260401,20260703
/popup/3664,150,어른이보호구역 팝업 | 팝가 POPGA,20250818,20260703
/popup/527,134,휩드 팝업 | 팝가 POPGA,20240913,20260703
/popup/4844,103,네거티브쓰리 팝업 - 홍대 팝업 팝업 | 팝가 Popga,20251130,20260703
/popup/7294,27,더애쉴린 팝업 - 강남 팝업 | 팝가 Popga,20260529,20260703
/popup/520,109,테디테일즈 대전 팝업 | 팝가 POPGA,20240910,20260703
/popup/2664,283,배틀그라운드 모바일 7주년 기념 팝업 | 팝가 POPGA,20250502,20260703
/popup/2591,107,우주먼지 아케이드 팝업 - 부산 | 팝가 POPGA,20250425,20260703
/popup/4348,176,기후가 이사가래요 팝업 전시 | 팝가 Popga,20251020,20260703
/popup/4437,176,빵빵이와 옥지 팝업 - 꿀잼도시 대전 city - 대전 팝업 | 팝가 Popga,20251027,20260703
/popup/5612,28,라이프밀 팝업 - 홍대 팝업 | 팝가 Popga,20260213,20260703
/popup/4442,76,압구정 로데오 페스타 - 紙上 : On Paper | 팝가 Popga,20251027,20260703
/popup/1216,1,팝업스토어 상세 정보 | 팝가 Popga,20260703,20260703
/popup/2841,607,유튜브 팬페스트 2025 팝업 | 팝가 POPGA,20250523,20260703
/popup/3780,192,카누 캡슐 플래그십스토어 | 팝가 POPGA,20250827,20260703
/popup/295,9,JEEP RUNGET 팝업 - 지프 팝업 | 팝가 Popga,20240813,20260703
/popup/1636,146,하리보 팝업 - 대구 | 팝가 POPGA,20250116,20260703
/popup/168,23,오밀조밀 깨댕이 과일가게 팝업 - 깨댕이 팝업 | 팝가 Popga,20240801,20260703
/popup/1699,73,베이크모굴 팝업 | 팝가 POPGA,20250122,20260703
/popup/3709,595,더 스카우트 이벤트 | 팝가 POPGA,20250821,20260703
/popup/1942,84,오뚜기 X 코코하 팝업 | 팝가 POPGA,20250219,20260703
/popup/4093,153,복복 X 산리오 팝업 | 팝가 POPGA,20250923,20260703
/popup/4096,216,소니엔젤 팝업 - 소니엔젤 팝업 팝업 | 팝가 Popga,20250923,20260703
/popup/2332,149,마이마이 팝업 | 팝가 POPGA,20250325,20260703
/popup/5477,109,오이오이오이 X 타바스코 팝업 - 종로 팝업 | 팝가 Popga,20260130,20260703
/popup/2615,94,AAOA 서울 패션 페스티벌 팝업 | 팝가 POPGA,20250428,20260703
/popup/7345,35,입생로랑 뷰티 팝업 - 판교 팝업 | 팝가 Popga,20260602,20260703
/popup/5371,252,앵콜스 팝업 - 잠실 팝업 | 팝가 Popga,20260121,20260703
/popup/4806,680,3층 다락빵 팝업 - 잠실 팝업 | 팝가 Popga,20251127,20260703
/popup/5877,39,택플로우 팝업 - 용산 팝업 | 팝가 Popga,20260315,20260703
/popup/1518,296,오징어 게임 시즌2 X LG유플러스 강남 팝업 | 팝가 POPGA,20250103,20260703
/popup/4140,128,성북동비둘기 FAIR-PLAY | 팝가 Popga,20250929,20260703
/popup/5453,331,입생로랑 팝업 - YSL 발렌타인 컬렉션 - 잠실 팝업 | 팝가 Popga,20260129,20260703
/popup/7378,35,웨이든 X 무하마드 알리 팝업 - 수원 팝업 | 팝가 Popga,20260604,20260703
/popup/3944,58,우마뭉 팝업 | 팝가 POPGA,20250910,20260703
/popup/2667,62,세이지가 팝업 | 팝가 POPGA,20250502,20260703
/popup/5459,112,노배드바이브스 팝업 - 용산 팝업 | 팝가 Popga,20260129,20260703
/popup/5472,216,<소멸의 시학: 삭는 미술에 대하여> 전시 - 종로 팝업 | 팝가 Popga,20260130,20260703
/popup/5142,230,복복 팝업 - 여의도 팝업 | 팝가 Popga,20251228,20260703
/popup/1121,121,트리밍버드 대구 팝업 | 팝가 POPGA,20241120,20260703
/popup/3309,110,카카오페이 팝업 - 오래오래 함께가게 | 팝가 POPGA,20250715,20260703
/popup/6949,88,키르시 X 챠미키티 팝업 - 명동 팝업 | 팝가 Popga,20260508,20260703
/popup/3139,130,매기 팝업 | 팝가 POPGA,20250625,20260703
/popup/4864,142,오타마톤 팝업 - 여의도 팝업 | 팝가 Popga,20251202,20260703
/popup/6441,16,치플레 팝업 - 동탄 팝업 | 팝가 Popga,20260419,20260703
/popup/5143,118,크리스탈렌 팝업 - 강남 팝업 | 팝가 Popga,20251228,20260703
/popup/5721,105,<오늘부터 인간입니다만> 팝업 - 홍대 팝업 | 팝가 Popga,20260226,20260703
/popup/4827,133,이야이야앤프렌즈 팝업 - 강남 팝업 | 팝가 Popga,20251128,20260706
/popup/3151,303,바이오던스 무빙팝업 | 팝가 POPGA,20250627,20260706
/popup/3586,176,아기돼지 4형제 팝업 | 팝가 POPGA,20250808,20260706
/popup/4963,283,버터베어 팝업 - 용산 팝업 | 팝가 Popga,20251211,20260706
/popup/4945,452,마이 무스비 팝업 - 성수 팝업 | 팝가 Popga,20251209,20260706
/popup/4739,108,2025 상상마당 디자인챌린지 팝업 - 뚱랑이와 럽토리럽코리의 시티투어 - 홍대 팝업 | 팝가 Popga,20251121,20260706
/popup/6024,115,연희핸즈마켓 - 연희동 팝업 | 팝가 Popga,20260326,20260706
/popup/7197,25,포트오브콜 팝업 - 서촌 팝업 | 팝가 Popga,20260524,20260706
/popup/1653,1420,2025 아이파크몰 키보드 페스티벌 팝업 | 팝가 POPGA,20250117,20260706
/popup/1144,64,드래곤볼 부산 팝업 | 팝가 POPGA,20241125,20260706
/popup/4970,175,마티에 프리미에르 팝업 - 잠실 팝업 | 팝가 Popga,20251211,20260706
/popup/2935,602,투크 팝업 | 팝가 POPGA,20250609,20260706
/popup/5228,122,크록스 케이스 팝업 - 부산 - 부산 팝업 | 팝가 Popga,20260108,20260706
/popup/2218,55,무아르무스 팝업 | 팝가 POPGA,20250312,20260706
/popup/4589,162,메디큐브 에이지알 팝업 - 여의도 팝업 | 팝가 Popga,20251107,20260706
/popup/1715,108,지창욱의 시나리오 팝업 | 팝가 POPGA,20250124,20260706
/popup/2700,99,더현대 펫페어 | 팝가 POPGA,20250508,20260706
/popup/4243,512,노에트 팝업 | 팝가 Popga,20251009,20260706
/popup/3706,112,오볼리토 팝업 - 오볼리토 팝업 팝업 | 팝가 Popga,20250820,20260706
/popup/4030,113,민트리 팝업 | 팝가 POPGA,20250917,20260706
/popup/4547,118,미연 팝업 | 팝가 Popga,20251105,20260706
/popup/5904,95,얼렁뚱땅 상점 - 부산 - 부산 팝업 | 팝가 Popga,20260316,20260706
/popup/6034,68,마이네임이즈피터 팝업 - 여의도 팝업 | 팝가 Popga,20260327,20260706
/popup/5321,111,불범 팝업 - 용산 팝업 | 팝가 Popga,20260115,20260706
/popup/6501,84,지프키즈 팝업 - 영등포 팝업 | 팝가 Popga,20260421,20260706
/popup/2184,200,톤28 팝업 | 팝가 POPGA,20250310,20260706
/popup/6198,37,루맨티누어 팝업 - 명동 팝업 | 팝가 Popga,20260407,20260706
/popup/4151,797,산리오 팝업 - 마이멜로디의 드림카트 | 팝가 Popga,20250929,20260706
/popup/2366,63,나이키 에어 맥스 Dn8 전시 | 팝가 POPGA,20250328,20260706
/popup/5741,83,올영세일 팝업 - 영등포 팝업 | 팝가 Popga,20260301,20260706
/popup/3368,287,대원미디어 X 교보문고 팝업 | 팝가 POPGA,20250724,20260706
/popup/1551,23,아벤느 안티에이징 연구소 하남 팝업 | 팝가 POPGA,20250108,20260706
/popup/1004,85,제이닷 트리 팝업 - 제이닷트리 팝업 | 팝가 Popga,20241107,20260706
/popup/2888,457,여름 행운 팝업 | 팝가 POPGA,20250530,20260706
/popup/1750,298,인벤타리오: 2025 문구페어 | 팝가 POPGA,20250203,20260706
/popup/6844,1,영도할매 꼬마김밥 팝업 @동탄 - 동탄 팝업 | 팝가 Popga,20260706,20260706
/popup/970,28,2024 서울 일러스트 코리아 | 팝가 POPGA,20241103,20260706
/popup/2090,385,옴니피플 헤비 팝업 | 팝가 POPGA,20250306,20260706
/popup/5001,91,주스 팝업 - 냥냥냥냥냥 해피윈터 - 수원 팝업 | 팝가 Popga,20251215,20260706
/popup/5611,94,Lee 101주년 팝업 - 여의도 팝업 | 팝가 Popga,20260213,20260706
/popup/3328,342,네버모어 아카데미 입학식 이벤트 | 팝가 POPGA,20250717,20260706
/popup/912,136,헤비츠 팝업 - HABITS 팝업 | 팝가 Popga,20241025,20260706
/popup/2330,172,배럴 X 클렘 킴 팝업 | 팝가 POPGA,20250324,20260706
/popup/2743,56,네이키드서프클럽 팝업 | 팝가 POPGA,20250513,20260706
/popup/3347,360,복숭아주의보 팝업 - 수원 | 팝가 POPGA,20250722,20260706
/popup/2372,77,에이치슈 팝업 - 대구 - 에이치슈 팝업 | 팝가 Popga,20250328,20260706
/popup/7527,61,누스포큰 팝업 - 이태원 팝업 | 팝가 Popga,20260615,20260706
/popup/853,68,성북당 십원빵 팝업 - 성북당 팝업 | 팝가 Popga,20241022,20260706
/popup/5941,115,캐리랜드 쁘띠팩토리 팝업 - 강남 팝업 | 팝가 Popga,20260319,20260706
/popup/5179,39,말마프렌즈 팝업 - 파주 - 파주 팝업 | 팝가 Popga,20251231,20260706
/popup/7314,52,넌컨템포 일러스트 상점 팝업 - 연희 팝업 | 팝가 Popga,20260531,20260706
/popup/4010,57,YONS X OROEE 팝업 - YONS 팝업 팝업 | 팝가 Popga,20250916,20260706
/popup/4205,70,윤슬 팝업 | 팝가 Popga,20251003,20260706
/popup/164,61,갤럭시 스튜디오 홍대 팝업 - 갤럭시 팝업 | 팝가 Popga,20240804,20260706
/popup/6950,103,포포라보 팝업 - 여의도 팝업 | 팝가 Popga,20260509,20260706
/popup/3468,5,"인기 팝업스토어 일정, 후기를 한눈에! | 팝가 Popga",20251204,20260706
/popup/231,1,팝업스토어 상세 정보 | 팝가 Popga,20260706,20260706
/popup/1462,51,카밀 판교 팝업 | 팝가 POPGA,20241226,20260706
/popup/2324,1323,슈퍼드라이 오픈 이벤트 | 팝가 POPGA,20250324,20260706
/popup/3116,194,오뚜기 X 키티버니포니 팝업 | 팝가 POPGA,20250624,20260706
/popup/2792,208,아르튀스 베르트랑 팝업 | 팝가 POPGA,20250519,20260706
/popup/2226,22,폰즈 리무버카 팝업 - 성균관대 | 팝가 POPGA,20250314,20260706
/popup/2929,203,샹테카이 X 뷰티쁠 무빙팝업 | 팝가 POPGA,20250605,20260706
/popup/2303,69,에피그램 X 오파토 팝업 | 팝가 POPGA,20250321,20260706
/popup/6669,21,바이브젠 팝업 - 건대 팝업 | 팝가 Popga,20260428,20260706
/popup/7666,90,더블러버스 팝업 - 잠실 팝업 | 팝가 Popga,20260623,20260706
/popup/7376,63,애크온 X 코스모폴리탄 이벤트 @한양대 - 한양대 팝업 | 팝가 Popga,20260604,20260706
/popup/2879,644,기븐 전시 | 팝가 POPGA,20250529,20260706
/popup/3497,754,낫띵베럴 팝업 - 성수 | 팝가 POPGA,20250801,20260706
/popup/534,16,오호스 X 데상트 팝업 - OJOS 팝업 | 팝가 Popga,20240913,20260706
/popup/2557,534,해리포터 마호도코로 팝업 | 팝가 POPGA,20250421,20260706
/popup/2848,111,처칠롬퍼 팝업 | 팝가 POPGA,20250526,20260706
/popup/6639,23,크록스 팝업 - 구리 팝업 | 팝가 Popga,20260426,20260706
/popup/3731,156,클리오 게릴라 이벤트 | 팝가 POPGA,20250822,20260706
/popup/7200,146,로컬편의점 팝업 - 용산 팝업 | 팝가 Popga,20260516,20260706
/popup/4221,66,부창제과 팝업 | 팝가 Popga,20251004,20260706
/popup/3138,312,파이시스 팝업 | 팝가 POPGA,20250625,20260706
/popup/3656,52,팡뮤제 베이커리 팝업 | 팝가 POPGA,20250814,20260706
/popup/3567,539,미니니 팝업 - 레니니의 산지직송 | 팝가 POPGA,20250807,20260706
/popup/5984,174,스토케 팝업 - 잠실 팝업 | 팝가 Popga,20260324,20260706
/popup/1864,48,마야니 팝업 - 코엑스 | 팝가 POPGA,20250213,20260706
/popup/743,42,한글과자 명동 팝업 - 타일러 팝업 | 팝가 Popga,20241008,20260706
/popup/7045,25,아크메서드 팝업 - 용산 팝업 | 팝가 Popga,20260514,20260706
/popup/2732,293,무용지용 키보드키링 팝업 - 종로 | 팝가 POPGA,20250512,20260706
/popup/3619,108,바스켓 팝업 - in BASKET | 팝가 POPGA,20250812,20260706
/popup/1534,205,오드비 압구정 팝업 | 팝가 POPGA,20250106,20260706
/popup/622,249,베이글리스트 X 라크루뜨서울 잠실 팝업 | 팝가 POPGA,20240923,20260706
/popup/2112,82,씰리 팝업 | 팝가 POPGA,20250307,20260706
/popup/7803,36,윤두준 생일카페 - 상수 팝업 | 팝가 Popga,20260701,20260706
/popup/3762,311,행운맨숀 팝업 | 팝가 POPGA,20250826,20260706
/popup/6573,22,요기보 팝업 - 김포공항 팝업 | 팝가 Popga,20260423,20260706
/popup/4978,105,알로 팝업 - 잠실 팝업 | 팝가 Popga,20251212,20260706
/popup/723,469,스폰지밥 캠핑데이 팝업 | 팝가 POPGA,20241007,20260706
/popup/2796,115,아디다스 X 떠그클럽 팝업 | 팝가 POPGA,20250519,20260706
/popup/2398,878,드롭드롭드롭 BE-TWIN 홈파티 이벤트 | 팝가 POPGA,20250401,20260707
/popup/4169,365,올리오 X 위키드 in 올리브영 홍대타운 | 팝가 Popga,20251001,20260707
/popup/3840,105,뉴얼린 팝업 | 팝가 POPGA,20250901,20260707
/popup/4475,2987,닌텐도 팝업 - SUPER MARIO JOYFUL HOILIDAY - 잠실 팝업 | 팝가 Popga,20251029,20260707
/popup/2765,52,초록믿음강진 팝업 | 팝가 POPGA,20250515,20260707
/popup/4650,881,주토피아2 팝업 - 메가박스 코엑스 - 강남 팝업 | 팝가 Popga,20251113,20260707
/popup/3365,101,이티비티샵 팝업 | 팝가 POPGA,20250724,20260707
/popup/4135,113,오도넛 현대백화점 판교점 팝업 | 팝가 Popga,20250926,20260707
/popup/4059,215,"뉴발란스 팝업 - Icon Reborn, 204L | 팝가 POPGA",20250919,20260707
/popup/2902,322,론론 팝업 | 팝가 POPGA,20250604,20260707
/popup/3183,102,언플러그드 보이 X 카페꼼마 콜라보 카페 | 팝가 POPGA,20250701,20260707
/popup/1620,119,히에타 팝업 - 히에타 팝업 | 팝가 Popga,20250114,20260707
/popup/4886,258,기묘한 이야기 팝업 - 용산 - 용산 팝업 | 팝가 Popga,20251203,20260707
/popup/5665,68,글입다 팝업 - 영등포 팝업 | 팝가 Popga,20260223,20260707
/popup/521,112,최애의 아이 팝업 | 팝가 POPGA,20240910,20260707
/popup/7180,67,무신사 킥스 서머 시즌 팝업 @홍대 - 홍대 팝업 | 팝가 Popga,20260522,20260707
/popup/5767,118,버터 팝업 - 홍대 팝업 | 팝가 Popga,20260304,20260707
/popup/3803,159,포에토 팝업 | 팝가 POPGA,20250828,20260707
/popup/2685,163,레이브 팝업 | 팝가 POPGA,20250507,20260707
/popup/5272,74,아조바이아조 팝업 - EVENT HALL - 잠실 팝업 | 팝가 Popga,20260112,20260707
/popup/3670,75,니어포레스트 팝업 | 팝가 POPGA,20250818,20260707
/popup/7861,23,무아크래프트 팝업 - 고양 팝업 | 팝가 Popga,20260705,20260707
/popup/6758,30,백조씽크 팝업 - 부산 팝업 | 팝가 Popga,20260430,20260707
/popup/290,16,퍼햅스투데이 x 에이코의 달밤식당 팝업 - 퍼햅스투데이 팝업 | 팝가 Popga,20240813,20260707
/popup/7032,32,아카이브씬 팝업 - 종로 팝업 | 팝가 Popga,20260514,20260707
/popup/2209,25,인피니트 팝업 | 팝가 POPGA,20250311,20260707
/popup/4984,42,뮤제드 크리스마스 마켓 - 용산 팝업 | 팝가 Popga,20251212,20260707
/popup/1057,152,레드벨벳 X 노티드 팝업 | 팝가 POPGA,20241113,20260707
/popup/6033,56,라브아 팝업 - 강남 팝업 | 팝가 Popga,20260327,20260707
/popup/4660,127,뮤지쿠스 X 사운드캣 팝업 - 뮤지캣 - 강남 팝업 | 팝가 Popga,20251114,20260707
/popup/3608,43,세일레이싱 X 온러닝 팝업 | 팝가 POPGA,20250811,20260707
/popup/6730,71,헤이엄 팝업 - 홍대 팝업 | 팝가 Popga,20260429,20260707
/popup/5876,60,삔즈 X 판나코타 팝업 - 홍대 팝업 | 팝가 Popga,20260315,20260707
/popup/3828,44,리던 팝업 | 팝가 POPGA,20250901,20260707
/popup/3974,87,라렌 팝업 | 팝가 POPGA,20250912,20260707
/popup/2913,576,리틀오일아트 X 세인트루크마리 팝업 | 팝가 POPGA,20250605,20260707
/popup/1167,117,OOTD of 침착맨 카드 교환소 팝업 | 팝가 POPGA,20241127,20260707
/popup/1064,76,오설록 취향가든 팝업 - 오설록 팝업 | 팝가 Popga,20241113,20260707
/popup/2011,129,GGLS X 마미손 팝업 | 팝가 POPGA,20250225,20260707
/popup/3202,306,캐리랜드 팝업 | 팝가 POPGA,20250702,20260707
/popup/2364,159,YLESS 팝업 | 팝가 POPGA,20250327,20260707
/popup/2513,1582,메타몽의 타임캡슐 전시 | 팝가 POPGA,20250414,20260707
/popup/3220,198,패트와 매트 팝업 - 대구 | 팝가 POPGA,20250704,20260707
/popup/2430,538,팝가스토어 판교점 | 팝가 POPGA,20250404,20260707
/popup/5004,839,주토피아2 팝업 | 윈터 베케이션 @ AK플라자 홍대 - 홍대 팝업 | 팝가 Popga,20251215,20260707
/popup/4558,357,"티파니앤코 전시 - With Love, Seoul - 잠실 팝업 | 팝가 Popga",20251106,20260707
/popup/4479,436,자일리톨 팝업 - Xylitol Lab in Finland | 팝가 Popga,20251030,20260707
/popup/2696,232,토앤토 X 산리오캐릭터즈 팝업 | 팝가 POPGA,20250507,20260707
/popup/574,35,꾸수운 팝업 | 팝가 POPGA,20240913,20260707
/popup/4088,165,아이폰17 팝업 | 팝가 POPGA,20250923,20260707
/popup/4600,247,러브액츄얼리 팝업 - 용산 팝업 | 팝가 Popga,20251110,20260707
/popup/3889,160,라코스테 팝업 - 라코스테 팝업 팝업 | 팝가 Popga,20250905,20260707
/popup/4880,371,페인오어플레져 팝업 - 성수 팝업 | 팝가 Popga,20251203,20260707
/popup/6161,29,듀베티카 26S/S 팝업 프로모션 - 명동 팝업 | 팝가 Popga,20260405,20260707
/popup/448,80,아벡쉐리 팝업 - 소금빵 팝업 | 팝가 Popga,20240904,20260707
/popup/5609,45,알파인더스트리 팝업 - 명동 팝업 | 팝가 Popga,20260213,20260707
/popup/7697,31,웰컴 투 헬스키친 팝업 - 성수 팝업 | 팝가 Popga,20260624,20260707
/popup/4099,51,언노운 북 페스티벌 - 이상하고 엉뚱한 책의 경험 | 팝가 Popga,20250924,20260707
/popup/5552,31,트루타월 팝업 - 압구정 팝업 | 팝가 Popga,20260206,20260707
/popup/6265,26,필인더블랭크 팝업 - 여의도 팝업 | 팝가 Popga,20260410,20260707
/popup/7093,73,카시나 냉동 코퍼레이션 - 강남 팝업 | 팝가 Popga,20260518,20260707
/popup/3568,195,무신사 러너스 클럽 팝업 | 팝가 POPGA,20250807,20260707
/popup/5293,81,웬즈데이오아시스 팝업 - 여의도 팝업 | 팝가 Popga,20260113,20260707
/popup/4809,495,박뚜기 소금빵 팝업 - 강남 팝업 | 팝가 Popga,20251127,20260707
/popup/3684,214,이구홈위크 팝업 | 팝가 POPGA,20250819,20260707
/popup/3082,69,업비트 팝업 | 팝가 POPGA,20250619,20260707
/popup/3771,45,더뮤지엄비지터 팝업 | 팝가 POPGA,20250827,20260707
/popup/2949,137,포즈플래닛 팝업 | 팝가 POPGA,20250613,20260707
/popup/2536,55,퓨어스펙 오렌지 & 큐티 만다린 트럭 팝업 - 한강 | 팝가 POPGA,20250417,20260707
/popup/2616,47,앨리스 앤 올리비아 팝업 | 팝가 POPGA,20250428,20260707
/popup/1979,389,플레이브 2주년 기념 팝업 | 팝가 POPGA,20250224,20260707
/popup/1821,66,핀리 팝업 - 대구 | 팝가 POPGA,20250210,20260707
/popup/535,114,크랭크 X 더현대 서울 팝업 | 팝가 POPGA,20240913,20260707
/popup/3172,312,일소 X 헬로키티 팝업 - 홍대 | 팝가 POPGA,20250701,20260707
/popup/2515,1082,K리그 X 산리오캐릭터즈 팝업 | 팝가 POPGA,20250414,20260707
/popup/3969,108,옐로우 라이트 팝업 | 팝가 POPGA,20250911,20260707
/popup/3510,225,바스켓 팝업 | 팝가 POPGA,20250801,20260707
/popup/3717,45,슈퍼드라이 팝업 | 팝가 POPGA,20250821,20260707
/popup/2642,258,마른파이브 X 디즈니 프린세스 팝업 | 팝가 POPGA,20250430,20260707
/popup/5521,32,팝가스토어 동대문점 - 동대문 팝업 | 팝가 Popga,20260204,20260707
/popup/6506,73,유니끄 팝업 - 평촌 팝업 | 팝가 Popga,20260421,20260707
/popup/7175,24,그로토 서울 팝업 - 여의도 팝업 | 팝가 Popga,20260522,20260707
/popup/4081,62,모든 것은 사막으로 돌아간다 전시 | 팝가 POPGA,20250922,20260707
/popup/1789,55,테스 스미스 로버츠 <Tiny Art World> 전시 | 팝가 POPGA,20250206,20260707
/popup/4750,1434,2025 크리스마스 빌리지 - 부산 - 부산 팝업 | 팝가 Popga,20251121,20260707
/popup/6936,51,스컬프터 팝업 - 여의도 팝업 | 팝가 Popga,20260508,20260707
/popup/4311,106,러셀 리저브 팝업 | 팝가 Popga,20251015,20260707
/popup/2586,182,아비브 X 뷰티쁠 무빙팝업 | 팝가 POPGA,20250424,20260707
/popup/6067,80,TWB 플리마켓 - 서초 팝업 | 팝가 Popga,20260329,20260707
/popup/3168,361,글라쇼 팝업 | 팝가 POPGA,20250630,20260707
/popup/4649,35,"림스, 루매드, 예화공방 팝업 - 종로 팝업 | 팝가 Popga",20251113,20260707
/popup/7606,53,서울굿즈공모 우수 소상공인 팝업 - 동대문 팝업 | 팝가 Popga,20260618,20260707
/popup/4225,63,2025 서울 퍼블리셔스 테이블 페스티벌 | 팝가 Popga,20251005,20260707
/popup/814,17,AHNI 팝업 | 팝가 POPGA,20241021,20260707
/popup/5512,25,힘펠 팝업 - 부산 - 부산 팝업 | 팝가 Popga,20260203,20260707
/popup/637,5,퐁당패밀리 판교 팝업 - 부라봉 팝업 | 팝가 Popga,20240924,20260707
/popup/678,478,운빨용병단 팝업 | 팝가 POPGA,20240928,20260707
/popup/1989,175,룰루레몬 글로우업 플레이그라운드 팝업 - 룰루레몬 팝업 | 팝가 Popga,20250224,20260707
/popup/3857,236,파이롯트 팝업 | 팝가 POPGA,20250903,20260707
/popup/2239,155,우주먼지 X 킹율 팝업 | 팝가 POPGA,20250314,20260707
/popup/249,88,최고심 걱정도 팔자 팝업 | 팝가 POPGA,20240807,20260707
/popup/2773,228,태어난 김에 세계일주4 팝업 | 팝가 POPGA,20250516,20260707
/popup/3923,164,코치 팝업 | 팝가 POPGA,20250908,20260707
/popup/3793,124,오프사이드 팝업 - 오프사이드 팝업 팝업 | 팝가 Popga,20250828,20260707
/popup/7533,125,토이 스토리 5 팝업 @영등포 - 영등포 팝업 | 팝가 Popga,20260615,20260707
/popup/3821,236,아디다스 컨펌드 팝업 - CONFIRMED UNIVERSE | 팝가 POPGA,20250829,20260707
/popup/7526,102,프쉬케 팝업 - 여의도 팝업 | 팝가 Popga,20260615,20260707
/popup/6871,60,유로플레이 팝업 - 강남 팝업 | 팝가 Popga,20260506,20260707
/popup/4914,100,에이글 팝업 - 용산 팝업 | 팝가 Popga,20251205,20260707
/popup/7346,9,마이초이스 팝업 - 판교 팝업 | 팝가 Popga,20260602,20260707
/popup/3669,158,몽벨 팝업 | 팝가 POPGA,20250818,20260707
/popup/5578,55,멜라메이트 팝업 - 강남 팝업 | 팝가 Popga,20260210,20260707
/popup/3779,77,그로브 팝업 | 팝가 POPGA,20250827,20260707
/popup/3688,43,무브먼트랩 팝업 - 더 호텔 | 팝가 POPGA,20250819,20260707
/popup/3641,95,티켓투더문 팝업 | 팝가 POPGA,20250813,20260707
/popup/1623,201,팝마트 팝업 : 라부부의 어설픈 작전 - 판교 | 팝가 POPGA,20250115,20260707
/popup/922,26,우알롱 팝업 | 팝가 POPGA,20241028,20260707
/popup/3508,1602,귀멸의칼날 팝업 - 부산 | 팝가 POPGA,20250801,20260707
/popup/3371,429,쏜애플 팝업 | 팝가 POPGA,20250725,20260707
/popup/2233,147,레브당스 팝업 | 팝가 POPGA,20250314,20260707
/popup/4840,439,소닉 레이싱 크로스월드 시연회 - 하남 팝업 | 팝가 Popga,20251128,20260707
/popup/7355,33,NCT DREAM 해찬 생일 카페 - 홍대 팝업 | 팝가 Popga,20260602,20260707
/popup/3858,56,나이키 팝업 - RECORDED FUTURE | 팝가 POPGA,20250903,20260707
/popup/2956,111,ITZY 팝업 | 팝가 POPGA,20250610,20260707
/popup/1698,36,프론투라인 팝업 | 팝가 POPGA,20250123,20260707
/popup/6124,22,채율 봄빛담소 전시 - 압구정 팝업 | 팝가 Popga,20260401,20260707
/popup/7590,65,마미케어 X 토이스토리 5 팝업 - 성수 팝업 | 팝가 Popga,20260617,20260707
/popup/5805,29,스토케 팝업 - 대전 팝업 | 팝가 Popga,20260309,20260707
/popup/1456,34,빵빵이와 옥지의 만물상 부산 팝업 | 팝가 POPGA,20241225,20260707
/popup/7762,147,서울소스 팝업 - 홍대 팝업 | 팝가 Popga,20260629,20260707
/popup/6835,8,너구리베이글 팝업 - 미아 팝업 | 팝가 Popga,20260429,20260707
/popup/4847,216,바늘이야기 팝업 - 용산 팝업 | 팝가 Popga,20251201,20260707
/popup/1152,240,먼작귀 X 카카오프렌즈 홍대 팝업 | 팝가 POPGA,20241126,20260707
/popup/4192,145,몰리 팝업 | 팝가 Popga,20251002,20260707
/popup/3612,70,챕터원 팝업 | 팝가 POPGA,20250812,20260707
/popup/6431,35,노낫네버 팝업 - 종로 팝업 | 팝가 Popga,20260417,20260707
/popup/3595,702,구석구석마트 팝업 | 팝가 POPGA,20250808,20260707
/popup/402,135,WMC 현대백화점 판교점 팝업 | 팝가 POPGA,20240828,20260707
/popup/2113,341,르세라핌 팝업 | 팝가 POPGA,20250307,20260708
/popup/1504,153,2025 시즌 그리팅 팝업 | 팝가 POPGA,20241231,20260708
/popup/3107,350,나의 히어로 아카데미아 X 팝퍼블 콜라보 카페 - 용산 | 팝가 POPGA,20250623,20260708
/popup/5329,145,유니 팝업 - 용산 팝업 | 팝가 Popga,20260117,20260708
/popup/4926,329,다트 콜렉티브 홀리데이 팝업 - 성수 팝업 | 팝가 Popga,20251208,20260708
/popup/5571,205,루블리스 팝업 - 잠실 팝업 | 팝가 Popga,20260209,20260708
/popup/4177,43,카페 엠엔알 미네랄 팝업 | 팝가 Popga,20251001,20260708
/popup/7524,158,"한강, 서울 팝업 - 종로 팝업 | 팝가 Popga",20260615,20260708
/popup/7630,50,루프루프 팝업 - 명동 팝업 | 팝가 Popga,20260621,20260708
/popup/1106,48,텐텐문방구 대구 팝업 | 팝가 POPGA,20241118,20260708
/popup/6976,40,하이드로 플라스크 팝업 - 잠실 팝업 | 팝가 Popga,20260512,20260708
/popup/278,54,SQUARE X SOFIT 팝업 - 쏘핏 팝업 | 팝가 Popga,20240808,20260708
/popup/6402,14,마이크로아티장 팝업 - 잠실 팝업 | 팝가 Popga,20260416,20260708
/popup/7529,82,뮤즈뮤지엄 팝업 - 홍대 팝업 | 팝가 Popga,20260615,20260708
/popup/5256,56,글런든 팝업 - 여의도 팝업 | 팝가 Popga,20260109,20260708
/popup/6281,87,해피즈 팝업 - 영등포 팝업 | 팝가 Popga,20260410,20260708
/popup/1494,29,하하우스 판교 팝업 | 팝가 POPGA,20241231,20260708
/popup/3801,571,2025 지식존중 팝업 - 경상북도 영양군편 | 팝가 POPGA,20250828,20260708
/popup/845,28,깔롱골프 팝업 - khalhon 팝업 | 팝가 Popga,20241023,20260708
/popup/2470,56,LG트윈스 X 최고심 팝업 | 팝가 POPGA,20250409,20260708
/popup/2301,360,아디다스 팝업 | 팝가 POPGA,20250321,20260708
/popup/6027,17,서울인디뷰티쇼 - 마곡 팝업 | 팝가 Popga,20260326,20260708
/popup/2053,177,제주의 선물 팝업 | 팝가 POPGA,20250228,20260708
/popup/313,322,댄꼼마 X 바인드 팝업 | 팝가 POPGA,20240816,20260708
/popup/4279,325,사카모토데이즈 팝업 | 팝가 Popga,20251013,20260708
/popup/3564,248,더현대 서울 RUN 이벤트 | 팝가 POPGA,20250807,20260708
/popup/6924,402,오브젝트 팝업 - 체크인 서울 - 홍대 팝업 | 팝가 Popga,20260507,20260708
/popup/2010,71,조이그라이슨 팝업 | 팝가 POPGA,20250225,20260708
/popup/7080,116,써스데이아일랜드 팝업 - 잠실 팝업 | 팝가 Popga,20260518,20260708
/popup/3871,33,몬스타엑스 팝업 - THE X | 팝가 POPGA,20250904,20260708
/popup/5899,224,유나 팝업 - 잠실 팝업 | 팝가 Popga,20260316,20260708
/popup/508,32,부산맥주 X 커넥트현대 X 자갈치오지매 팝업 | 팝가 POPGA,20240906,20260708
/popup/5793,66,팀밸 팝업 - 명동 - 명동 팝업 | 팝가 Popga,20260305,20260708
/popup/2321,123,언커먼하우스 팝업 | 팝가 POPGA,20250324,20260708
/popup/2312,36,히다 팝업 | 팝가 POPGA,20250321,20260708
/popup/5516,11,선데이모닝플레이트 팝업 전시 - 십이지신 동물들 - 판교 팝업 | 팝가 Popga,20260204,20260708
/popup/5576,46,티&디저트 팝업 - TEA for the mood - 여의도 팝업 | 팝가 Popga,20260210,20260708
/popup/2714,62,피너츠 75주년 기념 팝업 - 부산 | 팝가 POPGA,20250509,20260708
/popup/4408,136,핫토이 팝업 | 팝가 Popga,20251024,20260708
/popup/3228,134,조 말론 런던 팝업 | 팝가 POPGA,20250704,20260708
/popup/3694,57,루나루즈 팝업 | 팝가 POPGA,20250820,20260708
/popup/4752,105,온꼬미즈 팝업 - 여의도 팝업 | 팝가 Popga,20251123,20260708
/popup/2127,1,팝업스토어 상세 정보 | 팝가 Popga,20260708,20260708
/popup/4714,291,아메스 월드와이드 X QWER 팝업 - 성수 팝업 | 팝가 Popga,20251119,20260708
/popup/3453,163,싱하소다워터 팝업 | 팝가 POPGA,20250731,20260708
/popup/2288,92,르마드 팝업 - 홍대 | 팝가 POPGA,20250319,20260708
/popup/3769,163,조구만 팝업 - 조구만 팝업 팝업 | 팝가 Popga,20250826,20260708
/popup/3860,113,위메이크 성수 이벤트 | 팝가 POPGA,20250903,20260708
/popup/3038,199,제로니 홈 파티 팝업 | 팝가 POPGA,20250613,20260708
/popup/3720,78,마르쉐 농부시장 햇밀장 팝업 | 팝가 POPGA,20250821,20260708
/popup/3482,695,아이소이 팝업 | 팝가 POPGA,20250731,20260708
/popup/5652,32,채채 X 태터 X 키마 플리마켓 - 홍대 팝업 | 팝가 Popga,20260220,20260708
/popup/4862,82,스부 팝업 - 용산 팝업 | 팝가 Popga,20251202,20260708
/popup/7602,54,큐피도 프리뷰 팝업 - 중구 팝업 | 팝가 Popga,20260618,20260708
/popup/4113,115,본투스탠드아웃 팝업 - 본투스탠드아웃 팝업 팝업 | 팝가 Popga,20250925,20260708
/popup/5014,127,스마일 체리 팝업 - 홍대 팝업 | 팝가 Popga,20251216,20260708
/popup/1857,71,보일드에그 팝업 | 팝가 POPGA,20250212,20260708
/popup/2779,991,2025 올리브영 페스타 - 롬앤 | 팝가 POPGA,20250516,20260708
/popup/4947,68,조구만 브라키오 X 우디 히어로 팝업 - YOUR STUBBY NEIGHBORHOOD - 부산 팝업 | 팝가 Popga,20251209,20260708
/popup/4254,1039,플라워노즈 팝업 | 팝가 Popga,20251011,20260708
/popup/5232,164,워너 브롱크호스트: 온 세상이 캔버스 전시 - 종로 팝업 | 팝가 Popga,20260108,20260708
/popup/1703,50,디올 뷰티 팝업 | 팝가 POPGA,20250123,20260708
/popup/3207,179,에이수스 젠북 팝업 | 팝가 POPGA,20250703,20260708
/popup/4526,201,스무살의 서울숲 이벤트 | 팝가 Popga,20251104,20260708
/popup/2544,154,캐리마켓 캐리블러썸 팝업 | 팝가 POPGA,20250417,20260708
/popup/2238,313,푸우 팝업 - 대구 | 팝가 POPGA,20250314,20260708
/popup/2362,114,달바 팝업 | 팝가 POPGA,20250327,20260708
/popup/1917,84,명랑핫도그 팝업 - 신촌 | 팝가 POPGA,20250218,20260708
/popup/4645,174,국민연금 커피트럭 팝업 - 성수 팝업 | 팝가 Popga,20251113,20260708
/popup/3394,311,달바 팝업 | 팝가 POPGA,20250728,20260708
/popup/5144,154,오이뮤 X 카카오페이 팝업 - 오늘의 금융 - 종로 팝업 | 팝가 Popga,20251229,20260708
/popup/5154,373,해탈컴퍼니 X 아미울 팝업 - '말'하는대로 이루어지다 - 용산 팝업 | 팝가 Popga,20251229,20260708
/popup/3263,127,페스룸 팝업 | 팝가 POPGA,20250709,20260708
/popup/6575,60,럭 미 라이키 팝업 - 종로 팝업 | 팝가 Popga,20260424,20260708
/popup/4741,61,낫포너드 팝업 - 여의도 팝업 | 팝가 Popga,20251121,20260708
/popup/7689,43,소니엔젤 팝업 @종로 - 종로 팝업 | 팝가 Popga,20260624,20260708
/popup/1805,45,듑벨 팝업 | 팝가 POPGA,20250207,20260708
/popup/2250,398,헬로키티 X 샤이니 키 팝업 | 팝가 POPGA,20250317,20260708
/popup/1470,26,필앳홈 팝업 | 팝가 POPGA,20241226,20260708
/popup/5668,111,구우움 팝업 - 잠실 팝업 | 팝가 Popga,20260223,20260708
/popup/3142,279,포터블웨이브 오디오쇼 팝업 | 팝가 POPGA,20250625,20260708
/popup/4213,64,어그 팝업 | 팝가 Popga,20251003,20260708
/popup/3630,166,클래키 팝업 - 강남 - 클래키 팝업 팝업 | 팝가 Popga,20250813,20260708
/popup/7700,75,빈 컬렉션 팝업 - 여의도 팝업 | 팝가 Popga,20260624,20260708
/popup/4319,282,조선요괴전 팝업 | 팝가 Popga,20251016,20260708
/popup/4027,381,보다나 팝업 | 팝가 POPGA,20250917,20260708
/popup/683,153,물렁이와 쏘쏘가 함께하는 회사생활 팝업 | 팝가 POPGA,20240928,20260708
/popup/3106,174,오호스 X 헌터 팝업 | 팝가 POPGA,20250623,20260708
/popup/771,131,룰루레몬 <TogetherWeGrow> 팝업 - 룰루레몬 팝업 | 팝가 Popga,20241202,20260708
/popup/2145,3,"인기 팝업스토어 일정, 후기를 한눈에! | 팝가 Popga",20260101,20260708
/popup/3942,1136,SSG닷컴 페스티벌 - 미지엄 | 팝가 POPGA,20250910,20260709
/popup/2265,114,포켓몬 X 프라그먼트 디자인 팝업 | 팝가 POPGA,20250318,20260709
/popup/5167,691,조구만 팝업 - 성수 팝업 | 팝가 Popga,20251230,20260709
/popup/3443,1300,"취향가옥 2 전시 -Art in Life, Life in Art 2 - 취향가옥 2 전시 팝업 | 팝가 Popga",20250730,20260709
/popup/416,38,본투윈 팝업 | 팝가 POPGA,20240903,20260709
/popup/3744,365,웨이크메이크 X 뷰티쁠 무빙팝업 | 팝가 POPGA,20250825,20260709
/popup/4546,78,모일페 다꾸농장 팝업 - 용산 팝업 | 팝가 Popga,20251105,20260709
/popup/4921,263,후아유 팝업 - 명동 팝업 | 팝가 Popga,20251208,20260709
/popup/2778,115,Mmlg 팝업 | 팝가 POPGA,20250516,20260709
/popup/7600,49,온앤오프 X 올리브영 이벤트 @홍대 - 홍대 팝업 | 팝가 Popga,20260618,20260709
/popup/6790,13,파나소닉 팝업 - 인천 팝업 | 팝가 Popga,20260430,20260709
/popup/6091,163,ENHYPEN’ s BACKSTAGE with LISTERINE in 올리브영 홍대 타운 - 홍대 팝업 | 팝가 Popga,20260401,20260709
/popup/4290,305,청춘마이크 레:코드 팝업 - 10년의 여정 | 팝가 Popga,20251014,20260709
/popup/4517,87,공상빵 팝업 - 뭉치고 터지고 지나가고 - 공상빵 팝업 팝업 | 팝가 Popga,20251103,20260709
/popup/5322,189,봄날엔 팝업 - 용산 팝업 | 팝가 Popga,20260115,20260709
/popup/4663,508,새로 가챠 팝업스토어 in 홍대 - 홍대 팝업 | 팝가 Popga,20251114,20260709
/popup/75813,1,팝업스토어 상세 정보 | 팝가 Popga,20260709,20260709
/popup/1169,141,김퇴사의 퇴사 맛있게 잘하는 집 팝업 | 팝가 POPGA,20241127,20260709
/popup/7137,163,르세라핌 X 오설록 콜라보 이벤트 @북촌 - 북촌 팝업 | 팝가 Popga,20260520,20260709
/popup/4412,28,818 BLOOM by 지드래곤 팝업 - 용산 팝업 | 팝가 Popga,20251024,20260709
/popup/1648,114,투어스 데뷔 1주년 기념 팝업 | 팝가 POPGA,20250117,20260709
/popup/4266,75,라삭굿즈 팝업 - 부산 | 팝가 Popga,20251013,20260709
/popup/648,26,조르단 과일농장 하남 팝업 | 팝가 POPGA,20240925,20260709
/popup/5951,95,코웨이 비렉스 팝업 - 잠실 팝업 | 팝가 Popga,20260320,20260709
/popup/1961,382,나르카 슈가 살롱 팝업 | 팝가 POPGA,20250220,20260709
/popup/4146,186,락피쉬 X 수잔팡 팝업 | 팝가 POPGA,20250929,20260709
/popup/1850,43,흰디 팝업 - 대구 | 팝가 POPGA,20250212,20260709
/popup/1727,75,벨르아망 팝업 - 부천 - 벨르아망 팝업 | 팝가 Popga,20250130,20260709
/popup/1596,107,무민 아라비아 팝업 - 무민 팝업 | 팝가 Popga,20250113,20260709
/popup/4144,93,꼬따꼬뜨플래닛 팝업 | 팝가 Popga,20250929,20260709
/popup/1343,144,베티붑 팝업 | 팝가 POPGA,20241212,20260709
/popup/3994,53,지함 이벤트 - 한지의 질감 | 팝가 POPGA,20250915,20260709
/popup/2465,169,캘리에디 팝업 | 팝가 POPGA,20250409,20260709
/popup/2734,85,슈퍼너츠 팝업 - 홍대 | 팝가 POPGA,20250512,20260709
/popup/2363,394,라이즈 팝업 | 팝가 POPGA,20250327,20260709
/popup/4316,1037,침착한 게임센터 팝업 | 팝가 Popga,20251016,20260709
/popup/4690,460,카누 필름 블렌딩 카페 이벤트 - 성수 팝업 | 팝가 Popga,20251118,20260709
/popup/4793,391,"태연 10주년 기념 전시 - Time Lapse, Timeless - 성수 팝업 | 팝가 Popga",20251126,20260709
/popup/4843,507,광장시장 굴아저씨 팝업 - 종로 팝업 | 팝가 Popga,20251129,20260709
/popup/3775,76,2025 서울뷰티위크 이벤트 | 팝가 POPGA,20250827,20260709
/popup/4951,367,토스 비터스윗 마켓 팝업 - 성수 팝업 | 팝가 Popga,20251210,20260709
/popup/4883,79,세컨드모닝 팝업 - 종로 팝업 | 팝가 Popga,20251203,20260709
/popup/3891,230,톤세 팝업 - 톤세 팝업 팝업 | 팝가 Popga,20250905,20260709
/popup/6816,36,N32 팝업 - 잠실 팝업 | 팝가 Popga,20260430,20260709
/popup/3583,153,샥즈 팝업 | 팝가 POPGA,20250808,20260709
/popup/4228,64,리이제 팝업 - 잠실 | 팝가 Popga,20251005,20260709
/popup/5975,36,불닭 팝업 - 성북 팝업 | 팝가 Popga,20260323,20260709
/popup/6603,21,목포쫀드기 팝업 - 광주 팝업 | 팝가 Popga,20260427,20260709
/popup/2268,71,리쥬란 팝업 - 강릉 | 팝가 POPGA,20250318,20260709
/popup/6677,29,화이트샌즈 팝업 - 부산 팝업 | 팝가 Popga,20260428,20260709
/popup/4439,139,2025 하고싶은 만화전 | 팝가 Popga,20251027,20260709
/popup/6685,23,혼마골프 팝업 - 잠실 팝업 | 팝가 Popga,20260427,20260709
/popup/1533,191,오드비 강남 팝업 - 오드비 팝업 | 팝가 Popga,20250107,20260709
/popup/4142,205,셀린콴 X 산리오캐릭터즈 팝업 | 팝가 Popga,20250929,20260709
/popup/1677,250,핑구 팝업 | 팝가 POPGA,20250120,20260709
/popup/2736,206,스티치 팝업 | 팝가 POPGA,20250512,20260709
/popup/2831,134,김씨네과일 팝업 | 팝가 POPGA,20250523,20260709
/popup/1346,24,핀란드 셋방살이 팝업 | 팝가 POPGA,20241212,20260709
/popup/5204,328,휠라키즈 X 플라키키 팝업 - 성수 팝업 | 팝가 Popga,20260106,20260709
/popup/4693,81,오호스 롯데백화점 본점 이벤트 - 명동 팝업 | 팝가 Popga,20251118,20260709
/popup/3440,688,오브제 팝업 in 올리브영 N성수 | 팝가 POPGA,20250730,20260709
/popup/3814,204,셀바티코 팝업 - 정원사의 서재 | 팝가 POPGA,20250829,20260709
/popup/2558,566,수북즈 팝업 | 팝가 POPGA,20250421,20260709
/popup/4609,298,휠라 플로우 위크 이벤트 - 성수 팝업 | 팝가 Popga,20251110,20260709
/popup/5286,238,다올상점 팝업 - 홍대 팝업 | 팝가 Popga,20260113,20260709
/popup/5586,118,치이상점 팝업 - 홍대 팝업 | 팝가 Popga,20260211,20260709
/popup/5346,343,몬트쿠키 팝업 - 여의도 팝업 | 팝가 Popga,20260119,20260709
/popup/5671,41,트리드 팝업 - 용산 - 용산 팝업 | 팝가 Popga,20260223,20260709
/popup/4570,68,효쯔 팝업 - 영등포 팝업 | 팝가 Popga,20251106,20260709
/popup/7010,74,168cm 팝업 - 광화문 팝업 | 팝가 Popga,20260513,20260709
/popup/4082,168,왼그기그 팝업 - 대전 - 왼그기그 팝업 팝업 | 팝가 Popga,20250922,20260709
/popup/2635,95,허그러그 팝업 | 팝가 POPGA,20250429,20260709
/popup/6967,24,한가람 문구 팝업 - 홍대 팝업 | 팝가 Popga,20260511,20260709
/popup/5965,58,영국 미식 페어 - 브리티시 푸드 투어 - 강남 팝업 | 팝가 Popga,20260322,20260709
/popup/1695,40,마르디 메크르디 X 권철화 특별 전시 - 마르디 메크르디 팝업 | 팝가 Popga,20250123,20260709
/popup/4626,169,베티붑 팝업 - 홍대 팝업 | 팝가 Popga,20251111,20260709
/popup/5174,90,코치 팝업 - 강남 팝업 | 팝가 Popga,20251231,20260709
/popup/5484,182,몰입독서 팝업 - 온더페이지 - 한남 팝업 | 팝가 Popga,20260201,20260709
/popup/6552,74,리튼 팝업 - 잠실 팝업 | 팝가 Popga,20260423,20260709
/popup/5397,64,에이카화이트 팝업 - 여의도 팝업 | 팝가 Popga,20260125,20260709
/popup/4481,462,피지컬 아시아 전시 - T-STADIUM 두근득근 챌린지 - 성수 팝업 | 팝가 Popga,20251030,20260709
/popup/4109,386,하이산 팝업 - 하이산 팝업 팝업 | 팝가 Popga,20250924,20260709
/popup/232,29,프라다 뷰티 팝업 - 강남 - 프라다 팝업 | 팝가 Popga,20240813,20260709
/popup/3026,156,가든 익스프레스 팝업 | 팝가 POPGA,20250612,20260709
/popup/2479,888,윈브레 X 팝퍼블 콜라보 카페 - 부산 | 팝가 POPGA,20250410,20260709
/popup/6903,148,레더라 팝업 - 판교 팝업 | 팝가 Popga,20260506,20260709
/popup/2906,382,현대리바트 팝업 | 팝가 POPGA,20250604,20260709
/popup/2373,225,김밥대장의 김밥 팝업 - 김밥대장 팝업 | 팝가 Popga,20250328,20260709
/popup/4764,368,문경재미난장 팝업 - 성수 팝업 | 팝가 Popga,20251124,20260709
/popup/4359,463,"Patch patch, patchwork 팝업 - 성수 팝업 | 팝가 Popga",20251021,20260709
/popup/4587,77,리튼 X 트키 팝업 - 강남 팝업 | 팝가 Popga,20251107,20260709
/popup/4364,37,러프넥 팝업 | 팝가 Popga,20251021,20260709
/popup/2521,57,NBA 서울컬렉션 팝업 | 팝가 POPGA,20250416,20260709
/popup/2909,346,요아정 아사이팜 팝업 | 팝가 POPGA,20250604,20260709
/popup/6072,60,리락쿠마 팝업 - 대구 팝업 | 팝가 Popga,20260330,20260709
/popup/4694,223,감싸롱 전시 - 이거 나만 불-편해? - 홍대 팝업 | 팝가 Popga,20251118,20260709
/popup/2818,169,다이노탱 쿽스카우트 팝업 - 부산 | 팝가 POPGA,20250522,20260709
/popup/3200,253,세컨드모닝 X 상상마당 팝업 | 팝가 POPGA,20250702,20260709
/popup/6986,49,경동나비엔 팝업 - 여의도 팝업 | 팝가 Popga,20260512,20260709
/popup/1391,297,오징어 게임 시즌2 X 신세계 백화점 강남 팝업 | 팝가 POPGA,20241217,20260709
/popup/1000,130,타틀르 더현대 서울 팝업 | 팝가 POPGA,20241107,20260709
/popup/2889,266,엄브로 X 데이식스 팝업 | 팝가 POPGA,20250530,20260709
/popup/3212,278,올리브영 X 산리오캐릭터즈 팝업 - 홍대 | 팝가 POPGA,20250703,20260709
/popup/838,91,AK플라자 X 유어굿즈 수원 팝업 - YOUR GOODS 팝업 | 팝가 Popga,20241023,20260709
/popup/4370,2792,AMD x 붉은사막 팝업 | 팝가 Popga,20251021,20260709
/popup/5276,35,아즈산산 팝업 - 대구 - 대구 팝업 | 팝가 Popga,20260112,20260709
/popup/5851,112,제이드몽 팝업 - 동대문 팝업 | 팝가 Popga,20260311,20260709
/popup/1293,96,잔망루피 크리스마스 익스프레스 팝업 | 팝가 POPGA,20241207,20260709
/popup/5529,159,파이롯트 팝업 - 용산 팝업 | 팝가 Popga,20260204,20260709
/popup/5583,81,코코모빵 팝업 - 용산 팝업 | 팝가 Popga,20260210,20260709
/popup/6222,66,빈티지원 X 도쿄유즈드 X 탐나다 팝업 - 왕십리 팝업 | 팝가 Popga,20260408,20260709
/popup/1501,21,장밋빛 미래 : 모호한 경계 전시 | 팝가 POPGA,20241231,20260709
/popup/6546,76,카치스 팝업 - 용산 팝업 | 팝가 Popga,20260422,20260709
/popup/7835,48,프리터 팝업 - 강남 팝업 | 팝가 Popga,20260703,20260709
/popup/3098,214,베이컨트 아카이브 팝업 | 팝가 POPGA,20250620,20260709
/popup/3553,150,원 모어 백 팝업 - 기념상점 | 팝가 POPGA,20250806,20260709
/popup/5199,81,블리소이 팝업 - 복 많이 팝업 - 영등포 팝업 | 팝가 Popga,20260105,20260709
/popup/6008,134,러프넥 아카이브 세일 팝업 - 연남동 팝업 | 팝가 Popga,20260325,20260709
/popup/2100,298,움바 팝업 | 팝가 POPGA,20250307,20260709
/popup/999,139,카멜커피 X 나이키 C2TY 론칭 팝업 | 팝가 POPGA,20241106,20260709
/popup/3392,672,닥터 브로너스 팝업 | 팝가 POPGA,20250728,20260709
/popup/7568,80,땡겨요랜드 팝업 @하남 - 하남 팝업 | 팝가 Popga,20260616,20260709
/popup/7394,17,펜필드 X 쿤스트호이테 팝업 @하남 - 하남 팝업 | 팝가 Popga,20260605,20260709
/popup/3470,1,팝업스토어 상세 정보 | 팝가 Popga,20260709,20260709
/popup/2040,84,하트티라미수 팝업 - 하트티라미수 팝업 | 팝가 Popga,20250227,20260710
/popup/1937,295,AHC 팝업 | 팝가 POPGA,20250219,20260710
/popup/3927,273,한율 X 뷰티쁠 무빙 팝업 | 팝가 POPGA,20250909,20260710
/popup/4563,311,메타몽 컨셉스토어 팝업 - 잠실 팝업 | 팝가 Popga,20251106,20260710
/popup/2397,201,오조스 팝업 | 팝가 POPGA,20250401,20260710
/popup/4766,85,아이돌리쉬세븐 X 애니메이트 콜라보 카페 - 홍대 팝업 | 팝가 Popga,20251124,20260710
/popup/4035,169,엄메이징 슈퍼마켓 팝업 | 팝가 POPGA,20250917,20260710
/popup/4339,119,캐릭캐릭 체인지 드림샵 X 2025 월드웹툰 페스티벌 팝업 | 팝가 Popga,20251020,20260710
/popup/7156,125,앨러간 에스테틱스 팝업 카페 @홍대 - 홍대 팝업 | 팝가 Popga,20260521,20260710
/popup/3601,108,CGS 팝업 - CGS 팝업 팝업 | 팝가 Popga,20250811,20260710
/popup/5700,30,레어공일 팝업 - 강남 팝업 | 팝가 Popga,20260225,20260710
/popup/5354,85,블랙퍼플 팝업 - 여의도 팝업 | 팝가 Popga,20260119,20260710
/popup/5638,72,무용지용 팝업 - 부산 - 부산 팝업 | 팝가 Popga,20260219,20260710
/popup/4577,223,메이드바이 X 히히클럽 팝업 - 홍대 - 홍대 팝업 | 팝가 Popga,20251107,20260710
/popup/6289,37,아따맘마 팝업 - 송도 팝업 | 팝가 Popga,20260413,20260710
/popup/1278,19,발렌티노 팝업 | 팝가 POPGA,20241205,20260710
/popup/6886,24,모양 팝업 - 영등포 팝업 | 팝가 Popga,20260505,20260710
/popup/7327,38,선데이오프클럽 X 강혁 팝업 - 강남 팝업 | 팝가 Popga,20260601,20260710
/popup/5963,60,테켓 팝업 - 부산 - 부산 팝업 | 팝가 Popga,20260322,20260710
/popup/4467,76,랩 X 한국배구연맹 팝업 | 팝가 Popga,20251029,20260710
/popup/2084,106,제니 <Rubify> 팝업 | 팝가 POPGA,20250305,20260710
/popup/5572,87,스마트골목길 팝업 - 홍대 팝업 | 팝가 Popga,20260209,20260710
/popup/1949,102,오일프라이드집 팝업 | 팝가 POPGA,20250220,20260710
/popup/2903,315,위캔더스 팝업 | 팝가 POPGA,20250604,20260710
/popup/4624,95,언스테디마켓 팝업 - 여의도 팝업 | 팝가 Popga,20251111,20260710
/popup/7601,35,온앤오프 팝업 - ONF:MY SELF - 영등포 팝업 | 팝가 Popga,20260618,20260710
/popup/1914,89,퍼플퀸 팝업 | 팝가 POPGA,20250218,20260710
/popup/2280,178,쌤소나이트 115주년 팝업 | 팝가 POPGA,20250319,20260710
/popup/7136,366,르세라핌 X 오설록 콜라보 이벤트 @용산 - 용산 팝업 | 팝가 Popga,20260520,20260710
/popup/7007,59,퍼블릭비컨 팝업 - 여의도 팝업 | 팝가 Popga,20260513,20260710
/popup/917,74,테이스티드 X 시시호시 팝업 | 팝가 POPGA,20241026,20260710
/popup/2588,147,아기상어 팝업 | 팝가 POPGA,20250424,20260710
/popup/1777,154,핫토이 팝업 | 팝가 POPGA,20250205,20260710
/popup/3292,113,하이브 씨네 페스트 이벤트 | 팝가 POPGA,20250711,20260710
/popup/3133,1908,체인소 맨 전시 | 팝가 Popga,20250625,20260710
/popup/1923,131,스텝케어 팝업 - 광주 - 스텝케어 팝업 | 팝가 Popga,20250218,20260710
/popup/2518,770,블루록 팝업 | 팝가 POPGA,20250415,20260710
/popup/2758,141,투모로우바이투게더 X CU 팝업 - 홍대 | 팝가 POPGA,20250514,20260710
/popup/2504,166,데우스 엑스 마키나 팝업 | 팝가 POPGA,20250414,20260710
/popup/4381,203,어르니마켓 팝업 - 성수 팝업 | 팝가 Popga,20251022,20260710
/popup/4578,214,팝가스토어 용산점 - 용산 팝업 | 팝가 Popga,20251107,20260710
/popup/7514,189,노크 팝업 - 여의도 팝업 | 팝가 Popga,20260612,20260710
/popup/7484,71,스포식스 트럭 팝업 @여의도 - 여의도 팝업 | 팝가 Popga,20260611,20260710
/popup/1744,115,갤럭시 S25 팝업 | 팝가 POPGA,20250201,20260710
/popup/434,49,농심 짜파게티 X 춘식당 콜라보 팝업 | 팝가 POPGA,20240829,20260710
/popup/1600,85,풀집 팝업 | 팝가 POPGA,20250113,20260710
/popup/1140,47,꽉홀로 집에 팝업 | 팝가 POPGA,20241122,20260710
/popup/25,44,돌레란 논현스토어 팝업 - 돌레란 팝업 | 팝가 Popga,20241008,20260710
/popup/1890,19,커버낫 팝업 - 대구 | 팝가 POPGA,20250216,20260710
/popup/78,43,폴더x우주먼지 팝업스토어 | 팝가 POPGA,20240801,20260710
/popup/7025,171,루프루프 팝업 - 여의도 팝업 | 팝가 Popga,20260513,20260710
/popup/7552,76,엑스디너리 히어로즈 팝업 - 인천 팝업 | 팝가 Popga,20260615,20260710
/popup/4875,93,런위더 팝업 - 여의도 팝업 | 팝가 Popga,20251203,20260710
/popup/4559,151,2025 라이브 커머스 쇼룸 팝업 - 성수 팝업 | 팝가 Popga,20251106,20260710
/popup/1378,120,후후루 팝업 | 팝가 POPGA,20241216,20260710
/popup/6734,7,우베 팝업 - 동탄 팝업 | 팝가 Popga,20260502,20260710
/popup/847,38,돌체앤가바나 뷰티 팝업 | 팝가 POPGA,20241022,20260710
/popup/606,62,퓌 젤리 푸딩 바 부산 팝업 | 팝가 POPGA,20240921,20260710
/popup/2476,272,몽블랑 팝업 | 팝가 POPGA,20250410,20260710
/popup/3188,1400,SME 비디오샵 컨셉 프로모션 - 서울/뮤직컴플렉스 | 팝가 POPGA,20250703,20260710
/popup/2258,142,시몬스 그로서리 스토어 팝업 | 팝가 POPGA,20250317,20260710
/popup/5389,101,구찌 팝업 - 라 파밀리아 - 여의도 팝업 | 팝가 Popga,20260124,20260710
/popup/5660,30,디앤드퀘스천 팝업 - 롯데월드몰 - 잠실 팝업 | 팝가 Popga,20260222,20260710
/popup/812,201,위니비니 홍대 팝업 | 팝가 POPGA,20241021,20260710
/popup/4018,43,쿠프 하우스 파티 | 팝가 POPGA,20250916,20260710
/popup/3149,70,비비안 웨스트우드 팝업 | 팝가 POPGA,20250626,20260710
/popup/7473,68,와키윌리 팝업 - 서초 팝업 | 팝가 Popga,20260610,20260710
/popup/2548,92,포터리 팝업 | 팝가 POPGA,20250418,20260710
/popup/3296,124,문학과지성사 팝업 | 팝가 POPGA,20250714,20260710
/popup/2473,293,혜키 팝업 | 팝가 POPGA,20250409,20260710
/popup/3215,60,롤링스톤 코리아 팝업 | 팝가 POPGA,20250703,20260710
/popup/1589,247,젠틀몬스터 주얼리 컬렉션 팝업 | 팝가 POPGA,20250110,20260710
/popup/1818,312,3ce 팝업 | 팝가 POPGA,20250210,20260710
/popup/1786,44,바비브라운 팝업 | 팝가 POPGA,20250205,20260710
/popup/2938,320,2025 꿈돌이 팝업전시 | 팝가 POPGA,20250609,20260710
/popup/4000,302,아이시스 핑크닉 팝업 | 팝가 POPGA,20250915,20260710
/popup/4712,1098,띵조 카페 팝업 - 기억이 머무는 곳 - 홍대 팝업 | 팝가 Popga,20251119,20260710
/popup/2649,123,디젤 팝업 - 판교 | 팝가 POPGA,20250430,20260710
/popup/6141,17,레스포색 팝업 - 청주 - 청주 팝업 | 팝가 Popga,20260405,20260710
/popup/1230,76,던전밥 대구 팝업 | 팝가 POPGA,20241203,20260710
/popup/4220,106,HS효성더클래스 팝업 | 팝가 Popga,20251004,20260710
/popup/1975,74,무민 아라비아 팝업 - 분당 - 무민 팝업 | 팝가 Popga,20250221,20260710
/popup/2503,73,오프아워 팝업 | 팝가 POPGA,20250414,20260710
/popup/5125,78,리이 팝업 - 여의도 팝업 | 팝가 Popga,20251226,20260710
/popup/2021,23,버버리 팝업 | 팝가 POPGA,20250226,20260710
/popup/3317,285,아르넛 팝업 | 팝가 POPGA,20250716,20260710
/popup/6647,39,니드스윗 팝업 - 잠실 팝업 | 팝가 Popga,20260427,20260710
/popup/4979,72,"캐비티룸 팝업 - Across Hands, Across Borders - 홍대 팝업 | 팝가 Popga",20251212,20260710
/popup/6143,90,무쿠앤에보니 팝업 - 여의도 팝업 | 팝가 Popga,20260403,20260710
/popup/1314,26,메종 마르지엘라 프래그런스 팝업 - 메종 마르지엘라 팝업 | 팝가 Popga,20241210,20260710
/popup/2234,90,오르골4757 팝업 | 팝가 POPGA,20250314,20260710
/popup/1684,106,2025 서울리빙디자인페어 | 팝가 POPGA,20250203,20260710
/popup/1964,167,조아용 팝업 - 용인 | 팝가 POPGA,20250221,20260710
/popup/4485,32,세가 슈퍼레이스 이벤트 | 팝가 Popga,20251030,20260710
/popup/3693,84,1유로 북성수 7일장 팝업 | 팝가 POPGA,20250819,20260710
/popup/4336,552,어노브 팝업 - 베어글로우 | 팝가 Popga,20251017,20260710
/popup/5631,166,비비앙 팝업 - 잠실 팝업 | 팝가 Popga,20260218,20260710
/popup/746,88,헤이딜러 내차조향소 부산 밀락더마켓 팝업 - 헤이딜러 팝업 | 팝가 Popga,20241010,20260710
/popup/7894,14,원신 팝업 - 찬란한 밤의 연회 - 용산 팝업 | 팝가 Popga,20260707,20260710
/popup/5254,83,메종본뉘 팝업 - 판교 - 판교 팝업 | 팝가 Popga,20260109,20260710
/popup/1092,12,송지오 팝업 | 팝가 POPGA,20241117,20260710
/popup/4201,58,디아레 팝업 | 팝가 Popga,20251002,20260710
/popup/7189,67,에이프 AAPE 팝업 - 수원 팝업 | 팝가 Popga,20260523,20260710
/popup/5337,74,누트세라믹 팝업 - 용산 팝업 | 팝가 Popga,20260117,20260710
/popup/2216,207,나체 스탁 세일 팝업 | 팝가 POPGA,20250312,20260710
/popup/3195,116,라츠유 팝업 | 팝가 POPGA,20250702,20260710
/popup/7617,107,로레카 팝업 - 신촌 팝업 | 팝가 Popga,20260619,20260710
/popup/2884,240,카멜백 X 어니언 팝업 | 팝가 POPGA,20250530,20260710
/popup/1253,128,땡땡의 모험 팝업 | 팝가 POPGA,20241204,20260711
/popup/4139,203,시야쥬 팝업 | 팝가 POPGA,20250926,20260711
/popup/2545,61,엑스오디너리 팝업 | 팝가 POPGA,20250418,20260711
/popup/2622,420,세서미 스트리트 팝업 | 팝가 POPGA,20250428,20260711
/popup/5120,607,아디다스 X ABC마트 팝업 - 성수 팝업 | 팝가 Popga,20251225,20260711
/popup/3721,182,백색지 케이드레스 팝업 | 팝가 POPGA,20250821,20260711
/popup/5341,292,Verries 팝업 - 여의도 팝업 | 팝가 Popga,20260119,20260711
/popup/262,51,굿즈플래너 <굿즈원더랜드> 팝업 - 꾸미기 팝업 | 팝가 Popga,20240814,20260711
/popup/6866,84,브릭맨션 팝업 - 용산 팝업 | 팝가 Popga,20260430,20260711
/popup/4464,64,약손명가 팝업 - 하남 | 팝가 Popga,20251029,20260711
/popup/4440,111,2025 재팬 데님 트레이드쇼 | 팝가 Popga,20251027,20260711
/popup/4486,61,2025 케미스트릿 페스티벌 | 팝가 Popga,20251030,20260711
/popup/43,25,스폰지밥 25주년 강남 신세계백화점 팝업 - 스펀지밥 팝업 | 팝가 Popga,20250203,20260711
/popup/5166,749,2026 인챈트 윈터 페스타 팝업 - 성수 팝업 | 팝가 Popga,20251230,20260711
/popup/2993,7,캣앤에프 | 팝가 POPGA,20250615,20260711
/popup/6643,10,뽀로로 X 타고가요 팝업 - 동탄 팝업 | 팝가 Popga,20260427,20260711
/popup/1824,123,라로제 팝업 | 팝가 POPGA,20250210,20260711
/popup/4835,129,엔퍼센트 팝업 - 여의도 팝업 | 팝가 Popga,20251128,20260711
/popup/5510,410,해리포터 위자드몰 팝업 - 부산 - 부산 팝업 | 팝가 Popga,20260203,20260711
/popup/2799,300,후드후드 팝업 | 팝가 POPGA,20250519,20260711
/popup/3602,159,시오사쿠 팝업 | 팝가 POPGA,20250811,20260711
/popup/7151,49,유니클로 명동점 오픈 이벤트 - 명동 팝업 | 팝가 Popga,20260520,20260711
/popup/3239,255,누핍 팝업 | 팝가 POPGA,20250707,20260711
/popup/2907,569,엑시스와이 팝업 | 팝가 POPGA,20250604,20260711
/popup/6527,24,윤필시 1주년 팝업 - 미아 팝업 | 팝가 Popga,20260422,20260711
/popup/4981,57,아코크 팝업 - 용산 팝업 | 팝가 Popga,20251212,20260711
/popup/6833,9,루셀금고 X 김지희 작가 팝업 - 광주 팝업 | 팝가 Popga,20260430,20260711
/popup/3756,473,AMD X 이터널리턴 팝업 | 팝가 POPGA,20250825,20260711
/popup/7037,59,티티크 X 짤리마켓 팝업 - 홍대 팝업 | 팝가 Popga,20260514,20260711
/popup/7447,382,"ICE ON, The frozen moment in 베리시 도산 - 강남 팝업 | 팝가 Popga",20260610,20260711
/popup/5943,28,배드블러드 샘플 & 리퍼브 세일 이벤트 - 합정 - 합정 팝업 | 팝가 Popga,20260319,20260711
/popup/5470,68,라이프클루 팝업 - 라이프클루 명랑 운동회 - 용산 팝업 | 팝가 Popga,20260130,20260711
/popup/3850,811,하겐다즈 팝업 - 달콤한 럭셔리 | 팝가 POPGA,20250902,20260711
/popup/1407,65,픽사 제주 팝업 | 팝가 POPGA,20241218,20260711
/popup/4058,71,포지티브미 팝업 | 팝가 POPGA,20250919,20260711
/popup/5002,104,모닝글로리 팝업 - 모일페 다꾸농장 - 여의도 팝업 | 팝가 Popga,20251215,20260711
/popup/4836,375,비비랩 x 아바타스타 슈 in 올리브영 홍대타운 - 홍대 팝업 | 팝가 Popga,20251128,20260711
/popup/5420,108,주스 냥냥냥냥냥 팝업 - 청주 - 충주 팝업 | 팝가 Popga,20260126,20260711
/popup/4448,250,구구걸즈 팝업 | 팝가 Popga,20251028,20260711
/popup/511,68,청23 팝업 | 팝가 POPGA,20240906,20260711
/popup/551,62,젼언니 수제 라바샥 팝업 | 팝가 POPGA,20240911,20260711
/popup/314,297,꼬마마법사 레미 X 팝퍼블 콜라보 팝업 - 꼬마 마법사 레미 팝업 | 팝가 Popga,20240921,20260711
/popup/4659,63,귤냥이와 친구들 팝업 - 강남 팝업 | 팝가 Popga,20251114,20260711
/popup/5451,601,주술회전 팬텀 퍼레이드 팝업 - 홍대 팝업 | 팝가 Popga,20260128,20260711
/popup/841,57,프롬퓨처 X PCM 팝업 | 팝가 POPGA,20241023,20260711
/popup/1612,878,도경수 찌랭이 & 찰스 팝업 | 팝가 POPGA,20250114,20260711
/popup/563,2650,미피 70주년 생일 기념전 | 팝가 POPGA,20240913,20260711
/popup/2516,192,썬키스트 팝업 | 팝가 POPGA,20250415,20260711
/popup/4925,550,아이들 전시 - CITY of SENSE - 성수 팝업 | 팝가 Popga,20251208,20260711
/popup/4987,505,샌디스크 X 스누피 팝업 - 성수 팝업 | 팝가 Popga,20251212,20260711
/popup/7187,186,나이스고스트클럽 X 카우보이 비밥 팝업 @홍대 - 홍대 팝업 | 팝가 Popga,20260523,20260711
/popup/2543,131,더글라스토이 팝업 | 팝가 POPGA,20250417,20260711
/popup/1388,48,실바니안 패밀리 하남 팝업 - 실바니안 패밀리 팝업 | 팝가 Popga,20241217,20260711
/popup/3989,141,닥터마틴 팝업 | 팝가 POPGA,20250915,20260711
/popup/3444,46,쿠쿠전자 에코웨일 팝업 - 판교 | 팝가 POPGA,20250730,20260711
/popup/2082,316,비비랩 팝업 | 팝가 POPGA,20250305,20260711
/popup/7483,34,스포식스 트럭 팝업 @홍대 - 홍대 팝업 | 팝가 Popga,20260611,20260711
/popup/5059,319,쿠키런 스위트랜드 스노우 어드벤처 이벤트 - 원주 - 쿠키런 스위트랜드 팝업 팝업 | 팝가 Popga,20251219,20260711
/popup/1373,55,치플레 홍대 팝업 - 치플레 팝업 | 팝가 Popga,20241216,20260711
/popup/5509,236,해리포터 위자드몰 팝업 - 잠실 - 잠실 팝업 | 팝가 Popga,20260203,20260711
/popup/2244,245,수키도키 팝업 | 팝가 POPGA,20250314,20260711
/popup/sheet/5734,240,애니/캐릭터 팝업스토어 찾기 | 팝가,20260227,20260711
/popup/3954,48,위켄드 이벤트 - WEEKEND RUNNING CLUB | 팝가 POPGA,20250911,20260711
/popup/5170,523,GS25 X 명조 팝업 - 홍대 - 홍대 팝업 | 팝가 Popga,20251231,20260711
/popup/1720,125,드리미 팝업 - 판교 | 팝가 POPGA,20250130,20260711
/popup/5587,148,오늘의 귀여움 CLASS 팝업 - 치즈덕 - 영등포 팝업 | 팝가 Popga,20260211,20260711
/popup/4576,742,메이드바이 X 히히클럽 팝업 - 성수 - 성수 팝업 | 팝가 Popga,20251107,20260711
/popup/5081,84,벨지 팝업 - 용산 팝업 | 팝가 Popga,20251222,20260711
/popup/6916,32,미뇽맨션 팝업 - 영등포 팝업 | 팝가 Popga,20260507,20260711
/popup/6085,27,베이비몬스터 데뷔 2주년 기념 팝업 - 명동 - 명동 팝업 | 팝가 Popga,20260330,20260711
/popup/440,36,진저베어 팝업 X 끽 비어 맥주 팝업 | 팝가 POPGA,20240904,20260711
/popup/1710,2604,픽사 팝업 | 팝가 POPGA,20250123,20260711
/popup/4210,714,해리포터 위자드몰 팝업 - 잠실 - 잠실 팝업 | 팝가 Popga,20251003,20260711
/popup/6608,96,분홍공주 팝업 - 잠실 팝업 | 팝가 Popga,20260426,20260711
/popup/1543,131,연리희재 팝업 - 잠실 - 연리희재 팝업 | 팝가 Popga,20250107,20260711
/popup/5809,62,플레이인더박스 팝업 - 신촌 팝업 | 팝가 Popga,20260309,20260711
/popup/153,15,드래곤빌리지 팝업 | 팝가 POPGA,20240801,20260711
/popup/5716,48,알파인더스트리 팝업 - 북촌 팝업 | 팝가 Popga,20260227,20260711
/popup/1809,81,레스트 인 네이처 팝업 - 하남 | 팝가 POPGA,20250207,20260712
/popup/3324,219,웤웤상사 팝업 | 팝가 POPGA,20250717,20260712
/popup/1823,73,포렌 팝업 | 팝가 POPGA,20250210,20260712
/popup/2004,92,다이브인 팝업 | 팝가 POPGA,20250225,20260712
/popup/4897,393,타이니빌 팝업 - 여의도 팝업 | 팝가 Popga,20251204,20260712
/popup/3364,254,1432 X 오파르크 팝업 - 오파르크 팝업 팝업 | 팝가 Popga,20250724,20260712
/popup/5161,937,스파이 패밀리 X 애니메이트 콜라보 카페 - 홍대 - 홍대 팝업 | 팝가 Popga,20251230,20260712
/popup/5862,270,프리덤 X 더현대서울 팝업 - 여의도 팝업 | 팝가 Popga,20260312,20260712
/popup/5524,114,기아 셀토스 팝업 - 잠실 팝업 | 팝가 Popga,20260204,20260712
/popup/6574,11,압소바 X 헬로키티 팝업 @동탄 - 동탄 팝업 | 팝가 Popga,20260424,20260712
/popup/1304,123,이케아 팝업 | 팝가 POPGA,20241209,20260712
/popup/3059,71,써피 팝업 | 팝가 POPGA,20250617,20260712
/popup/2566,175,스크럽 대디 팝업 | 팝가 POPGA,20250423,20260712
/popup/6686,74,별다꾸 마켓 팝업 - 잠실 팝업 | 팝가 Popga,20260427,20260712
/popup/1340,20,렉토 프레젠츠 크리스마스 팝업 - RECTO 팝업 | 팝가 Popga,20241223,20260712
/popup/6837,20,바샤커피 팝업 @평촌 - 평촌 팝업 | 팝가 Popga,20260430,20260712
/popup/6892,26,그로서리 스터프 팝업 - 일산 팝업 | 팝가 Popga,20260505,20260712
/popup/5541,26,아크로밧 팝업 - 강남 팝업 | 팝가 Popga,20260205,20260712
/popup/2718,212,르버브 X 비클린 팝업 - 더현대 서울 | 팝가 POPGA,20250509,20260712
/popup/7559,74,앨리스사라다 팝업 - 노원 팝업 | 팝가 Popga,20260616,20260712
/popup/7823,143,IGUSA SEOUL 팝업 - 홍대 팝업 | 팝가 Popga,20260702,20260712
/popup/3746,118,슬로우앤드 팝업 - 슬로우앤드 팝업 팝업 | 팝가 Popga,20250825,20260712
/popup/3130,608,아사히 트래블바 팝업 | 팝가 POPGA,20250625,20260712
/popup/577,36,파이퍼하이직 팝업 | 팝가 POPGA,20240913,20260712
/popup/1757,170,갤럭시 아이브러리 팝업 | 팝가 POPGA,20250203,20260712
/popup/2807,116,아이들 We are 팝업 | 팝가 POPGA,20250520,20260712
/popup/3513,1527,헤트라스 팝업 | 팝가 POPGA,20250804,20260712
/popup/3047,194,쿠에른 팝업 | 팝가 POPGA,20250616,20260712
/popup/4094,67,연세유업 X 교보문고 팝업 - Welcome to 빵먹단 | 팝가 POPGA,20250923,20260712
/popup/2413,79,오즈이즈 팝업 | 팝가 POPGA,20250403,20260712
/popup/3067,92,죤 팝업 | 팝가 POPGA,20250618,20260712
/popup/4247,333,두햄빠! 팝업 - 밍기적 하우스 | 팝가 Popga,20251010,20260712
/popup/5222,396,포레포레 팝업 - 잠실 팝업 | 팝가 Popga,20260107,20260712
/popup/1922,60,스텝케어 팝업 - 대구 - 스텝케어 팝업 | 팝가 Popga,20250218,20260712
/popup/5357,279,키엘 팝업 - 키엘 울트라 응급 구조대 - 강남 팝업 | 팝가 Popga,20260120,20260712
/popup/5848,107,서라운드 미쯔 팝업 - 광화문 팝업 | 팝가 Popga,20260311,20260712
/popup/5367,236,푸니푸니 팝업 - 용산 팝업 | 팝가 Popga,20260121,20260712
/popup/4574,44,닥스모자 팝업 - 잠실 팝업 | 팝가 Popga,20251107,20260712
/popup/6748,140,오늘의 귀여움 Class 팝업 @부산 - 부산 팝업 | 팝가 Popga,20260430,20260712
/popup/7625,76,버미큘라 팝업 - 서초 팝업 | 팝가 Popga,20260619,20260712
/popup/7973,11,브레드이발소 여름방학 특별전 - 한남 팝업 | 팝가 Popga,20260712,20260712
/popup/7534,91,토이 스토리 5 팝업 @목동 - 목동 팝업 | 팝가 Popga,20260615,20260712
/popup/317,65,나이브가든 Assemble 팝업 - 나이브가든 팝업 | 팝가 Popga,20240828,20260712
/popup/7751,168,부루부루도그 팝업 - 홍대 팝업 | 팝가 Popga,20260629,20260712
/popup/6579,23,예스아이씨 X CORNER BOOKS & ODD TAPE 팝업 - 홍대 팝업 | 팝가 Popga,20260424,20260712
/popup/3691,78,레브레드 팝업 | 팝가 POPGA,20250819,20260712
/popup/6854,100,베이비몬스터 팝업 @명동 - 홍대 팝업 | 팝가 Popga,20260430,20260712
/popup/7367,97,세터 X LG 트윈스 팝업 - 여의도 팝업 | 팝가 Popga,20260604,20260712
/popup/2595,84,꼼지락다이노 팝아트 전시 | 팝가 POPGA,20250425,20260712
/popup/7834,51,포르티아 팝업 - 종로 팝업 | 팝가 Popga,20260703,20260712
/popup/808,61,아임반 팝업 | 팝가 POPGA,20241018,20260712
/popup/1251,89,오센트 X 헬로키티 팝업 | 팝가 POPGA,20241204,20260712
/popup/1424,792,해리포터 X 카카오프렌즈 홍대 팝업 | 팝가 POPGA,20241220,20260712
/popup/1615,143,쿠오카 팝업 - 강남 - 쿠오카 팝업 | 팝가 Popga,20250116,20260712
/popup/3339,274,플리츠 플리즈 이세이 미야케 팝업 | 팝가 POPGA,20250721,20260712
/popup/3112,166,쌤소나이트 115주년 팝업 | 팝가 POPGA,20250623,20260712
/popup/795,47,바오밥컬렉션 팝업 | 팝가 POPGA,20241017,20260712
/popup/4564,3478,꿈빛 파티시엘 팝업 - 홍대 팝업 | 팝가 Popga,20251106,20260712
/popup/3761,65,2025 서울거리예술축제 | 팝가 POPGA,20250826,20260712
/popup/5699,142,삶은감자 팝업 - 홍대 팝업 | 팝가 Popga,20260225,20260712
/popup/3822,180,팝가스토어 용산점 | 팝가 POPGA,20250829,20260712
/popup/7653,61,그루브 인 관악 페스티벌 - 신림 팝업 | 팝가 Popga,20260622,20260712
/popup/2496,76,유핑 팝업 | 팝가 POPGA,20250411,20260712
/popup/755,34,풀라티케리움 팝업 - 풀집 팝업 | 팝가 Popga,20241010,20260712
/popup/4939,206,해리포터 위자드몰 팝업 - 청주 - 청주 팝업 | 팝가 Popga,20251209,20260712
/popup/6401,24,대전 빵나들이 빵지순례 팝업 - 잠실 팝업 | 팝가 Popga,20260416,20260712
/popup/7341,70,MUUT 아이웨어 팝업 - 잠실 팝업 | 팝가 Popga,20260602,20260712
/popup/3890,104,PICCLE 오픈 이벤트 - piccle 팝업 팝업 | 팝가 Popga,20250905,20260712
/popup/1487,106,젤다의 전설 팝업 | 팝가 POPGA,20241227,20260712
/popup/3519,181,프리츠한센 팝업 | 팝가 POPGA,20250804,20260712
/popup/3052,958,데이지크 트윙클 머메이드 팝업 | 팝가 POPGA,20250616,20260712
/popup/1697,78,레고 시티 팝업 - 하남 - 레고 팝업 | 팝가 Popga,20250122,20260712
/popup/5444,211,제이제이디저트 팝업 - 잠실 팝업 | 팝가 Popga,20260128,20260712
/popup/2211,422,키움히어로즈 팝업 | 팝가 POPGA,20250312,20260712
/popup/2908,1588,짱구와 함께 떠나는 캠핑 어드벤처 전시 | 팝가 POPGA,20250604,20260712
/popup/2574,491,이토준지 매니악 X 나이스고스트클럽 팝업 | 팝가 POPGA,20250423,20260712
/popup/4222,46,IWC 샤프하우젠 팝업 - IWC 샤프하우젠 팝업 팝업 | 팝가 Popga,20251004,20260712
/popup/3290,170,로우로우 팝업 | 팝가 POPGA,20250711,20260712
/popup/6581,2,클라우드 크러시 팝업 - 귀리맥주유랑단 @명동 - 명동 팝업 | 팝가 Popga,20260512,20260712
/popup/6557,16,슬렙트 팝업 - 노원 팝업 | 팝가 Popga,20260423,20260712
/popup/3179,458,핑구 X 롯데월드 아쿠아리움 팝업 | 팝가 POPGA,20250701,20260712
/popup/5092,97,테이크댓써말홈 팝업 - 홍대 팝업 | 팝가 Popga,20251223,20260712
/popup/3895,33,브로스 마켓 팝업 - BRO‘s MARKET | 팝가 POPGA,20250905,20260712
/popup/5562,98,라이트업 스튜디오 X 그린라이트 팝업 - 잠실 팝업 | 팝가 Popga,20260209,20260712
/popup/2643,88,하우스포그 팝업 | 팝가 POPGA,20250430,20260712
/popup/1115,53,무신사 스토어 홍대 인사일런스 팝업 | 팝가 POPGA,20241120,20260712
/popup/6637,15,시오팡야 팝업 - 평촌 팝업 | 팝가 Popga,20260426,20260712
/popup/4384,112,알트지 인디게임 페스티벌 | 팝가 Popga,20251022,20260712
/popup/1594,47,시슬리 헤어 리추얼 팝업 - 시슬리 팝업 팝업 | 팝가 Popga,20250113,20260712
/popup/2350,217,현대자동차 오픈디자인랩 <로보틱 스페이스> 팝업 | 팝가 POPGA,20250326,20260712
/popup/5237,159,춘천감자밭 감자빵 팝업 - 명동 팝업 | 팝가 Popga,20260108,20260712
/popup/2812,182,우트마켓 팝업 | 팝가 POPGA,20250521,20260712
/popup/3887,48,끌라베 팝업 | 팝가 POPGA,20250904,20260712
/popup/7318,159,귀멸의 칼날 스프링 페어 @부산 - 부산 팝업 | 팝가 Popga,20260531,20260712
/popup/836,90,벤스쿠키 팝업 - Ben's Cookies 팝업 | 팝가 Popga,20241022,20260712
/popup/940,35,포석호의 광광파티 팝업 | 팝가 POPGA,20241029,20260712
/popup/6881,186,미츄 X 애니플러스 콜라보 카페 @서면 - 부산 팝업 | 팝가 Popga,20260504,20260712
/popup/4024,72,벨오프 팝업 - 벨오프 팝업 팝업 | 팝가 Popga,20250917,20260712
/popup/1029,62,라엘 X 노티드 팝업 | 팝가 POPGA,20241107,20260713
/popup/3225,710,돈키호테 X GS25 팝업 | 팝가 POPGA,20250704,20260713
/popup/2959,443,글라쇼 팝업 | 팝가 POPGA,20250610,20260713
/popup/3230,547,망그러진 곰 X 두산베어스 팝업 | 팝가 POPGA,20250704,20260713
/popup/3182,747,미키와 친구들 서울투어 2025 팝업 | 팝가 POPGA,20250701,20260713
/popup/2424,604,수아레 오픈 이벤트 | 팝가 POPGA,20250403,20260713
/popup/2863,246,셀퓨전씨 X 뷰티쁠 무빙팝업 | 팝가 POPGA,20250527,20260713
/popup/2763,386,포스테스 오픈 이벤트 | 팝가 POPGA,20250514,20260713
/popup/4597,299,무용지용 팝업 - 잠실 팝업 | 팝가 Popga,20251109,20260713
/popup/3345,93,키막 팝업 | 팝가 POPGA,20250721,20260713
/popup/3973,158,아르토 팝업 | 팝가 POPGA,20250912,20260713
/popup/2671,167,네모네 팝업 | 팝가 POPGA,20250502,20260713
/popup/5687,89,오프레임 팝업 - 여의도 팝업 | 팝가 Popga,20260224,20260713
/popup/5978,46,EPT 부산 스토어 오프닝 이벤트 - 부산 팝업 | 팝가 Popga,20260323,20260713
/popup/6406,51,올댓트래블 전시 - 강남 팝업 | 팝가 Popga,20260416,20260713
/popup/6419,36,히디프 팝업 - 여의도 팝업 | 팝가 Popga,20260416,20260713
/popup/5709,93,블랙핑크 팝업 - 명동 - 명동 팝업 | 팝가 Popga,20260225,20260713
/popup/432,61,유아른 팝업 | 팝가 POPGA,20240829,20260713
/popup/5543,24,히이크 팝업 - 강남 팝업 | 팝가 Popga,20260205,20260713
/popup/6420,43,조셉앤스테이시 팝업 - 강남 팝업 | 팝가 Popga,20260416,20260713
/popup/6181,57,속초산도 팝업 - 잠실 팝업 | 팝가 Popga,20260407,20260713
/popup/5811,39,아이언더스탠드 팝업 - 홍대 팝업 | 팝가 Popga,20260309,20260713
/popup/5596,43,효바스미 팝업 - 홍대 팝업 | 팝가 Popga,20260211,20260713
/popup/6271,147,서울서커스페스티벌 - 용산 팝업 | 팝가 Popga,20260410,20260713
/popup/6704,440,유미의 세포들3 팝업 - 중구 팝업 | 팝가 Popga,20260428,20260713
/popup/460,41,포트 X 밀레니엄 팝업 전시 | POPUPNOW 팝업나우,20240830,20260713
/popup/5859,79,마이티즈 팝업 - Wonder Room - 부산 - 부산 팝업 | 팝가 Popga,20260312,20260713
/popup/6321,30,제이에스티나 팝업 @목동 - 목동 팝업 | 팝가 Popga,20260413,20260713
/popup/5089,1027,샬랑 드 파리 팝업 - 성수 팝업 | 팝가 Popga,20251223,20260713
/popup/5691,32,플로로도라 X 비클린 팝업 - 판교 - 판교 팝업 | 팝가 Popga,20260224,20260713
/popup/6245,79,월드몰 블라썸 디저트 페스타 팝업 - 잠실 팝업 | 팝가 Popga,20260409,20260713
/popup/2457,648,에잇세컨즈 X 포켓몬 팝업 | 팝가 POPGA,20250408,20260713
/popup/5955,204,3학년 Z반 긴파치 선생 팝업 - 수원 - 수원 팝업 | 팝가 Popga,20260320,20260713
/popup/6459,27,주스 냥냥냥냥냥 팝업 @일산 - 일산 팝업 | 팝가 Popga,20260420,20260713
/popup/1938,260,아이소이 불가리아 로즈 트립 팝업 | 팝가 POPGA,20250219,20260713
/popup/5878,22,달리 팝업 - 부천 - 부천 팝업 | 팝가 Popga,20260315,20260713
/popup/4441,87,오브먼트 팝업 | 팝가 Popga,20251027,20260713
/popup/6537,415,스포티파이 대학교 학생회관 - 신촌 팝업 | 팝가 Popga,20260423,20260713
/popup/1254,20,호텔 827 대구 팝업 - HOTEL 827 팝업 | 팝가 Popga,20241208,20260713
/popup/6229,83,"볼빨간사춘기 데뷔 10주년 기념 전시회 - 永遠: 단언컨대, 우주를 줄만큼! - 잠실 팝업 | 팝가 Popga",20260410,20260713
/popup/7730,668,김정문알로에 팝업 - 큐어 제주 알로에 농장 - 성수 팝업 | 팝가 Popga,20260626,20260713
/popup/1063,22,YJACK 팝업 - 와이잭 팝업 | 팝가 Popga,20241113,20260713
/popup/3959,164,"더 공예, 더 현대 팝업 | 팝가 POPGA",20250911,20260713
/popup/2631,254,디발리쎄 팝업 | 팝가 POPGA,20250429,20260713
/popup/6094,56,경북선관위 X 수키도키 선거 팝업 - 경주 팝업 | 팝가 Popga,20260331,20260713
/popup/2510,451,밈물상 팝업 | 팝가 POPGA,20250414,20260713
/popup/4868,52,오호스X아트모스 핑크X아식스 컬래버 발매 - 을지로 팝업 | 팝가 Popga,20251202,20260713
/popup/3437,460,프로즌 체크인 팝업 in 트렌드팟 바이 올리브영 홍대 | 팝가 POPGA,20250730,20260713
/popup/6433,21,엔시티드림 제노 생일 카페 - 홍대 팝업 | 팝가 Popga,20260417,20260713
/popup/5906,45,마르디 메크르디 레쁘띠 팝업 - 부산 - 부산 팝업 | 팝가 Popga,20260316,20260713
/popup/6412,71,르모크(LEMOK) 팝업 스토어 - 이태원 팝업 | 팝가 Popga,20260416,20260713
/popup/2251,45,데일리칩스 팝업 | 팝가 POPGA,20250317,20260713
/popup/4958,163,부드라미 팝업 - 사당 팝업 | 팝가 Popga,20251210,20260713
/popup/4701,532,팝마트 로보샵 팝업 - 잠실 팝업 | 팝가 Popga,20251118,20260713
/popup/2045,85,탈리다쿰 X 라인프렌즈 팝업 | 팝가 POPGA,20250228,20260713
/popup/3069,257,러브밋 팝업 | 팝가 POPGA,20250618,20260713
/popup/3037,252,메종 21G 팝업 | 팝가 POPGA,20250613,20260713
/popup/2816,258,레페리 셀렉트스토어 팝업 | 팝가 POPGA,20250521,20260713
/popup/1773,235,플레이브 X 일상의틈 팝업 - 부산 - 플레이브 팝업 | 팝가 Popga,20250204,20260713
/popup/3928,213,트리드 팝업 - 성수 | 팝가 POPGA,20250909,20260713
/popup/2509,705,파파레서피 팝업 | 팝가 POPGA,20250414,20260713
/popup/4556,354,캔메이크 X 뷰티쁠 무빙 팝업 - 성수 팝업 | 팝가 Popga,20251105,20260713
/popup/6262,53,브롬튼런던 팝업 - 잠실 팝업 | 팝가 Popga,20260410,20260713
/popup/5538,254,미피와 친구들 팝업 - 부산 - 부산 팝업 | 팝가 Popga,20260205,20260713
/popup/6938,53,실크 시력교정술 팝업 <SILK Atelier> - 강남 팝업 | 팝가 Popga,20260508,20260713
/popup/6215,45,양수이 팝업 - 용산 팝업 | 팝가 Popga,20260408,20260713
/popup/5930,61,아웃도어 보이스 팝업 - 한남 팝업 | 팝가 Popga,20260318,20260713
/popup/2640,91,해치의 선물상점 팝업 | 팝가 POPGA,20250430,20260713
/popup/6905,91,아넬 팝업 - 용산 팝업 | 팝가 Popga,20260506,20260713
/popup/5995,18,이티비티 샵 팝업 - 신촌 팝업 | 팝가 Popga,20260324,20260713
/popup/5046,141,주디마리 팝업 - 홍대 팝업 | 팝가 Popga,20251218,20260713
/popup/7264,14,뚜오미오 아카이브 세일 - 송파 팝업 | 팝가 Popga,20260528,20260713
/popup/6350,32,보물섬 팝업 - 안양 팝업 | 팝가 Popga,20260415,20260713
/popup/5610,40,Lee 홍대 플래그십 스토어 리뉴얼 오픈 이벤트 - 홍대 팝업 | 팝가 Popga,20260213,20260713
/popup/6458,81,포지타니 팝업 - 여의도 팝업 | 팝가 Popga,20260420,20260713
/popup/5155,3135,발로란트 팝업 - 성수 팝업 | 팝가 Popga,20251229,20260713
/popup/6443,15,백두달표고 팝업 - 부산 팝업 | 팝가 Popga,20260419,20260713
/popup/5604,10,리필드 팝업 - 판교 - 판교 팝업 | 팝가 Popga,20260212,20260713
/popup/7412,359,제이드몽 팝업 - 강남 팝업 | 팝가 Popga,20260608,20260713
/popup/7890,59,케이스스터디 팝업 - 강남 팝업 | 팝가 Popga,20260707,20260713
/popup/3996,688,오플릭 팝업 | 팝가 POPGA,20250915,20260713
/popup/3687,314,"리드볼트 팝업 - 아 출근하기 싫다, 그럼 짐 싸! | 팝가 POPGA",20250819,20260713
/popup/4174,289,크록스 케이스 팝업 | 팝가 Popga,20251001,20260713
/popup/1564,39,코코하 팝업 | 팝가 POPGA,20250108,20260713
/popup/7696,172,미미달 팝업 - 여의도 팝업 | 팝가 Popga,20260624,20260713
/popup/6439,39,디애니 팝업 - 여의도 팝업 | 팝가 Popga,20260420,20260713
/popup/2201,180,노티카 X 언더마이카 팝업 | 팝가 POPGA,20250311,20260713
/popup/1438,46,온앤오프 온꼬미즈 팝업 | 팝가 POPGA,20241223,20260713
/popup/4450,57,로컬-이음 마켓 팝업 | 팝가 Popga,20251028,20260713
/popup/5344,265,나메코 팝업 - 부산 - 부산 팝업 | 팝가 Popga,20260119,20260713
/popup/6131,65,본투비가드너 팝업 - 압구정 팝업 | 팝가 Popga,20260402,20260713
/popup/5060,1181,스마트골목길 팝업 - 성수 팝업 | 팝가 Popga,20251219,20260713
/popup/2562,109,푸조 308 X 아티스트 헤르시 팝업 | 팝가 POPGA,20250422,20260713
/popup/6132,66,수이과슈 팝업 - 압구정 팝업 | 팝가 Popga,20260402,20260713
/popup/1425,39,2024 서울빛초롱축제 서울마이소울샵 팝업 | 팝가 POPGA,20241220,20260713
/popup/5869,207,로맨스 판타지 X 애니메이트 콜라보 카페 - 잠실 - 잠실 팝업 | 팝가 Popga,20260313,20260713
/popup/5870,59,로맨스 판타지 X 애니메이트 콜라보 카페 - 부산 - 부산 팝업 | 팝가 Popga,20260313,20260713
/popup/6513,19,병천순대 팝업 - 고양 팝업 | 팝가 Popga,20260421,20260713
/popup/6416,53,주스 냥냥냥냥냥 팝업 - 성북 팝업 | 팝가 Popga,20260416,20260713
/popup/5624,187,글루타넥스 팝업 - 여의도 팝업 | 팝가 Popga,20260217,20260713
/popup/2953,313,츠바키 팝업 | 팝가 POPGA,20250610,20260713
/popup/1722,155,브릭나인 팝업 - 광주 | 팝가 POPGA,20250130,20260713
/popup/6453,32,끌레드뽀 보떼 팝업 - 잠실 팝업 | 팝가 Popga,20260420,20260713
/popup/3085,570,어뮤즈 플래그십 스토어 오픈 이벤트 | 팝가 POPGA,20250620,20260713
/popup/3751,474,이니스프리 X 푸 팝업 | 팝가 POPGA,20250825,20260713
/popup/3075,317,블랑두부 팝업 | 팝가 POPGA,20250618,20260713
/popup/3584,296,왓어브레드 팝업 - 왓어브레드 팝업 팝업 | 팝가 Popga,20250808,20260713
/popup/3667,238,와글와글베이크샵 팝업 | 팝가 Popga,20250818,20260713
/popup/4023,134,몰든 팝업 | 팝가 POPGA,20250917,20260713
/popup/4075,63,가민 팝업 - 가민 팝업 팝업 | 팝가 Popga,20250922,20260713
/popup/3743,513,밀빛 팝업 - 밀빛 팝업 팝업 | 팝가 Popga,20250825,20260713
/popup/4250,181,aeae 팝업 | 팝가 Popga,20251010,20260713
/popup/1405,73,리베르 수원 팝업 | 팝가 POPGA,20241218,20260713
/popup/5446,63,레미레미 팝업 - 수원 - 수원 팝업 | 팝가 Popga,20260128,20260713
/popup/4946,211,꿈돌이X뽀로로 스위트 부티크 팝업 - 대전 - 대전 팝업 | 팝가 Popga,20251209,20260713
/popup/7647,158,23.65 팝업 - 잠실 팝업 | 팝가 Popga,20260622,20260713
/popup/5921,146,제5회 대한민국 막걸리엑스포 - 양재 팝업 | 팝가 Popga,20260317,20260713
/popup/7228,68,제니퍼룸 팝업 - 잠실 팝업 | 팝가 Popga,20260526,20260713
/popup/1787,313,가샤폰 스트리트 팝업 - 판교 | 팝가 POPGA,20250206,20260713
/popup/5750,111,아메스월드와이드 팝업 - 여의도 팝업 | 팝가 Popga,20260302,20260713
/popup/6002,48,플레이인더박스 팝업 - 부산 - 부산 팝업 | 팝가 Popga,20260325,20260713
/popup/5537,41,삼양 1963 팝업 - 삼양 1963 백일잔치 - 강남 팝업 | 팝가 Popga,20260205,20260713
/popup/7494,55,더뮤지엄비지터 팝업 - 판교 팝업 | 팝가 Popga,20260611,20260713
/popup/5629,48,오고르 팝업 - 잠실 팝업 | 팝가 Popga,20260218,20260713
/popup/3206,77,스탠드오일 영화 상영회 이벤트 | 팝가 POPGA,20250703,20260713
/popup/6863,26,라로제 팝업 - 판교 팝업 | 팝가 Popga,20260430,20260713
/popup/5073,63,한스룸 팝업 - 강남 팝업 | 팝가 Popga,20251222,20260713
/popup/7067,27,신스레터스 팝업 - 서촌 팝업 | 팝가 Popga,20260518,20260713
/popup/792,50,낫포너드 팝업 | 팝가 POPGA,20241017,20260713
/popup/1370,30,플러드셀 팝업 - 플러드셀 팝업 | 팝가 Popga,20241216,20260713
/popup/3851,268,솔리튜드 팝업 - The Craft of Solitude | 팝가 POPGA,20250902,20260713
/popup/6405,46,A Girl's Room 팝업 - 강남 팝업 | 팝가 Popga,20260416,20260713
/popup/2921,149,팝가스토어 동대문점 | 팝가 POPGA,20250605,20260713
/popup/2641,382,키엘 팝업 | 팝가 POPGA,20250430,20260713
/popup/4842,420,모머 위켄드 홀리데이 팝업 - 성수 팝업 | 팝가 Popga,20251129,20260713
/popup/4482,98,씬 팝업 | 팝가 Popga,20251030,20260713
/popup/6320,13,제이에스티나 팝업 @수원 - 수원 팝업 | 팝가 Popga,20260413,20260713
/popup/3596,947,루트인성수 | 팝가 POPGA,20250811,20260713
/popup/910,137,데스커 팝업 - DESKER 팝업 | 팝가 Popga,20241025,20260713
/popup/1581,109,빙그레 소원왕국 팝업 | 팝가 POPGA,20250110,20260713
/popup/4499,66,The Next Idol 팝업 - 판교 | 팝가 Popga,20251031,20260713
/popup/5710,164,데님 티어스 팝업 - 강남 팝업 | 팝가 Popga,20260225,20260713
/popup/4244,161,쿠에른 10주년 전시 | 팝가 Popga,20251009,20260713
/popup/649,72,쿼카 앤 보보 인더 우드 팝업 | 팝가 POPGA,20240926,20260713
/popup/1959,150,허그유어스킨 팝업 | 팝가 POPGA,20250220,20260713
/popup/2468,2547,스모어팩토리 오픈 이벤트 | 팝가 POPGA,20250409,20260713
/popup/3209,353,닉앤니콜 X 디즈니 팝업 | 팝가 POPGA,20250703,20260713
/popup/607,207,어반 소피스티케이션 팝업 | 팝가 POPGA,20240921,20260713
/popup/3315,242,갤럭시 스튜디오 팝업 - 홍대 | 팝가 POPGA,20250716,20260713
/popup/3424,173,닥터마틴 팝업 - DR. MARTENS & THE 1461 SHOE | 팝가 POPGA,20250729,20260713
/popup/4656,190,브이디엘 X 소프트서울 팝업 - 성수 팝업 | 팝가 Popga,20251113,20260713
/popup/2589,221,피너츠 75주년 기념 팝업 | 팝가 POPGA,20250424,20260713
/popup/2327,113,세븐에잇언더 팝업 | 팝가 POPGA,20250324,20260713
/popup/5068,190,플레이인더박스 X 에스더버니 미니 팝업 - 여의도 팝업 | 팝가 Popga,20251222,20260713
/popup/4833,626,올리브영 어워즈 in 트렌드팟 바이 올리브영 홍대 - 홍대 팝업 | 팝가 Popga,20251128,20260713
/popup/5657,56,살로몬 팝업 - 한남 - 한남 팝업 | 팝가 Popga,20260222,20260713
/popup/4466,290,니베아 X 뷰티쁠 무빙 팝업 | 팝가 Popga,20251029,20260713
/popup/5412,130,엔하이픈 X 스튜디오 춤 팝업 - 여의도 팝업 | 팝가 Popga,20260126,20260713
/popup/5714,143,빙의자들을 위한 특혜 X 투니크 콜라보 팝업 - 합정 - 홍대 팝업 | 팝가 Popga,20260226,20260713
/popup/4860,912,렌즈미 홀리데이 페스타 - 성수 팝업 | 팝가 Popga,20251215,20260713
/popup/6242,56,하우스오브에러스 팝업 - 용산 팝업 | 팝가 Popga,20260409,20260713
/popup/7459,33,EQL 6주년 이벤트 - EQL 6th BIRTHDAY PARTY @판교 - 판교 팝업 | 팝가 Popga,20260609,20260713
/popup/5842,134,캐세이 창립 80주년 팝업 - 여의도 팝업 | 팝가 Popga,20260310,20260713
/popup/7573,212,클레어스 전시 팝업 - Midnight Blue with Klairs - 명동 팝업 | 팝가 Popga,20260616,20260713
/popup/5126,130,큐리케어 펄즈 팝업 - 성수 팝업 | 팝가 Popga,20251226,20260713
/popup/4967,42,구테 팝업 - 강남 팝업 | 팝가 Popga,20251211,20260713
/popup/7406,57,어노브 트럭 팝업 @명동 - 명동 팝업 | 팝가 Popga,20260606,20260713
/popup/7962,34,유메르 팝업 - 강남 팝업 | 팝가 Popga,20260710,20260713
/popup/7537,179,미키와 친구들 팝업 - 강남 팝업 | 팝가 Popga,20260615,20260713
/popup/4870,894,데일리위클리 X 에비앙 팝업 - Sparkling Ritual Begins - 성수 팝업 | 팝가 Popga,20251202,20260713
/popup/5897,32,던스트 팝업 - 여의도 팝업 | 팝가 Popga,20260316,20260713
/popup/6349,27,이순신당 팝업 - 인천 팝업 | 팝가 Popga,20260415,20260713
/popup/4025,56,챈초이 X 피스온더테이블 팝업 | 팝가 POPGA,20250917,20260713
/popup/4776,2975,애슐리 팝업 - 하우스 오브 애슐리 - 성수 팝업 | 팝가 Popga,20251125,20260713
/popup/1739,111,풋볼스탠다드 팝업 - 판교 - Football Standard 팝업 | 팝가 Popga,20250206,20260713
/popup/2934,635,닥터포헤어 X 빠더너스 팝업 | 팝가 POPGA,20250609,20260713
/popup/6497,8,리은푸드 팝업 - 구리 팝업 | 팝가 Popga,20260421,20260713
/popup/5620,41,폴바셋 이벤트 - 잠실 팝업 | 팝가 Popga,20260213,20260713
/popup/5355,95,브루먼 팝업 - 여의도 팝업 | 팝가 Popga,20260119,20260713
/popup/2695,4210,가나디의 쿠킹 클래스 팝업 | 팝가 POPGA,20250507,20260713
/popup/525,76,와키윌리 팝업 - Wacky Willy 팝업 | 팝가 Popga,20240913,20260713
/popup/5162,331,스파이 패밀리 X 애니메이트 콜라보 카페 - 잠실 - 잠실 팝업 | 팝가 Popga,20251230,20260713
/popup/2281,632,VDL 팝업 | 팝가 POPGA,20250319,20260713
/popup/6248,79,마티아스 팝업 - 잠실 팝업 | 팝가 Popga,20260409,20260713
/popup/6199,31,티케비 팝업 - 강남 팝업 | 팝가 Popga,20260407,20260713
/popup/3646,413,2025 크리에이티브X성수 | 팝가 POPGA,20250814,20260713
/popup/4061,354,스탠리 X 제니 팝업 | 팝가 POPGA,20250919,20260713
/popup/5630,184,시세이도 팝업 - 잠실 팝업 | 팝가 Popga,20260218,20260713
/popup/3169,151,이모지아트 & 아트미러 전시 | 팝가 POPGA,20250630,20260713
/popup/1682,67,오스트리야 팝업 | 팝가 POPGA,20250121,20260713
/popup/4953,385,카가미네 린&렌 X 애니메이트 콜라보 카페 - 홍대 팝업 | 팝가 Popga,20251210,20260713
/popup/5277,75,로얄앤코하우스 X 농부시장 마르쉐 팝업 - 강남 팝업 | 팝가 Popga,20260112,20260713
/popup/5936,82,마그넷 아카이브 클리어런스 세일 팝업 - 한남 팝업 | 팝가 Popga,20260318,20260713
/popup/6240,216,국카스텐 공연 이벤트 - 광진구 팝업 | 팝가 Popga,20260409,20260713
/popup/6315,18,우프 팝업 - 잠실 팝업 | 팝가 Popga,20260413,20260713
/popup/6409,84,몽모 팝업 - 성남 팝업 | 팝가 Popga,20260416,20260713
/popup/5742,41,더후 팝업 - 강남 팝업 | 팝가 Popga,20260301,20260713
/popup/6541,67,세븐 팝업 - 서촌 팝업 | 팝가 Popga,20260422,20260713
/popup/5790,80,"보고가새요, 새들의 소소한 일상전​ - 망원 팝업 | 팝가 Popga",20260305,20260713
/popup/5481,72,MIM 팝업 - 여의도 팝업 | 팝가 Popga,20260201,20260713
/popup/5707,64,패치파이 팝업 - 여의도 팝업 | 팝가 Popga,20260225,20260713
/popup/6408,41,더프리티쁘띠 팝업 - 용산 팝업 | 팝가 Popga,20260416,20260713
/popup/5626,31,참치학교 팝업 - 용산 팝업 | 팝가 Popga,20260217,20260713
/popup/6476,68,폴리폼 팝업 - ART OF LIVING SPACE - 강남 팝업 | 팝가 Popga,20260420,20260713
/popup/5378,512,굽네치킨 팝업 - 홍대 팝업 | 팝가 Popga,20260122,20260713
/popup/4706,1108,포춘살롱 팝업 - 성수 팝업 | 팝가 Popga,20251119,20260713
/popup/5982,123,삼성 Galaxy S26 Ultra X BTS THE CITY 이벤트 - 강남 팝업 | 팝가 Popga,20260323,20260713
/popup/2384,100,플랙 패밀리세일 팝업 | 팝가 POPGA,20250331,20260713
/popup/1679,55,세렝게티커피 팝업 - 판교 | 팝가 POPGA,20250121,20260713
/popup/5514,23,쿄도 팝업 - 연남 팝업 | 팝가 Popga,20260203,20260713
/popup/4127,1316,보이즈 2 플래닛 아카이브 전시 | 팝가 Popga,20250926,20260713
/popup/2236,106,왼그기그 팝업 - 대구 | 팝가 POPGA,20250314,20260713
/popup/2022,218,조성진 팝업 | 팝가 POPGA,20250226,20260713
/popup/5903,41,글루피 팝업 - 여의도 팝업 | 팝가 Popga,20260316,20260713
/popup/5603,23,재클라 팝업 - 여의도 팝업 | 팝가 Popga,20260212,20260713
/popup/4758,77,라이프 오브 파이 팝업 - 여의도 팝업 | 팝가 Popga,20251124,20260713
/popup/5960,104,낼나 팝업 - 여의도 팝업 | 팝가 Popga,20260320,20260713
/popup/2049,55,쓰리제로 팝업 - 판교 | 팝가 POPGA,20250301,20260714
/popup/3083,180,바반투 팝업 | 팝가 POPGA,20250619,20260714
/popup/4253,86,키르시 팝업 | 팝가 Popga,20251011,20260714
/popup/3509,463,어글리어스 팝업 - 남의 집 귀한 자식 | 팝가 POPGA,20250801,20260714
/popup/4328,368,영화 <위키드: 포 굿> 팝업 | 팝가 Popga,20251016,20260714
/popup/4673,313,그라운즈 팝업 - 성수 팝업 | 팝가 Popga,20251117,20260714
/popup/3361,255,시미헤이즈뷰티 X 올리브영N 성수 팝업 | 팝가 POPGA,20250724,20260714
/popup/5880,104,우주먼지 마법학교 팝업 - 혜화 팝업 | 팝가 Popga,20260315,20260714
/popup/5352,185,다이슨 팝업 - 여의도 팝업 | 팝가 Popga,20260119,20260714
/popup/5253,204,캐릭터라인 팝업 - 영등포 팝업 | 팝가 Popga,20260109,20260714
/popup/6437,60,24h 디저트하우스 팝업 - 청량리 팝업 | 팝가 Popga,20260417,20260714
/popup/7521,62,할리데이비슨X올드타운로드 팝업 - 용인 팝업 | 팝가 Popga,20260613,20260714
/popup/2097,59,반스 팝업 - 수원 | 팝가 POPGA,20250307,20260714
/popup/3724,184,히카루가 죽은 여름 팝업 | 팝가 POPGA,20250822,20260714
/popup/5950,197,김밥대장 광장시장 팝업 - 종로 팝업 | 팝가 Popga,20260320,20260714
/popup/7201,54,유민하 X 하이츠 팝업 - 홍대 팝업 | 팝가 Popga,20260524,20260714
/popup/7429,37,원데이모먼트 플리마켓 - 서대문구 팝업 팝업 | 팝가 Popga,20260609,20260714
/popup/4128,217,아벤느 X 뷰티쁠 무빙 팝업 | 팝가 POPGA,20250926,20260714
/popup/3879,147,연도문구 팝업 - 행운의 아이템 상점 | 팝가 POPGA,20250904,20260714
/popup/3390,152,대원씨아이 X 애니메이트 팝업 - 세기의 킬러 페어 | 팝가 POPGA,20250728,20260714
/popup/810,113,헤이딜러 내차조향소 광주 팝업 | 팝가 POPGA,20241019,20260714
/popup/3847,102,그럴만두 팝업 - 대전 | 팝가 Popga,20250902,20260714
/popup/1919,189,마이토파르타 전시 | 팝가 POPGA,20250218,20260714
/popup/2614,138,양파쿵야 팝업 | 팝가 POPGA,20250428,20260714
/popup/4424,48,스미스앤레더 팝업 - 부산 - 부산 팝업 | 팝가 Popga,20251024,20260714
/popup/4416,350,뉴믹스 커피 팝업 - 뉴믹스 𝘔𝘪𝘹 𝘸𝘪𝘵𝘩 𝘔𝘢𝘵𝘤𝘩𝘢 | 팝가 Popga,20251024,20260714
/popup/3269,120,비욘 팝업 | 팝가 POPGA,20250709,20260714
/popup/3729,533,캐릭캐릭체인지 X 러브이즈트루 팝업 | 팝가 POPGA,20250822,20260714
/popup/2232,63,무신사 스탠다드 오픈 이벤트 | 팝가 POPGA,20250314,20260714
/popup/2083,94,미니쿠퍼 X 뱅앤올룹슨 팝업 | 팝가 POPGA,20250305,20260714
/popup/2188,124,캑터스도넛마켓 팝업 | 팝가 POPGA,20250310,20260714
/popup/974,44,쓰리타임즈 팝업 | 팝가 POPGA,20241102,20260714
/popup/7570,89,사이드킥 팝업 - tndud Swim Market - 신촌 팝업 | 팝가 Popga,20260616,20260714
/popup/1477,36,FC안양 팝업 - FC안양 팝업 | 팝가 Popga,20241228,20260714
/popup/307,178,왼그기그 팝업 | 팝가 POPGA,20240813,20260714
/popup/1981,91,솔트팩토리 팝업 | 팝가 POPGA,20250224,20260714
/popup/6344,433,아이모 20주년 기념 전시회 - 성수 팝업 | 팝가 Popga,20260415,20260714
/popup/6725,23,디망쉬 팝업 - 종로 팝업 | 팝가 Popga,20260429,20260714
/popup/3697,603,전국 토마토 물산전 팝업 | 팝가 POPGA,20250820,20260714
/popup/7456,24,라이프밀 팝업 - 목동 팝업 | 팝가 Popga,20260609,20260714
/popup/1506,88,데이지크 X 올리브영 팝업 | 팝가 POPGA,20250102,20260714
/popup/4217,257,차앤박 X 아따맘마 팝업 | 팝가 Popga,20251003,20260714
/popup/2693,319,스텔라이브 팝업 | 팝가 POPGA,20250507,20260714
/popup/2289,87,투(TW) 팝업 | 팝가 POPGA,20250319,20260714
/popup/3591,249,안녕 무슈샤 전시 - HELLO M.Chat | 팝가 POPGA,20250808,20260714
/popup/292,64,우와한 Life’s Good 연구소 팝업 - LG Labs 팝업 | 팝가 Popga,20240814,20260714
/popup/4869,801,데일리위클리 팝업 - JUST DAILY MAKE-UP - 성수 팝업 | 팝가 Popga,20251202,20260714
/popup/5178,353,빵고미 팝업 - 잠실 팝업 | 팝가 Popga,20251231,20260714
/popup/5364,121,히히네키친 팝업 - 용산 팝업 | 팝가 Popga,20260121,20260714
/popup/5030,71,투머치택스 팝업 - 여의도 팝업 | 팝가 Popga,20251217,20260714
/popup/4930,66,셋업이엑스이 팝업 - 여의도 팝업 | 팝가 Popga,20251208,20260714
/popup/7129,63,와이오와이 팝업 - 여의도 팝업 | 팝가 Popga,20260520,20260714
/popup/4903,238,팝가스토어 용산점 - 용산 팝업 | 팝가 Popga,20251204,20260714
/popup/5844,205,조셉앤스테이시 X 몬치치 팝업 - 강남 팝업 | 팝가 Popga,20260311,20260714
/popup/7354,38,젠틀맨즈하우스 플리마켓 - 연희유원지 - 연희 팝업 | 팝가 Popga,20260602,20260714
/popup/5567,33,어고 팝업 - 대구 - 대구 팝업 | 팝가 Popga,20260209,20260714
/popup/3616,23,윗아웃비자 팝업 - 윗아웃비자 팝업 팝업 | 팝가 Popga,20250812,20260714
/popup/159,68,LEAD VAULT 팝업 - leadvault 팝업 | 팝가 Popga,20240806,20260714
/popup/3885,37,펄룩 X 리리엣 팝업 - TIGAA | 팝가 POPGA,20250904,20260714
/popup/6864,89,리락쿠마 팝업 - 창원 팝업 | 팝가 Popga,20260430,20260714
/popup/537,104,퓨어포레 잠실 롯데월드몰 팝업 - PURE FORET 팝업 | 팝가 Popga,20240914,20260714
/popup/3086,165,이구홈 성수 오픈 이벤트 | 팝가 POPGA,20250620,20260714
/popup/5867,133,붉은사막 팝업 - 용산 팝업 | 팝가 Popga,20260313,20260714
/popup/3452,319,슈가슈가룬 콜라보 카페 | 팝가 POPGA,20250731,20260714
/popup/5363,210,셀크네 팝업 - 강남 팝업 | 팝가 Popga,20260120,20260714
/popup/4274,618,바이탈뷰티 팝업 | 팝가 Popga,20251013,20260714
/popup/3533,121,돈돈즈 팝업 | 팝가 POPGA,20250805,20260714
/popup/4090,549,엔트로피 팝업 | 팝가 POPGA,20250923,20260714
/popup/7062,45,마리끌레르 팝업 - 잠실 팝업 | 팝가 Popga,20260515,20260714
/popup/1135,181,취요남 X 남영탉 닭다리 팝업 | 팝가 POPGA,20241122,20260714
/popup/2868,128,잇츠쿨띵 팝업 | 팝가 POPGA,20250528,20260714
/popup/2727,412,댄꼼마 팝업 | 팝가 POPGA,20250512,20260714
/popup/5005,69,득댐그래놀라바 팝업 - 판교 팝업 | 팝가 Popga,20251215,20260714
/popup/4421,1137,29 스위트 하우스 팝업 | 팝가 Popga,20251024,20260714
/popup/6899,199,비나이다 팝업 - 판교 팝업 | 팝가 Popga,20260505,20260714
/popup/3870,1228,투쿨포스쿨 in 트렌드팟 바이 올리브영 성수 | 팝가 POPGA,20250904,20260714
/popup/2966,98,당근 X 파자마델리 플리마켓 팝업 | 팝가 POPGA,20250611,20260714
/popup/4153,246,찌랭이&찰스 X 모리보리 팝업 - 베이킹 타임 | 팝가 Popga,20250930,20260714
/popup/2443,212,이너프원 팝업 | 팝가 POPGA,20250407,20260714
/popup/3907,73,"메종 마르지엘라 전시 - 다른 곳, 레마, 열린 몸통 | 팝가 POPGA",20250908,20260714
/popup/5149,190,웰247 팝업 - 여의도 팝업 | 팝가 Popga,20251229,20260714
/popup/1401,112,밀크하우스캔들 팝업 | 팝가 POPGA,20241218,20260714
/popup/5220,154,나스 팝업 - 강남 팝업 | 팝가 Popga,20260107,20260714
/popup/7312,75,클라우드 크러시 팝업 - 잠실 팝업 | 팝가 Popga,20260531,20260714
/popup/4718,1026,낫띵베럴 팝업 - 성수 팝업 | 팝가 Popga,20251120,20260714
/popup/4639,196,조셉앤스테이시 X 산리오캐릭터즈 팝업 - 여의도 팝업 | 팝가 Popga,20251112,20260714
/popup/1833,83,쿠오교토 팝업 | 팝가 POPGA,20250211,20260714
/popup/5680,138,애플우드 팝업 - 부산 - 부산 팝업 | 팝가 Popga,20260223,20260714
/popup/5796,102,조앤프렌즈 팝업 - 명동 - 명동 팝업 | 팝가 Popga,20260306,20260714
/popup/1520,165,유령의 속삭임 전시 | 팝가 POPGA,20250103,20260714
/popup/4360,112,포크라노스 10주년 팝업 - play poclanos | 팝가 Popga,20251021,20260714
/popup/3042,39,솔티페블 팝업 | 팝가 POPGA,20250616,20260714
/popup/5745,41,빤쮸토끼 팝업 - 부산 - 부산 팝업 | 팝가 Popga,20260301,20260714
/popup/4738,69,벨라블랙 팝업 - 성수 팝업 | 팝가 Popga,20251121,20260714
/popup/3956,116,LG 콜랩샵 팝업 - LG 콜랩샵 팝업 팝업 | 팝가 Popga,20250911,20260714
/popup/3211,734,올리브영 X 산리오캐릭터즈 팝업 - 성수 | 팝가 POPGA,20250703,20260714
/popup/1137,46,리멤버 팝업 | 팝가 POPGA,20241122,20260714
/popup/7184,18,마블 X 디즈니 페스티벌 팝업 - 광명 팝업 | 팝가 Popga,20260523,20260714
/popup/4233,112,만듀듀 팝업 | 팝가 Popga,20251005,20260714
/popup/2870,464,퓌 팝업 | 팝가 POPGA,20250528,20260714
/popup/4091,84,Soft Life Glide 팝업 - Soft Life Glide 팝업 팝업 | 팝가 Popga,20250923,20260714
/popup/767,173,누룽집 팝업 | 팝가 POPGA,20241011,20260714
/popup/407,30,처음처럼 X KRUSH 소맥포차 팝업 | 팝가 POPGA,20240830,20260714
/popup/4022,556,온누리상품권 팝업 - 대한민국 행복충전소 | 팝가 POPGA,20250916,20260714
/popup/4124,99,던던 동대문점 1주년 이벤트 | 팝가 POPGA,20250925,20260714
/popup/3716,85,고메잇강남 페스티벌 | 팝가 POPGA,20250821,20260714
/popup/4459,1343,젤리캣 팝업 - 성수 팝업 | 팝가 Popga,20251029,20260714
/popup/2814,310,아도르 성수 플래그십 스토어 이벤트 | 팝가 POPGA,20250521,20260714
/popup/4156,211,당고네 팝업 | 팝가 Popga,20250930,20260714
/popup/4592,103,알렉스 조노 팝업 - 성수 팝업 | 팝가 Popga,20251107,20260714
/popup/6071,102,쏘쏘스튜디오 팝업 - 홍대 팝업 | 팝가 Popga,20260330,20260714
/popup/6479,295,버터베어 팝업 - 강남 팝업 | 팝가 Popga,20260421,20260714
/popup/7059,61,연화사 부처님 생신카페 - 동대문 팝업 | 팝가 Popga,20260515,20260714
/popup/7607,201,글로벌 축제 팝업 - Global K-Festival Pop-up in 명동 - 명동 팝업 | 팝가 Popga,20260618,20260714
/popup/6368,264,니디 걸 오버도즈 콜라보 카페 - 건대입구 팝업 | 팝가 Popga,20260421,20260714
/popup/4477,100,위픽 팝업 | 팝가 Popga,20251030,20260714
/popup/7276,95,뮤즈아우라 팝업 - 신촌 팝업 | 팝가 Popga,20260528,20260714
/popup/1586,85,메종 마르지엘라 퍼퓸 팝업 - 메종 마르지엘라 팝업 | 팝가 Popga,20250110,20260714
/popup/149,1,팝업스토어 상세 정보 | 팝가 Popga,20260714,20260714
/popup/6667,25,조 말론 런던 팝업 - 인천 팝업 | 팝가 Popga,20260428,20260714
/popup/3493,120,뉴캐슬 유나이티드 팝업 | 팝가 POPGA,20250801,20260714
/popup/7182,21,에센허브 x 뷰티전쟁 팝업 - 강남 팝업 | 팝가 Popga,20260522,20260714
/popup/3114,168,발렌티노 팝업 | 팝가 POPGA,20250623,20260714
/popup/2072,160,시세이도 얼티뮨 저속노화 라운지 팝업 | 팝가 POPGA,20250304,20260714
/popup/2788,203,칼 라거펠트 팝업 | 팝가 POPGA,20250519,20260714
/popup/5349,213,왓플 팝업 - 잠실 팝업 | 팝가 Popga,20260119,20260714
/popup/3935,73,타월로지스트 팝업 | 팝가 POPGA,20250909,20260714
/popup/4452,1054,프라포투투 팝업 - 성수 팝업 | 팝가 Popga,20251028,20260714
/popup/2965,96,뽀이스튜디오 팝업 | 팝가 POPGA,20250611,20260714
/popup/2474,976,칠성사이다 740 팝업 | 팝가 POPGA,20250409,20260714
/popup/4008,37,메터 팝업 | 팝가 POPGA,20250916,20260714
/popup/5056,832,아니메쥬와 지브리전 X 팝퍼블 콜라보 카페 - 용산 팝업 | 팝가 Popga,20251219,20260714
/popup/5701,185,NCT DREAM 팝업 - SWEET Dreamiez - 홍대 팝업 | 팝가 Popga,20260225,20260714
/popup/2632,185,바늘이야기 팝업 | 팝가 POPGA,20250429,20260714
/popup/7599,265,온앤오프 X 올리브영 이벤트 @성수 - 성수 팝업 | 팝가 Popga,20260618,20260714
/popup/876,21,퐁당패밀리 신도림 팝업 | 팝가 POPGA,20241024,20260714
/popup/5643,159,허그유어스킨 팝업 - 잠실 팝업 | 팝가 Popga,20260219,20260714
/popup/6718,92,비피블랑쉬 팝업 - 여의도 팝업 | 팝가 Popga,20260429,20260714
/popup/2873,265,비긴스 바이 정샘물 X 정샘물 키즈 팝업 | 팝가 POPGA,20250529,20260714
/popup/2735,111,슈퍼너츠 팝업 - 연남 | 팝가 POPGA,20250512,20260714
/popup/3088,281,바스켓 성수 팝업 | 팝가 POPGA,20250620,20260714
/popup/3084,197,베리시 팝업 - 하남 - 베리시 팝업 | 팝가 Popga,20250619,20260714
/popup/3355,112,스톤헨지 팝업 | 팝가 POPGA,20250723,20260714
/popup/5898,51,몽클로스 팝업 - 홍대 팝업 | 팝가 Popga,20260316,20260714
/popup/5534,47,로와이드 팝업 - 잠실 팝업 | 팝가 Popga,20260205,20260714
/popup/7539,298,JBL 팝업 - 성수 팝업 | 팝가 Popga,20260615,20260714
/popup/7320,77,웨어하우스코리아 팝업 - 홍대 팝업 | 팝가 Popga,20260601,20260714
/popup/7556,55,더포르타 팝업 - 여의도 팝업 | 팝가 Popga,20260616,20260714
/popup/2248,526,주술회전 X 애니메이트 콜라보 카페 팝업 - 잠실 | 팝가 POPGA,20250317,20260714
/popup/3770,121,KIMYO 팝업 | 팝가 POPGA,20250827,20260714
/popup/3558,119,마블 팝업 | 팝가 POPGA,20250806,20260714
/popup/sheet/6664,468,성수 팝업스토어 찾기 | 팝가,20260427,20260714
/popup/5879,31,오즈이즈 팝업 - 여의도 팝업 | 팝가 Popga,20260315,20260714
/popup/1519,111,이름 없는 감정의 산 전시 | 팝가 POPGA,20250103,20260715
/popup/1610,65,설화수 자음생 팝업 | 팝가 POPGA,20250115,20260715
/popup/2088,209,삼성생명 라이프놀로지랩 팝업 | 팝가 POPGA,20250306,20260715
/popup/1986,1488,도쿄卍리벤저스 전시 | 팝가 POPGA,20250224,20260715
/popup/4070,167,테디테일즈 팝업 - 용산 | 팝가 Popga,20250922,20260715
/popup/2077,78,클럽메드 푸켓 팝업 | 팝가 POPGA,20250305,20260715
/popup/3888,710,2025 써모스 팝업스토어 [HAPPY ROUTINE DAY] | 팝가 POPGA,20250904,20260715
/popup/4121,202,로컬담화 팝업 | 팝가 POPGA,20250925,20260715
/popup/2833,241,NU: 카니발×애니메이트 콜라보 카페 - 홍대 | 팝가 POPGA,20250523,20260715
/popup/5131,660,덴티스테 팝업 - 2026 REFRESH ROUTINE - 성수 팝업 | 팝가 Popga,20251226,20260715
/popup/4393,509,쥬베룩 팝업 - JUVE LOOK BOOK HOUSE | 팝가 Popga,20251023,20260715
/popup/4615,384,아이더 X 코스모폴리탄 팝업 @SS33 - 성수 팝업 | 팝가 Popga,20251111,20260715
/popup/5110,177,일리고 팝업 - 홍대 팝업 | 팝가 Popga,20251224,20260715
/popup/4722,162,리드볼트 팝업 - 수원 팝업 | 팝가 Popga,20251120,20260715
/popup/1828,253,고블린 웨어 팝업 | 팝가 POPGA,20250210,20260715
/popup/5339,138,씨엔블루 팝업스토어 - 씨엔블루 팝업 | 팝가 Popga,20260117,20260715
/popup/3388,246,타이파베이비 팝업 | 팝가 POPGA,20250728,20260715
/popup/4392,262,세부퍼시픽 팝업 | 팝가 Popga,20251023,20260715
/popup/4744,224,테레카 팝업 - 성수 팝업 | 팝가 Popga,20251121,20260715
/popup/5826,79,소니엔젤 팝업 - 강남 - 강남 팝업 | 팝가 Popga,20260309,20260715
/popup/6856,456,와일드 리프트 팝업 - 카이사의 피트스톱 - 잠실 팝업 | 팝가 Popga,20260430,20260715
/popup/3145,381,명탐정 코난 팝업 | 팝가 POPGA,20250626,20260715
/popup/2610,119,비터셀즈 오픈 이벤트 - 비터셀즈 팝업 | 팝가 Popga,20250428,20260715
/popup/7296,185,BTS 팝업 - ARIRANG @HYBE YONGSAN - 용산 팝업 | 팝가 Popga,20260529,20260715
/popup/7615,65,몽댕 팝업 - 분당 팝업 | 팝가 Popga,20260619,20260715
/popup/4209,48,아무로키 팝업 | 팝가 Popga,20251003,20260715
/popup/2196,68,s/e/o 에스이오 팝업 | 팝가 POPGA,20250310,20260715
/popup/2958,103,젤라또 피케 팝업 | 팝가 POPGA,20250610,20260715
/popup/5094,228,서울영화센터 팝업 전시 - 을지로 팝업 | 팝가 Popga,20251223,20260715
/popup/5527,24,클로즈유어아이즈 X 포토이즘 팝업 - 망원 팝업 | 팝가 Popga,20260204,20260715
/popup/7041,29,위스페어리 팝업 - 용산 팝업 | 팝가 Popga,20260514,20260715
/popup/6860,80,트루동 팝업 - 종로 팝업 | 팝가 Popga,20260430,20260715
/popup/2008,154,춘천감자밭 감자빵 팝업 - 춘천감자밭 팝업 | 팝가 Popga,20250225,20260715
/popup/5356,191,굿즈플래너 팝업 - 건대 팝업 | 팝가 Popga,20260120,20260715
/popup/7005,79,로지텍 팝업 - 부산 팝업 | 팝가 Popga,20260512,20260715
/popup/6659,40,쇠아 팝업 - 성수 팝업 | 팝가 Popga,20260427,20260715
/popup/3237,184,백조씽크 팝업 | 팝가 POPGA,20250707,20260715
/popup/3772,203,무신사 유즈드 플리마켓 팝업 | 팝가 POPGA,20250827,20260715
/popup/7992,138,벤튼 팝업 - 여의도 팝업 | 팝가 Popga,20260713,20260715
/popup/4561,1309,PLAVE 테라 정복 at 성수 - 성수 팝업 | 팝가 Popga,20251106,20260715
/popup/4474,148,프리미어 메이: 도쿄 브런치 팝업 | 팝가 Popga,20251029,20260715
/popup/1524,74,홀리넘버세븐 팝업 | 팝가 POPGA,20250103,20260715
/popup/6346,19,샌디버터 팝업 - 동탄 팝업 | 팝가 Popga,20260415,20260715
/popup/7595,794,마이디어 팝업 - 성수 팝업 | 팝가 Popga,20260618,20260715
/popup/7024,25,세타필 X 얼루어 무빙 팝업 - 고양 팝업 | 팝가 Popga,20260513,20260715
/popup/3528,135,여수언니 팝업 - 강남 | 팝가 POPGA,20250804,20260715
/popup/5536,328,해리포터 마호도코로 팝업 - 판교 - 판교 팝업 | 팝가 Popga,20260205,20260715
/popup/5540,35,위캔그라운드 팝업 - 강남 팝업 | 팝가 Popga,20260205,20260715
/popup/sheet/6930,1081,성수 팝업스토어 찾기 | 팝가,20260507,20260715
/popup/7397,586,듀오링고 생일카페 @홍대 - 홍대 팝업 | 팝가 Popga,20260605,20260715
/popup/2385,369,컴온스타일 쇼케이스 팝업 | 팝가 POPGA,20250331,20260715
/popup/7637,37,티켓투더문 팝업 @수원 - 수원 팝업 | 팝가 Popga,20260621,20260715
/popup/6255,216,코코라커 팝업 - 여의도 팝업 | 팝가 Popga,20260409,20260715
/popup/7250,205,2026 거북목 도서전 - 도란도란 - 홍대 팝업 | 팝가 Popga,20260527,20260715
/popup/3866,185,방울이의 타임캡슐 팝업 | 팝가 POPGA,20250903,20260715
/popup/1145,65,서울마이소울 팝업 - 서울마이소울 팝업 | 팝가 Popga,20241125,20260715
/popup/4484,2143,털뭉치 연구소 팝업 - 성수 팝업 | 팝가 Popga,20251030,20260715
/popup/3074,484,포카리스웨트 팝업 | 팝가 POPGA,20250618,20260715
/popup/1240,26,록시땅 홀리데이 팝업 - 록시땅 팝업 | 팝가 Popga,20241204,20260715
/popup/4702,1070,투에이엔 팝업 - 성수 팝업 | 팝가 Popga,20251119,20260715
/popup/6628,11,그로또 팝업 - 관악 팝업 | 팝가 Popga,20260426,20260715
/popup/4894,151,플레이31 X 플라스틱 방앗간 팝업 - 지속 가능한 놀이로 연결되는 우리 - 종로 팝업 | 팝가 Popga,20251204,20260715
/popup/4853,123,40까지 하고 싶은 10가지 일 X 그라떼 콜라보 카페 - 홍대 - 홍대 팝업 | 팝가 Popga,20251201,20260715
/popup/913,52,삼성 갤럭시 Z Fold SE 팝업 | 팝가 POPGA,20241025,20260715
/popup/7421,150,스파이더 X 시어드 이벤트 - 성수 팝업 | 팝가 Popga,20260608,20260715
/popup/3947,57,디퍼 이벤트 - SPECIAL TALK | 팝가 POPGA,20250910,20260715
/popup/3811,57,WMC 팝업 | 팝가 POPGA,20250829,20260715
/popup/5469,101,배드블러드 팝업 - 명동 팝업 | 팝가 Popga,20260130,20260715
/popup/3930,205,French Cheese 팝업 - 정통 치즈 박물관 | 팝가 POPGA,20250909,20260715
/popup/1351,36,디올 뷰티 홀리데이 팝업 - 디올 팝업 | 팝가 Popga,20241213,20260715
/popup/1754,147,Insta360 팝업 - 판교 | 팝가 POPGA,20250203,20260715
/popup/2494,632,갈더마 스킨 갤러리 팝업 | 팝가 POPGA,20250411,20260715
/popup/3623,654,조선 요괴전 팝업 | 팝가 POPGA,20250812,20260715
/popup/3659,109,민트초코월드 팝업 | 팝가 POPGA,20250818,20260715
/popup/5088,1062,넥스트 웨이브 팝업 - 성수 팝업 | 팝가 Popga,20251223,20260715
/popup/4180,58,뮤제아르 팝업 | 팝가 Popga,20251001,20260715
/popup/4538,140,아뜰리에 아키 15주년 기념전 - Here and Beyond - 성수 팝업 | 팝가 Popga,20251104,20260715
/popup/4720,245,저속노화 대잔치 팝업 - 강남 팝업 | 팝가 Popga,20251120,20260715
/popup/4719,166,폿 팝업 - 여의도 팝업 | 팝가 Popga,20251120,20260715
/popup/4375,308,라부르켓 팝업 - 성수 | 팝가 Popga,20251022,20260715
/popup/4787,444,슈링크 홈파티 팝업 - 성수 팝업 | 팝가 Popga,20251126,20260715
/popup/2847,166,세븐틴 X 비비고 팝업 - 명동 | 팝가 POPGA,20250526,20260715
/popup/6862,51,도담도담 팝업 @부산 - 부산 팝업 | 팝가 Popga,20260430,20260715
/popup/5890,59,보다나 팝업 - 여의도 팝업 | 팝가 Popga,20260316,20260715
/popup/7779,70,바리바디 팝업 - 잠실 팝업 | 팝가 Popga,20260630,20260715
/popup/7800,79,비건제이 X 비클린 팝업 - 목동 팝업 | 팝가 Popga,20260701,20260715
/popup/2433,81,휠라 언더웨어 X 발란사 팝업 | 팝가 POPGA,20250404,20260715
/popup/4803,74,KBL X 마블 팝업 - 잠실 팝업 | 팝가 Popga,20251127,20260715
/popup/6691,17,설성목장 팝업 - 강남 팝업 | 팝가 Popga,20260427,20260715
/popup/3807,68,루루서울 플리마켓 | 팝가 POPGA,20250829,20260715
/popup/6130,49,공담 팝업 - 압구정 팝업 | 팝가 Popga,20260402,20260715
/popup/7773,86,무르 팝업 - 여의도 팝업 | 팝가 Popga,20260630,20260715
/popup/6746,13,엄지네 포장마차 팝업 - 구리 팝업 | 팝가 Popga,20260430,20260715
/popup/3629,146,메리프라이데이 팝업 | 팝가 POPGA,20250813,20260715
/popup/4168,1061,3CE in 트렌드팟 바이 올리브영 성수 | 팝가 Popga,20251001,20260715
/popup/747,60,헤이딜러 내차조향소 부산 프리미엄 아울렛 팝업 | 팝가 POPGA,20241015,20260715
/popup/1781,151,"시시호시 Love, Dear 팝업 - 잠실 | 팝가 POPGA",20250205,20260715
/popup/5194,148,치이상점 팝업 - 수원 팝업 | 팝가 Popga,20260102,20260715
/popup/7154,35,앨러간 에스테틱스 팝업 카페 @명동 - 명동 팝업 | 팝가 Popga,20260521,20260715
/popup/5954,561,캘러웨이 팝업 - NOTHING BEATS THIS PARK - 강남 팝업 | 팝가 Popga,20260320,20260715
/popup/7927,124,킨포크 노츠 팝업 - 여의도 팝업 | 팝가 Popga,20260708,20260715
/popup/6890,22,스위치온 팝업 - 중구 팝업 | 팝가 Popga,20260505,20260715
/popup/7409,56,베티붑 팝업 - 영등포 팝업 | 팝가 Popga,20260606,20260715
/popup/4555,1685,캔메이크 팝업 - 성수 팝업 | 팝가 Popga,20251105,20260715
/popup/39,37,이니스프리x무신사 홍대 팝업 - 이니스프리 팝업 | 팝가 Popga,20241012,20260715
/popup/1095,56,예스아이씨 팝업 | 팝가 POPGA,20241116,20260715
/popup/6620,8,직화로 완성한 불초밥 팝업 - 전주 팝업 | 팝가 Popga,20260426,20260715
/popup/4940,296,셀핏 팝업 - 성수 팝업 | 팝가 Popga,20251209,20260715
/popup/4677,519,김치가 최고심 팝업 - 홍대 팝업 | 팝가 Popga,20251117,20260715
/popup/5336,49,컨트롤알트해피 팝업 - 용산 팝업 | 팝가 Popga,20260117,20260715
/popup/5755,87,재미우선 팝업 - 잠실 팝업 | 팝가 Popga,20260303,20260715
/popup/3543,92,PRPT(PromptSet) 전시 - VAULT SERVICE II | 팝가 POPGA,20250805,20260715
/popup/4017,409,우기 팝업 - Motivation | 팝가 POPGA,20250916,20260715
/popup/7190,56,핑 레몬타르트 이벤트 - 홍대 팝업 | 팝가 Popga,20260523,20260715
/popup/2318,320,메디큐브 X 쿠로미 팝업 | 팝가 POPGA,20250324,20260715
/popup/2571,624,휩드 마켓 팝업 | 팝가 POPGA,20250423,20260715
/popup/1992,582,해리포터 X 클리오 팝업 | 팝가 POPGA,20250224,20260715
/popup/456,38,입안 가득한 숲결 간만의 숲 팝업 | 팝가 POPGA,20240830,20260715
/popup/1732,99,이티비티샵 팝업 - 신촌 | 팝가 POPGA,20250131,20260715
/popup/2576,264,몽돌 팝업 | 팝가 POPGA,20250424,20260715
/popup/2646,249,비비앙 팝업 | 팝가 POPGA,20250430,20260715
/popup/4674,822,삼립호빵 팝업 - 성수 팝업 | 팝가 Popga,20251116,20260715
/popup/5013,795,3학년 Z반 긴파치 선생 팝업 - 홍대 팝업 | 팝가 Popga,20251216,20260715
/popup/4320,449,"청바지 팝업 - 청년이여, 이 청바지를 입어보게 | 팝가 Popga",20251016,20260715
/popup/4528,219,사브리나 카펜터 팝업 - Man’s Best Friend - 성수 팝업 | 팝가 Popga,20251104,20260715
/popup/2046,261,풋 인더스트리 팝업 - 풋 인더스트리 팝업 | 팝가 Popga,20250228,20260715
/popup/1491,175,콜렉팅룸 팝업 - 대구 팝업스토어 - 콜렉팅룸 팝업 | 팝가 Popga,20250101,20260715
/popup/4715,244,오얼모얼 콜라보 카페 - 쥬니랜드 - 홍대 팝업 | 팝가 Popga,20251119,20260715
/popup/5919,125,문화를 만드는 팬덤 팝업 전시 - 용산 팝업 | 팝가 Popga,20260317,20260715
/popup/4365,173,계란빵 클럽 팝업 | 팝가 Popga,20251021,20260715
/popup/5558,544,모브사이코100 X 모애쿠 콜라보 카페 - 신촌 팝업 | 팝가 Popga,20260209,20260715
/popup/5370,150,모로모로 팝업 - 여의도 팝업 | 팝가 Popga,20260121,20260715
/popup/3597,92,미트스팟 팝업 | 팝가 POPGA,20250811,20260715
/popup/1860,38,유어굿즈 다꾸프렌즈 팝업 | 팝가 POPGA,20250212,20260715
/popup/2302,46,에핑글러 팝업 | 팝가 POPGA,20250321,20260715
/popup/7518,385,박카스 팝업 - 지금 나를 재생 - 여의도 팝업 | 팝가 Popga,20260612,20260715
/popup/6933,65,감정가게 팝업트럭 - 홍대 팝업 | 팝가 Popga,20260508,20260715
/popup/3246,27,레페리 셀렉트스토어 팝업 - 수원 - 레페리 팝업 | 팝가 Popga,20250707,20260715
/popup/5314,173,데가제 팝업 - 압구정 팝업 | 팝가 Popga,20260115,20260715
/popup/2555,341,2025 올리브영 페스타 | 팝가 POPGA,20250421,20260715
/popup/2857,1986,달빛천사 X 팝퍼블 콜라보 카페 | 팝가 POPGA,20250527,20260715
/popup/2266,92,태그호이어 레이싱 팝업 | 팝가 POPGA,20250318,20260715
/popup/6915,133,슈가슈가룬 팝업 - 수원 팝업 | 팝가 Popga,20260506,20260715
/popup/1879,249,보다나 X 올리브영 팝업 | 팝가 POPGA,20250213,20260715
/popup/2006,83,레어01 팝업 | 팝가 POPGA,20250225,20260715
/popup/3137,438,유희왕 팝업 | 팝가 POPGA,20250625,20260715
/popup/4275,449,QWER 팝업 | 팝가 Popga,20251014,20260715
/popup/4817,107,불가리 홀리데이 디바스 드림 팝업 - 여의도 - 여의도 팝업 | 팝가 Popga,20251127,20260715
/popup/4618,215,문장 한입 상점 팝업 - 강남 팝업 | 팝가 Popga,20251111,20260715
/popup/1547,28,김씨네과일 신년 운수대통 팝업 - 수원 - 김씨네 과일 팝업 | 팝가 Popga,20250108,20260715
/popup/2429,103,세이버 스케이트보드 이벤트 | 팝가 POPGA,20250404,20260715
/popup/4716,550,하우스 오브 실라리안 팝업 - 실라리안이 사라졌다 - 성수 팝업 | 팝가 Popga,20251120,20260715
/popup/3741,381,데이식스 팝업 - Day6.zip : The Home of Our Decade | 팝가 POPGA,20250825,20260715
/popup/5720,648,디어마이리더 북페어 - 여의도 팝업 | 팝가 Popga,20260226,20260715
/popup/4780,126,사카모토데이즈 팝업 - 수원 - 수원 팝업 | 팝가 Popga,20251126,20260715
/popup/5556,39,우브에 팝업 - 여의도 팝업 | 팝가 Popga,20260206,20260715
/popup/4187,231,핑크리본 팝업 - 에스티로더 컴퍼니즈 유방암 캠페인 | 팝가 Popga,20251002,20260715
/popup/7889,63,플리즈노팔로우 팝업 - 홍대 팝업 | 팝가 Popga,20260707,20260715
/popup/1157,30,플랫츠 신세계 강남 팝업 - 플랫츠 팝업 | 팝가 Popga,20241126,20260715
/popup/1058,31,NCT DREAM 신사동 팝업 | 팝가 POPGA,20241113,20260715
/popup/140,29,마녀공장x미니언즈 팝업 - 미니언즈 팝업 | 팝가 Popga,20240801,20260715
/popup/7446,339,"ICE ON, The frozen moment in 베리시 안국 - 종로 팝업 | 팝가 Popga",20260610,20260715
/popup/1233,52,누데이크 X 제니 팝업 | 팝가 POPGA,20241202,20260715
/popup/7122,21,휴이 팝업 - 여의도 팝업 | 팝가 Popga,20260520,20260715
/popup/7567,48,땡겨요랜드 팝업 @수원 - 수원 팝업 | 팝가 Popga,20260616,20260715
/popup/5409,123,뷔 사진전 - V TYPE 非 : ON-SITE IN SEOUL - 서울 팝업 | 팝가 Popga,20260126,20260715
/popup/7742,99,스컬프터 팝업 - 성수 팝업 | 팝가 Popga,20260628,20260715
/popup/3605,142,AI포토부스 팝업 - YOU 2.0 | 팝가 POPGA,20250811,20260715
/popup/4227,1503,풀리오 X 주토피아2 팝업 | 팝가 Popga,20251005,20260715
/popup/5076,1015,티팩토리 윈터마켓 - FOR MY NEXT CHAPTER - 성수 팝업 | 팝가 Popga,20251222,20260715
/popup/4850,585,메디앤서 팝업 - 스티키 걸스 파티 - 성수 팝업 | 팝가 Popga,20251201,20260715
/popup/4887,716,ABC 마트 팝업 - 블랙ABC데이 - 성수 팝업 | 팝가 Popga,20251203,20260715
/popup/6876,283,오란고교 사교클럽 X 모애쿠 콜라보 카페 - 용산 팝업 | 팝가 Popga,20260504,20260715
/popup/7769,74,루프루프 팝업 - 강남 팝업 | 팝가 Popga,20260630,20260715
/popup/6907,149,바삭 팝업 - 잠실 팝업 | 팝가 Popga,20260506,20260715
/popup/6627,7,쉐프윤 팝업 - 중동 팝업 | 팝가 Popga,20260426,20260715
/popup/4527,86,리미 후 팝업 - 성수 팝업 | 팝가 Popga,20251104,20260715
/popup/4219,176,스터디그룹 X 투니크 콜라보 카페 | 팝가 Popga,20251004,20260715
/popup/2335,38,하우스오브비 팝업 | 팝가 POPGA,20250325,20260715
/popup/851,60,록시땅 잠실 팝업 | 팝가 POPGA,20241022,20260715
/popup/2575,310,올리브영 체력 충전소 팝업 | 팝가 POPGA,20250429,20260715
/popup/6301,52,경북 전통 장류 브랜드 GUSU 팝업 - 홍대 팝업 | 팝가 Popga,20260413,20260715
/popup/7362,13,하네루 팝업 - 서초 팝업 | 팝가 Popga,20260604,20260715
/popup/3298,349,펍지 네이션스 컵 2025 사전 팝업 이벤트 | 팝가 POPGA,20250714,20260715
/popup/3910,284,현대자동차 팝업 - 캐스퍼 취향 연구소 | 팝가 POPGA,20250908,20260715
/popup/3668,107,자아 팝업 | 팝가 POPGA,20250818,20260715
/popup/5083,251,말콤 팝업 - 성수 팝업 | 팝가 Popga,20251222,20260715
/popup/2943,99,미국대두협회 캠페인 하우스 팝업 | 팝가 POPGA,20250609,20260715
/popup/902,40,헤이딜러 내차조향소 대구 팝업 | 팝가 POPGA,20241025,20260715
/popup/6035,56,무자기 팝업 - 압구정 팝업 | 팝가 Popga,20260327,20260715
/popup/1994,114,본투비가드너 팝업 | 팝가 POPGA,20250225,20260715
/popup/7369,230,하트티라미수 X 헬로키티 팝업 - 잠실 팝업 | 팝가 Popga,20260604,20260715
/popup/1342,18,메모 파리 팝업 | 팝가 POPGA,20241212,20260715
/popup/3034,39,벨리아르 팝업 | 팝가 POPGA,20250613,20260715
/popup/960,58,PUFFER LAND 팝업 | 팝가 POPGA,20241030,20260716
/popup/144,24,"하이, 브리지톡 무근본 팝업 - 풀무원샘물 팝업 | 팝가 Popga",20240802,20260716
/popup/539,61,아이소이 장수진 수분포차 팝업 | 팝가 POPGA,20240914,20260716
/popup/1296,94,무신사 뷰티 어워즈 팝업 | 팝가 POPGA,20241209,20260716
/popup/1281,86,삭스어필 팝업 | 팝가 POPGA,20241206,20260716
/popup/875,132,힙촌일기 도농상생 안테나샵 팝업 | 팝가 POPGA,20241024,20260716
/popup/1249,219,메시 X 스탠리 팝업 | 팝가 POPGA,20241204,20260716
/popup/783,56,프리메라 팝업 | 팝가 POPGA,20241015,20260716
/popup/1632,174,GS25 X 아이긴 팝업 | 팝가 POPGA,20250116,20260716
/popup/1626,79,달바 팝업 | 팝가 POPGA,20250115,20260716
/popup/1345,65,아이레시피 X 무신사뷰티 팝업 | 팝가 POPGA,20241212,20260716
/popup/784,392,하트퍼센트 팝업 - heartpercent 팝업 | 팝가 Popga,20241015,20260716
/popup/371,115,나메코 팝업 | 팝가 POPGA,20240824,20260716
/popup/955,45,Gate S10 팝업 | 팝가 POPGA,20241031,20260716
/popup/883,373,베이비몬스터 DRIP 팝업 | 팝가 POPGA,20241024,20260716
/popup/584,55,르 샤 부뜨 팝업 | 팝가 POPGA,20240919,20260716
/popup/1419,130,젠레스 존 제로 팝업 | 팝가 POPGA,20241219,20260716
/popup/2056,184,토스 10주년 기념 <스퀘어 오브 토스> 팝업 | 팝가 POPGA,20250228,20260716
/popup/2478,1235,윈브레 X 팝퍼블 콜라보 카페 - 용산 | 팝가 POPGA,20250410,20260716
/popup/447,68,이니스프리 레티놀 꽈배기 연구소 팝업 | 팝가 POPGA,20240830,20260716
/popup/623,89,틱톡 크리에이터 하우스 팝업 | 팝가 POPGA,20240927,20260716
/popup/2334,165,강릉 부성당 팝업 | 팝가 POPGA,20250325,20260716
/popup/242,100,베리시 FEEL Change 팝업 | 팝가 POPGA,20240806,20260716
/popup/419,54,스텔라앤츄이스 팝업 | 팝가 POPGA,20240828,20260716
/popup/237,79,팝업찾기 | POPUPNOW 팝업나우,20240808,20260716
/popup/2830,78,엠프티 베이스먼트 1주년 팝업 | 팝가 POPGA,20250523,20260716
/popup/2458,233,라카 X 시코르 런칭 이벤트 | 팝가 POPGA,20250408,20260716
/popup/3537,263,에스네이처 팝업 | 팝가 POPGA,20250805,20260716
/popup/4627,270,울릉도 팝업 - WAVE ON ULLENG - 성수 팝업 | 팝가 Popga,20251111,20260716
/popup/2241,143,비투비 캐릭터 팝업 | 팝가 POPGA,20250314,20260716
/popup/5082,596,주토피아2 팝업 | 윈터 베케이션 @ 신세계 대전 - 대전 팝업 | 팝가 Popga,20251222,20260716
/popup/4638,145,와우의 집 팝업 - HOME OF WOW - 홍대 팝업 | 팝가 Popga,20251112,20260716
/popup/5267,843,딥퍼랑스 팝업 - 성수 팝업 | 팝가 Popga,20260112,20260716
/popup/5456,824,스머커스 X 따우전드 팝업 - 성수 팝업 | 팝가 Popga,20260129,20260716
/popup/1114,173,무신사 스토어 성수 노스페이스 눕시 팝업 | 팝가 POPGA,20241119,20260716
/popup/5227,441,FIFA 월드컵 트로피 투어 - 용산 팝업 | 팝가 Popga,20260108,20260716
/popup/5223,210,박뚜기 소금빵 팝업 - 잠실 팝업 | 팝가 Popga,20260107,20260716
/popup/4999,485,박뚜기 소금빵 팝업 - 판교 팝업 | 팝가 Popga,20251126,20260716
/popup/5184,88,세이마이네임 팝업 - &Our Vibe - 여의도 팝업 | 팝가 Popga,20260102,20260716
/popup/363,30,펠른 PERLEN 팝업 - 펠른 팝업 | 팝가 Popga,20240822,20260716
/popup/6100,161,2026 드링크서울 팝업 - 삼성 팝업 | 팝가 Popga,20260331,20260716
/popup/7656,78,오덴세 Ⅹ KBO 팝업 - 대전 팝업 | 팝가 Popga,20260622,20260716
/popup/5838,62,로라로라 팝업 - 명동 팝업 | 팝가 Popga,20260310,20260716
/popup/7174,92,무유무유 팝업 - 강남 팝업 | 팝가 Popga,20260522,20260716
/popup/546,56,EQL GROVE X 머렐 팝업 | 팝가 POPGA,20240913,20260716
/popup/67,35,피클스 더 프로그 팝업 - 피클스더프로그 팝업 | 팝가 Popga,20240801,20260716
/popup/1052,55,시크릿 에이전트: 숨겨진 유산 팝업 | 팝가 POPGA,20241111,20260716
/popup/466,54,네이버 커넥트재단 팝업 - 네이버 팝업 | 팝가 Popga,20240903,20260716
/popup/1317,43,현대카드 바이닐 & 플라스틱 팝업 | 팝가 POPGA,20241210,20260716
/popup/6838,13,플리츠미 팝업 - 광주 팝업 | 팝가 Popga,20260429,20260716
/popup/1363,27,세이브더칠드런 전시 | 팝가 POPGA,20241213,20260716
/popup/311,72,마리아병원 X 하모니랩 팝업 - 마리아병원 팝업 | 팝가 Popga,20240814,20260716
/popup/1758,47,콰지퓨리티 X sari sari 팝업 | 팝가 POPGA,20250204,20260716
/popup/1044,21,리플래닛 팝업 | 팝가 POPGA,20241108,20260716
/popup/5248,77,바디프랜드 팝업 - 건강 수명 충전소 - 강남 팝업 | 팝가 Popga,20260108,20260716
/popup/951,44,19크라임스 X GS25 팝업 | 팝가 POPGA,20241031,20260716
/popup/366,30,MUSINSA EMPTY X 주재범 '드래곤 트레저' 팝업 - 주재범 팝업 | 팝가 Popga,20240820,20260716
/popup/241,81,팝업찾기 | POPUPNOW 팝업나우,20240806,20260716
/popup/1081,60,경기 골목 팝업 - 경기 사진관 팝업 | 팝가 Popga,20241114,20260716
/popup/1607,96,패션 콤비니 팝업 - 패션 콤비니 팝업 | 팝가 Popga,20250113,20260716
/popup/1891,44,시스티나 팝업 - 대구 - 시스티나 팝업 | 팝가 Popga,20250215,20260716
/popup/18,26,바이오가이아 팝업 - 바이오가이아 팝업 | 팝가 Popga,20240803,20260716
/popup/568,52,마르헨제이 X 디즈니 팝업 | 팝가 POPGA,20240913,20260716
/popup/7183,28,던전앤파이터 in 플레이엑스포 - 일산 팝업 | 팝가 Popga,20260522,20260716
/popup/1413,23,어니스트밀 팝업 | 팝가 POPGA,20241219,20260716
/popup/713,23,바이리즌 팝업 | 팝가 POPGA,20241003,20260716
/popup/6586,20,프로-스펙스 팝업 - 종로 팝업 | 팝가 Popga,20260424,20260716
/popup/3880,95,베리시 팝업 | 팝가 POPGA,20250904,20260716
/popup/1074,76,다마고치 팝업스토어 | 팝가 POPGA,20241114,20260716
/popup/442,17,서울쇼룸 <아트업 서울쇼룸> 팝업 - 서울쇼룸 팝업 | 팝가 Popga,20240830,20260716
/popup/3788,56,모어 팝업 - 모어 팝업 팝업 | 팝가 Popga,20250828,20260716
/popup/6889,93,유니클로 UT 갤러리 - 여의도 팝업 | 팝가 Popga,20260505,20260716
/popup/959,44,얼터레인 팝업 | 팝가 POPGA,20241030,20260716
/popup/1357,77,삼쩜삼 모두의 연말정산 팝업 | 팝가 POPGA,20241213,20260716
/popup/2811,297,토스증권 INVESTORS 25 | 팝가 POPGA,20250521,20260716
/popup/1802,183,호카 본디 9 팝업 | 팝가 POPGA,20250207,20260716
/popup/1176,98,딥티크 홀리데이 팝업 | 팝가 POPGA,20241129,20260716
/popup/1326,155,무신사 Year End Sale 팝업 | 팝가 POPGA,20241211,20260716
/popup/1191,57,따끈따끈 한 겨울 빵 축제 | 팝가 POPGA,20241129,20260716
/popup/949,154,취 팝업 | 팝가 POPGA,20241030,20260716
/popup/654,68,한돈데이 팝업 | 팝가 POPGA,20240926,20260716
/popup/14,27,에스네이처 팝업 - 에스네이쳐 팝업 | 팝가 Popga,20240801,20260716
/popup/1404,88,무신사 홀리데이 기프트 샵 팝업 | 팝가 POPGA,20241218,20260716
/popup/1882,116,디드 팝업 | 팝가 POPGA,20250214,20260716
/popup/5258,184,디어스킨 팝업 - 시어버터 라운지 - 강남 팝업 | 팝가 Popga,20260110,20260716
/popup/246,25,해피키티하우스 팝업 | POPUPNOW 팝업나우,20240808,20260716
/popup/513,142,오프닝프로젝트 팝업 | 팝가 POPGA,20240906,20260716
/popup/5447,73,내셔널지오그래픽 팝업 - 명동 팝업 | 팝가 Popga,20260128,20260716
/popup/1641,99,윤서울안경 팝업 - 윤 팝업 팝업 | 팝가 Popga,20250116,20260716
/popup/957,123,문학동네 X 포인트 오브 뷰 팝업 | 팝가 POPGA,20241031,20260716
/popup/5834,56,오미 팝업 - 여의도 팝업 | 팝가 Popga,20260310,20260716
/popup/6583,30,클라우드 크러시 팝업 - 귀리맥주유랑단 @잠실 - 잠실 팝업 | 팝가 Popga,20260424,20260716
/popup/5279,212,찾아가는미니북전 2026 - 취향의 섬 - 종로 팝업 | 팝가 Popga,20260113,20260716
/popup/1270,45,캐나다구스 팝업 | 팝가 POPGA,20241207,20260716
/popup/3241,255,TWB 팝업 | 팝가 POPGA,20250707,20260716
/popup/4200,134,아오키 치이상점 팝업 | 팝가 Popga,20251002,20260716
/popup/798,29,LEDOME SEOUL 팝업 | 팝가 POPGA,20241017,20260716
/popup/90,136,"소소히히 이번 여름에, 나랑 다꾸할래? (성수) 팝업 - 소소히히 팝업 | 팝가 Popga",20240818,20260716
/popup/958,93,AOZ 팝업 | 팝가 POPGA,20241030,20260716
/popup/2898,272,나폴레옹과자점 팝업 | 팝가 POPGA,20250602,20260716
/popup/1149,43,플랫츠 성수 팝업 | 팝가 POPGA,20241126,20260716
/popup/1110,50,무진장 아울렛 성수 스퀘어 팝업 | 팝가 POPGA,20241119,20260716
/popup/1184,63,노빅딜 팝업 | 팝가 POPGA,20241129,20260716
/popup/908,60,프리츠한센 X 프라그먼트 디자인 팝업 | 팝가 POPGA,20241025,20260716
/popup/1043,29,아카이브 앱크 팝업 | 팝가 POPGA,20241108,20260716
/popup/1130,158,리튼 팝업 | 팝가 POPGA,20241121,20260716
/popup/299,129,팝업찾기 | POPUPNOW 팝업나우,20240814,20260716
/popup/732,547,타이레놀 팝업 | 팝가 POPGA,20241008,20260716
/popup/597,91,스컬프터 팝업 | 팝가 POPGA,20240919,20260716
/popup/1711,289,더나인몰 X 쿠키런: 킹덤 팝업 | 팝가 POPGA,20250123,20260716
/popup/1089,93,우체국 산타의 소원 상점 팝업 | 팝가 POPGA,20241115,20260716
/popup/1436,387,도어투성수 X 오징어게임2 팝업 | 팝가 POPGA,20241220,20260716
/popup/1192,87,킷캣하우스 팝업 - 킷캣 팝업 | 팝가 Popga,20241129,20260716
/popup/3932,445,수키도키 팝업 - 쥐순공방 | 팝가 POPGA,20250909,20260716
/popup/2948,328,프린트베이커리 팝업 | 팝가 POPGA,20250610,20260716
/popup/3329,159,사운드오브선라이즈 팝업 | 팝가 POPGA,20250718,20260716
/popup/4548,503,아이더 X 코스모폴리탄 팝업 @쎈느 - 성수 팝업 | 팝가 Popga,20251105,20260716
/popup/4079,93,시시호시 팝업 - 키네틱 그라운드 | 팝가 POPGA,20250922,20260716
/popup/4357,3335,츄토피아 : 츄파춥스 & 멘토스 팝업 | 팝가 Popga,20251020,20260716
/popup/971,51,민더리 24WINTER 팝업 | 팝가 POPGA,20241101,20260716
/popup/5854,97,미세키서울 팝업 - 잠실 팝업 | 팝가 Popga,20260311,20260716
/popup/sheet/5249,68,애니/캐릭터 팝업스토어 찾기 | 팝가,20260223,20260716
/popup/5889,123,이모나리 팝업 - 용산 팝업 | 팝가 Popga,20260315,20260716
/popup/5575,89,위드썸 팝업 - 김포 - 김포 팝업 | 팝가 Popga,20260210,20260716
/popup/6757,33,캐릭터라인 팝업 @대전 - 대전 팝업 | 팝가 Popga,20260430,20260716
/popup/7343,27,아베다 팝업 - 판교 팝업 | 팝가 Popga,20260602,20260716
/popup/197,33,수푸이 팝업 - 수푸이 팝업 | 팝가 Popga,20240801,20260716
/popup/749,83,용가리가 사라졌다 팝업 | 팝가 POPGA,20241010,20260716
/popup/931,43,리얼베리어 팝업 | 팝가 POPGA,20241028,20260716
/popup/873,26,UMARMUNG 팝업 | 팝가 POPGA,20241023,20260716
/popup/1415,32,버뮬라 팝업 | 팝가 POPGA,20241219,20260716
/popup/5789,178,비더비 뷰티 기획전 - Beauty For All - 동대문 팝업 | 팝가 Popga,20260305,20260716
/popup/143,25,팝업찾기 | POPUPNOW 팝업나우,20240802,20260716
/popup/962,75,인생네컷 사:계 팝업 | 팝가 POPGA,20241031,20260716
/popup/5988,108,리핏 팝업 - 여의도 팝업 | 팝가 Popga,20260324,20260716
/popup/4458,132,2025 광주 빵 페스타 - 광주 | 팝가 Popga,20251028,20260716
/popup/7215,41,TITNX 런칭 팝업 - 종로 팝업 | 팝가 Popga,20260526,20260716
/popup/454,47,더프리뷰 성수 팝업 - 더프리뷰 성수 팝업 | 팝가 Popga,20240830,20260716
/popup/177,59,장인성의 말랑한 오피스 - 장인성 팝업 | 팝가 Popga,20240801,20260716
/popup/1047,50,비뮤즈맨션 팝업 | 팝가 POPGA,20241111,20260716
/popup/364,227,구미래 플리마켓 야시장 팝업 - 구미래 팝업 | 팝가 Popga,20240820,20260716
/popup/284,263,XYZ STORE 팝업 | 팝가 POPGA,20240809,20260716
/popup/5338,320,하감자 수퍼마켙 팝업 - 용산 팝업 | 팝가 Popga,20260117,20260716
/popup/398,36,애플TV+ 파친코 팝업 - Apple TV 팝업 | 팝가 Popga,20240826,20260716
/popup/1236,122,마리떼 팝업 | 팝가 POPGA,20241203,20260716
/popup/1187,110,고요이 팝업 - 고요이 팝업 | 팝가 Popga,20241129,20260716
/popup/1587,47,입생로랑 뷰티 메이크업 쇼 이벤트 - 입생로랑 뷰티 팝업 | 팝가 Popga,20250110,20260716
/popup/7950,32,레호우먼 팝업 - 강남 팝업 | 팝가 Popga,20260710,20260716
/popup/480,24,쿤타치 팝업 - 쿤타치 팝업 | 팝가 Popga,20240904,20260716
/popup/103,25,더티스 팝업 - 더티스 팝업 | 팝가 Popga,20240801,20260716
/popup/869,125,뉴:홈 팝업 | 팝가 POPGA,20241023,20260716
/popup/3607,105,브론즈윅 팝업 - 수원 - 브론즈윅 팝업 팝업 | 팝가 Popga,20250811,20260716
/popup/5213,1624,메이드바이 행운맨숀 팝업 - 성수 - 성수 팝업 | 팝가 Popga,20260106,20260716
/popup/697,44,taag X domitory city 팝업 | 팝가 POPGA,20240928,20260716
/popup/479,201,온초점 두바이 초콜릿 성수 팝업 | 팝가 POPGA,20240904,20260716
/popup/528,42,2024 월드 웹툰 페스티벌 | 팝가 POPGA,20240926,20260716
/popup/7466,208,이이이알알알 팝업 - 여의도 팝업 | 팝가 Popga,20260610,20260716
/popup/3396,80,도로시와 팝업 | 팝가 POPGA,20250728,20260716
/popup/199,51,팝업찾기 | POPUPNOW 팝업나우,20240801,20260716
/popup/3917,409,펍지 X 지드래곤 팝업 | 팝가 POPGA,20250908,20260716
/popup/4582,85,0104 X 유심 팝업 - 성수 팝업 | 팝가 Popga,20251107,20260716
/popup/870,54,HERNO 팝업 | 팝가 POPGA,20241023,20260716
/popup/3454,358,메디힐 X 플레이브 팝업 | 팝가 POPGA,20250731,20260716
/popup/1892,79,잇더즌매터 팝업 - 대구 | 팝가 POPGA,20250214,20260716
/popup/3661,102,도우하우스 파작 팝업 - 도우하우스 파작 팝업 팝업 | 팝가 Popga,20250818,20260716
/popup/903,47,템츠 팝업 | 팝가 POPGA,20241025,20260716
/popup/3236,355,티퍼런스 미니팝업 | 팝가 POPGA,20250707,20260716
/popup/6873,36,글입다 팝업 - 부산 팝업 | 팝가 Popga,20260504,20260716
/popup/877,57,블루아워 팝업 | 팝가 POPGA,20241024,20260716
/popup/5395,123,풀리오 팝업 - 강남 - 강남 팝업 | 팝가 Popga,20260124,20260716
/popup/868,88,Juun.J.Monster 팝업 - 준지 몬스터 팝업 | 팝가 Popga,20241023,20260716
/popup/7560,36,시오팡야 팝업 - 미아 팝업 | 팝가 Popga,20260616,20260716
/popup/1411,198,슈퍼스타 10주년 기념 팝업 - 슈퍼스타 팝업 | 팝가 Popga,20241219,20260716
/popup/5433,407,GMC 팝업 - 성수 팝업 | 팝가 Popga,20260127,20260716
/popup/4877,1325,핑구 X 탱그 팝업 - 여의도 팝업 | 팝가 Popga,20251203,20260716
/popup/1412,82,레드하트데이 팝업 - 레드하트데이 팝업 | 팝가 Popga,20241219,20260716
/popup/1713,286,큐브 팝업 | 팝가 POPGA,20250123,20260716
/popup/5407,1128,데저트젬스 팝업 - 성수 팝업 | 팝가 Popga,20260126,20260716
/popup/1265,49,당근알바 X 무신사 팝업 | 팝가 POPGA,20241205,20260716
/popup/4895,112,쥬라기 공원 TCG 팝업 - 용산 팝업 | 팝가 Popga,20251204,20260716
/popup/1024,41,골드윈 서울 팝업 | 팝가 POPGA,20241107,20260716
/popup/541,101,레 제썽스 드 딥티크 팝업 | 팝가 POPGA,20240913,20260716
/popup/499,212,어뮤즈 X 헬로키티 팝업 | 팝가 POPGA,20240910,20260716
/popup/1283,22,졸리레이드 팝업 | 팝가 POPGA,20241207,20260716
/popup/1431,35,외:로움이의 집 팝업 | 팝가 POPGA,20241220,20260716
/popup/2081,128,수키도키 X 디아리움 팝업 | 팝가 POPGA,20250305,20260716
/popup/540,34,청도 트래블마켓 팝업 | 팝가 POPGA,20240913,20260716
/popup/1300,52,홀리데이 마켓 팝업 | 팝가 POPGA,20241209,20260716
/popup/7816,185,K-Blossom 팝업 - 여의도 팝업 | 팝가 Popga,20260702,20260716
/popup/1087,105,모아나 2 바다 저 너머로 팝업 | 팝가 POPGA,20241115,20260716
/popup/305,61,수리의 비밀연구실 by. 춘천 술 페스타 팝업 - 수리 팝업 | 팝가 Popga,20240818,20260716
/popup/4767,154,형의 오메가 X 투니크 콜라보 카페 - 홍대 팝업 | 팝가 Popga,20251125,20260716
/popup/5772,45,봄날엔 팝업 - 부산 - 부산 팝업 | 팝가 Popga,20260304,20260716
/popup/728,75,리아‘s 버거 아트 뮤지엄 팝업 | 팝가 POPGA,20241007,20260716
/popup/2713,136,꿀꺽스틱 팝업 | 팝가 POPGA,20250508,20260716
/popup/1751,259,포곤빌리지 팝업 | 팝가 POPGA,20250203,20260716
/popup/863,109,스와로브스키 팝업 | 팝가 POPGA,20241023,20260716
/popup/1723,116,제너럴아이디어 팝업 | 팝가 POPGA,20250130,20260716
/popup/635,64,줄리엣 헤즈 어 건 팝업 - 줄리엣 헤즈 어 건 팝업 | 팝가 Popga,20240926,20260716
/popup/2838,258,25SS 브랜드 연합 팝업 | 팝가 POPGA,20250523,20260716
/popup/3035,164,레이지스튜디오 팝업 | 팝가 POPGA,20250613,20260716
/popup/1309,204,모푸샌드 팝업 - 모푸샌드 팝업 | 팝가 Popga,20241210,20260716
/popup/794,177,퍼시스 <Real ME@office> 팝업 | 팝가 POPGA,20241017,20260716
/popup/273,225,뽀짝마을 일러스트페어 팝업 | 팝가 POPGA,20240808,20260716
/popup/1693,74,마린세르 X 레페토 팝업 | 팝가 POPGA,20250122,20260716
/popup/261,538,성수연방 무유무유 팝업 | 팝가 POPGA,20240809,20260716
/popup/1702,32,멸종위기 야생생물 전시 | 팝가 POPGA,20250123,20260716
/popup/3310,154,에트레베이크하우스 팝업 | 팝가 POPGA,20250716,20260716
/popup/1242,43,섬띵편의점 팝업 | 팝가 POPGA,20241203,20260716
/popup/1688,91,꼬치의 달인 팝업 | 팝가 POPGA,20250122,20260716
/popup/3144,187,게스 X 엔믹스 팝업 | 팝가 POPGA,20250626,20260716
/popup/1435,68,잠산 X 에필로그 팝업 | 팝가 POPGA,20241220,20260716
/popup/5230,740,알파드라이브원 with 브링그린 팝업 @트렌드팟 바이 올리브영 성수 - 성수 팝업 | 팝가 Popga,20260107,20260716
/popup/5305,1490,펍지 성수 윈터스쿨 - 성수 팝업 | 팝가 Popga,20260114,20260716
/popup/7270,97,펠리칸솝 X 클럽 팝업 - 여의도 팝업 | 팝가 Popga,20260528,20260716
/popup/5111,120,배꽃 피는 사랑 X 투니크 콜라보 카페 - 홍대 팝업 | 팝가 Popga,20251224,20260716
/popup/6253,132,방과후 태리쌤 팝업 - 여의도 팝업 | 팝가 Popga,20260409,20260716
/popup/1297,73,카카오뱅크 모임통장 팝업 | 팝가 POPGA,20241209,20260716
/popup/1294,127,솔리튜드 팝업 | 팝가 POPGA,20241209,20260716
/popup/1011,33,온 팝업 | 팝가 POPGA,20241106,20260716
/popup/5849,402,카카오프렌즈 X 춘수산 이벤트 - 홍대 팝업 | 팝가 Popga,20260311,20260716
/popup/1289,89,글루타넥스 팝업 | 팝가 POPGA,20241206,20260716
/popup/694,24,유어스 미니어처 사진전 팝업 | 팝가 POPGA,20240928,20260716
/popup/965,48,지저스 크라이스트 수퍼스타 팝업 | 팝가 POPGA,20241031,20260716
/popup/1729,50,오르카홈 팝업 | 팝가 POPGA,20250131,20260716
/popup/1282,36,크리스마스 번개 플리마켓 | 팝가 POPGA,20241206,20260716
/popup/1298,80,스트로베리필즈 팝업 | 팝가 POPGA,20241209,20260716
/popup/6288,156,천지유광 팝업 - 잠실 팝업 | 팝가 Popga,20260413,20260716
/popup/1013,115,조선양봉 잠실 팝업 - 조선양봉 팝업 | 팝가 Popga,20241106,20260716
/popup/1288,58,베리베리뱁 팝업 | 팝가 POPGA,20241209,20260716
/popup/1621,28,데누 팝업 | 팝가 POPGA,20250114,20260716
/popup/2103,129,3월 2주차 핫한 팝업 모음 | 팝가 POPGA,20250307,20260716
/popup/661,13,FROM CAROL 팝업 - 듀엘 팝업 | 팝가 Popga,20240927,20260716
/popup/985,31,PeKO 평화의 숲 팝업 | 팝가 POPGA,20241104,20260716
/popup/5417,227,<두 개의 지도> 전시 - 성수 팝업 | 팝가 Popga,20260126,20260716
/popup/244,23,르 아르베이 팝업 - 르 아르베이 팝업 | 팝가 Popga,20240807,20260716
/popup/598,49,이머시브 인생작을 찾아서 팝업 | 팝가 POPGA,20240920,20260716
/popup/1055,27,폴라보레이션 팝업 - Polelaboration 팝업 | 팝가 Popga,20241112,20260716
/popup/4726,403,소공인&청년창업 상생페스타 in SEONGSU - 성수 팝업 | 팝가 Popga,20251120,20260716
/popup/5408,431,캄포 팝업 - 성수 팝업 | 팝가 Popga,20260126,20260716
/popup/1069,37,디자이너 아카이브 마켓 팝업 | 팝가 POPGA,20241113,20260716
/popup/240,53,팝업찾기 | POPUPNOW 팝업나우,20240814,20260716
/popup/892,26,온누리상품권 팝업 | 팝가 POPGA,20241024,20260716
/popup/205,73,취 CHI 팝업 - 취 팝업 | 팝가 Popga,20240801,20260716
/popup/658,43,아스테라시스 뷰티에이징랩 팝업 | 팝가 POPGA,20240927,20260716
/popup/5368,489,배드블러드 팝업 - 성수 - 성수 팝업 | 팝가 Popga,20260121,20260716
/popup/561,76,H.B.D KOREA 팝업 | 팝가 POPGA,20240913,20260716
/popup/4129,397,파이브바이브 팝업 | 팝가 POPGA,20250926,20260716
/popup/544,24,EQL GROVE X 호텔827 팝업 | 팝가 POPGA,20240913,20260716
/popup/776,31,Mmlg X 박연경 팝업 | 팝가 POPGA,20241015,20260716
/popup/1996,169,흑집사 -기숙학교 편 X 애니메이트 콜라보 카페 팝업 | 팝가 POPGA,20250225,20260716
/popup/3321,362,K리그 X 주토피아 팝업 | 팝가 POPGA,20250717,20260716
/popup/1056,26,ART-티끌 vol.1 HOMETOWN 팝업 | 팝가 POPGA,20241114,20260716
/popup/531,260,마루는 강쥐 기적의 별 팝업 | 팝가 POPGA,20240912,20260716
/popup/5480,940,미쟝센 in 트렌드팟 바이 올리브영 성수 - 성수 팝업 | 팝가 Popga,20260201,20260716
/popup/4292,148,스캔바이미 팝업 - 스캔바이미 팝업 팝업 | 팝가 Popga,20251014,20260716
/popup/1375,141,헌터 팝업 | 팝가 POPGA,20241216,20260716
/popup/3163,300,청와대 사랑채 로컬 여행 팝업 전시 | 팝가 POPGA,20250630,20260716
/popup/7192,12,오버그레이 팝업 - 서촌 팝업 | 팝가 Popga,20260524,20260716
/popup/5022,121,그린라이트 X 버라지 팝업 - 여의도 팝업 | 팝가 Popga,20251216,20260716
/popup/602,242,펍지 성수 2차 팝업 | 팝가 POPGA,20240920,20260716
/popup/1041,60,헤레틱 팝업 | 팝가 POPGA,20241109,20260716
/popup/1484,100,어플릭시 팝업 | 팝가 POPGA,20241227,20260716
/popup/662,50,DMO LAUNDRY 팝업 | 팝가 POPGA,20240927,20260716
/popup/589,75,라이즈 RIIZE : ON THE SING STREET 팝업 | 팝가 POPGA,20240921,20260716
/popup/1440,84,하니랜드 팝업 | 팝가 POPGA,20241223,20260716
/popup/1686,267,장인한과 팝업 - 성수 | 팝가 POPGA,20250122,20260716
/popup/1001,161,핑구 팝업 | 팝가 POPGA,20241106,20260716
/popup/1483,80,플로이드 팝업 | 팝가 POPGA,20241227,20260716
/popup/657,520,레인스 팝업 | 팝가 POPGA,20240929,20260716
/popup/1602,118,호카 본디 9 팝업 | 팝가 POPGA,20250113,20260716
/popup/2434,181,클로즈유어아이즈 X 올리브영 팝업 - 성수 | 팝가 POPGA,20250404,20260716
/popup/356,65,ADICO 팝업 | 팝가 POPGA,20240821,20260716
/popup/2282,113,슬로코스터 팝업 | 팝가 POPGA,20250319,20260716
/popup/2382,328,미세키서울 팝업 | 팝가 POPGA,20250331,20260716
/popup/1241,55,조니워커 X 오징어 게임 팝업 | 팝가 POPGA,20241203,20260716
/popup/2431,55,지오코리아 X 반네스 팝업 | 팝가 POPGA,20250404,20260716
/popup/2972,770,원피스 팝업 - 대구 | 팝가 POPGA,20250611,20260716
/popup/32,26,NCT127 팝업 - NCT127 팝업 | 팝가 Popga,20240815,20260716
/popup/4241,114,라카 팝업 - 대구 | 팝가 Popga,20251006,20260716
/popup/5299,1158,코끼리밥 캡슐토이 팝업 - 성수 팝업 | 팝가 Popga,20260114,20260716
/popup/5666,154,메이드바이 팝업 - 홍대 팝업 | 팝가 Popga,20260223,20260716
/popup/1368,113,부이 윈터 빌리지 팝업 | 팝가 POPGA,20241216,20260716
/popup/1374,128,마플샵 X 짤쓸사람 가나디 팝업 - 가나디 팝업 | 팝가 Popga,20241216,20260716
/popup/sheet/7386,193,성수 팝업스토어 찾기 | 팝가,20260605,20260716
/popup/3426,35,베르사체 팝업 - on the table | 팝가 POPGA,20250729,20260716
/popup/6196,87,셀로판 X 포지베일 팝업 - 강남 팝업 | 팝가 Popga,20260407,20260716
/popup/679,43,롱샴 팝업 | 팝가 POPGA,20240928,20260716
/popup/1045,57,빼스티벌 팝업 | 팝가 POPGA,20241108,20260716
/popup/1031,45,BEBOF X NNPCS 팝업 | 팝가 POPGA,20241108,20260716
/popup/1642,676,빈프라임 팝업 | 팝가 POPGA,20250116,20260716
/popup/1645,47,웰컴레코즈 X 포스티스 팝업 | 팝가 POPGA,20250117,20260716
/popup/1528,197,NCT ZONE 1주년 기념 팝업 | 팝가 POPGA,20250103,20260716
/popup/1441,75,tvN 홀리데이 파티 팝업 | 팝가 POPGA,20241223,20260716
/popup/1930,45,킨제네라 팝업 - 부산 | 팝가 POPGA,20250219,20260716
/popup/972,37,잭앤펄스 <Pulse-nality House> 팝업 | 팝가 POPGA,20241101,20260716
/popup/866,32,올리언스 팝업 | 팝가 POPGA,20241023,20260716
/popup/5458,99,과자아빠 팝업 - 용산 팝업 | 팝가 Popga,20260129,20260716
/popup/88,32,BARREL BLUE SWELL RESORT 팝업 - 배럴 팝업 | 팝가 Popga,20240801,20260716
/popup/478,49,마플샵 X 뚜까따 미지 팝업 | 팝가 POPGA,20240904,20260716
/popup/1680,81,프랑브아즈 팝업 - 판교 - 프랑브아즈 팝업 | 팝가 Popga,20250121,20260716
/popup/6498,20,강릉 막걸리 술빵 팝업 - 구리 팝업 | 팝가 Popga,20260421,20260716
/popup/769,61,LUNA 베이스 챔피언십 팝업 | 팝가 POPGA,20241014,20260716
/popup/179,31,취 X 무신사 뷰티 단독 선론칭 팝업 - CHI 팝업 | 팝가 Popga,20240801,20260716
/popup/717,60,로그인 포레스트 팝업 | 팝가 POPGA,20241005,20260716
/popup/2264,62,COUCH POTATO 팝업 | 팝가 POPGA,20250318,20260716
/popup/1096,21,리스타트 팝업 | 팝가 POPGA,20241116,20260716
/popup/1250,42,슈퍼바이브 팝업 | 팝가 POPGA,20241204,20260716
/popup/279,57,29CM 이구성수 서머아울렛 | POPUPNOW 팝업나우,20240808,20260716
/popup/2210,78,아이코스 팝업 | 팝가 POPGA,20250311,20260716
/popup/953,174,애즈온 팝업 | 팝가 POPGA,20241030,20260716
/popup/961,53,라익디스 팝업 | 팝가 POPGA,20241031,20260716
/popup/1275,82,나이트프루티 팝업 | 팝가 POPGA,20241205,20260716
/popup/773,93,짐빔 편식당 팝업 | 팝가 POPGA,20241014,20260716
/popup/33,52,아사히 팝업 - 아사히 팝업 | 팝가 Popga,20240912,20260716
/popup/3538,456,펍지 성수 이벤트 - SUMMER SCHOOL | 팝가 POPGA,20250805,20260716
/popup/414,83,오래오래 함께가게 팝업 | 팝가 POPGA,20240830,20260716
/popup/659,22,구빈 팝업 | 팝가 POPGA,20240927,20260716
/popup/7733,103,컨버스 팝업 @홍대 - 홍대 팝업 | 팝가 Popga,20260628,20260716
/popup/5957,112,크런틴 팝업 - 강남 팝업 | 팝가 Popga,20260320,20260716
/popup/762,101,AGE20S 성수 팝업 | 팝가 POPGA,20241011,20260716
/popup/367,56,분카샤 성수 팝업 | 팝가 POPGA,20240820,20260716
/popup/1051,81,르플랑에떼 팝업 | 팝가 POPGA,20241111,20260716
/popup/2447,484,오프사이드 팝업 | 팝가 POPGA,20250407,20260716
/popup/406,50,무신사 뷰티 페스타 팝업 | 팝업나우,20240827,20260716
/popup/1259,1325,넘버링 팝업 | 팝가 POPGA,20241204,20260716
/popup/1267,182,조말론 크리스마스 팝업 | 팝가 POPGA,20241205,20260716
/popup/914,60,티퍼런스 팝업 | 팝가 POPGA,20241026,20260716
/popup/195,56,팝업찾기 | POPUPNOW 팝업나우,20240801,20260716
/popup/696,67,톰 브라운 성수 팝업 | 팝가 POPGA,20240927,20260716
/popup/1659,41,비클린 X 티슬로 팝업 - 부천 | 팝가 POPGA,20250120,20260716
/popup/1539,178,아이소이 로즈 팝업 | 팝가 POPGA,20250106,20260716
/popup/200,350,픽사 하우스 성수 팝업 | 팝가 POPGA,20240801,20260716
/popup/3164,176,펜필드 팝업 | 팝가 POPGA,20250630,20260716
/popup/591,106,가비지타임 SCHOOL OF GARBAGE TIME 팝업 | 팝가 POPGA,20240920,20260716
/popup/178,58,오리온 더 드래프트 BEACH BAR 팝업 - 맥주 팝업 | 팝가 Popga,20240801,20260716
/popup/198,36,오르시떼/이브니에 팝업 - 오르시떼 팝업 | 팝가 Popga,20240801,20260716
/popup/2801,151,마인드풀 아트 페스티벌 | 팝가 POPGA,20250519,20260716
/popup/4284,567,엔하이픈 월드 팝업 - 인비테이션 프롬 밤피르 | 팝가 Popga,20251013,20260716
/popup/4283,183,포인티티 팝업 | 팝가 Popga,20251013,20260716
/popup/4460,490,봄툰 10주년 팝업 - HOME PARTY | 팝가 Popga,20251029,20260716
/popup/5400,1035,토리든 커넥트 성수 이벤트 - 성수 팝업 | 팝가 Popga,20260124,20260716
/popup/1042,62,파앤이스트 팝업 | 팝가 POPGA,20241108,20260716
/popup/5883,147,자이소 팝업 - 용산 팝업 | 팝가 Popga,20260315,20260716
/popup/7334,197,ZO&FRIENDS K-에디션 팝업 - 홍대 팝업 | 팝가 Popga,20260610,20260716
/popup/5918,82,모닝글로리 팝업 - 모일페 꾸꾸마켓 - 영등포 팝업 | 팝가 Popga,20260317,20260716
/popup/6336,197,NCT WISH 팝업 - 여의도 팝업 | 팝가 Popga,20260414,20260716
/popup/6852,117,베이비몬스터 팝업 @합정 - 홍대 팝업 | 팝가 Popga,20260430,20260716
/popup/1339,57,디오디너리 팝업 | 팝가 POPGA,20241212,20260716
/popup/721,40,레터프롬문 팝업 - Letter from Paris Bookstore 팝업 | 팝가 Popga,20241004,20260716
/popup/3829,40,상쾌환 X artdrunk 이벤트 - artdrunk Block Party | 팝가 POPGA,20250901,20260716
/popup/87,69,팝업찾기 | POPUPNOW 팝업나우,20240801,20260716
/popup/196,20,하이브로우 팝업 - HIBROW 팝업 | 팝가 Popga,20240801,20260716
/popup/802,22,서울 XR 페스티벌 - 서울XR페스티벌 팝업 | 팝가 Popga,20241018,20260716
/popup/1480,36,FOART 팝업 | 팝가 POPGA,20241227,20260716
/popup/753,70,양구 오감 빌리지 팝업 | 팝가 POPGA,20241011,20260716
/popup/2675,81,빅웨이브 컬렉티브 팝업 | 팝가 POPGA,20250502,20260716
/popup/2781,98,쏭크 팝업 | 팝가 POPGA,20250516,20260716
/popup/7285,15,UTA 서울 팝업 - 천호 팝업 | 팝가 Popga,20260529,20260716
/popup/6887,101,베네투스 팝업 - 판교 팝업 | 팝가 Popga,20260505,20260716
/popup/1072,22,미샤 팝업 | 팝가 POPGA,20241114,20260716
/popup/5779,88,프린트베이커리 X Shrig Shop 팝업 - 여의도 팝업 | 팝가 Popga,20260304,20260716
/popup/5615,80,무모한상점 팝업 - 수원 - 수원 팝업 | 팝가 Popga,20260213,20260716
/popup/2256,197,슈콤마보니 팝업 | 팝가 POPGA,20250317,20260716
/popup/6616,30,바샤커피 팝업 @김포 - 김포공항 팝업 | 팝가 Popga,20260427,20260716
/popup/1276,35,르크루제 팝업 | 팝가 POPGA,20241205,20260716
/popup/245,73,팝업찾기 | POPUPNOW 팝업나우,20240806,20260716
/popup/1606,119,SW19 팝업 | 팝가 POPGA,20250113,20260716
/popup/2460,425,오렌즈 성수점 이벤트 | 팝가 POPGA,20250408,20260716
/popup/5425,3280,레고 발렌타인데이 팝업스토어 - 성수 팝업 | 팝가 Popga,20260127,20260716
/popup/5427,303,이구키즈 성수 X 드타미 프로젝트 팝업 - 성수 팝업 | 팝가 Popga,20260127,20260716
/popup/604,56,그레일즈 X 무신사 스토어 팝업 | 팝가 POPGA,20240920,20260716
/popup/7969,71,디에토 팝업 - 강남 팝업 | 팝가 Popga,20260710,20260716
/popup/210,20,미니언즈 팬케이크 하우스 팝업 | 팝가 POPGA,20240805,20260716
/popup/764,51,상상플래닛 EODI 팝업 | 팝가 POPGA,20241012,20260716
/popup/904,30,이외들 <귀성> 팝업 | 팝가 POPGA,20241025,20260716
/popup/763,195,스탠리 팝업 | 팝가 POPGA,20241011,20260716
/popup/748,39,씰리 침대 팝업 | 팝가 POPGA,20241010,20260716
/popup/619,41,MLB 포차 팝업 | 팝가 POPGA,20240928,20260716
/popup/807,38,찰나의 서점 팝업 | 팝가 POPGA,20241018,20260716
/popup/1039,49,뉴발란스 액티브 다운 Winter Universe 팝업 - New Balance 팝업 | 팝가 Popga,20241108,20260716
/popup/3909,336,화해 뷰티 트래블 팝업 | 팝가 POPGA,20250908,20260716
/popup/2278,101,하절기 X 투니크 콜라보 카페 팝업 | 팝가 POPGA,20250318,20260716
/popup/2689,937,탐스싱싱마켓 팝업 | 팝가 POPGA,20250507,20260716
/popup/5463,349,이구홈 성수 2 오픈 이벤트 - 성수 팝업 | 팝가 Popga,20260129,20260716
/popup/6140,130,빵고미 팝업 - 용산 팝업 | 팝가 Popga,20260403,20260716
/popup/5048,145,컬리 푸드 페스타 - 마곡 팝업 | 팝가 Popga,20251218,20260716
/popup/1286,71,머니그라피 개러지 팝업 | 팝가 POPGA,20241206,20260716
/popup/7123,34,사로스 X 타바타 팝업 - 용산 팝업 | 팝가 Popga,20260520,20260716
/popup/1166,20,퐁당패밀리 성수 팝업 | 팝가 POPGA,20241127,20260716
/popup/588,43,터치인솔 뷰티 팝업 | 팝가 POPGA,20240920,20260716
/popup/1459,55,큐클리프 팝업 | 팝가 POPGA,20241224,20260716
/popup/239,19,토리버치 팝업 - 토리버치 팝업 | 팝가 Popga,20240808,20260716
/popup/1262,101,디써티원 TELEGRAPH 팝업 | 팝가 POPGA,20241205,20260716
/popup/963,56,널리널리 팝업 | 팝가 POPGA,20241031,20260716
/popup/7414,44,달램 교정테라피 체험 | 2026 국제안전보건전시 - 고양 팝업 | 팝가 Popga,20260608,20260716
/popup/188,99,블루보틀 커피 트럭 양양 팝업 - 블루보틀 팝업 | 팝가 Popga,20241226,20260716
/popup/3370,375,견우와 선녀 팝업 | 팝가 POPGA,20250725,20260716
/popup/857,594,리버풀 FC 팝업 | 팝가 POPGA,20241023,20260716
/popup/7126,59,찌그렁오리 팝업 - 강남 팝업 | 팝가 Popga,20260520,20260716
/popup/1583,449,보이넥스트도어 X 쁘넥도 팝업 | 팝가 POPGA,20250110,20260716
/popup/1247,22,아카이브 앱크 팝업 | 팝가 POPGA,20241203,20260716
/popup/4089,488,구석구석 영화관 팝업 | 팝가 POPGA,20250922,20260716
/popup/5101,80,도토리카메라 팝업 - 홍대 팝업 | 팝가 Popga,20251224,20260716
/popup/1665,52,세일레이싱 팝업 | 팝가 POPGA,20250120,20260716
/popup/496,31,프레딧 뷰티 2차 팝업 | 팝업나우,20240905,20260716
/popup/872,34,휠라 플러스 X 무신사 엠프티 팝업 | 팝가 POPGA,20241023,20260716
/popup/1261,175,런던트레디션 팝업 | 팝가 POPGA,20241204,20260717
/popup/452,410,개구리 중사 케로로 팝업 - 개구리중사 케로로 팝업 | 팝가 Popga,20240917,20260717
/popup/304,585,나가노 마켓 팝업 | 팝가 POPGA,20240813,20260717
/popup/1767,144,꾸미버스 팝업 | 팝가 POPGA,20250204,20260717
/popup/1742,1221,리락쿠마 X 팝퍼블 콜라보 팝업 - 신촌 | 팝가 POPGA,20250201,20260717
/popup/3031,59,아디다스 오리지널스 플래그십 도산 오픈 이벤트 | 팝가 POPGA,20250613,20260717
/popup/3549,190,아이 리브 위드 식스 캣츠 팝업 - 여름소리 | 팝가 POPGA,20250806,20260717
/popup/3518,757,뉴에라 X 비이커 팝업 - 뉴에라 팝업 팝업 | 팝가 Popga,20250804,20260717
/popup/2600,147,단톤 팝업 | 팝가 POPGA,20250425,20260717
/popup/2563,107,시스올로지 팝업 | 팝가 POPGA,20250422,20260717
/popup/3905,228,레이밴 팝업 | 팝가 POPGA,20250905,20260717
/popup/4342,53,투어스 팝업 - 여의도 - 여의도 팝업 | 팝가 Popga,20251020,20260717
/popup/5428,165,포동푸딩 팝업 - 동대문 팝업 | 팝가 Popga,20260127,20260717
/popup/4295,194,투어스 팝업 - 홍대 팝업 | 팝가 Popga,20251014,20260717
/popup/4503,427,라퓨클레르 팝업 | 팝가 Popga,20251031,20260717
/popup/6179,3985,캔메이크 X 리락쿠마 팝업 - 잠실 팝업 | 팝가 Popga,20260406,20260717
/popup/5139,137,미라클쿠지 플리마켓 - 홍대 팝업 | 팝가 Popga,20251226,20260717
/popup/7133,1402,아스널 팝업 - 동대문 팝업 | 팝가 Popga,20260520,20260717
/popup/5403,87,이너프 팝업 - 여의도 팝업 | 팝가 Popga,20260125,20260717
/popup/3869,111,산리오 X 올리브영 큐티런 in 부산 롯데백화점 본점 | 팝가 POPGA,20250904,20260717
/popup/5785,159,베른샵 팝업 - 강남 팝업 | 팝가 Popga,20260305,20260717
/popup/7760,126,오키키 팝업 - 여의도 팝업 | 팝가 Popga,20260629,20260717
/popup/4117,44,퀄리스포츠 팝업 - 퀄리스포츠 팝업 팝업 | 팝가 Popga,20250925,20260717
/popup/6975,111,도씨 팝업 - 여의도 팝업 | 팝가 Popga,20260512,20260717
/popup/7551,50,아이큐박스 팝업 - 강남 팝업 | 팝가 Popga,20260615,20260717
/popup/207,40,가루쌀 팝업 | 팝가 POPGA,20240823,20260717
/popup/2587,117,츄 팝업 | 팝가 POPGA,20250424,20260717
/popup/5590,96,주토피아 X SKZOO 팝업 - 명동 팝업 | 팝가 Popga,20260211,20260717
/popup/6724,33,오제티 팝업 - 강남 팝업 | 팝가 Popga,20260429,20260717
/popup/3422,125,타이거 맥주 X 토트넘 홋스퍼 팝업 - The Spurs Den | 팝가 POPGA,20250729,20260717
/popup/4602,101,샐러드볼즈 팝업 - 잠실 팝업 | 팝가 Popga,20251110,20260717
/popup/5285,43,스부 팝업 - 송파 팝업 | 팝가 Popga,20260113,20260717
/popup/3526,141,여수언니 팝업 - 대전 | 팝가 POPGA,20250804,20260717
/popup/1437,617,쿠로미 은하계 본부 전시 | 팝가 POPGA,20241223,20260717
/popup/7532,97,토이 스토리 5 팝업 @하남 - 하남 팝업 | 팝가 Popga,20260615,20260717
/popup/2670,174,조셉앤스테이시 X 헬로키티 팝업 | 팝가 POPGA,20250502,20260717
/popup/1545,57,핑구 팝업 - 대구 | 팝가 POPGA,20250106,20260717
/popup/1863,122,캐리마켓 스쿨 팝업 | 팝가 POPGA,20250212,20260717
/popup/5617,33,유어마인드 벼룩시장 - 연희동 팝업 | 팝가 Popga,20260214,20260717
/popup/1847,167,돌레란 팝업 | 팝가 POPGA,20250211,20260717
/popup/2699,125,모로칸오일 X 뷰티쁠 무빙팝업 | 팝가 POPGA,20250508,20260717
/popup/3115,447,리스테린 X 테토 팝업 | 팝가 POPGA,20250623,20260717
/popup/166,87,롯데월드X명탐정 코난 <MAGIC CITY> 팝업 - 명탐정코난 팝업 | 팝가 Popga,20240801,20260717
/popup/7967,116,팝업스토어 상세 정보 | 팝가 Popga,20260710,20260717
/popup/2416,35,스티치 컴스 블루 팝업 | 팝가 POPGA,20250403,20260717
/popup/4104,310,Beer Live Seoul 2025 페스티벌 | 팝가 POPGA,20250924,20260717
/popup/6243,333,리버스 1999 춘풍다원 카페 - 강남 팝업 | 팝가 Popga,20260409,20260717
/popup/2405,104,스탠리 팝업 - 판교 | 팝가 POPGA,20250402,20260717
/popup/6739,58,포켓몬 × 뉴에라키즈 팝업 - 수원 팝업 | 팝가 Popga,20260429,20260717
/popup/2249,372,주술회전 X 애니메이트 콜라보 카페 팝업 - 부산 | 팝가 POPGA,20250317,20260717
/popup/3325,299,춘천감자밭 팝업 - 감자밭마트 - 춘천감자밭 팝업 | 팝가 Popga,20250717,20260717
/popup/2764,192,LG트윈스 X 헬로키티 팝업 | 팝가 POPGA,20250514,20260717
/popup/916,46,REKET 성수 팝업 | 팝가 POPGA,20241026,20260717
/popup/4202,352,리이제 팝업 - 성수 | 팝가 Popga,20251003,20260717
/popup/3308,502,배스킨라빈스 팝업 - 망빙고 가챠샵 | 팝가 POPGA,20250715,20260717
/popup/2262,234,요거트월드 X 이웃집통통이 팝업 | 팝가 POPGA,20250317,20260717
/popup/2095,161,노배드바이브스 팝업 | 팝가 POPGA,20250307,20260717
/popup/1336,318,테디테일즈 잠실 팝업 | 팝가 POPGA,20241212,20260717
/popup/4856,2881,KFC X 기묘한이야기5 팝업 - 신촌 팝업 | 팝가 Popga,20251202,20260717
/popup/4731,208,이노스페이스원 팝업 - 성수 팝업 | 팝가 Popga,20251120,20260717
/popup/5281,611,EXO 팝업 - REVERXE THE WORLD - 여의도 팝업 | 팝가 Popga,20260113,20260717
/popup/5684,272,집집 스핀오프 팝업 - 소중한 잡동사니 마켓 - 홍대 팝업 | 팝가 Popga,20260223,20260717
/popup/5577,107,코너케이크 스튜디오 팝업 - 홍대 팝업 | 팝가 Popga,20260210,20260717
/popup/7140,66,서울재즈페스티벌 X 니베아 팝업 - 잠실 팝업 | 팝가 Popga,20260520,20260717
/popup/5592,175,로지텍 팝업 - 로지텍 팝업 | 팝가 Popga,20260211,20260717
/popup/2091,37,컬럼비아 팝업 | 팝가 POPGA,20250306,20260717
/popup/420,157,뉴스토리페이퍼 팝업 | 팝가 POPGA,20240828,20260717
/popup/6310,86,쫀득 네모네 팝업 - 안양 - 안양 팝업 | 팝가 Popga,20260413,20260717
/popup/6797,7,메트로시티 팝업 - 울산 팝업 | 팝가 Popga,20260430,20260717
/popup/6607,45,속초 만석닭강정 팝업 @일산 - 고양 팝업 | 팝가 Popga,20260426,20260717
/popup/5025,682,THE 8 : 감각이 모이다 성수 팝업 - 성수 팝업 | 팝가 Popga,20251217,20260717
/popup/6972,214,조구만 팝업 - 홍대.홍대 팝업 팝업 | 팝가 Popga,20260511,20260717
/popup/6047,57,서연 영재 2인전 <연(緣)의 방향: The Way of Yeon> 전시 - 강남 팝업 | 팝가 Popga,20260327,20260717
/popup/3774,269,낫띵배럴 X 정엽 팝업 | 팝가 POPGA,20250827,20260717
/popup/444,62,구슬스 X 지존 아이스크림 파티 팝업 - 구슬스 팝업 | 팝가 Popga,20240829,20260717
/popup/7657,79,아노에틱 뷰티 팝업 - 성수 팝업 | 팝가 Popga,20260623,20260717
/popup/893,170,강철의 연금술사전 전시 | 팝가 POPGA,20241025,20260717
/popup/1629,1446,주토피아 팝업 - 홍대 - 주토피아 팝업 | 팝가 Popga,20250115,20260717
/popup/1868,81,토미카 팝업 - 하남 - 토미카 팝업 | 팝가 Popga,20250213,20260717
/popup/1646,193,톰과 제리 팝업 | 팝가 POPGA,20250116,20260717
/popup/5598,204,하이산 팝업 - 여의도 팝업 | 팝가 Popga,20260211,20260717
/popup/4749,59,잭 다니엘스 이벤트 - JACK ON THE ITAEWON - 용산 팝업 | 팝가 Popga,20251121,20260717
/popup/1925,315,곰돌찡이랑 토끼찡 팝업 | 팝가 POPGA,20250218,20260717
/popup/1819,177,톰과 제리 ✕ 마몽드 팝업 | 팝가 POPGA,20250210,20260717
/popup/236,996,ROOS VINTAGE 팝업 - 루스 팝업 | 팝가 Popga,20240807,20260717
/popup/3483,198,돌디샵 X 쿠쿠스페이스 팝업 | 팝가 POPGA,20250731,20260717
/popup/5317,380,론다베이크샵 팝업 - 용산 팝업 | 팝가 Popga,20260115,20260717
/popup/7308,91,페인터스 팝업 - 한남 팝업 | 팝가 Popga,20260531,20260717
/popup/5358,316,꿈빛 파티시엘 팝업 - 수원 - 수원 팝업 | 팝가 Popga,20260120,20260717
/popup/5309,179,정남미명과 팝업 - 강남 - 강남 팝업 | 팝가 Popga,20260115,20260717
/popup/1597,124,갤러리아 X 삼성금거래소 팝업 - 삼성금거래소 팝업 | 팝가 Popga,20250113,20260717
/popup/6102,143,퍼글러 팝업 - 잠실 - 잠실 팝업 | 팝가 Popga,20260331,20260717
/popup/6909,149,테블 팝업 - 잠실 팝업 | 팝가 Popga,20260506,20260717
/popup/7239,113,CHINCHIN FLEA MARKET - 홍대 팝업 | 팝가 Popga,20260527,20260717
/popup/6525,100,구오만두 팝업 - 평촌 팝업 | 팝가 Popga,20260422,20260717
/popup/947,63,태극당 청량리 팝업 | 팝가 POPGA,20241030,20260717
/popup/5134,75,위프하우스 팝업 - 대구 - 대구 팝업 | 팝가 Popga,20251226,20260717
/popup/799,44,미미달 <셀라던인더하우스> 팝업 | 팝가 POPGA,20241018,20260717
/popup/3722,71,디에그 팝업 | 팝가 POPGA,20250822,20260717
/popup/7054,23,#FR2 팝업 - 여의도 팝업 | 팝가 Popga,20260515,20260717
/popup/4969,984,루블리스 팝업 - 성수 팝업 | 팝가 Popga,20251211,20260717
/popup/5797,170,조앤프렌즈 팝업 - 잠실 - 잠실 팝업 | 팝가 Popga,20260306,20260717
/popup/5273,332,GS25 X 플레이브 팝업 - 합정 - 합정 팝업 | 팝가 Popga,20260112,20260717
/popup/5080,34,더퓨처샵 팝업 - 대구 - 대구 팝업 | 팝가 Popga,20251222,20260717
/popup/4734,88,노티아 팝업 - 여의도 팝업 | 팝가 Popga,20251121,20260717
/popup/243,59,칸타타 X 교보문고 Cantata Book & Coffee 팝업 | 팝가 POPGA,20240808,20260717
/popup/6492,31,본투윈 X 나띠 포토카드 이벤트 - 잠실 팝업 | 팝가 Popga,20260421,20260717
/popup/5770,486,친친플리마켓 - 홍대 팝업 | 팝가 Popga,20260304,20260717
/popup/3854,499,산리오캐릭터즈 X 롯데월드 아쿠아리움 | 팝가 POPGA,20250902,20260717
/popup/222,43,하이루프 팝업 | 팝가 POPGA,20240806,20260717
/popup/248,66,팝업찾기 | POPUPNOW 팝업나우,20240808,20260717
/popup/1532,131,아람북스 팝업 | 팝가 POPGA,20250106,20260717
/popup/2499,1057,문도 픽사 전시 | 팝가 POPGA,20250411,20260717
/popup/2592,393,현대자동차 X 캐치! 티니핑 전시 | 팝가 POPGA,20250425,20260717
/popup/2760,425,프라포투투 팝업 - 성수 | 팝가 POPGA,20250514,20260717
/popup/4557,2224,케이팝 데몬 헌터스 팝업 - 성수 팝업 | 팝가 Popga,20251106,20260717
/popup/505,36,프레드페리 GET READY 팝업 | 팝가 POPGA,20240906,20260717
/popup/6313,51,볼앤체인 팝업 - 잠실 팝업 | 팝가 Popga,20260414,20260717
/popup/6156,70,레고트 팝업 - 명동 팝업 | 팝가 Popga,20260405,20260717
/popup/7075,38,시시호시 X 무자기 팝업 - 잠실 팝업 | 팝가 Popga,20260517,20260717
/popup/4345,81,동아식당 팝업 | 팝가 Popga,20251020,20260717
/popup/7608,104,하츠투하츠 Lemon Tang 이벤트 - 고양 팝업 | 팝가 Popga,20260618,20260717
/popup/5123,164,리드볼트 롯데백화점 명동 본점 오픈 이벤트 - 명동 팝업 | 팝가 Popga,20251225,20260717
/popup/4994,61,알에스에스씨 팝업 - 용산 팝업 | 팝가 Popga,20251215,20260717
/popup/2933,126,치이상점 팝업 | 팝가 POPGA,20250609,20260717
/popup/5388,137,쿼드쎄라 팝업 - 목동 팝업 | 팝가 Popga,20260122,20260717
/popup/3639,79,선데이후르츠마켓 팝업 - 선데이후르츠마켓 팝업 팝업 | 팝가 Popga,20250813,20260717
/popup/7515,38,이로리 비전 플리마켓 - 종로 팝업 | 팝가 Popga,20260612,20260717
/popup/4114,125,봄날엔 팝업 | 팝가 POPGA,20250925,20260717
/popup/427,196,레고트 텀블러 꾸미기 팝업 | 팝가 POPGA,20240830,20260717
/popup/6760,167,레벨투 팝업 - 잠실 팝업 | 팝가 Popga,20260430,20260717
/popup/272,463,하츠네미쿠 팝업 | 팝가 POPGA,20240808,20260717
/popup/4084,125,안상규벌꿀 챕터82‘ 팝업 - 안상규벌꿀 챕터82‘ 팝업 팝업 | 팝가 Popga,20250923,20260717
/popup/4595,141,하우스네버다이즈 팝업 - 성수 팝업 | 팝가 Popga,20251108,20260717
/popup/5415,249,로레나카날 팝업 - 성수 팝업 | 팝가 Popga,20260126,20260717
/popup/3531,100,팝가스토어 판교점 | 팝가 POPGA,20250804,20260717
/popup/445,22,크리스피 크림 도넛 Magical Day 팝업 - 크리스피 크림 도넛 팝업 | 팝가 Popga,20240830,20260717
/popup/5993,48,레일큐브 팝업 - 강남 팝업 | 팝가 Popga,20260324,20260717
/popup/1268,107,2025 캘린더 전 팝업 | 팝가 POPGA,20241205,20260717
/popup/2026,720,마이멜로디 X 롯데호텔 월드 콜라보 뷔페 팝업 | 팝가 POPGA,20250226,20260717
/popup/4585,180,EPT 팝업 - BEAR CHARMS CLUB - 성수 팝업 | 팝가 Popga,20251107,20260717
/popup/1015,627,팝마트 X 더현대 서울 팝업 | 팝가 POPGA,20241106,20260717
/popup/1048,286,뿌이뿌이 모루카 팝업 | 팝가 POPGA,20241111,20260717
/popup/4232,56,넘버링 A13 팝업 | 팝가 Popga,20251005,20260717
/popup/4013,203,MUJI 팝업 | 팝가 POPGA,20250916,20260717
/popup/4044,184,은혼 팝업 - 계속 스탠바이 하고 있었습니다 - 은혼 팝업 팝업 | 팝가 Popga,20250918,20260717
/popup/4534,108,미미달 팝업 - 용산 팝업 | 팝가 Popga,20251104,20260717
/popup/sheet/7030,87,"인기 팝업스토어 일정, 후기를 한눈에! | 팝가 Popga",20260513,20260717
/popup/729,32,니니키즈 팝업 - 감정 수호요정 니니키즈 팝업 | 팝가 Popga,20241008,20260717
/popup/4838,31,리어플라스틱 팝업 - 제주 - 제주 팝업 | 팝가 Popga,20251128,20260717
/popup/3199,1096,<이찬혁 영감의 샘터: 마지막 한 방울> 전시 | 팝가 POPGA,20250702,20260717
/popup/3043,285,아이레시피 별빛 스튜디오 팝업 | 팝가 POPGA,20250616,20260717
/popup/2756,107,어르니마켓 팝업 - 어른이마켓 팝업 | 팝가 Popga,20250514,20260717
/popup/2971,3566,원피스 팝업 | 팝가 POPGA,20250611,20260717
/popup/6104,37,써저리 팝업 - 잠실 팝업 | 팝가 Popga,20260331,20260717
/popup/4532,1699,롬앤 x ZO&FRIENDS in 트렌드팟 바이 올리브영 성수 - 성수 팝업 | 팝가 Popga,20251104,20260717
/popup/6711,151,토이 스토리 5 팝업 @송도 - 송도 팝업 | 팝가 Popga,20260428,20260717
/popup/7705,143,세븐틴 팝업 - V8 - 용산 팝업 | 팝가 Popga,20260625,20260717
/popup/7449,439,"ICE ON, The frozen moment in 베리시 대전 신세계점 - 대전 팝업 | 팝가 Popga",20260610,20260717
/popup/813,47,위니비니 대전 팝업 - Weeny Beeny 팝업 | 팝가 Popga,20241021,20260717
/popup/5369,126,배드블러드 팝업 -합정 - 합정 팝업 | 팝가 Popga,20260121,20260717
/popup/7784,80,슈퍼벨로체 팝업 - 여의도 팝업 | 팝가 Popga,20260630,20260717
/popup/2741,552,기아 언플러그드 그라운드 : The Kia PV5 플라워 샵 전시 | 팝가 POPGA,20250512,20260717
/popup/1567,1298,이토 준지 호러하우스 전시 - 부산 | 팝가 POPGA,20250110,20260718
/popup/2862,368,오렌지 페스타 팝업 | 팝가 POPGA,20250527,20260718
/popup/4133,219,베어브릭 팝업 | 팝가 Popga,20250926,20260718
/popup/3843,1502,그럴만두 팝업 - 성수 | 팝가 POPGA,20250902,20260718
/popup/2093,44,오디에스 팝업 | 팝가 POPGA,20250306,20260718
/popup/3154,578,뮤지컬 위키드 X 아모레 성수 팝업 | 팝가 POPGA,20250627,20260718
/popup/3806,706,NH 올원타운 팝업 | 팝가 POPGA,20250829,20260718
/popup/3121,1106,산리오캐릭터즈 미디어아트 전시 | 팝가 POPGA,20250624,20260718
/popup/4131,79,후지이 카제 팝업 - 후지이 카제 팝업 팝업 | 팝가 Popga,20250926,20260718
/popup/833,50,트리밍버드 팝업 - treemingbird 팝업 | 팝가 Popga,20241022,20260718
/popup/2213,169,제네시스 GV60 팝업 | 팝가 POPGA,20250312,20260718
/popup/3499,131,스크럽 대디 팝업 - 부산 | 팝가 POPGA,20250801,20260718
/popup/5115,488,소담상회 with MUSINSA Pop Up Store - 성수 팝업 | 팝가 Popga,20251224,20260718
/popup/5749,148,와플대학 두바이 디저트 팝업 - 수원 - 수원 팝업 | 팝가 Popga,20260302,20260718
/popup/5563,73,비그룸 팝업 - 여의도 팝업 | 팝가 Popga,20260209,20260718
/popup/7117,307,NCT WISH 팝업 - 위시니니 하우스 @부산 - 부산 팝업 | 팝가 Popga,20260519,20260718
/popup/5269,108,GS25 X 플레이브 팝업 - 역삼 - 강남 팝업 | 팝가 Popga,20260112,20260718
/popup/7731,951,셀퓨전씨 팝업 - 성수 팝업 | 팝가 Popga,20260627,20260718
/popup/5628,144,오프뷰티 이벤트 - 명동 - 명동 팝업 | 팝가 Popga,20260217,20260718
/popup/6740,55,후와후와 팝업 - 인천 팝업 | 팝가 Popga,20260429,20260718
/popup/4905,232,팝가스토어 동대문점 - 동대문 팝업 | 팝가 Popga,20251204,20260718
/popup/4562,116,모머위켄드 팝업 - 여의도 팝업 | 팝가 Popga,20251106,20260718
/popup/7289,62,트라발로 팝업 - 종로 팝업 | 팝가 Popga,20260529,20260718
/popup/5885,27,브레더스 팝업 - 수원 - 수원 팝업 | 팝가 Popga,20260315,20260718
/popup/5112,125,너를 찾는 파도 X 투니크 콜라보 카페 - 부산 - 부산 팝업 | 팝가 Popga,20251224,20260718
/popup/6869,38,레모앙 X 그린라이트 팝업 - 강남 팝업 | 팝가 Popga,20260430,20260718
/popup/5043,154,아이티스트 X 다비치안경 팝업 - 여의도 팝업 | 팝가 Popga,20251218,20260718
/popup/2722,75,미나수 팝업 | 팝가 POPGA,20250509,20260718
/popup/6923,12,무직타이거 팝업 - 뚱랑이네 수퍼마켙 - 여의도 팝업 | 팝가 Popga,20260507,20260718
/popup/1775,253,21%랩 팝업 | 팝가 POPGA,20250205,20260718
/popup/5824,58,히어로즈 오브 코리아 팝업 - 동대문 팝업 | 팝가 Popga,20260309,20260718
/popup/6359,48,제 31회 선유야옹이마켓 - 선유도 팝업 | 팝가 Popga,20260415,20260718
/popup/6484,250,3학년Z반 긴파치선생 X 애니메이트 카페 @부산 - 부산 팝업 | 팝가 Popga,20260421,20260718
/popup/5434,1298,러쉬 씨어터 팝업 - 비 마이 커튼콜 - 성수 팝업 | 팝가 Popga,20260127,20260718
/popup/5440,208,김아홉 팝업 - 용산 팝업 | 팝가 Popga,20260127,20260718
/popup/4332,35,펀치드렁크파티즈 X 마스터피스 팝업 - REFUGE | 팝가 Popga,20251017,20260718
/popup/2524,166,모푸샌드 팝업 - 모푸샌드 팝업 | 팝가 Popga,20250416,20260718
/popup/885,94,테라브레스 X 토대리 팝업 | 팝가 POPGA,20241024,20260718
/popup/5323,1123,명조 팝업 - 띵조 캠퍼스 위크 - 성수 팝업 | 팝가 Popga,20260115,20260718
/popup/6445,47,클라우드 크러시 런칭 기념 팝업 - 명동 팝업 | 팝가 Popga,20260419,20260718
/popup/7324,38,원모어센티미터 팝업 - 영등포 팝업 | 팝가 Popga,20260601,20260718
/popup/2481,213,스노우피크 X 헬로키티 팝업 - 여의도 | 팝가 POPGA,20250410,20260718
/popup/3045,316,다마고치 X 투니크 콜라보 카페 - 부산 | 팝가 POPGA,20250616,20260718
/popup/3232,188,악역의 엔딩은 죽음뿐 X 판타지트 콜라보 팝업 | 팝가 POPGA,20250704,20260718
/popup/2941,2428,2025 짱구 팝업 - 대구 | 팝가 POPGA,20250609,20260718
/popup/6023,25,샌드뮤지엄 팝업 - 용산 팝업 | 팝가 Popga,20260326,20260718
/popup/7650,86,파라독스라이브 X 이스타에그 팝업 - 서초 팝업 | 팝가 Popga,20260622,20260718
/popup/1209,63,오징어 게임 2 X 비알레띠 팝업 | 팝가 POPGA,20241202,20260718
/popup/3257,2439,OK저축은행 팝업 - 읏수저 놀이터 | 팝가 POPGA,20250708,20260718
/popup/3264,148,히히클럽 X 타이니빌 팝업 | 팝가 POPGA,20250709,20260718
/popup/2815,237,하파크리스틴 X 따우전드 팝업 | 팝가 POPGA,20250521,20260718
/popup/5479,278,미스터본 팝업 - 홍대 팝업 | 팝가 Popga,20260130,20260718
/popup/7202,201,오센트 X 헬로키티 팝업 - 잠실 팝업 | 팝가 Popga,20260524,20260718
/popup/4457,105,이프로 팝업 - 물투명 편의점 | 팝가 Popga,20251028,20260718
/popup/7217,58,큐피도 팝업 - 용산 팝업 | 팝가 Popga,20260526,20260718
/popup/6201,125,2026 서울가구쇼 전시 - 강남 팝업 | 팝가 Popga,20260407,20260718
/popup/6064,86,뚜오미오 X 산리오캐릭터즈 팝업 - 홍대 팝업 | 팝가 Popga,20260329,20260718
/popup/1319,63,쿠키런 은하수 정거장 부산 팝업 - 쿠키런 팝업 | 팝가 Popga,20241214,20260718
/popup/5122,51,라스트 플리마켓 - 성수 팝업 | 팝가 Popga,20251225,20260718
/popup/3527,130,여수언니 팝업 - 수원 | 팝가 POPGA,20250804,20260718
/popup/889,39,부평 지하던전 연남 팝업 | 팝가 POPGA,20241024,20260718
/popup/2947,117,퍼블릭비컨 팝업 | 팝가 POPGA,20250610,20260718
/popup/1406,888,미니소 해리포터 팝업 | 팝가 POPGA,20241219,20260718
/popup/7455,395,노마 개인전 - 창 너머에 - 성수 팝업 | 팝가 Popga,20260609,20260718
/popup/1759,83,아이브 팝업 | 팝가 POPGA,20250204,20260718
/popup/695,54,루키버드 팝업 - Rookie bud 팝업 | 팝가 Popga,20240930,20260718
/popup/1980,109,수바코 팝업 | 팝가 POPGA,20250224,20260718
/popup/529,59,오보즈 팝업 | 팝가 POPGA,20240911,20260718
/popup/7481,96,보르 팝업 - 여의도 팝업 | 팝가 Popga,20260611,20260718
/popup/1968,121,몽몽스베쮸 팝업 | 팝가 POPGA,20250221,20260718
/popup/1455,52,나니와단시 팝업 | 팝가 POPGA,20241225,20260718
/popup/1580,66,홀로라이브 X 소닉 콜라보 팝업 - 부산 - 홀로라이브 팝업 | 팝가 Popga,20250110,20260718
/popup/1963,417,5등분의 신부 전시 | 팝가 POPGA,20250221,20260718
/popup/950,47,홀리추얼 팝업 - HOLITUAL 팝업 | 팝가 Popga,20241030,20260718
/popup/3588,199,포토이즘 X 으자 작가 팝업 - 물가의 밤 | 팝가 POPGA,20250808,20260718
/popup/7438,104,한강플플 북중미 월드컵 팝업 - 뚝섬 팝업 팝업 | 팝가 Popga,20260609,20260718
/popup/6362,58,압소바 X 헬로키티 팝업 @대구 - 대구 팝업 | 팝가 Popga,20260415,20260718
/popup/3057,114,아트마블 브랜마켓 팝업 | 팝가 POPGA,20250617,20260718
/popup/3827,1255,팝마트 팝업 - 라부부의 수상한 편의점 | 팝가 POPGA,20250901,20260718
/popup/2078,83,필립스 라떼고 팝업 - 하남 | 팝가 POPGA,20250305,20260718
/popup/1746,2286,【최애의 아이】展 거짓말과 아이／빛과 그림자 전시 | 팝가 POPGA,20250203,20260718
/popup/2025,60,란제리한 팝업 | 팝가 POPGA,20250226,20260718
/popup/806,48,냥냥펀치클럽 팝업 | 팝가 POPGA,20241018,20260718
/popup/3055,64,오도어 팝업 | 팝가 POPGA,20250617,20260718
/popup/2882,191,클레어스 X 김도영 더현대 팝업 | 팝가 POPGA,20250530,20260718
/popup/2826,3003,빵빵이의 타로집 팝업 | 팝가 POPGA,20250522,20260718
/popup/3796,150,니트잡화점 플리마켓 - 다같이 눕장! 니트잡화점 | 팝가 POPGA,20250828,20260718
/popup/5243,420,위드썸 팝업 - 용산 팝업 | 팝가 Popga,20260108,20260718
/popup/4435,159,캠브리지 멤버스 X 로리엣 팝업 | 팝가 Popga,20251027,20260718
/popup/5443,521,코닥 팝업 - 용산 팝업 | 팝가 Popga,20260128,20260718
/popup/2739,2410,아이유 생일 카페 - 용산 | 팝가 POPGA,20250514,20260718
/popup/6960,25,키자와 팝업 - 여의도 팝업 | 팝가 Popga,20260511,20260718
/popup/7070,84,이야이야앤프렌즈 팝업 - 잠실 팝업 | 팝가 Popga,20260517,20260718
/popup/3029,101,르신드롬 플리마켓 | 팝가 POPGA,20250613,20260718
/popup/4721,108,뚜쥬루 빵돌가마마을 팝업 - 여의도 팝업 | 팝가 Popga,20251120,20260718
/popup/4427,92,프렌즈앤야드 X 아워로그 팝업 | 팝가 Popga,20251024,20260718
/popup/2900,329,하츠네 미쿠 팝업 | 팝가 POPGA,20250602,20260718
/popup/5156,212,메이플스토리 팝업 - 제주 - 제주 팝업 | 팝가 Popga,20251229,20260718
/popup/3544,163,볼앤체인 팝업 | 팝가 POPGA,20250805,20260718
/popup/3205,702,데이즈데이즈 팝업 | 팝가 POPGA,20250703,20260718
/popup/6364,421,슈퍼마리오 팝업 @하남 - 하남 팝업 | 팝가 Popga,20260421,20260718
/popup/1579,123,홀로라이브 X 소닉 콜라보 팝업 | 팝가 POPGA,20250110,20260718
/popup/4788,34,모이프 팝업 - 용산 팝업 | 팝가 Popga,20251126,20260718
/popup/6232,952,포켓몬 스포츠데이 2026 이벤트 - 강남 팝업 | 팝가 Popga,20260408,20260718
/popup/5498,79,브랜든 팝업 - 강남 팝업 | 팝가 Popga,20260202,20260718
/popup/6606,20,플리츠미 팝업 - 대구 팝업 | 팝가 Popga,20260426,20260718
/popup/3071,1738,해리포터 마호도코로 팝업 | 팝가 POPGA,20250618,20260718
/popup/2654,453,레디어스 팝업 | 팝가 POPGA,20250430,20260718
/popup/3143,224,알라딘 팝업 - 부산 | 팝가 POPGA,20250626,20260718
/popup/3266,345,이토 준지 X 투니크 콜라보 카페 | 팝가 POPGA,20250709,20260718
/popup/4281,103,바리바디 팝업 - 여의도 팝업 | 팝가 Popga,20251013,20260718
/popup/3331,181,진로 두껍더마켓 팝업 - 부산 | 팝가 POPGA,20250718,20260718
/popup/7083,76,움파 팝업 - 여의도 팝업 | 팝가 Popga,20260518,20260718
/popup/1338,88,아이긴 스마일 라이프 타운 팝업 | 팝가 POPGA,20241212,20260718
/popup/7475,89,소잉팩토리 팝업 - 여의도 팝업 | 팝가 Popga,20260610,20260718
/popup/100,42,FC세븐일레븐 with 산리오 팝업 | 팝가 POPGA,20240820,20260718
/popup/6689,16,파인드카푸어 팝업 - 명동 팝업 | 팝가 Popga,20260427,20260718
/popup/4736,100,큐블로 팝업 - 강남 팝업 | 팝가 Popga,20251121,20260718
/popup/7427,52,여행출발장 팝업 - 녹텀 - 연희동 팝업 | 팝가 Popga,20260608,20260718
/popup/1464,285,나무13 BLUES BLUES BLUE 팝업 | 팝가 POPGA,20241227,20260718
/popup/3884,243,드타미 프로젝트 팝업 - 드타미 프로젝트 팝업 팝업 | 팝가 Popga,20250904,20260718
/popup/492,37,도란도란 군위 자두빵 포항 팝업 - 군위 자두빵 팝업 | 팝가 Popga,20240905,20260718
/popup/1312,259,CYC 빈티지 마켓 팝업 - CYC 팝업 | 팝가 Popga,20241211,20260718
/popup/5554,141,걸즈 밴드 크라이 X 메가박스 콜라보 카페 - 목동 팝업 | 팝가 Popga,20260206,20260718
/popup/3420,67,CU X 투모로우바이투게더 팝업 - 부산 | 팝가 POPGA,20250729,20260718
/popup/7651,86,레드로즈빈 팝업 - 여의도 팝업 | 팝가 Popga,20260622,20260718
/popup/2459,1453,나가노 마켓 팝업 | 팝가 POPGA,20250408,20260718
/popup/4255,331,꿈돌이 팝업 - 대전 - 대전 팝업 | 팝가 Popga,20251011,20260718
/popup/3184,588,스펀지밥 X 팝퍼블 콜라보 카페 - 부산 | 팝가 POPGA,20250701,20260718
/popup/4105,228,코코모빵 팝업 - 코코모빵 팝업 팝업 | 팝가 Popga,20250924,20260718
/popup/3249,233,카치스 X 구르릉 상점 팝업 | 팝가 POPGA,20250707,20260718
/popup/7060,38,박진영 팝업 - Said & Done - 영등포 팝업 | 팝가 Popga,20260515,20260718
/popup/7116,320,NCT WISH 팝업 - 위시니니 하우스 @홍대 - 홍대 팝업 | 팝가 Popga,20260519,20260718
/popup/1812,92,르 라보 팝업 | 팝가 POPGA,20250207,20260718
/popup/353,64,Insta360 'Hello 360 World' 팝업 | 팝가 POPGA,20240821,20260718
/popup/871,53,이스뜨와 드 퍼퓸 팝업 | 팝가 POPGA,20241023,20260718
/popup/1898,4751,한교동 생일카페 팝업 | 팝가 POPGA,20250214,20260718
/popup/2840,933,삼성화재 드림시어터 팝업 | 팝가 POPGA,20250523,20260718
/popup/2374,254,감자연구소 팝업 | 팝가 POPGA,20250328,20260718
/popup/5976,156,시만차 팝업 - 잠실 팝업 | 팝가 Popga,20260323,20260718
/popup/1736,83,HONDA X PHYPSDEPT 팝업 | 팝가 POPGA,20250131,20260718
/popup/189,125,외모지상주의 10주년 팝업 - 외모지상주의 팝업 | 팝가 Popga,20240801,20260718
/popup/5038,289,코렐라인 X 투니크 콜라보 카페 - 홍대 팝업 | 팝가 Popga,20251218,20260718
/popup/4975,642,레드하트데이 팝업 - 성수 팝업 | 팝가 Popga,20251212,20260718
/popup/5520,114,팝가스토어 용산점 - 용산 팝업 | 팝가 Popga,20260204,20260718
/popup/7039,28,압소바 x 헬로키티 팝업 @부산 - 부산 팝업 | 팝가 Popga,20260514,20260718
/popup/1396,689,디즈니스토어 부산 팝업 | 팝가 POPGA,20241217,20260718
/popup/2206,762,캇예스 팝업 | 팝가 POPGA,20250311,20260718
/popup/3272,337,스탠다드브레드 성수 1주년 이벤트 | 팝가 POPGA,20250710,20260718
/popup/2198,167,지수 팝업 | 팝가 POPGA,20250310,20260718
/popup/369,246,나만의 키링 <이티비티샵> 팝업 | 팝가 POPGA,20240822,20260718
/popup/2842,278,출판사 무제 <완주:기록:01> 전시 | 팝가 POPGA,20250526,20260718
/popup/3330,284,안동전통주시음회 팝업 - 기미주안 | 팝가 POPGA,20250718,20260718
/popup/3594,123,에뚜왈 팝업 | 팝가 POPGA,20250808,20260718
/popup/7342,98,비비안 웨스트우드 팝업 - 잠실 팝업 | 팝가 Popga,20260602,20260718
/popup/1542,73,999휴머니티 시즌오프 팝업 | 팝가 POPGA,20250107,20260719
/popup/1969,1507,프라포투투 팝업 | 팝가 POPGA,20250221,20260719
/popup/1691,143,니지산지 X 애니메이트 콜라보 카페 팝업 | 팝가 POPGA,20250122,20260719
/popup/3201,271,일소 X 헬로키티 팝업 - 강남 | 팝가 POPGA,20250702,20260719
/popup/2962,134,꿈돌이네 라면가게 팝업 | 팝가 POPGA,20250611,20260719
/popup/2224,222,민스코 셀렉트 스토어 팝업 | 팝가 POPGA,20250313,20260719
/popup/2637,256,포켓몬 타운 2025 팝업 | 팝가 POPGA,20250429,20260719
/popup/2392,145,꿍댕 팝업 | 팝가 POPGA,20250331,20260719
/popup/3105,168,아카이브 앱크 팝업 | 팝가 POPGA,20250623,20260719
/popup/3174,350,팝가스토어 용산점 | 팝가 POPGA,20250701,20260719
/popup/3631,369,클래키 팝업 - 코엑스 - 클래키 팝업 팝업 | 팝가 Popga,20250813,20260719
/popup/1384,9,콩순이와 꿀잼친구들 광명 팝업 - 콩순이 팝업 | 팝가 Popga,20241217,20260719
/popup/1956,127,대베르세르크전 팝업 - 판교 | 팝가 POPGA,20250220,20260719
/popup/5390,255,눈사람 눙눙이 팝업 - 홍대 팝업 | 팝가 Popga,20260124,20260719
/popup/5328,707,마플샵 X 금쪽같은 내새끼 팝업 - 성수 팝업 | 팝가 Popga,20260116,20260719
/popup/5342,1660,뿌까 X 정지선 셰프 팝업 - 성수 팝업 | 팝가 Popga,20260119,20260719
/popup/5121,121,메르세데스 벤츠 윈터 라운지 이벤트 - 평창 팝업 | 팝가 Popga,20251225,20260719
/popup/1252,63,세기말 풋사과 보습학원 & 작전명 순정 : Winter Holiday 팝업 | 팝가 POPGA,20241204,20260719
/popup/4974,1602,세븐틴 팝업 - HOLIDAY HOUSE - 강남 팝업 | 팝가 Popga,20251211,20260719
/popup/4935,800,리락쿠마 팝업 - 용산 팝업 | 팝가 Popga,20251209,20260719
/popup/7380,88,플립조이 팝업 - 잠실 팝업 | 팝가 Popga,20260604,20260719
/popup/4955,62,선데이모닝플레이트 팝업 - 판교 팝업 | 팝가 Popga,20251210,20260719
/popup/6560,84,오호스 X 비주얼에이드 팝업 - 홍대 팝업 | 팝가 Popga,20260423,20260719
/popup/7584,197,써모스코리아 팝업 - 홍대 팝업 | 팝가 Popga,20260617,20260719
/popup/7138,83,르세라핌 X 오설록 콜라보 이벤트 @삼청 - 삼청 팝업 | 팝가 Popga,20260520,20260719
/popup/7874,71,아이들 X 포토이즘 팝업 - 홍대 팝업 | 팝가 Popga,20260706,20260719
/popup/6209,79,아오이로 X 간샤 팝업 - 홍대 팝업 | 팝가 Popga,20260408,20260719
/popup/3492,155,그로서리 스터프 팝업 | 팝가 POPGA,20250731,20260719
/popup/787,109,1994양과점 팝업 | 팝가 POPGA,20241015,20260719
/popup/1202,17,시몬스 테라스 크리스마스 마켓 - 크리스마스 팝업 | 팝가 Popga,20241130,20260719
/popup/3167,139,오즈이즈 팝업 | 팝가 POPGA,20250630,20260719
/popup/2069,76,한국타미야 미니카 페스티벌 팝업 - 고양 - 한국타미야 팝업 | 팝가 Popga,20250304,20260719
/popup/5900,69,와이즈걸 빈티지 팝업 - Warm Archive 온기의 기록 - 홍대 팝업 | 팝가 Popga,20260316,20260719
/popup/6673,30,하이퍼쉘 팝업 @대전 - 대전 팝업 | 팝가 Popga,20260428,20260719
/popup/1179,46,슈팅스타 캐치! 티니핑 크리스마스 팝업 | 팝가 POPGA,20241128,20260719
/popup/6750,14,클라이너 파이클링 팝업 - 대구 팝업 | 팝가 Popga,20260430,20260719
/popup/6025,80,에트오소메 팝업 - 홍대 팝업 | 팝가 Popga,20260326,20260719
/popup/1158,557,오란고교 사교클럽 팝업 - 오란고교 사교클럽 팝업 | 팝가 Popga,20241127,20260719
/popup/333,45,유어굿즈 팝업 | 팝가 POPGA,20240816,20260719
/popup/848,38,Billlie MEMORY BOX 팝업 - Billlie 팝업 | 팝가 Popga,20241022,20260719
/popup/6762,27,그레이트 검즈 팝업 - 남대문 팝업 | 팝가 Popga,20260430,20260719
/popup/5188,123,스키즘인듀싱 팝업 - 여의도 팝업 | 팝가 Popga,20260102,20260719
/popup/1935,193,하리보리빙 팝업 | 팝가 POPGA,20250219,20260719
/popup/1255,48,산타의집 팝업 | 팝가 POPGA,20241204,20260719
/popup/185,50,탑텐 부산역 쿨에어 팝업 - 탑텐 팝업 | 팝가 Popga,20240813,20260719
/popup/7750,68,써모스 X 제로퍼제로 팝업 - 홍대 팝업 | 팝가 Popga,20260629,20260719
/popup/2529,347,샤클라라 팝업 | 팝가 POPGA,20250416,20260719
/popup/4259,273,진격의 거인 팝업 - 잠실 | 팝가 Popga,20251011,20260719
/popup/6279,133,서울책보고 팝업 - 페이지 산책 - 잠실 팝업 | 팝가 Popga,20260413,20260719
/popup/2402,262,캐치! 티니핑 팝업 - 김포 - 티니핑 팝업 | 팝가 Popga,20250401,20260719
/popup/5913,43,앵브록스 팝업 - 용산 팝업 | 팝가 Popga,20260317,20260719
/popup/2968,903,스텔라이브 페어 - 홍대 - 스텔라이브 팝업 | 팝가 Popga,20250611,20260719
/popup/3592,112,베티붑 팝업 | 팝가 POPGA,20250808,20260719
/popup/4278,338,낫낫 팝업 - 홍대 팝업 | 팝가 Popga,20251013,20260719
/popup/1967,515,몽모 팝업 - 몽모 팝업 | 팝가 Popga,20250221,20260719
/popup/2454,228,마이포에트리 X 프링글스 팝업 | 팝가 POPGA,20250408,20260719
/popup/4172,711,집집 팝업 - 소중한 잡동사니 마켓 | 팝가 Popga,20251001,20260719
/popup/3695,30,이태리타올 이벤트 - 판교 | 팝가 POPGA,20250820,20260719
/popup/3073,661,<바람계곡의 나우시카> 팝업 | 팝가 POPGA,20250618,20260719
/popup/5845,92,타이니빌 팝업 - 인천 - 인천 팝업 | 팝가 Popga,20260311,20260719
/popup/6570,3,바른 RC 중장비 팝업 - 부산 팝업 | 팝가 Popga,20260512,20260719
/popup/2808,492,다이노탱 쿽스카우트 팝업 | 팝가 POPGA,20250520,20260719
/popup/7631,64,이모나리 팝업 - 인천 팝업 | 팝가 Popga,20260621,20260719
/popup/2864,66,현대모비스 모비로드 팝업 | 팝가 POPGA,20250528,20260719
/popup/6200,279,네일톡톡 팝업 - 홍대 팝업 | 팝가 Popga,20260407,20260719
/popup/1734,340,풀리오 팝업 - 대구 | 팝가 POPGA,20250131,20260719
/popup/1771,392,플레이브 X 일상의틈 팝업 - 홍대 | 팝가 POPGA,20250204,20260719
/popup/3305,230,리얼리굿스윔 X RGS 팝업 | 팝가 POPGA,20250715,20260719
/popup/2559,431,스텔라이브 팝업 | 팝가 POPGA,20250422,20260719
/popup/3147,128,퐁 팝업 | 팝가 POPGA,20250626,20260719
/popup/4510,361,쎄봉라마 팝업 - 어쩌다 열린 팝업 - 성수 팝업 | 팝가 Popga,20251103,20260719
/popup/5024,532,K-브랜드 글로우 팩토리 팝업 - 성수 팝업 | 팝가 Popga,20251217,20260719
/popup/4873,90,영디자이너 굿즈 스테이지 팝업 - 을지로 팝업 | 팝가 Popga,20251203,20260719
/popup/5441,158,무신사 스토어 명동 오픈 이벤트 - 명동 팝업 | 팝가 Popga,20260127,20260719
/popup/7350,38,에브리바디빈티지 스페셜라운지 팝업 @송도 - 송도 팝업 | 팝가 Popga,20260602,20260719
/popup/4173,220,또봇 팝업 - 수원 팝업 | 팝가 Popga,20251001,20260719
/popup/7990,275,러브이즈트루 팝업 - 성수 팝업 | 팝가 Popga,20260713,20260719
/popup/2584,100,몽모의 이상한 동물원 팝업 - 수원 | 팝가 POPGA,20250424,20260719
/popup/3864,82,이태원 앤티크 스트릿 팝업 | 팝가 POPGA,20250903,20260719
/popup/415,78,999휴머니티 팝업 | 팝가 POPGA,20240918,20260719
/popup/2106,80,하시에 팝업 | 팝가 POPGA,20250307,20260719
/popup/1762,39,언차티드에스테틱퀘스트 <일상미학 - 미지의 미적탐험> 팝업 | 팝가 POPGA,20250204,20260719
/popup/550,55,비비안웨스트우드X팔라스 팝업 | 팝가 POPGA,20240913,20260719
/popup/2205,410,피크민 팝업 | 팝가 POPGA,20250311,20260719
/popup/5275,201,프랑스루브르바게트 팝업 - 홍대 팝업 | 팝가 Popga,20260112,20260719
/popup/3651,111,김씨네 과일 팝업 | 팝가 POPGA,20250814,20260719
/popup/7765,211,하비소울 팝업 - 용산 팝업 | 팝가 Popga,20260630,20260719
/popup/3128,1653,음뽀챠무 떡집 팝업 | 팝가 POPGA,20250624,20260719
/popup/3423,70,엣프터 팝업 - After the Door | 팝가 POPGA,20250729,20260719
/popup/6559,111,연백 딸기모찌 팝업 - 홍대 팝업 | 팝가 Popga,20260423,20260719
/popup/3053,740,탬버린즈 팝업 | 팝가 POPGA,20250616,20260719
/popup/5532,96,므메미무 팝업 - 부산 - 부산 팝업 | 팝가 Popga,20260205,20260719
/popup/2101,53,브루클린웍스 팝업 - 하남 - 브루클린웍스 팝업 | 팝가 Popga,20250307,20260719
/popup/2546,67,마지셔우드 팝업 | 팝가 POPGA,20250418,20260719
/popup/7460,32,EQL 6주년 이벤트 - EQL 6th BIRTHDAY PARTY @청주 - 청주 팝업 | 팝가 Popga,20260609,20260719
/popup/2777,564,바이오힐 보 팝업 | 팝가 POPGA,20250516,20260719
/popup/7395,247,듀오링고 생일카페 @용산 - 용산 팝업 | 팝가 Popga,20260605,20260719
/popup/6879,43,고스티 팝업 - 용산 팝업 | 팝가 Popga,20260504,20260719
/popup/81,85,신카이 마코토 천호 팝업 | POPUPNOW 팝업나우,20240823,20260719
/popup/1995,298,부산아쿠아리움 X 동물의 숲 팝업 | 팝가 POPGA,20250225,20260719
/popup/3300,177,MMWD 팝업 | 팝가 POPGA,20250709,20260719
/popup/3044,771,다마고치 X 투니크 콜라보 카페 | 팝가 POPGA,20250616,20260719
/popup/3348,1690,귀멸의칼날 팝업 - 강남 | 팝가 POPGA,20250722,20260719
/popup/3161,195,스미스키 X 버터샵 팝업 | 팝가 POPGA,20250630,20260719
/popup/4531,326,프룻오브더룸 X 따우전드 팝업 - 성수 팝업 | 팝가 Popga,20251104,20260719
/popup/1269,541,하우스 오브 미나리마 팝업 | 팝가 POPGA,20241205,20260719
/popup/5881,105,우부아 팝업 - 강남 팝업 | 팝가 Popga,20260315,20260719
/popup/5347,143,앤식깡 팝업 - 구의 팝업 | 팝가 Popga,20260119,20260719
/popup/5058,97,치이상점 팝업 - 수원 - 수원 팝업 | 팝가 Popga,20251219,20260719
/popup/6049,49,오찌 팝업 - 명동 팝업 | 팝가 Popga,20260329,20260719
/popup/4876,170,하우스오브낭만 팝업 - 여의도 팝업 | 팝가 Popga,20251203,20260719
/popup/5655,49,광안제일분식 팝업 - 부산 - 부산 팝업 | 팝가 Popga,20260222,20260719
/popup/7862,493,여밈 팝업 - 성수 팝업 | 팝가 Popga,20260705,20260719
/popup/7891,164,NCT 127 팝업 - 서울숲 팝업 | 팝가 Popga,20260707,20260719
/popup/6598,81,오지상 치즈케이크 팝업 - 노원 팝업 | 팝가 Popga,20260426,20260719
/popup/7114,51,왼그기그 팝업 - 부산 팝업 | 팝가 Popga,20260519,20260719
/popup/7268,38,2026 서울패션허브 브랜드 위크 - 동대문 팝업 | 팝가 Popga,20260528,20260719
/popup/6113,208,달빛천사 팝업 - 수원 - 수원 팝업 | 팝가 Popga,20260401,20260719
/popup/7079,15,한지희 클래식 팝업 - 강남 팝업 | 팝가 Popga,20260518,20260719
/popup/7220,19,태리아떼 팝업 - 홍대 팝업 | 팝가 Popga,20260526,20260719
/popup/6609,92,비브람 파이브핑거스 팝업 - 명동 팝업 | 팝가 Popga,20260426,20260719
/popup/785,205,아카데미과학 팝업 - 프라모델 팝업 | 팝가 Popga,20241015,20260719
/popup/3294,302,수올리 팝업 - 수올리 팝업 | 팝가 Popga,20250714,20260719
/popup/5990,40,프린세스 캐치! 티니핑 팝업 - 대구 - 대구 팝업 | 팝가 Popga,20260324,20260719
/popup/7519,105,케이팝 데몬 헌터스 팝업 @대구 - 대구 팝업 | 팝가 Popga,20260613,20260719
/popup/5635,378,2026 관악 책빵축제 - 관악 팝업 | 팝가 Popga,20260219,20260719
/popup/3344,51,셀비지프로젝트 팝업 | 팝가 POPGA,20250721,20260719
/popup/3662,64,피부피부 팝업 | 팝가 POPGA,20250818,20260719
/popup/8003,93,스니커즈 무빙 팝업 - 아이스바 트럭 @홍대 - 서울 팝업 | 팝가 Popga,20260714,20260719
/popup/3122,249,다이닛 X 더뮤지엄비지터 팝업 | 팝가 POPGA,20250624,20260719
/popup/592,85,웹툰 집이 없어 홈커밍데이 팝업 | 팝가 POPGA,20240921,20260719
/popup/2725,825,몬치치 팝업 - 몬치치 팝업 | 팝가 Popga,20250509,20260719
/popup/3229,762,실바니안 패밀리 X 엔제리너스 콜라보 카페 | 팝가 POPGA,20250704,20260719
/popup/5704,1724,핫소스 백만잔치 팝업 - 여의도 팝업 | 팝가 Popga,20260225,20260719
/popup/6617,27,풀집 X 본투비가드너 팝업 - 김포공항 팝업 | 팝가 Popga,20260426,20260719
/popup/6906,309,샥즈 팝업 - 여의도 팝업 | 팝가 Popga,20260506,20260719
/popup/1398,99,핑구 팝업 - 부산 - 핑구 팝업 | 팝가 Popga,20241218,20260719
/popup/7444,126,"ICE ON, The frozen moment in 베리시 롯데프리미엄아울렛 동부산점 - 부산 팝업 | 팝가 Popga",20260610,20260719
/popup/7964,53,RUEP 팝업 - 용산 팝업 | 팝가 Popga,20260710,20260719
/popup/5588,74,사라오브젝트 전시 - 홍대 팝업 | 팝가 Popga,20260211,20260719
/popup/5681,347,캐릭캐릭 체인지 팝업 - 수원 - 수원 팝업 | 팝가 Popga,20260223,20260719
/popup/7417,28,긱타 팝업 @용산 - 용산 팝업 | 팝가 Popga,20260608,20260719
/popup/1397,29,핑크퐁과 호기: 새친구 니니모 크리스마스 마켓 천안 팝업 - 핑크퐁 팝업 | 팝가 Popga,20241218,20260719
/popup/3155,437,바른효소 팝업 | 팝가 POPGA,20250627,20260719
/popup/4411,225,스티치 팝업 | 팝가 Popga,20251024,20260719
/popup/3802,144,경표와 여름 전시 | 팝가 POPGA,20250828,20260719
/popup/5461,170,프랑스루브르바게트 팝업 - 용산 팝업 | 팝가 Popga,20260129,20260719
/popup/7006,123,엔플라잉 캐릭터 팝업 - 엔플라잉 팝업 | 팝가 Popga,20260512,20260719
/popup/7371,140,구슬스 팝업 - 잠실 팝업 | 팝가 Popga,20260604,20260719
/popup/3520,226,다람쥐 팝업 | 팝가 POPGA,20250804,20260719
/popup/3926,117,리버풀 FC 팝업 | 팝가 POPGA,20250909,20260719
/popup/4916,378,에이수스 팝업 - 홍대 팝업 | 팝가 Popga,20251205,20260719
/popup/5856,418,한교동 팝업 - 부산 - 부산 팝업 | 팝가 Popga,20260311,20260719
/popup/4363,344,캐리랜드 팝업 | 팝가 Popga,20251021,20260719
/popup/5430,220,까까 팝업 - 동탄 - 동탄 팝업 | 팝가 Popga,20260127,20260719
/popup/4473,311,무모한 상점 몬치치 팝업 - 홍대 - 홍대 팝업 | 팝가 Popga,20251029,20260719
/popup/4972,61,문화창작플랫폼 X 무직타이거 팝업 전시 - 안성맞춤 만남공방 - 안성 팝업 | 팝가 Popga,20251211,20260719
/popup/625,84,선데이플래닛47 팝업 | 팝가 POPGA,20240923,20260719
/popup/8047,186,파인드카푸어 팝업 - 성수 팝업 | 팝가 Popga,20260716,20260719
/popup/7832,41,트리밍버드 팝업 - 명동 팝업 | 팝가 Popga,20260703,20260719
/popup/4095,121,셔레이드쇼 팝업 - 셔레이드쇼 팝업 팝업 | 팝가 Popga,20250923,20260719
/popup/6558,93,키덕투어 팝업 - 일산 팝업 | 팝가 Popga,20260423,20260719
/popup/1449,51,개비의 매직하우스 팝업 - 개비의 매직하우스 팝업 | 팝가 Popga,20250314,20260719
/popup/7535,156,토이 스토리 5 팝업 @김포 - 김포 팝업 | 팝가 Popga,20260615,20260719
/popup/6670,128,무모한상점 팝업 @부산 - 부산 팝업 | 팝가 Popga,20260428,20260719
/popup/2761,95,장인한과 팝업 | 팝가 POPGA,20250514,20260719
/popup/4822,326,플레이그라운드 팝업 - 성수 팝업 | 팝가 Popga,20251128,20260719
/popup/2945,727,데일리위클리 팝업 | 팝가 POPGA,20250609,20260719
/popup/1692,86,니지산지 X 애니메이트 콜라보 카페 팝업 - 부산 - 니지산지 팝업 | 팝가 Popga,20250124,20260719
/popup/6536,10,노엘라이즈브레이브 - 용산 팝업 | 팝가 Popga,20260422,20260719
/popup/6756,52,더티치즈바이트 팝업 @강남 - 강남 팝업 | 팝가 Popga,20260430,20260719
/popup/2260,252,이치란 라멘 팝업 | 팝가 POPGA,20250317,20260719
/popup/5304,283,다즈비 X 애니메이트 콜라보 카페 - 홍대 - 홍대 팝업 | 팝가 Popga,20260114,20260719
/popup/2246,78,르플랑에떼 팝업 - 대구 | 팝가 POPGA,20250317,20260719
/popup/3750,118,풀리오 팝업 | 팝가 POPGA,20250825,20260719
/popup/4753,162,로딩룸 팝업 - 성수 팝업 | 팝가 Popga,20251123,20260719
/popup/5641,55,쿵야 레스토랑즈 팝업 - 대구 - 대구 팝업 | 팝가 Popga,20260219,20260719
/popup/4080,156,치이상점 팝업 - 대구 | 팝가 POPGA,20250922,20260719
/popup/1932,77,하리보리빙 팝업 - 부산 | 팝가 POPGA,20250219,20260719
/popup/2805,2676,쿠키런 방탈출 전시 | 팝가 POPGA,20250520,20260719
/popup/4195,109,팝가스토어 용산점 | 팝가 Popga,20251002,20260719
/popup/5566,70,일리고 X 무신사 팝업 - 홍대 팝업 | 팝가 Popga,20260209,20260719
/popup/5362,1022,블루 록 X 애니메이트 홍대 팝업 - 홍대 팝업 | 팝가 Popga,20260120,20260719
/popup/1870,90,올드페리도넛 팝업 - 청주 - 올드페리도넛 팝업 | 팝가 Popga,20250214,20260719
/popup/1512,39,아고라이팅 팝업 | 팝가 POPGA,20250104,20260720
/popup/1505,126,겨울엔 따끈하게 냥캉스 팝업 | 팝가 POPGA,20241231,20260720
/popup/1525,325,삼미제빵소 팝업 | 팝가 POPGA,20250103,20260720
/popup/1700,145,에트오소메 팝업 - 에트오소메 팝업 | 팝가 Popga,20250122,20260720
/popup/1389,101,피넛버터바나나 하남 팝업 | 팝가 POPGA,20241220,20260720
/popup/1495,830,이상훈TV 토이뮤지엄 수원 팝업 | 팝가 POPGA,20250101,20260720
/popup/1643,539,나이스웨더 X 엔트로피 팝업 | 팝가 POPGA,20250116,20260720
/popup/943,32,스튜디홈 팝업 | 팝가 POPGA,20241029,20260720
/popup/2066,276,네이버웹툰 X 애니모먼트 콜라보 팝업 | 팝가 POPGA,20250304,20260720
/popup/4141,184,다이닛 X 더뮤지엄비지터 팝업 | 팝가 Popga,20250929,20260720
/popup/4067,451,천원의 재능 마켓 팝업 | 팝가 Popga,20250919,20260720
/popup/2810,549,헤이딜러 오프라인 | 팝가 POPGA,20250522,20260720
/popup/3965,243,설화수 팝업 - SECRET HOUSE | 팝가 POPGA,20250911,20260720
/popup/2683,199,바겐슈타이거 팝업 | 팝가 POPGA,20250507,20260720
/popup/4629,583,위프 팝업 - Whiff House - 성수 팝업 | 팝가 Popga,20251112,20260720
/popup/5600,567,소담상회 with무신사 이벤트 - 성수 팝업 | 팝가 Popga,20260212,20260720
/popup/5748,376,라운드어라운드 X 테토 팝업 - 성수 팝업 | 팝가 Popga,20260302,20260720
/popup/5731,796,조 말론 런던 잉글리쉬 페어 in 트렌드팟 바이 올리브영 성수 - 성수 팝업 | 팝가 Popga,20260301,20260720
/popup/5693,504,바세린 X OIOI 팝업 - 성수 팝업 | 팝가 Popga,20260224,20260720
/popup/1719,185,킥플립 팝업 - 킥플립 팝업 | 팝가 Popga,20250124,20260720
/popup/4085,113,Jurassicnasu 팝업 - Jurassicnasu 팝업 팝업 | 팝가 Popga,20250923,20260720
/popup/3352,78,WIND AND SEA 팝업 | 팝가 POPGA,20250722,20260720
/popup/5239,276,크래킹커피 팝업 - 수원 - 수원 팝업 | 팝가 Popga,20260108,20260720
/popup/6696,937,추카 팝업 - 성수 팝업 | 팝가 Popga,20260428,20260720
/popup/6078,177,벨킨 팝업 - Fuel Your Galaxy S26 - 성수 팝업 | 팝가 Popga,20260330,20260720
/popup/6188,662,Bloomtide 팝업스토어 - 성수 팝업 | 팝가 Popga,20260407,20260720
/popup/6210,256,"대만관광청 팝업 - 빛나는 타이완, 24시간 대만족 - 성수 팝업 | 팝가 Popga",20260408,20260720
/popup/5868,1120,우즈유니버스 연합 팝업 - 성수 팝업 | 팝가 Popga,20260313,20260720
/popup/5017,510,마르디 메크르디 팝업 - 성수 팝업 | 팝가 Popga,20251216,20260720
/popup/5686,1018,귤메달 X 프리카 팝업 - 성수 팝업 | 팝가 Popga,20260224,20260720
/popup/5986,167,싱글즈 스테이 팝업 - Beauty & Tea - 성수 팝업 | 팝가 Popga,20260324,20260720
/popup/5393,366,시에라디자인 팝업 - 성수 팝업 | 팝가 Popga,20260124,20260720
/popup/5801,233,서울국제불교박람회 - 강남 팝업 | 팝가 Popga,20260306,20260720
/popup/6339,294,고수 팝업 - 은평 팝업 | 팝가 Popga,20260415,20260720
/popup/6351,719,러븀 팝업 - 성수 팝업 | 팝가 Popga,20260417,20260720
/popup/6308,711,민킴 X 더툴랩 팝업 - 성수 팝업 | 팝가 Popga,20260413,20260720
/popup/5934,130,마수 팝업 - 성수 팝업 | 팝가 Popga,20260318,20260720
/popup/6782,75,슈가스컬 팝업 - 잠실 팝업 | 팝가 Popga,20260430,20260720
/popup/7203,197,루비랩 팝업 - 성수 팝업 | 팝가 Popga,20260524,20260720
/popup/7431,737,레고 팝업 - 성수 팝업 | 팝가 Popga,20260609,20260720
/popup/6888,402,펍지 성수 가든안가든 이벤트 - 성수 팝업 | 팝가 Popga,20260505,20260720
/popup/7047,360,보호 팝업 - 성수 팝업 | 팝가 Popga,20260514,20260720
/popup/6709,501,CJ문화재단 20주년 팝업 - 성수 팝업 | 팝가 Popga,20260428,20260720
/popup/6185,259,에스티로더 X 뷰티쁠 무빙 팝업 - 성수 팝업 | 팝가 Popga,20260407,20260720
/popup/5850,779,승리의 여신: 니케 X 카카오프렌즈 팝업 - 홍대 팝업 | 팝가 Popga,20260311,20260720
/popup/5998,121,메디앤서 X 뷰티쁠 무빙 팝업 - 성수 팝업 | 팝가 Popga,20260325,20260720
/popup/5828,708,믁끄럽 마라곤약젤리 팝업 - 성수 팝업 | 팝가 Popga,20260310,20260720
/popup/6278,633,프리프 팝업 - 성수 팝업 | 팝가 Popga,20260410,20260720
/popup/7259,238,LCDC HOME 팝업 - 성수 팝업 | 팝가 Popga,20260527,20260720
/popup/6133,40,리꼬 팝업 - 삼성 팝업 | 팝가 Popga,20260402,20260720
/popup/927,127,컴발리 알파카 팝업 - combali alpaca 팝업 | 팝가 Popga,20241028,20260720
/popup/6366,272,언차일드 팝업 - 성수 팝업 | 팝가 Popga,20260415,20260720
/popup/6662,153,"2,000만 원대 매트리스를 찾아라 - 성수 팝업 | 팝가 Popga",20260427,20260720
/popup/7,28,스트레이 키즈 팝업 - 스트레이키즈 팝업 | 팝가 Popga,20240912,20260720
/popup/2662,255,포멜라토 팝업 | 팝가 POPGA,20250502,20260720
/popup/4309,60,세르트 주얼리 팝업 | 팝가 Popga,20251015,20260720
/popup/7018,87,2026 다나와 테크아레나 - 일산 팝업 | 팝가 Popga,20260513,20260720
/popup/4813,96,톤세 팝업 - 용산 팝업 | 팝가 Popga,20251127,20260720
/popup/5421,109,플레이인더박스 팝업 - 대구 - 대구 팝업 | 팝가 Popga,20260126,20260720
/popup/5792,96,슈퍼보리 팝업 - 북촌 팝업 | 팝가 Popga,20260305,20260720
/popup/7153,87,엔하이픈 엔친 팝업 - 용산 팝업 | 팝가 Popga,20260520,20260720
/popup/4052,60,나나크루 팝업 | 팝가 POPGA,20250919,20260720
/popup/5670,362,롬앤 X 누즈 미니 팝업 - 성수 팝업 | 팝가 Popga,20260223,20260720
/popup/2355,89,잔망루피 in 군항제 팝업 - 잔망루피 팝업 | 팝가 Popga,20250327,20260720
/popup/5775,57,오헤시오 팝업 - 강남 팝업 | 팝가 Popga,20260304,20260720
/popup/6929,65,소담상회with무신사 이벤트 - 성수 팝업 | 팝가 Popga,20260507,20260720
/popup/1290,33,올리언스 팝업 | 팝가 POPGA,20241207,20260720
/popup/6011,61,고스티 쇼룸 서울숲 가오픈 이벤트 - 서울숲 팝업 | 팝가 Popga,20260325,20260720
/popup/7021,232,이토엔 팝업 - 성수 팝업 | 팝가 Popga,20260513,20260720
/popup/6622,27,네오젠 X 슈야토야 팝업 - 구리 팝업 | 팝가 Popga,20260426,20260720
/popup/6347,10,알레르망 팝업 - 인천 팝업 | 팝가 Popga,20260415,20260720
/popup/5916,130,모드맨 플리마켓 - 합정 팝업 | 팝가 Popga,20260317,20260720
/popup/3397,209,스미스키 팝업 | 팝가 POPGA,20250728,20260720
/popup/6038,139,정샘물 X 얼루어 무빙 팝업 - 성수 팝업 | 팝가 Popga,20260327,20260720
/popup/5209,445,프리파라 팝업 - 건대 팝업 | 팝가 Popga,20260107,20260720
/popup/7302,2017,파파존스 x 토이스토리5 피자플래닛 - 성수 팝업 | 팝가 Popga,20260601,20260720
/popup/6354,97,나이스고스트클럽 플래그십 스토어 세일 이벤트 - 성수 팝업 | 팝가 Popga,20260415,20260720
/popup/7405,48,어노브 트럭 팝업 @성수 - 성수 팝업 | 팝가 Popga,20260606,20260720
/popup/1510,81,비바무역 팝업 | 팝가 POPGA,20250102,20260720
/popup/7163,135,파보리 팝업 - 성수 팝업 | 팝가 Popga,20260521,20260720
/popup/1554,292,루이비통 X 무라카미 다카시 팝업 | 팝가 POPGA,20250108,20260720
/popup/1671,200,플레이브 X 올리브영 팝업 - 명동 | 팝가 POPGA,20250120,20260720
/popup/1541,77,무신사 우먼즈 윈터 시즌오프 팝업 | 팝가 POPGA,20250106,20260720
/popup/6553,25,몰망트 팝업 - 종로 팝업 | 팝가 Popga,20260423,20260720
/popup/4026,181,COS 팝업 | 팝가 POPGA,20250917,20260720
/popup/1082,84,대웅제약 SAVE THE HERO 방탈출 팝업 | 팝가 POPGA,20241115,20260720
/popup/6621,10,제이에스티나 팝업 @노원 - 노원 팝업 | 팝가 Popga,20260426,20260720
/popup/5804,118,하이산 팝업 - 목동 팝업 | 팝가 Popga,20260306,20260720
/popup/4065,983,마루는 강쥐 팝업 - 마루의 숲 속 베이커리에 놀러와 | 팝가 Popga,20250919,20260720
/popup/5808,67,이니스프리 X 뷰티쁠 무빙 팝업 - 이니스프리 팝업 팝업 | 팝가 Popga,20260309,20260720
/popup/3573,202,위드썸 팝업 - 위드썸 팝업 팝업 | 팝가 Popga,20250807,20260720
/popup/6752,22,트렌디아 X 티디 팝업 - 노원 팝업 | 팝가 Popga,20260430,20260720
/popup/5909,441,클리어디어 프레시 마트 팝업 - 성수 팝업 | 팝가 Popga,20260317,20260720
/popup/7181,185,무신사 킥스 서머 시즌 팝업 @성수 - 성수 팝업 | 팝가 Popga,20260522,20260720
/popup/7111,180,ITZY 팝업 - Motto @성수 - 성수 팝업 | 팝가 Popga,20260519,20260720
/popup/2313,161,뭍 플래그십 스토어 오픈 이벤트 | 팝가 POPGA,20250321,20260720
/popup/6702,193,플룸 팝업 - 성수 팝업 | 팝가 Popga,20260428,20260720
/popup/7505,769,아르베 미니 팝업 - 성수 팝업 | 팝가 Popga,20260612,20260720
/popup/6000,152,아도르 팝업 - 성수 팝업 | 팝가 Popga,20260325,20260720
/popup/3180,266,오마케 팝업 - 수원 | 팝가 POPGA,20250701,20260720
/popup/3837,160,에스파 팝업 - 성수 꿀 리치 | 팝가 POPGA,20250901,20260720
/popup/7000,68,레이어드 팝업 - 성수 팝업 | 팝가 Popga,20260512,20260720
/popup/97,152,TENGA SHOP 팝업 - 텐가 팝업 | 팝가 Popga,20240801,20260720
/popup/5737,220,림버스 컴퍼니 3주년 팝업 - 여의도 - 여의도 팝업 | 팝가 Popga,20260227,20260720
/popup/5633,45,원파디 팝업 - 청담 팝업 | 팝가 Popga,20260219,20260720
/popup/765,54,무라아에르 팝업 | 팝가 POPGA,20241011,20260720
/popup/5786,226,<신경 쓰이는 사람이 남자가 아니었다> 팝업 - 홍대 팝업 | 팝가 Popga,20260305,20260720
/popup/7027,133,벨벳바니 이벤트 - 벨벳보이를 찾아라! - 성수 팝업 | 팝가 Popga,20260513,20260720
/popup/4161,498,팔란티어 팝업 | 팝가 Popga,20250930,20260720
/popup/4573,213,블루버드씨 팝업 - 외로움 보관소 - 성수 팝업 | 팝가 Popga,20251106,20260720
/popup/5894,855,<약사의 혼잣말> 원작 전시 - 용산 팝업 | 팝가 Popga,20260316,20260720
/popup/5591,65,브리즈앤다이브 팝업 - 당산 팝업 | 팝가 Popga,20260211,20260720
/popup/1530,29,루나리언스 팝업 | 팝가 POPGA,20250104,20260720
/popup/1509,101,플랫포인트 하남 팝업 | 팝가 POPGA,20250102,20260720
/popup/5622,417,올리브베러 뉴 웰니스 라운지 팝업 - 성수 팝업 | 팝가 Popga,20260217,20260720
/popup/6944,53,해픽 팝업 - 성수 팝업 | 팝가 Popga,20260508,20260720
/popup/7313,214,오키도 팝업 - 성수 팝업 | 팝가 Popga,20260531,20260720
/popup/7185,21,후르디아 팝업 - 동대문 팝업 | 팝가 Popga,20260523,20260720
/popup/1517,69,베이델리 팝업 | 팝가 POPGA,20250102,20260720
/popup/1590,71,삼성전자 AI 북 아카데미 팝업 | 팝가 POPGA,20250110,20260720
/popup/644,99,Nick nicole 팝업 | 팝가 POPGA,20240925,20260720
/popup/1670,1465,플레이브 X 올리브영 팝업 - 성수 | 팝가 POPGA,20250120,20260720
/popup/1876,602,사우스 코리안 파크 팝업 | 팝가 POPGA,20250213,20260720
/popup/932,208,베터 <비밀 문구점> 팝업 | 팝가 POPGA,20241029,20260720
/popup/1563,45,더베이지스 팝업 | 팝가 POPGA,20250108,20260720
/popup/2920,1270,팝가스토어 용산점 | 팝가 POPGA,20250605,20260720
/popup/2883,570,29CM 이구위크 취향 탐험대 팝업 | 팝가 POPGA,20250530,20260720
/popup/1827,194,슬릭 X T1 팝업 | 팝가 POPGA,20250210,20260720
/popup/2502,191,샌드뮤지엄 팝업 | 팝가 POPGA,20250414,20260720
/popup/5064,465,안경만두 팝업 in 서울 일러스트레이션 페어 - 강남 팝업 | 팝가 Popga,20251219,20260720
/popup/4258,586,진격의 거인 팝업 - 홍대 - 홍대 팝업 | 팝가 Popga,20251011,20260720
/popup/348,65,닥터포헤어 팝업 | 팝가 POPGA,20240819,20260720
/popup/3991,267,온고 팝업 | 팝가 POPGA,20250915,20260720
/popup/3430,329,도씨 팝업 | 팝가 POPGA,20250730,20260720
/popup/2623,61,포코리 프렌즈 팝업 | 팝가 POPGA,20250428,20260720
/popup/5634,311,온유 팝업 - TOUGH LOVE - 성수 팝업 | 팝가 Popga,20260219,20260720
/popup/7148,62,카시나 X 하이픈 아트 전시 - 강남 팝업 | 팝가 Popga,20260520,20260720
/popup/5325,280,글루글루 X BYTP 팝업 - 강남 팝업 | 팝가 Popga,20260116,20260720
/popup/6122,209,비플레인 팝업 - 녹두 스포일러 카페 - 성수 팝업 | 팝가 Popga,20260401,20260720
/popup/6258,129,뤂피드 고민상담소 앵콜이벤트 - 성수 팝업 | 팝가 Popga,20260409,20260720
/popup/5780,213,토미카 팝업 - 고양 - 고양 팝업 | 팝가 Popga,20260304,20260720
/popup/5946,536,넘버링 팝업 - 성수 팝업 | 팝가 Popga,20260319,20260720
/popup/5021,166,와사비베어 팝업 - 강남 - 강남 팝업 | 팝가 Popga,20251216,20260720
/popup/5912,773,베네데타 보롤리 팝업 - 성수 팝업 | 팝가 Popga,20260317,20260720
/popup/6977,184,혼다코리아 전시 - 성수 팝업 | 팝가 Popga,20260512,20260720
/popup/6316,132,로우라이즈 X 뷰티쁠 무빙 팝업 - 성수 팝업 | 팝가 Popga,20260413,20260720
/popup/5698,1116,룰루레몬 런 커뮤니티 라운지 이벤트 - 잠실 팝업 | 팝가 Popga,20260225,20260720
/popup/6006,82,PSK 퓨어스펙& 큐티 만다린 팝업 - 서울숲 - 뚝섬 팝업 | 팝가 Popga,20260325,20260720
/popup/5857,609,레인메이커스 뷰티원더랜드 팝업 - 성수 팝업 | 팝가 Popga,20260312,20260720
/popup/5822,319,로우백 팝업 - 성수 팝업 | 팝가 Popga,20260309,20260720
/popup/5843,747,Feenah THE DATE GALLERY - 성수 팝업 | 팝가 Popga,20260311,20260720
/popup/6708,164,AHC X 뷰티쁠 무빙 팝업 - 성수 팝업 | 팝가 Popga,20260428,20260720
/popup/6398,538,케이티풀데이 이벤트 - 성수 팝업 | 팝가 Popga,20260416,20260720
/popup/6703,226,랑벨 팝업 - 성수 팝업 | 팝가 Popga,20260428,20260720
/popup/7012,284,엔믹스 팝업 - Heavy Serenade - 성수 팝업 | 팝가 Popga,20260513,20260720
/popup/7640,148,타이니빌 팝업 - 수원 팝업 | 팝가 Popga,20260621,20260720
/popup/6587,285,뚜누 X 이구홈 성수 2 팝업 - 성수 팝업 | 팝가 Popga,20260424,20260720
/popup/7593,309,뷰티쁠 무빙 팝업 - 성수 팝업 | 팝가 Popga,20260617,20260720
/popup/5831,230,코첼랩 화이트데이 팝업 - 성수 팝업 | 팝가 Popga,20260310,20260720
/popup/7013,137,나이키스킴스 쇼케이스 이벤트 - 성수 팝업 | 팝가 Popga,20260513,20260720
/popup/1002,134,쿨키튼 팝업 | 팝가 POPGA,20241106,20260720
/popup/4068,92,반려식물 분양소 팝업 | 팝가 POPGA,20250919,20260720
/popup/5923,603,SSG 랜더스 X 이마트24 팝업 - 성수 팝업 | 팝가 Popga,20260317,20260720
/popup/2820,133,필킨 X 뷰티쁠 무빙팝업 | 팝가 POPGA,20250522,20260720
/popup/3389,83,리퀴드 데스 팝업 | 팝가 POPGA,20250728,20260720
/popup/1531,23,PEER X 더바이닐하우스 팝업 | 팝가 POPGA,20250104,20260720
/popup/3429,52,스트레스리스 팝업 | 팝가 POPGA,20250730,20260720
/popup/5542,22,노말리 팝업 - 강남 팝업 | 팝가 Popga,20260205,20260720
/popup/2729,305,케이스위스 팝업 | 팝가 POPGA,20250512,20260720
/popup/173,101,삼성강남x허쉬 팝업 | 팝가 POPGA,20240801,20260720
/popup/5688,106,페이퍼플레이트 플리마켓 - 성수 팝업 | 팝가 Popga,20260224,20260720
/popup/6735,13,피자팜비어 팝업 - 동탄 팝업 | 팝가 Popga,20260502,20260720
/popup/1561,153,수바코 팝업 - 대구 | 팝가 POPGA,20250108,20260720
/popup/3640,34,지베누어 팝업 | 팝가 POPGA,20250813,20260720
/popup/5827,42,소니엔젤 팝업 - 부산 - 부산 팝업 | 팝가 Popga,20260309,20260720
/popup/6737,32,리끌로우 팝업 - 수원 팝업 | 팝가 Popga,20260430,20260720
/popup/1571,23,셀럽제이 팝업 - 판교 - 셀럽제이 팝업 | 팝가 Popga,20250110,20260720
/popup/7057,230,박보영 전시 - Somewhere in Between - 성수 팝업 | 팝가 Popga,20260515,20260720
/popup/1515,154,오징어 게임2 X 웨이크메이크 X 브링그린 뷰티 서바이벌 홍대 팝업 | 팝가 POPGA,20250102,20260720
/popup/3853,193,몽키우드 팝업 | 팝가 POPGA,20250902,20260720
/popup/6425,133,메리퓨어 팝업 - 성수 팝업 | 팝가 Popga,20260417,20260720
/popup/5905,27,미미달 팝업 - 부산 - 부산 팝업 | 팝가 Popga,20260317,20260720
/popup/2325,178,웨어하우스 팝업 | 팝가 POPGA,20250324,20260720
/popup/1522,68,바이리네 팝업 | 팝가 POPGA,20250103,20260720
/popup/7099,87,이구키즈타운 이벤트 - 성수 팝업 | 팝가 Popga,20260518,20260720
/popup/428,60,줄라이 팝업 - 줄라이 캐리어 팝업 | 팝가 Popga,20240829,20260720
/popup/1007,37,앙시앙 팝업 - 페스츄리 크레페 팝업 | 팝가 Popga,20241107,20260720
/popup/6128,87,살구 X 선퍼니처 팝업 - 압구정 팝업 | 팝가 Popga,20260402,20260720
/popup/6022,160,오슬로우 빈티지 마켓 - 인천 - 인천 팝업 | 팝가 Popga,20260326,20260720
/popup/5345,363,노크 팝업 - 여의도 팝업 | 팝가 Popga,20260119,20260720
/popup/6490,459,화이트 타이거와 블랙 타이거 팝업 - 홍대 팝업 | 팝가 Popga,20260421,20260720
/popup/5756,901,삐아 생일 카페 이벤트 - 성수 팝업 | 팝가 Popga,20260303,20260720
/popup/3316,186,무빙브루어리 팝업 - 무빙브루어리 팝업 | 팝가 Popga,20250716,20260720
/popup/4711,201,곰돌찡 토끼찡이랑 파자마파티 팝업 - 여의도 팝업 | 팝가 Popga,20251119,20260720
/popup/1550,90,지도표 성경김 팝업 - 대전 | 팝가 POPGA,20250107,20260720
/popup/6913,136,나르시소 로드리게즈 X 뷰티쁠 무빙 팝업 - 성수 팝업 | 팝가 Popga,20260506,20260720
/popup/5980,55,마크모크 아카이브 세일 - 성북 팝업 | 팝가 Popga,20260323,20260720
/popup/3326,127,btf.kr 플리마켓 | 팝가 POPGA,20250717,20260720
/popup/1490,368,오징어 게임2 X 웨이크메이크 X 브링그린 뷰티 서바이벌 성수 팝업 | 팝가 POPGA,20241230,20260720
/popup/4299,639,무모한 상점 몬치치 팝업 - 성수 - 성수 팝업 | 팝가 Popga,20251014,20260720
/popup/2063,33,노매뉴얼 팝업 - 부천 - 노매뉴얼 팝업 | 팝가 Popga,20250304,20260720
/popup/5193,188,위글위글 팝업 - 홍대 팝업 | 팝가 Popga,20260102,20260720
/popup/3576,119,베리시 팝업 | 팝가 POPGA,20250807,20260720
/popup/6112,603,슬랙 팝업 - 캠프그라운드 - 강남 팝업 | 팝가 Popga,20260401,20260720
/popup/6108,255,앰플엔 팝업 - 성수 팝업 | 팝가 Popga,20260331,20260720
/popup/5449,93,시슬리 헤어 리추얼 팝업 - 명동 팝업 | 팝가 Popga,20260128,20260720
/popup/7520,291,카비시 X 하현상 팝업 - 잠실 팝업 | 팝가 Popga,20260613,20260720
/popup/6423,32,프렌즈앤야드 X 아워로그 팝업 - 성수 팝업 | 팝가 Popga,20260417,20260720
/popup/2403,771,케라스타즈 팝업 | 팝가 POPGA,20250402,20260720
/popup/3334,195,몽모의 이상한 동물원 팝업 - 대구 | 팝가 POPGA,20250718,20260720
/popup/4944,138,오피쉬 팝업 - 여의도 팝업 | 팝가 Popga,20251209,20260720
/popup/2345,189,윤숲 후르츠산도점 팝업 | 팝가 POPGA,20250326,20260720
/popup/5097,314,예스아이씨 아카이브 세일 팝업 - 성수 팝업 | 팝가 Popga,20251223,20260720
/popup/5865,1872,ZUTOMAYO 팬카페 이벤트 - 성수 팝업 | 팝가 Popga,20260312,20260720
/popup/5853,53,레스포색 롯데백화점 건대스타시티점 오픈 이벤트 - 건대 팝업 | 팝가 Popga,20260311,20260720
/popup/1358,154,드래곤볼 여의도 팝업 | 팝가 POPGA,20241214,20260720
/popup/5290,256,은하특급 밀키☆서브웨이 X 애니메이트 콜라보 카페 - 잠실 - 잠실 팝업 | 팝가 Popga,20260113,20260720
/popup/5725,1227,이클립스 팝업 - 이클립스 월드 : Into the tincase - 성수 팝업 | 팝가 Popga,20260227,20260720
/popup/2500,1007,딥티크 성수 부티크 오픈 이벤트 | 팝가 POPGA,20250411,20260720
/popup/7531,478,소담상회with무신사 이벤트 - 성수 팝업 | 팝가 Popga,20260615,20260720
/popup/608,53,웰빙익스프레스 팝업 | 팝가 POPGA,20240922,20260720
/popup/1565,28,119레오 팝업 | 팝가 POPGA,20250108,20260720
/popup/1644,78,테라오카 나츠미 X 세인트 루크마리 커피하우스 팝업 | 팝가 POPGA,20250116,20260720
/popup/1663,60,소소로와 팝업 - 대구 | 팝가 POPGA,20250118,20260720
/popup/3256,125,우주먼지 대구 팝업 - 팡이의 버블세탁소 | 팝가 POPGA,20250708,20260720
/popup/1568,137,아이돌마스터 신데렐라걸즈 - 고마움이 모이는 장소 전시 | 팝가 POPGA,20250109,20260720
/popup/3301,390,크록스 팝업 | 팝가 POPGA,20250714,20260720
/popup/3351,555,JAJU 팝업 | 팝가 POPGA,20250722,20260720
/popup/3357,1820,조앤프렌즈 팝업 | 팝가 POPGA,20250723,20260720
/popup/4812,2862,메타몽 팝업 - 메타몽의 시크릿 캡슐 맨션 - 잠실 팝업 | 팝가 Popga,20251127,20260720
/popup/2231,281,현대오픈디자인랩 팝업 | 팝가 POPGA,20250313,20260720
/popup/4294,184,브론즈윅 아메리칸 빈티지 팝업 - 잠실 팝업 | 팝가 Popga,20251014,20260720
/popup/5597,259,멜론 팝업 - 성수 팝업 | 팝가 Popga,20260211,20260720
/popup/4302,299,아비브 팝업 | 팝가 Popga,20251015,20260720
/popup/4680,75,마인드SOS 팝업 - 마음 ON STREET - 종로 팝업 | 팝가 Popga,20251117,20260720
/popup/5948,1775,롯데월드 아쿠아리움 X 쿠키런 전시 - 잠실 팝업 | 팝가 Popga,20260320,20260720
/popup/5201,833,에일리언스테이지 X 애니플러스 콜라보 카페 - 홍대 - 홍대 팝업 | 팝가 Popga,20260105,20260720
/popup/5473,211,라카 게릴라 이벤트 - 라카 팝업 팝업 | 팝가 Popga,20260130,20260720
/popup/6254,376,갈더마 팝업 - Skin SOS Week - 성수 팝업 | 팝가 Popga,20260409,20260720
/popup/4325,95,몽레브 팝업 | 팝가 Popga,20251016,20260720
/popup/6182,280,쿠키런 TCG 월드 챔피언십 이벤트 - 성수 팝업 | 팝가 Popga,20260407,20260720
/popup/1560,35,페이즈 팝업 - 대구 - 페이즈 팝업 | 팝가 Popga,20250108,20260720
/popup/1599,66,트루동 팝업 - 트루동 팝업 | 팝가 Popga,20250113,20260720
/popup/6194,341,구름토끼 팝업 - 성수 팝업 | 팝가 Popga,20260407,20260720
/popup/3680,163,왼그기그 팝업 - 왼그기그 팝업 팝업 | 팝가 Popga,20250819,20260720
/popup/6973,1298,김퇴사 팝업 - 퇴사게임천국 - 성수 팝업 | 팝가 Popga,20260511,20260720
/popup/1548,17,SOUP X 토티 작가 팝업 - 수원 - SOUP 팝업 | 팝가 Popga,20250108,20260720
/popup/7381,122,MAC X 뷰티쁠 무빙 팝업 - 성수 팝업 | 팝가 Popga,20260604,20260720
/popup/6942,125,뿔바투 X 위찌 팝업 - 성수 팝업 | 팝가 Popga,20260508,20260720
/popup/7330,173,메디필 게릴라 이벤트 - 성수 팝업 | 팝가 Popga,20260601,20260720
/popup/6722,172,THE GATHERING SEOUL 2026 - 성수 팝업 | 팝가 Popga,20260429,20260720
/popup/6664,516,순하리 팝업 - 순하리찐아일랜드 - 성수 팝업 | 팝가 Popga,20260427,20260720
/popup/6252,78,"이중섭 탄생 110주년 특별 전시 - 쓰다, 이중섭 - 시청 팝업 | 팝가 Popga",20260409,20260720
/popup/6585,88,더프리뷰 서울 with 신한카드 - 성수 팝업 | 팝가 Popga,20260424,20260720
/popup/6539,409,닥터지 무빙 팝업 - 성수 팝업 | 팝가 Popga,20260422,20260720
/popup/1707,41,한강 북라운지 팝업 - 광주 | 팝가 POPGA,20250123,20260720
/popup/5075,223,퇴마록 체험전 팝업 - 홍대 팝업 | 팝가 Popga,20251222,20260720
/popup/3176,108,팝가스토어 동대문점 | 팝가 POPGA,20250701,20260720
/popup/1513,19,르라레 팝업 | 팝가 POPGA,20250102,20260720
/popup/2448,52,리카리카 팝업 | 팝가 POPGA,20250407,20260720
/popup/7383,143,아닐로 플래그십 스토어 오픈 1주년 이벤트 - 성수 팝업 | 팝가 Popga,20260604,20260720
/popup/4699,239,니콘 팝업 - 니콘 스테이 - 안국 팝업 | 팝가 Popga,20251118,20260720
/popup/4149,152,해이원 팝업 - 해이원 팝업 팝업 | 팝가 Popga,20250929,20260720
/popup/7635,49,보물섬 팝업 - 부산 팝업 | 팝가 Popga,20260621,20260720
/popup/4123,61,K-Jewelry Joint 팝업 - 수출 중심 주얼리 브랜드 합동 팝업 | 팝가 POPGA,20250925,20260720
/popup/3353,271,"한 컷, 한 숨 전시 | 팝가 POPGA",20250722,20260720
/popup/1508,16,파운드포켓 팝업 | 팝가 POPGA,20250102,20260720
/popup/2395,389,트렌타로마 팝업 | 팝가 POPGA,20250401,20260720
/popup/5410,1512,네이밍 in 트렌드팟 바이 올리브영 성수 - 성수 팝업 | 팝가 Popga,20260126,20260720
/popup/4640,46,LMR 팝업 - LMR 팝업 팝업 | 팝가 Popga,20251112,20260720
/popup/6340,54,로타입 팝업 - 여의도 팝업 | 팝가 Popga,20260415,20260720
/popup/1557,145,뮤토모 팝업 - 뮤토모 팝업 | 팝가 Popga,20250108,20260720
/popup/2942,1917,2025 짱구 팝업 - 부산 | 팝가 Popga,20250609,20260720
/popup/3197,28,츄바스코 팝업 - 판교 - 츄바스코 팝업 | 팝가 Popga,20250702,20260720
/popup/5938,246,츠바키 X 제인마치 팝업 - 성수 팝업 | 팝가 Popga,20260318,20260720
/popup/5735,109,더티니핑 새학기 이벤트 - 성수 팝업 | 팝가 Popga,20260227,20260720
/popup/5968,232,엔카 팝업 - 성수 팝업 | 팝가 Popga,20260322,20260720
/popup/7098,424,세븐틴 미니틴 팝업 - 성수 팝업 | 팝가 Popga,20260518,20260720
/popup/5663,483,무직타이거 팝업 - 뚱랑이네 집들이 - 성수 팝업 | 팝가 Popga,20260223,20260720
/popup/2073,332,올리브영 유니버시티 팝업 | 팝가 POPGA,20250305,20260720
/popup/7230,102,Zine 전시 - 성수 팝업 | 팝가 Popga,20260526,20260720
/popup/4961,494,조앤프렌즈 팝업 - 홍대 - 홍대 팝업 | 팝가 Popga,20251210,20260720
/popup/6048,213,플르부아 팝업 - 성수 팝업 | 팝가 Popga,20260329,20260720
/popup/6928,249,소프트썸네일 팝업 - 성수 팝업 | 팝가 Popga,20260507,20260720
/popup/1026,120,짱구는 여행중 in 부산 팝업 | 팝가 POPGA,20241107,20260720
/popup/7422,282,라이즈 팝업 - ARCHIIVE² - 홍대 팝업 | 팝가 Popga,20260608,20260720
/popup/5840,467,"서울도시제조허브 3월 전시회 - 다시, 봄 - 성수 팝업 | 팝가 Popga",20260203,20260720
/popup/7207,226,쿤달 X 뷰티쁠 무빙 팝업 - 성수 팝업 | 팝가 Popga,20260525,20260720
/popup/1593,79,코치 X 마뗑킴 팝업 | 팝가 POPGA,20250113,20260720
/popup/4727,2205,엔믹스 팝업 - EPISODE 1: ZERO FRONTIER - 성수 팝업 | 팝가 Popga,20251120,20260720
/popup/1661,112,로제프란츠 팝업 | 팝가 POPGA,20250118,20260720
/popup/3274,533,막걸리위크 팝업 | 팝가 POPGA,20250710,20260720
/popup/733,1066,이명화 유난스토아 팝업 | 팝가 POPGA,20241008,20260720
/popup/2197,525,가비지타임 연재 6주년 기념카페 팝업 | 팝가 POPGA,20250310,20260720
/popup/1546,95,신년 운빨 제작소 팝업 - 수원 | 팝가 POPGA,20250107,20260720
/popup/3726,135,보아 데뷔 25주년 팝업 - Yellow Space by 25 | 팝가 POPGA,20250822,20260720
/popup/1687,78,토폴로지 팝업 - 대구 - 토폴로지 팝업 | 팝가 Popga,20250122,20260720
/popup/5726,692,시그닉 팝업 - 젤리 베어 스토어 - 성수 팝업 | 팝가 Popga,20260227,20260720
/popup/3759,93,BOWEN 팝업 - The Black House | 팝가 POPGA,20250826,20260720
/popup/7113,68,태양 팝업 - QUINTESSENCE - 용산 팝업 | 팝가 Popga,20260519,20260720
/popup/3580,273,자몽살구클럽 팝업 | 팝가 POPGA,20250808,20260720
/popup/6259,299,로제 앵콜 팝업 - one year of rosie - 부산 팝업 | 팝가 Popga,20260409,20260720
/popup/5799,65,민들레마음 팝업 - 성수 팝업 | 팝가 Popga,20260306,20260720
/popup/6699,277,렌즈미 성수점 이벤트 - LENSME MARKET - 성수 팝업 | 팝가 Popga,20260508,20260720
/popup/6991,144,로우라이즈 X 뷰티쁠 무빙 팝업 - 성수 팝업 | 팝가 Popga,20260512,20260720
/popup/6183,153,순수한면 무빙 팝업 - 성수 팝업 | 팝가 Popga,20260407,20260720
/popup/7789,79,언더더파고라 팝업 - 동대문 팝업 | 팝가 Popga,20260630,20260720
/popup/5761,181,프레젠띵 팝업 - 용산 팝업 | 팝가 Popga,20260303,20260720
/popup/3712,121,유동부 치아바타 팝업 - 유동부 치아바타 팝업 팝업 | 팝가 Popga,20250821,20260720
/popup/4368,37,"알록, 올리아, 루울 팝업 - My Special Edition | 팝가 Popga",20251021,20260720
/popup/1552,21,소프스튜디오 팝업 - 고양 | 팝가 POPGA,20250107,20260720
/popup/7516,1235,노브랜드버거 X 타바스코 팝업 - 성수 팝업 | 팝가 Popga,20260612,20260720
/popup/7496,71,봄날엔 팝업 @강남 - 강남 팝업 | 팝가 Popga,20260611,20260720
/popup/6068,148,닷사이 팝업 - 여의도 팝업 | 팝가 Popga,20260329,20260720
/popup/612,84,무등창고 광주X성수 팝업 | 팝가 POPGA,20240923,20260720
/popup/5039,136,무직타이거 팝업 - 뚱랑이랑 겨울 시티투어 in 서울 - 홍대 팝업 | 팝가 Popga,20251218,20260720
/popup/6540,33,호라이즌16 팝업 - 시청 팝업 | 팝가 Popga,20260422,20260720
/popup/5492,210,마몽드 X 츄파춥스 팝업 - 여의도 팝업 | 팝가 Popga,20260202,20260720
/popup/6694,160,킹스크로스 버터비어 팝업 - 성수 팝업 | 팝가 Popga,20260428,20260720
/popup/2306,132,자라 X 앤더슨벨 팝업 | 팝가 POPGA,20250321,20260720
/popup/6984,69,레이즈미야 팝업 - 용산 팝업 | 팝가 Popga,20260512,20260720
/popup/4181,62,다올상점 팝업 | 팝가 Popga,20251001,20260720
/popup/6481,255,오브제바이쿤달 X 뷰티쁠 무빙 팝업 - 성수 팝업 | 팝가 Popga,20260421,20260720
/popup/3765,735,포맨트 X 짱구 팝업 | 팝가 POPGA,20250826,20260720
/popup/4675,920,무신사 무진장 치트키 이벤트 - 성수 팝업 | 팝가 Popga,20251116,20260720
/popup/7540,670,소바바치킨 팝업 - 성수 팝업 | 팝가 Popga,20260615,20260720
/popup/1619,292,화엄사버거 팝업 | 팝가 POPGA,20250114,20260720
/popup/5605,119,Stay Your Flavor : 나의 커피 취향 찾기 프로그램 - 성수 팝업 | 팝가 Popga,20260212,20260720
/popup/1743,460,리락쿠마 X 팝퍼블 콜라보 팝업 - 부산 | 팝가 POPGA,20250201,20260720
/popup/5875,425,마크제이콥스 X 무라카미다카시 팝업 - 성수 팝업 | 팝가 Popga,20260315,20260720
/popup/3781,165,도토리카메라 팝업 - 도토리 카메라 팝업 팝업 | 팝가 Popga,20250827,20260720
/popup/998,93,어노브 이터널 아우라 성수 팝업 | 팝가 POPGA,20241109,20260720
/popup/1622,198,호즈미 포츈 하우스 전시 | 팝가 POPGA,20250114,20260720
/popup/5266,115,오늘의귀여움 팝업 - 청주 - 청주 팝업 | 팝가 Popga,20260112,20260720
/popup/7092,220,OFF BEACH TRUCK 팝업 - 성수 팝업 | 팝가 Popga,20260518,20260720
/popup/1103,63,유니클로 히트텍 요원 양성소 팝업 | 팝가 POPGA,20241118,20260720
/popup/1577,62,아이홉 팝업 | 팝가 POPGA,20250109,20260720
/popup/2453,242,쿠키런 팝업 - 대전 | 팝가 POPGA,20250408,20260720
/popup/2277,229,기아 언플러그드 그라운드 리뉴얼 오픈 이벤트 | 팝가 POPGA,20250318,20260720
/popup/4783,269,한국주택금융공사 팝업 - 성수 팝업 | 팝가 Popga,20251125,20260720
/popup/6075,222,센슬 팝업 - 성수 팝업 | 팝가 Popga,20260407,20260720
/popup/4433,253,안전가옥 팝업 | 팝가 Popga,20251027,20260720
/popup/3356,107,오이뮤 팝업 | 팝가 POPGA,20250723,20260720
/popup/6260,743,히로노 팝업 - 성수 팝업 | 팝가 Popga,20260409,20260720
/popup/4846,441,KKPP 해외탐방 보고회 - 세계로! 미래로! KKPP푸드 - 홍대 팝업 | 팝가 Popga,20251201,20260720
/popup/4572,231,에센셜 퍼퓸 팝업 - 성수 팝업 | 팝가 Popga,20251106,20260720
/popup/6282,249,소담상회with무신사 이벤트 - 성수 팝업 | 팝가 Popga,20260410,20260720
/popup/4406,448,러쉬 씨어터 팝업 - 무명배우의 욕실편 | 팝가 Popga,20251023,20260720
/popup/4815,54,팀버랜드 팝업 - 강남 팝업 | 팝가 Popga,20251127,20260720
/popup/5974,328,메디큐브 성수 이벤트 - 성수 팝업 | 팝가 Popga,20260323,20260720
/popup/6531,145,리벨라 팝업 - 성수 팝업 | 팝가 Popga,20260422,20260720
/popup/7420,273,필로토 팝업 - 뚝섬 팝업 | 팝가 Popga,20260608,20260720
/popup/7034,440,펍지 X 기아 언플러그드 그라운드 팝업 - 성수 팝업 | 팝가 Popga,20260514,20260720
/popup/6205,554,엔트로피 메이크업 팝업 - 성수 팝업 | 팝가 Popga,20260407,20260720
/popup/5871,205,소담상회with무신사 이벤트 - 성수 팝업 | 팝가 Popga,20260313,20260720
/popup/6985,304,토앤토 X 산리오캐릭터즈 팝업 - 성수 팝업 | 팝가 Popga,20260512,20260720
/popup/7837,101,이태원 플리마켓 - 이태원 팝업 | 팝가 Popga,20260703,20260720
/popup/5656,117,띠로리소프트 팝업 - 천사의 세탁소 - 홍대 팝업 | 팝가 Popga,20260222,20260720
/popup/822,74,풀떼기의 맛탐정사무소 팝업 | 팝가 POPGA,20241022,20260720
/popup/5445,81,레미레미 팝업 -서울 - 종로 팝업 | 팝가 Popga,20260128,20260720
/popup/846,126,캔디키튼스 팝업 | 팝가 POPGA,20241022,20260720
/popup/4633,90,몽댕 팝업 - 여의도 팝업 | 팝가 Popga,20251112,20260720
/popup/4730,141,삼성전자 오디세이 게임 스테이션 팝업 - 수원 - 수원 팝업 | 팝가 Popga,20251120,20260720
/popup/4419,73,무신사 뷰티 X 비더비 팝업 | 팝가 Popga,20251024,20260720
/popup/6030,117,김영사 팝업 - 여의도 팝업 | 팝가 Popga,20260326,20260720
/popup/4949,55,언타이틀 서울 팝업 - 용산 팝업 | 팝가 Popga,20251210,20260720
/popup/6957,59,씨야 팝업 - 여의도 팝업 | 팝가 Popga,20260511,20260720
/popup/7389,124,노복싱 노라이프 팝업 - 강남 팝업 | 팝가 Popga,20260605,20260720
/popup/486,31,포켓몬 팝업 - 포켓몬 팝업 | 팝가 Popga,20240904,20260720
/popup/7019,197,2026 GARAGE LIFE 페스티벌 - 성수 팝업 | 팝가 Popga,20260513,20260720
/popup/1848,89,뮤토모 팝업 - 대구 - 뮤토모 팝업 | 팝가 Popga,20250212,20260720
/popup/1794,356,미미미누의 행운가득 문방구 팝업 | 팝가 POPGA,20250206,20260720
/popup/4451,845,뚱마카세 짬뽕 포차 팝업 | 팝가 Popga,20251028,20260720
/popup/3903,129,르 라보 팝업 | 팝가 POPGA,20250905,20260720
/popup/4568,101,엠유티 팝업 - 여의도 팝업 | 팝가 Popga,20251106,20260720
/popup/5372,123,벤앤제리스 팝업 - 청주 - 청주 팝업 | 팝가 Popga,20260121,20260720
/popup/4434,107,마니랜드 팝업 - 반짝 행운상점 - 홍대 팝업 | 팝가 Popga,20251027,20260720
/popup/2775,88,업비트 피자데이 팝업 - 연세대학교 | 팝가 POPGA,20250516,20260720
/popup/1553,28,쓰리제로 팝업 - 고양 - 쓰리제로 팝업 | 팝가 Popga,20250107,20260720
/popup/4491,81,애즈온 팝업 - 강남 팝업 | 팝가 Popga,20251030,20260720
/popup/5947,576,원필 팝업 - Unpiltered Layers - 성수 팝업 | 팝가 Popga,20260319,20260720
/popup/7023,124,다이아몬드 레이라 팝업 - 성수 팝업 | 팝가 Popga,20260513,20260720
/popup/6982,210,부산 커피 위크 in 성수 - 성수 팝업 | 팝가 Popga,20260512,20260720
/popup/4329,52,명랑핫도그 X 쿵야 레스토랑즈 팝업 - 경주 | 팝가 Popga,20251016,20260720
/popup/7082,645,백야의 꽃길 콜라보 카페 - 성수 팝업 | 팝가 Popga,20260518,20260720
/popup/2387,692,서울 가든페스타 | 팝가 POPGA,20250331,20260720
/popup/2708,335,프랭클리 팝업 | 팝가 POPGA,20250508,20260720
/popup/1556,251,던전밥 팝업 | 팝가 POPGA,20250108,20260720
/popup/3136,348,eoa 팝업 | 팝가 POPGA,20250625,20260720
/popup/714,55,RAMAHOME X STUDIO WOM 팝업 | 팝가 POPGA,20241002,20260720
/popup/5095,557,베리즈 팝업 - 여의도 팝업 | 팝가 Popga,20251223,20260720
/popup/5113,205,너를 찾는 파도 X 투니크 콜라보 카페 - 홍대 - 홍대 팝업 | 팝가 Popga,20251224,20260720
/popup/4111,52,키티버니포니 오픈 이벤트 - 키티버니포니 이벤트 팝업 | 팝가 Popga,20250925,20260720
/popup/5708,441,블랙핑크 팝업 - 성수 - 성수 팝업 | 팝가 Popga,20260225,20260720
/popup/6850,1468,올리브영X포켓몬 컨셉스토어 - 성수 팝업 | 팝가 Popga,20260501,20260720
/popup/7065,562,"쿠팡콜라보클럽 <READY, SET, 덕력호> 팝업스토어 - 홍대 팝업 | 팝가 Popga",20260515,20260720
/popup/6710,925,유튜브 팬페스트 코리아 2026 팝업 - 성수 팝업 | 팝가 Popga,20260428,20260720
/popup/8053,34,콜로신스 팝업 - 홍대 팝업 | 팝가 Popga,20260716,20260720
/popup/7089,154,테디스베이글 팝업 - 성수 팝업 | 팝가 Popga,20260518,20260720
/popup/6651,143,이상한 K뷰티 : 엄마의 서랍 - 중구 팝업 | 팝가 Popga,20260427,20260720
/popup/12,88,시크릿데이 생리대 피팅룸 팝업 - secretday 팝업 | 팝가 Popga,20240801,20260720
/popup/6189,162,빵타지아 부산 in 성수 팝업 - 성수 팝업 | 팝가 Popga,20260407,20260720
/popup/6723,67,한국무지개금거래소 팝업 - 종로 팝업 | 팝가 Popga,20260430,20260720
/popup/7170,61,코브 팝업 - 성수 팝업 | 팝가 Popga,20260521,20260720
/popup/5581,56,에이티즈 X 이마트24 팝업 - 성수 - 성수 팝업 | 팝가 Popga,20260210,20260720
/popup/4748,381,제철 맞은 김밥 팝업 - 종로 팝업 | 팝가 Popga,20251121,20260720
/popup/107,39,스폰지밥 25주년 부산 팝업 | 팝가 POPGA,20240806,20260720
/popup/7833,80,해탈컴퍼니 팝업 - 부산 팝업 | 팝가 Popga,20260703,20260720
/popup/4443,204,쿠어 팝업 - 잠실 팝업 | 팝가 Popga,20251027,20260720
/popup/1841,438,본작 팝업 | 팝가 POPGA,20250211,20260720
/popup/2626,344,엑스텐디드아이덴티티 팝업 | 팝가 POPGA,20250429,20260720
/popup/3529,149,팝가스토어 용산점 | 팝가 POPGA,20250804,20260720
/popup/536,139,ETCE 팝업 - ETCE 팝업 | 팝가 Popga,20240913,20260720
/popup/5211,210,메이드바이 행운맨숀 팝업 - 홍대 - 홍대 팝업 | 팝가 Popga,20260106,20260720
/popup/5387,99,더바넷 아카이브 세일 이벤트 - 용산 팝업 | 팝가 Popga,20260122,20260720
/popup/3524,63,토담 작가 전시 - ? By Todam | 팝가 POPGA,20250804,20260720
/popup/171,141,배틀그라운드 팝업 | 팝가 POPGA,20240802,20260721
/popup/1443,165,바나나맛우유 팝업 | 팝가 POPGA,20241223,20260721
/popup/1023,274,NCT DREAM 성수동 팝업 | 팝가 POPGA,20241107,20260721
/popup/740,287,테디테일즈 X 데이지크 팝업 | 팝가 POPGA,20241008,20260721
/popup/3808,246,2025 오늘 전통 축제 - Modern Korean Lifestyle | 팝가 POPGA,20250829,20260721
/popup/2690,202,크록스 X 스와로브스키 팝업 - 성수 | 팝가 POPGA,20250507,20260721
/popup/1578,182,시에라디자인 팝업 | 팝가 POPGA,20250109,20260721
/popup/4304,144,메종본뉘 하우스 팝업 | 팝가 Popga,20251015,20260721
/popup/5177,1314,맥 파우더 키스 팝업 - 성수 팝업 | 팝가 Popga,20251231,20260721
/popup/3958,220,토미카 팝업 - 토미카 팝업 팝업 | 팝가 Popga,20250911,20260721
/popup/5674,715,나이키스킴스 팝업 - 성수 팝업 | 팝가 Popga,20260223,20260721
/popup/1721,145,플랫포인트 팝업 - 판교 | 팝가 POPGA,20250130,20260721
/popup/3826,166,호텔파리칠 팝업 | 팝가 POPGA,20250901,20260721
/popup/5518,114,미드나잇무브 팝업 - 성수 팝업 | 팝가 Popga,20260204,20260721
/popup/5561,65,베리즈 팝업 - 잠실 팝업 | 팝가 Popga,20260209,20260721
/popup/5085,293,일룸 전시 - 공부하는 집: 작은 작업자의 리듬 - 잠실 팝업 | 팝가 Popga,20251223,20260721
/popup/7186,354,나이스고스트클럽 X 카우보이 비밥 팝업 @성수 - 성수 팝업 | 팝가 Popga,20260523,20260721
/popup/5462,477,웨이크메이크 팝업 - 성수 팝업 | 팝가 Popga,20260129,20260721
/popup/5933,39,GDC X 미야기히데타카 팝업 - 성수 팝업 | 팝가 Popga,20260318,20260721
/popup/6081,415,코쿤의 사적인 커피 작업실 - 성수 팝업 | 팝가 Popga,20260330,20260721
/popup/4310,176,벤슨 X 엔믹스 팝업 | 팝가 Popga,20251015,20260721
/popup/4771,1497,올데이프로젝트 팝업 - 성수 팝업 | 팝가 Popga,20251125,20260721
/popup/5261,192,쏘쏘사라다 - 여의도 - 여의도 팝업 | 팝가 Popga,20260110,20260721
/popup/5553,129,청월당 팝업 - 판교 - 판교 팝업 | 팝가 Popga,20260206,20260721
/popup/7043,120,몰든 팝업 - 성수 팝업 | 팝가 Popga,20260514,20260721
/popup/6095,452,사르투 팝업 - 성수 팝업 | 팝가 Popga,20260331,20260721
/popup/6455,31,세렝게티커피 팝업 - 잠실 팝업 | 팝가 Popga,20260420,20260721
/popup/5482,569,블랙핑크 팝업 - 유어 에리어 리그 콜렉션 - 성수 팝업 | 팝가 Popga,20260201,20260721
/popup/7214,149,겐조 팝업 - 성수 팝업 | 팝가 Popga,20260525,20260721
/popup/7287,487,오클리 팝업 - 성수 팝업 | 팝가 Popga,20260529,20260721
/popup/7547,1039,잉가 X 무신사뷰티 팝업 - 성수 팝업 | 팝가 Popga,20260615,20260721
/popup/3433,486,토리든 X 가나디 in 올리브영 홍대타운 | 팝가 POPGA,20250730,20260721
/popup/1633,63,봄사무소 X 라이크디즈 팝업 | 팝가 POPGA,20250116,20260721
/popup/7105,90,아이딧 팝업 - 성수 팝업 | 팝가 Popga,20260519,20260721
/popup/6868,325,앙개 팝업 - 성수 팝업 | 팝가 Popga,20260430,20260721
/popup/6487,378,아이 헤이트 에브리띵 팝업 - 성수 팝업 | 팝가 Popga,20260421,20260721
/popup/6642,35,바샤커피 팝업 @광주 - 광주 팝업 | 팝가 Popga,20260427,20260721
/popup/5937,57,잭코백 팝업 - 잠실 팝업 | 팝가 Popga,20260318,20260721
/popup/7322,60,홈리스 팝업 - 성수 팝업 | 팝가 Popga,20260601,20260721
/popup/7222,274,조니워커 팝업 - 블랙 루비 셰리 나잇 - 서초 팝업 | 팝가 Popga,20260526,20260721
/popup/5507,234,나이키 팝업 - 맥스인쇄소 - 성수 팝업 | 팝가 Popga,20260203,20260721
/popup/5439,120,캐릭터라인 팝업 - 대구 - 대구 팝업 | 팝가 Popga,20260127,20260721
/popup/5606,74,히어로즈 오브 코리아 팝업 - 여의도 팝업 | 팝가 Popga,20260212,20260721
/popup/7211,101,스포티앤리치 팝업 - 성수 팝업 | 팝가 Popga,20260525,20260721
/popup/5818,88,스킨즈 팝업 - 여의도 팝업 | 팝가 Popga,20260309,20260721
/popup/8045,311,리프 팝업 - 성수 팝업 | 팝가 Popga,20260716,20260721
/popup/7142,55,궤도 플리마켓 - 성수 팝업 | 팝가 Popga,20260520,20260721
/popup/5910,73,플레이인더박스 팝업 - 강남 팝업 | 팝가 Popga,20260317,20260721
/popup/626,104,김퇴사 팝업 | 팝가 POPGA,20240923,20260721
/popup/7764,243,탄산마그네슘 X 안녕자두야 팝업 - 잠실 팝업 | 팝가 Popga,20260630,20260721
/popup/6009,65,김미더영 개러지 세일 팝업 - 성수 팝업 | 팝가 Popga,20260325,20260721
/popup/7613,242,폴라로이드 팝업 - 강남 팝업 | 팝가 Popga,20260619,20260721
/popup/7106,53,밀레 팝업 - 성수 팝업 | 팝가 Popga,20260519,20260721
/popup/4920,231,뉴스킨 2025 프리즘iO 팝업 - 성수 팝업 | 팝가 Popga,20251208,20260721
/popup/6701,39,그린라이트 X 애니미니 팝업 - 강남 팝업 | 팝가 Popga,20260428,20260721
/popup/4665,80,위드토리 팝업 - 여의도 팝업 | 팝가 Popga,20251114,20260721
/popup/5547,61,탐나다 빈티지 팝업 - 성수 팝업 | 팝가 Popga,20260206,20260721
/popup/6145,124,엔디피 팝업 - 성수 팝업 | 팝가 Popga,20260403,20260721
/popup/6348,24,정남미명과 팝업 - 인천 팝업 | 팝가 Popga,20260415,20260721
/popup/7321,43,센티멍 팝업 - 용산 팝업 | 팝가 Popga,20260601,20260721
/popup/6330,91,빤쮸토끼 팝업 @대구 - 대구 팝업 | 팝가 Popga,20260414,20260721
/popup/6142,30,리슬립 팝업 - 여의도 팝업 | 팝가 Popga,20260405,20260721
/popup/7718,41,피아바 팝업 - 대구 팝업 | 팝가 Popga,20260625,20260721
/popup/6561,31,바하윤 아카이브 세일 - 성수 팝업 | 팝가 Popga,20260423,20260721
/popup/5238,83,톰과 제리 팝업 - 부산 - 부산 팝업 | 팝가 Popga,20260108,20260721
/popup/1014,36,조선양봉 분당 팝업 - 조선양봉 팝업 | 팝가 Popga,20241106,20260721
/popup/6934,272,헤븐리젤리 팝업 - 성수 팝업 | 팝가 Popga,20260508,20260721
/popup/6874,412,롬앤창고 팝업 - 성수 팝업 | 팝가 Popga,20260504,20260721
/popup/6753,11,라운드 어바웃 팝업 - 노원 팝업 | 팝가 Popga,20260430,20260721
/popup/2867,193,로레알 프로페셔널 X 와이오유 성수 팝업 | 팝가 POPGA,20250528,20260721
/popup/1147,51,빨강머리 앤 팝업 | 팝가 POPGA,20241125,20260721
/popup/4066,508,2025 SUPER 한돈 페스타 팝업 | 팝가 Popga,20250919,20260721
/popup/7084,35,디어달리아 X 따옴 팝업 - 성수 팝업 | 팝가 Popga,20260518,20260721
/popup/2269,582,왓어브레드 팝업 | 팝가 POPGA,20250318,20260721
/popup/6031,79,아우 팝업 - 성수 팝업 | 팝가 Popga,20260326,20260721
/popup/7002,82,스위스밀리터리 팝업 - 건대 팝업 | 팝가 Popga,20260512,20260721
/popup/4198,199,이이이알알알 팝업 | 팝가 Popga,20251002,20260721
/popup/6665,512,스타워즈 데이 2026 in 잠실 - 잠실 팝업 | 팝가 Popga,20260427,20260721
/popup/6630,32,동경생초코파이 팝업 @동탄 - 동탄 팝업 | 팝가 Popga,20260426,20260721
/popup/4530,553,빼빼로 팝업 - 성수 팝업 | 팝가 Popga,20251104,20260721
/popup/995,40,제로이드 팝업 | 팝가 POPGA,20241106,20260721
/popup/6796,56,포르투나타 팝업 - 울산 팝업 | 팝가 Popga,20260430,20260721
/popup/5798,91,조앤프렌즈 팝업 - 부산 - 부산 팝업 | 팝가 Popga,20260306,20260721
/popup/7454,117,왼그기그 팝업 - 대전 팝업 | 팝가 Popga,20260609,20260721
/popup/5225,429,나체 팝업 - 성수 팝업 | 팝가 Popga,20260107,20260721
/popup/6221,55,로컬편의점 팝업 - 용산 팝업 | 팝가 Popga,20260408,20260721
/popup/5465,75,스와로브스키 팝업 - 강남 팝업 | 팝가 Popga,20260129,20260721
/popup/6190,106,히나쿠우 팝업 @서면 - 부산 팝업 | 팝가 Popga,20260407,20260721
/popup/6249,808,리카리카 X 산리오캐릭터즈 성수 팝업 - 성수 팝업 | 팝가 Popga,20260409,20260721
/popup/3488,50,나보소 X 테비 팝업 | 팝가 POPGA,20250731,20260721
/popup/2421,462,지그재그 직잭뷰티 팝업 | 팝가 POPGA,20250403,20260721
/popup/5952,103,샌디스크 X 스누피 팝업 - 용산 팝업 | 팝가 Popga,20260320,20260721
/popup/6961,257,루시 팝업 - 여의도 팝업 | 팝가 Popga,20260511,20260721
/popup/5523,77,모애쿠 마켓 팝업 - 신촌 팝업 | 팝가 Popga,20260204,20260721
/popup/3598,3082,나가노마켓 팝업 | 팝가 POPGA,20250811,20260721
/popup/4493,98,명조 X 반올림피자 팝업 | 팝가 Popga,20251031,20260721
/popup/6941,133,질바이질스튜어트 팝업 - 성수 팝업 | 팝가 Popga,20260508,20260721
/popup/4580,1017,스킴스 팝업 - 성수 - 성수 팝업 | 팝가 Popga,20251107,20260721
/popup/6195,327,디지몬 어드벤처 X 오마케 앵콜 콜라보 카페 - 신촌 팝업 | 팝가 Popga,20260407,20260721
/popup/6945,26,이랩 팝업 - 종로 팝업 | 팝가 Popga,20260508,20260721
/popup/4164,1845,이누야샤 콜라보 카페 | 팝가 Popga,20250930,20260721
/popup/3234,638,오프사이드 팝업 | 팝가 POPGA,20250704,20260721
/popup/7283,378,하나히 팝업 - 성수 팝업 | 팝가 Popga,20260529,20260721
/popup/4507,675,토니모리 <주토피아> 팝업스토어 in 올리브영 홍대타운 | 팝가 Popga,20251101,20260721
/popup/6139,168,디오스피스 X 바운더리 팝업 - 성수 팝업 | 팝가 Popga,20260403,20260721
/popup/5769,183,뭉 팝업 - 성수 팝업 | 팝가 Popga,20260304,20260721
/popup/4409,55,얼터드퓨쳐 팝업 | 팝가 Popga,20251024,20260721
/popup/6164,418,벤앤제리스 팝업 - 성수 팝업 | 팝가 Popga,20260405,20260721
/popup/1138,112,쇼레이어드 팝업 | 팝가 POPGA,20241122,20260721
/popup/6654,206,이악크래프트 팝업 - 성수 팝업 | 팝가 Popga,20260427,20260721
/popup/5966,347,나이스고스트클럽 플래그십 스토어 이벤트 - 성수 팝업 | 팝가 Popga,20260322,20260721
/popup/4551,175,취 쌀향 팝업 | 팝가 Popga,20251105,20260721
/popup/7442,856,"ICE ON, The frozen moment in 무신사 메가스토어 - 성수 팝업 | 팝가 Popga",20260610,20260721
/popup/6472,1350,라로슈포제 팝업 - UV 스타디움 - 라로슈포제 팝업 팝업 | 팝가 Popga,20260420,20260721
/popup/7004,145,웨이든 X 무하마드 알리 팝업 - 성수 팝업 | 팝가 Popga,20260512,20260721
/popup/3777,185,"이솝 팝업 - Above Us, Steorra | 팝가 POPGA",20250827,20260721
/popup/5925,147,웰라쥬 X 뷰티쁠 무빙 팝업 - 성수 팝업 | 팝가 Popga,20260318,20260721
/popup/1347,55,오뚜기 X 귤메달 크리스마스 팝업 | 팝가 POPGA,20241212,20260721
/popup/6679,77,봄날엔 팝업 @대구 - 대구 팝업 | 팝가 Popga,20260427,20260721
/popup/5999,316,Spotify X BTS SWIMSIDE - 여의도 팝업 | 팝가 Popga,20260326,20260721
/popup/7301,220,이든빈 팝업 - 성수 팝업 | 팝가 Popga,20260529,20260721
/popup/7495,19,봄날엔 팝업 @의왕 - 의왕 팝업 | 팝가 Popga,20260611,20260721
/popup/2044,116,곽철이 X 더 닐라이 콜라보 카페 | 팝가 POPGA,20250228,20260721
/popup/1301,1080,와인킹 팝업 | 팝가 POPGA,20241209,20260721
/popup/1120,111,나이스웨더 엔트로피 메이크업 팝업 | 팝가 POPGA,20241120,20260721
/popup/2780,1180,아멜리 팝업 | 팝가 POPGA,20250516,20260721
/popup/3096,119,"타시로, 너란 녀석은 X 애니메이트 콜라보 카페 - 부산 - 타시로 너란녀석은 팝업 | 팝가 Popga",20250620,20260721
/popup/1618,39,명랑핫도그 팝업 - 고양 | 팝가 POPGA,20250115,20260721
/popup/2715,4114,아니메쥬와 지브리 전시 | 팝가 POPGA,20250509,20260721
/popup/3231,208,글로니 팝업 | 팝가 POPGA,20250704,20260721
/popup/3150,144,뷰티쁠 유니버스 썸머 인 서울 무빙팝업 | 팝가 POPGA,20250627,20260721
/popup/2601,948,헌터퐝 팝업 | 팝가 Popga,20250425,20260721
/popup/1927,83,라운드랩 X 아무로키 팝업 | 팝가 POPGA,20250218,20260721
/popup/2484,1898,삼성 라이온즈 X 바오패밀리 팝업 - 대구 | 팝가 POPGA,20250410,20260721
/popup/2519,173,원신 X 박카스맛 젤리 팝업 | 팝가 POPGA,20250415,20260721
/popup/3235,573,센녹 팝업 | 팝가 POPGA,20250704,20260721
/popup/1730,331,위캔더스 팝업 - WEEKENDERS 팝업 | 팝가 Popga,20250131,20260721
/popup/3097,503,레진 <아침이 밝았습니다> 팝업 | 팝가 POPGA,20250620,20260721
/popup/83,47,레고트 텀블러 꾸미기 팝업 - 레고트 팝업 | 팝가 Popga,20240801,20260721
/popup/4545,584,명란리소금밭 팝업 - 여의도 팝업 | 팝가 Popga,20251105,20260721
/popup/4037,719,컬리 뷰티 페스타 2025 | 팝가 Popga,20250918,20260721
/popup/4422,687,세타필 SkinLABS 팝업 - 민감피부 수사 연구소 | 팝가 Popga,20251024,20260721
/popup/4678,416,2025 마마 어워즈 팝업 - 강남 팝업 | 팝가 Popga,20251117,20260721
/popup/4234,339,Flea Your Mind 플리마켓 | 팝가 Popga,20251005,20260721
/popup/5218,439,스코시즘 팝업 - 강남 팝업 | 팝가 Popga,20260106,20260721
/popup/4778,1583,뱅드림 전시 - 10주년의 궤적展 - 홍대 팝업 | 팝가 Popga,20251125,20260721
/popup/5640,74,미니 X 폴 스미스 팝업 전시 - 용산 팝업 | 팝가 Popga,20260219,20260721
/popup/4215,315,지박소년 하나코 군 2기 콜라보 카페 - 부산 - 부산 팝업 | 팝가 Popga,20251003,20260721
/popup/5468,711,스미코구라시 팝업 - 용산 팝업 | 팝가 Popga,20260130,20260721
/popup/85,46,뉴믹스 new mix coffee 팝업 - 뉴믹스 팝업 | 팝가 Popga,20240801,20260721
/popup/4973,636,쿠키런 팝업 - 사라진 국가유산을 찾아서 - 을지로 팝업 | 팝가 Popga,20251211,20260721
/popup/7323,342,소흘 X 쏘비 팝업 - 성수 팝업 | 팝가 Popga,20260601,20260721
/popup/5901,308,샌드릭 팝업 - 성수 팝업 | 팝가 Popga,20260316,20260721
/popup/5231,1167,룸 포 원더: 상상의 문을 열다 전시 - 성수 팝업 | 팝가 Popga,20260108,20260721
/popup/4314,283,리얼베리어 X 뷰티쁠 무빙 팝업 | 팝가 Popga,20251015,20260721
/popup/5549,956,달빛천사 팝업 - 홍대 팝업 | 팝가 Popga,20260206,20260721
/popup/6355,203,게스 팝업 - 성수 팝업 | 팝가 Popga,20260415,20260721
/popup/6144,208,베루툼 팝업 - 성수 팝업 | 팝가 Popga,20260403,20260721
/popup/3663,179,리끌로우 팝업 | 팝가 POPGA,20250818,20260721
/popup/5874,653,무신사 킥스 성수 오픈 이벤트 - 성수 팝업 | 팝가 Popga,20260313,20260721
/popup/5646,63,소소이지 팝업 - 여의도 팝업 | 팝가 Popga,20260220,20260721
/popup/6363,73,아이돈워너셀 팝업 - 여의도 팝업 | 팝가 Popga,20260415,20260721
/popup/5662,287,아따맘마 X 비온아넥스 콜라보 카페 - 홍대 팝업 | 팝가 Popga,20260222,20260721
/popup/7009,277,이모야킨지로 팝업 - 강남 팝업 | 팝가 Popga,20260513,20260721
/popup/7480,236,플레이인더박스 팝업 - 용산 팝업 | 팝가 Popga,20260611,20260721
/popup/7066,185,연세유업 팝업 - 빵빵랜드 - 홍대 팝업 | 팝가 Popga,20260517,20260721
/popup/3638,51,욜프 골프 팝업 | 팝가 POPGA,20250813,20260721
/popup/6727,697,[ 피브 X 무신사 ] POP THAT BUBBLE! 팝업스토어 - 성수 팝업 | 팝가 Popga,20260501,20260721
/popup/6473,217,키르시 블렌딩 X 오프뷰티 팝업 - 성수 팝업 | 팝가 Popga,20260420,20260721
/popup/6884,134,노빅딜 팝업 - 여의도 팝업 | 팝가 Popga,20260504,20260721
/popup/7797,1268,성분에디터 팝업 - 그린 토마토 마켓 - 성수 팝업 | 팝가 Popga,20260701,20260721
/popup/2665,80,메이크어토스트 팝업 | 팝가 POPGA,20250502,20260721
/popup/7610,463,현대기물 & 박그릇 팝업 - 잠실 팝업 | 팝가 Popga,20260618,20260721
/popup/7926,281,굿바이 스위치 팝업 - 성수 팝업 | 팝가 Popga,20260708,20260721
/popup/7470,213,취사병 전설이 되다 팝업 - 용산 팝업 | 팝가 Popga,20260610,20260721
/popup/7886,62,라벨 아카이브 팝업 - 홍대 팝업 | 팝가 Popga,20260707,20260721
/popup/378,185,베이글리스트 X 라크루뜨서울 더현대 서울 팝업 | 팝가 POPGA,20240822,20260721
/popup/4998,1082,캐릭캐릭 체인지 X 애니메이트 콜라보 카페 - 홍대 팝업 | 팝가 Popga,20251215,20260721
/popup/7418,96,아이썸머리 팝업 - 용산 팝업 | 팝가 Popga,20260608,20260721
/popup/6353,49,무신사 스탠다드 X 노홍철 팝업 @명동 - 명동 팝업 | 팝가 Popga,20260415,20260721
/popup/6918,97,페일제이드 팝업 - 여의도 팝업 | 팝가 Popga,20260507,20260721
/popup/7168,60,플리츠마마 트럭 팝업 - 플마에코트럭 - 성수 팝업 | 팝가 Popga,20260521,20260721
/popup/6989,103,길라 아카이브 X 마이네임이즈피터 팝업 - 성수 팝업 | 팝가 Popga,20260512,20260721
/popup/7402,43,소마르 팝업스토어 및 가죽공예클래스 - 성북 팝업 | 팝가 Popga,20260605,20260721
/popup/1635,297,외모지상주의 종건잡기 팝업 | 팝가 POPGA,20250116,20260721
/popup/941,54,온브릭스 분당 팝업 | 팝가 POPGA,20241029,20260721
/popup/7300,102,펜필드 X 쿤스트호이테 팝업 - 성수 팝업 | 팝가 Popga,20260529,20260721
/popup/7260,47,604서비스 팝업 - 성수 팝업 | 팝가 Popga,20260527,20260721
/popup/5727,67,트루타월 팝업 - 여의도 팝업 | 팝가 Popga,20260227,20260721
/popup/6681,31,일룸키즈 팝업 - 울산 팝업 | 팝가 Popga,20260427,20260721
/popup/6404,497,룩트 팝업 - 잠실 팝업 | 팝가 Popga,20260416,20260721
/popup/7152,61,낫포너드 아카이브 세일 - 성수 팝업 | 팝가 Popga,20260520,20260721
/popup/6731,30,리티다움 팝업 - 여의도 팝업 | 팝가 Popga,20260429,20260721
/popup/5573,25,바디앤 팝업 - 판교 - 판교 팝업 | 팝가 Popga,20260210,20260721
/popup/6457,223,이양 팝업 - 성수 팝업 | 팝가 Popga,20260420,20260721
/popup/7377,93,크록스 X NCT WISH 팝업 - 홍대 팝업 | 팝가 Popga,20260604,20260721
/popup/6716,127,달링유어배드 팝업 - 성수 팝업 | 팝가 Popga,20260429,20260721
/popup/3081,140,로보락 팝업 | 팝가 POPGA,20250619,20260721
/popup/4770,160,빅쏘갤러리 팝업 - 홍대 팝업 | 팝가 Popga,20251125,20260721
/popup/6931,66,SHINYAKOZUKA 팝업 - 성수 팝업 | 팝가 Popga,20260508,20260721
/popup/4183,125,써코니 팝업 - 엔돌핀 | 팝가 Popga,20251001,20260721
/popup/5677,138,사과당 팝업 - 홍대 팝업 | 팝가 Popga,20260223,20260721
/popup/5718,96,카키스 X 논네이티브 팝업 - 성수 팝업 | 팝가 Popga,20260226,20260721
/popup/6963,37,오들리워크샵 팝업 - 성수 팝업 | 팝가 Popga,20260511,20260721
/popup/1193,41,가나 행복사서함 팝업 - 성수 팝업 | 팝가 Popga,20241129,20260721
/popup/5026,856,세가 팝업 - 홍대 팝업 | 팝가 Popga,20251217,20260721
/popup/1285,385,칠성사이다 팝업 | 팝가 POPGA,20241206,20260721
/popup/6878,289,조셉앤스테이시 X 몬치치 팝업 - 강남 팝업 | 팝가 Popga,20260504,20260721
/popup/1916,26,명랑핫도그 팝업 - 미아 | 팝가 POPGA,20250218,20260721
/popup/7271,630,2026 스크럽대디 팝업스토어 - 잠실 팝업 | 팝가 Popga,20260528,20260721
/popup/7708,1340,오어스 팝업 - 성수 팝업 | 팝가 Popga,20260625,20260721
/popup/7772,310,토마토맛 도시락 시식회 - 홍대 팝업 | 팝가 Popga,20260630,20260721
/popup/3755,448,애니모어 팝업 - 애니모어 팝업 팝업 | 팝가 Popga,20250825,20260721
/popup/6530,111,러브캣 팝업 - 성수 팝업 | 팝가 Popga,20260422,20260721
/popup/6334,102,퍼스널오운 팝업 - 성수 팝업 | 팝가 Popga,20260414,20260721
/popup/630,33,카타리나 팝업 | 팝가 POPGA,20240924,20260721
/popup/3702,758,토심이 팝업 | 팝가 POPGA,20250820,20260721
/popup/6079,229,샌드사운드 팝업 - 성수 팝업 | 팝가 Popga,20260330,20260721
/popup/4865,2345,하츠네미쿠 팝업 - 홍대 팝업 | 팝가 Popga,20251202,20260721
/popup/3522,765,빌리프 팝업 - 믿음꽁꽁마켓 | 팝가 POPGA,20250804,20260721
/popup/6543,618,시리즈 X GTO 팝업 - 성수 팝업 | 팝가 Popga,20260422,20260721
/popup/3250,266,라이프집 팝업 | 팝가 POPGA,20250707,20260721
/popup/7091,65,꾸꾸에떼 X 로엄버 팝업 - 성수 팝업 | 팝가 Popga,20260518,20260721
/popup/6187,539,히나쿠우 팝업 @성수 - 성수 팝업 | 팝가 Popga,20260407,20260721
/popup/3480,888,흔한남매 팝업 - 우리집에 놀러와 | 팝가 POPGA,20250731,20260721
/popup/789,419,무직백수 계백순 팝업 | 팝가 POPGA,20241016,20260721
/popup/2791,190,LG전자 캠퍼스 아트 콜라보 팝업 | 팝가 POPGA,20250519,20260721
/popup/5608,165,올데이스테이 팝업 - 잠실 팝업 | 팝가 Popga,20260213,20260721
/popup/5392,196,술술레시피 팝업 - 여의도 팝업 | 팝가 Popga,20260124,20260721
/popup/5863,436,코스모폴리탄X아이더 플렉션 하이브리드 트레일러 팝업 - 성수 - 성수 팝업 | 팝가 Popga,20260312,20260721
/popup/7128,92,파이시스 X 도이 팝업 - 성수 팝업 | 팝가 Popga,20260520,20260721
/popup/2827,931,딘토 팝업 | 팝가 POPGA,20250522,20260721
/popup/2932,1676,아바타스타 슈 팝업 | 팝가 POPGA,20250609,20260721
/popup/4231,85,감자밭 춘천 감자칩 팝업 | 팝가 Popga,20251005,20260721
/popup/2528,1809,토리든 토리도원 이벤트 | 팝가 POPGA,20250416,20260721
/popup/4874,2830,주술회전 X 서울스카이 전시 - 잠실 팝업 | 팝가 Popga,20251203,20260721
/popup/578,113,UUR 팝업 - 유유알 팝업 | 팝가 Popga,20240913,20260721
/popup/3306,196,나이키 조던 이벤트 - THE ONE | 팝가 POPGA,20250716,20260721
/popup/2858,114,미션파이브 팝업 | 팝가 POPGA,20250527,20260721
/popup/2475,856,스니커즈 팝업 | 팝가 POPGA,20250410,20260721
/popup/4644,236,팁토우 팝업 - 여의도 팝업 | 팝가 Popga,20251113,20260721
/popup/2919,226,팝가스토어 판교점 | 팝가 POPGA,20250605,20260721
/popup/4338,622,보물상 팝업 | 팝가 Popga,20251017,20260721
/popup/5733,633,딜라이트 프로젝트ㅣ먼작귀 in 올리브영 홍대 타운 - 홍대 팝업 | 팝가 Popga,20260301,20260721
/popup/4717,415,루저스클럽 팝업 - 성수 팝업 | 팝가 Popga,20251120,20260721
/popup/3815,74,킬리안 파리 팝업 | 팝가 POPGA,20250829,20260721
/popup/4841,5042,무한도전 20주년 팝업 - 여의도 팝업 | 팝가 Popga,20251129,20260721
/popup/5429,1000,러븀 팝업 - 성수 팝업 | 팝가 Popga,20260127,20260721
/popup/5530,73,나이키 성동신문 쿠폰 배포 이벤트 - 성수 팝업 | 팝가 Popga,20260204,20260721
/popup/5658,414,살로몬 팝업 - 성수 - 서울 팝업 | 팝가 Popga,20260222,20260721
/popup/5778,815,헬로키티 X 롯데호텔 월드 콜라보 뷔페 - 잠실 팝업 | 팝가 Popga,20260304,20260721
/popup/1499,261,스파오키즈 김해 팝업 | 팝가 POPGA,20250105,20260721
/popup/4966,398,기아 언플러그드 그라운드 : EV-mas - 성수 팝업 | 팝가 Popga,20251211,20260721
/popup/5730,251,READY FOR SCHOOL? in 트렌드팟 바이 올리브영 홍대 - 홍대 팝업 | 팝가 Popga,20260301,20260721
/popup/5045,62,보드라이더스 팝업 - 여의도 팝업 | 팝가 Popga,20251218,20260721
/popup/6203,361,쿠팡메가뷰티쇼 - 성수 팝업 | 팝가 Popga,20260407,20260721
/popup/2691,211,투크 팝업 | 팝가 POPGA,20250507,20260721
/popup/4983,166,조앤프렌즈 팝업 - 수원 - 수원 팝업 | 팝가 Popga,20251212,20260721
/popup/2746,162,푸마 에이치스트릿 팝업 | 팝가 POPGA,20250513,20260721
/popup/6318,162,일리고 X 애즈유아 팝업 - 성수 팝업 | 팝가 Popga,20260413,20260721
/popup/6467,90,굼허 팝업 - 성수 팝업 | 팝가 Popga,20260420,20260721
/popup/6964,105,신야코즈카 팝업 - 성수 팝업 | 팝가 Popga,20260511,20260721
/popup/6684,102,떼구르르베이커리 팝업 - 잠실 팝업 | 팝가 Popga,20260427,20260721
/popup/5962,34,실버크로스 팝업 - 부산 - 부산 팝업 | 팝가 Popga,20260322,20260721
/popup/5795,433,렌즈미 성수점 이벤트 - FIXTYLE IN LENSME - 성수 팝업 | 팝가 Popga,20260308,20260721
/popup/5632,196,NCT 제노재민 팝업 - BOTH SIDES - 성수 팝업 | 팝가 Popga,20260219,20260721
/popup/7672,124,코리아보드게임즈 카드 팝업 - 용산 팝업 | 팝가 Popga,20260623,20260721
/popup/5647,74,사몰가 팝업 - 여의도 팝업 | 팝가 Popga,20260220,20260721
/popup/7451,230,극락연구소 - 청주 팝업 | 팝가 Popga,20260609,20260721
/popup/6231,35,뉴발란스 X 기안84 팝업 @수원 - 수원 팝업 | 팝가 Popga,20260408,20260721
/popup/4256,168,에이오유 발그레 마켓 | 팝가 Popga,20251011,20260721
/popup/3600,145,우즈 팝업 - 여의도 | 팝가 POPGA,20250811,20260721
/popup/3516,38,하카블랙스 팝업 - 판교 - 하카블랙스 팝업 팝업 | 팝가 Popga,20250804,20260721
/popup/596,84,실바니안 패밀리 크림이의 여행일기 팝업 - 실바니안 패밀리 팝업 | 팝가 Popga,20240920,20260721
/popup/2762,112,봄의 폭풍과 몬스터 팝업 | 팝가 POPGA,20250514,20260721
/popup/6747,47,블랑듀 팝업 - 건대 팝업 | 팝가 Popga,20260430,20260721
/popup/6225,94,디드 팝업 - 잠실 팝업 | 팝가 Popga,20260408,20260721
/popup/6744,49,위글위글 팝업 - 김포공항 팝업 | 팝가 Popga,20260429,20260721
/popup/6176,131,디스커스애슬레틱 팝업 - 성수 팝업 | 팝가 Popga,20260406,20260721
/popup/4456,54,애드슬로우 팝업 | 팝가 Popga,20251028,20260721
/popup/663,28,아이오페 파인드 마이 레티놀 팝업 | 팝가 POPGA,20240928,20260721
/popup/6020,36,버켄스탁 팝업 - 보스턴 50주년 기념 전시 - 서촌 팝업 | 팝가 Popga,20260326,20260721
/popup/3439,1093,성분에디터 - 포켓몬 컨셉 스토어 in 트렌드팟 바이 올리브영 성수 | 팝가 POPGA,20250730,20260721
/popup/300,24,티퍼런스 잠시 멈춤의 숲 팝업 - 티퍼런스 팝업 | 팝가 Popga,20240812,20260721
/popup/7234,50,합정다락 벼룩시장 - 합정 팝업 | 팝가 Popga,20260526,20260721
/popup/6898,101,헤인즈 팝업 - 여의도 팝업 | 팝가 Popga,20260505,20260721
/popup/6697,206,몽클레르 퍼피 서머 전시 - 성수 팝업 | 팝가 Popga,20260428,20260721
/popup/5763,448,나이키 에어맥스 팝업 - 성수 팝업 | 팝가 Popga,20260303,20260721
/popup/6946,612,스타벅스 커피 크래프트 팝업 - 성수 팝업 | 팝가 Popga,20260508,20260721
/popup/6304,181,홈바디띵즈 팝업 - 성수 팝업 | 팝가 Popga,20260413,20260721
/popup/7574,276,오스트카카 아카이브 세일 - 성수 팝업 | 팝가 Popga,20260616,20260721
/popup/7078,160,스위치 팝업 - 성수 팝업 | 팝가 Popga,20260517,20260721
/popup/3686,639,무신사 뷰티 페스타 | 팝가 POPGA,20250819,20260721
/popup/6729,22,오야니 X 임정철 작가 콜라보 팝업 - 용산 팝업 | 팝가 Popga,20260429,20260721
/popup/4223,166,나가노 마켓 팝업 - 부산 | 팝가 Popga,20251004,20260721
/popup/4009,534,새들러 하우스 베이커리 팝업 - 새들러 하우스 베이커리 팝업 팝업 | 팝가 Popga,20250916,20260721
/popup/2957,225,우주먼지 팝업 | 팝가 POPGA,20250610,20260721
/popup/4031,325,엔믹스 팝업 | 팝가 POPGA,20250917,20260721
/popup/7241,44,타일즈 팝업 - 성수 팝업 | 팝가 Popga,20260527,20260721
/popup/6632,25,멜리사 팝업 - 동탄 팝업 | 팝가 Popga,20260426,20260721
/popup/6720,26,더블리하우스 팝업 - 부산 팝업 | 팝가 Popga,20260429,20260721
/popup/1050,159,아케인 시즌2 팝업 | 팝가 POPGA,20241111,20260721
/popup/2200,67,교보문고 X 정관장 <혈당책방> 팝업 | 팝가 POPGA,20250311,20260721
/popup/7076,70,제철 맞은 김밥 팝업 - 명동 팝업 | 팝가 Popga,20260517,20260721
/popup/7634,89,김모찌 팝업 - 부산 팝업 | 팝가 Popga,20260621,20260721
/popup/6361,53,오클리 팝업 - 잠실 팝업 | 팝가 Popga,20260415,20260721
/popup/5105,187,이외들 팝업 - 성수 팝업 | 팝가 Popga,20251224,20260721
/popup/5398,77,두바이 쫀득 쿠키 팝업 - 분당 - 분당 팝업 | 팝가 Popga,20260125,20260721
/popup/7225,79,쿵야 레스토랑즈 두산베어스점 팝업 - 잠실 팝업 | 팝가 Popga,20260526,20260721
/popup/3051,102,위드썸 팝업 | 팝가 POPGA,20250616,20260721
/popup/7632,192,감자밭 팝업 - 홍대 팝업 | 팝가 Popga,20260621,20260721
/popup/2608,990,발베니 팝업 | 팝가 POPGA,20250428,20260721
/popup/3095,245,"타시로, 너란 녀석은 X 애니메이트 콜라보 카페 - 홍대 | 팝가 POPGA",20250620,20260721
/popup/6993,419,라코스테 팝업 - 라코스테 폴로 팩토리 - 성수 팝업 | 팝가 Popga,20260512,20260721
/popup/7206,333,아디다스 월드컵 팝업 - 성수 팝업 | 팝가 Popga,20260525,20260721
/popup/3125,73,수바코 팝업 - 대구 | 팝가 POPGA,20250624,20260721
/popup/7044,105,밀레 팝업 - 성수 팝업 | 팝가 Popga,20260514,20260721
/popup/1324,113,마레이스튜디오 팝업 | 팝가 POPGA,20241211,20260721
/popup/498,68,탐앤탐스 X 도란도란 군위 자두빵 팝업 | 팝가 POPGA,20240905,20260721
/popup/636,220,헤이딜러 X 아모레퍼시픽 내차조향소 성수 팝업 | 팝가 POPGA,20240924,20260721
/popup/1457,624,빵빵이와 옥지의 만물상 대구 팝업 - 빵빵이의 일상 팝업 | 팝가 Popga,20241224,20260721
/popup/1331,276,브뤼셀프라이 잠실 팝업 | 팝가 POPGA,20241212,20260721
/popup/2240,635,오아드 팝업 | 팝가 POPGA,20250314,20260721
/popup/3937,693,롯데리아 팝업 - 맛의 해커 리아 | 팝가 POPGA,20250909,20260721
/popup/5136,414,굴뚝강아지 팝업 - 홍대 팝업 | 팝가 Popga,20251226,20260721
/popup/3632,171,2025 청년문화주간 <청년문화사용법: 네 개의 방> | 팝가 POPGA,20250813,20260721
/popup/1194,165,네이밍 팝업 - 네이밍 팝업 | 팝가 Popga,20241129,20260721
/popup/4350,315,아디다스 X 떠그클럽 팝업 - 성수 팝업 | 팝가 Popga,20251020,20260721
/popup/4662,366,새로 가챠 팝업스토어 in 방이 - 잠실 팝업 | 팝가 Popga,20251114,20260721
/popup/4229,416,엔믹스 팝업 - 여의도 | 팝가 Popga,20251005,20260721
/popup/3431,310,그루브스톤 팝업 | 팝가 POPGA,20250730,20260721
/popup/2087,112,튜드먼트 팝업 | 팝가 POPGA,20250306,20260721
/popup/5280,379,소담상회 X 미스터차일드 팝업 - 성수 팝업 | 팝가 Popga,20260113,20260721
/popup/5712,790,티팩토리 성수 갤럭시 마켓 이벤트 - 성수 팝업 | 팝가 Popga,20260226,20260721
/popup/5703,330,점블서울 팝업 - 성수 팝업 | 팝가 Popga,20260225,20260721
/popup/6119,176,나이키 우먼 팝업 - 성수 팝업 | 팝가 Popga,20260401,20260721
/popup/2377,32,씨스터앤 자선 프리마켓 팝업 | 팝가 POPGA,20250328,20260721
/popup/5268,1504,쿠키런: 킹덤 아트 콜라보 프로젝트 특별전 - 위대한 왕국의 유산 - 종로 팝업 | 팝가 Popga,20260112,20260721
/popup/5241,1634,바이오힐 보 팝업 - 성수 팝업 | 팝가 Popga,20260108,20260721
/popup/6233,111,얼렁뚱땅 상점 @대구 - 대구 팝업 | 팝가 Popga,20260409,20260721
/popup/5381,237,푸마 팝업 - 성수 팝업 | 팝가 Popga,20260122,20260721
/popup/6466,35,도영 플리마켓 - 홍대 팝업 | 팝가 Popga,20260420,20260721
/popup/865,79,스위트스팟 | 팝가 POPGA,20241023,20260721
/popup/7210,210,로어링라드 팝업 - 성수 팝업 | 팝가 Popga,20260525,20260721
/popup/7439,107,라벨 아카이브 팝업 - 성수 팝업 | 팝가 Popga,20260609,20260721
/popup/4826,147,삭스어필 팝업 - 강남 팝업 | 팝가 Popga,20251128,20260721
/popup/7277,479,도브 & 미피 in 올리브영 홍대 타운 - 홍대 팝업 | 팝가 Popga,20260601,20260721
/popup/6556,688,오버워치 팝업 - 부천시장 팝업 | 팝가 Popga,20260423,20260721
/popup/6456,637,일룸 팝업 - iloom The Motion Club - 성수 팝업 | 팝가 Popga,20260423,20260721
/popup/7040,56,아이유 생일카페 - 잠실 팝업 | 팝가 Popga,20260514,20260721
/popup/6940,78,시시호시 팝업 - 잠실 팝업 | 팝가 Popga,20260508,20260721
/popup/7561,719,어푸밍 팝업 - 성수 팝업 | 팝가 Popga,20260616,20260721
/popup/7198,42,아우어노스텔지아 팝업 - 명동 팝업 | 팝가 Popga,20260524,20260721
/popup/7218,68,유지 팝업 - 목동 팝업 | 팝가 Popga,20260526,20260721
/popup/7430,337,돼지바빵 팝업 - 관악구 팝업 | 팝가 Popga,20260609,20260721
/popup/2367,47,뭉 팝업 | 팝가 POPGA,20250328,20260721
/popup/4579,86,팝가스토어 동대문점 - 동대문 팝업 | 팝가 Popga,20251107,20260721
/popup/5331,64,머쉬룸페이퍼팜 팝업 - 용산 팝업 | 팝가 Popga,20260117,20260721
/popup/7643,79,탱글링 팝업 - 여의도 팝업 | 팝가 Popga,20260622,20260721
/popup/4358,97,조구만 브라키오 X 우디 히어로 팝업 - YOUR STUBBY NEIGHBORHOOD | 팝가 Popga,20251021,20260721
/popup/5564,57,해칭룸 팝업 - 여의도 팝업 | 팝가 Popga,20260209,20260721
/popup/7497,31,봄날엔 팝업 @전주 - 전주 팝업 | 팝가 Popga,20260611,20260721
/popup/5752,184,썬러브 3주년 이벤트 - EXHIBITION - 성수 팝업 | 팝가 Popga,20260303,20260721
/popup/3041,108,순환의 재발견 전시 | 팝가 POPGA,20250613,20260721
/popup/3063,143,멜리앤로즈 팝업 | 팝가 POPGA,20250617,20260721
/popup/7959,137,닥터비타 팝업 - 여의도 팝업 | 팝가 Popga,20260710,20260721
/popup/3749,105,글입다 팝업 | 팝가 POPGA,20250825,20260721
/popup/1239,93,얼미부부 더현대 형벌 팝업 | 팝가 POPGA,20241203,20260721
/popup/4599,895,스포티파이 팝업 - Spotify House 서울 - 성수 팝업 | 팝가 Popga,20251109,20260721
/popup/7368,145,패션 디자이너 팝업 - 성수 에디트 - 성수 팝업 | 팝가 Popga,20260604,20260721
/popup/3279,567,스탠리 팝업 | 팝가 POPGA,20250710,20260721
/popup/5860,289,로맨스 판타지 X 애니메이트 콜라보 카페 - 홍대 - 홍대 팝업 | 팝가 Popga,20260312,20260721
/popup/5438,531,올리브영 X 망그러진 곰 in 올리브영 홍대 타운 - 홍대 팝업 | 팝가 Popga,20260127,20260721
/popup/6578,50,홀리넘버세븐 X 코타로 타니야마 팝업 - 성수 팝업 | 팝가 Popga,20260424,20260721
/popup/5385,452,스탠드오일 팝업 - 성수 팝업 | 팝가 Popga,20260122,20260721
/popup/2464,136,아이돈워너셀 팝업 | 팝가 POPGA,20250409,20260721
/popup/6477,170,글로우이브닝클럽 팝업 - 성수 팝업 | 팝가 Popga,20260420,20260721
/popup/4832,245,슈타인즈 게이트 15주년 기념 팝업 - 잠실 - 잠실 팝업 | 팝가 Popga,20251128,20260721
/popup/5262,157,쏘쏘사라다 - 압구정 - 압구정 팝업 | 팝가 Popga,20260110,20260721
/popup/373,102,알맹이네 과일가게 팝업 | 팝가 POPGA,20240822,20260721
/popup/751,61,센녹 배스하우스 팝업 | 팝가 POPGA,20241010,20260721
/popup/1957,506,오마케 팝업 | 팝가 POPGA,20250220,20260721
/popup/2710,72,스윔마베베 팝업 - 판교 | 팝가 POPGA,20250508,20260721
/popup/3952,393,에일리언스테이지 X 애니플러스 콜라보 카페 - 부산 | 팝가 Popga,20250910,20260721
/popup/4661,314,새로 가챠 팝업스토어 in 건대 - 건대 팝업 | 팝가 Popga,20251114,20260721
/popup/4240,207,라카 팝업 - 여의도 | 팝가 Popga,20251006,20260721
/popup/5734,257,원피스 팝업 - 인천 - 인천 팝업 | 팝가 Popga,20260227,20260721
/popup/5705,303,온고 플래그십 스토어 오픈 이벤트 - 성수 팝업 | 팝가 Popga,20260225,20260721
/popup/5348,85,곰돌찡 토끼찡이랑 파자마파티 팝업 - 대구 - 대구 팝업 | 팝가 Popga,20260119,20260721
/popup/6268,79,팝사이클 팝업 - 여의도 팝업 | 팝가 Popga,20260410,20260721
/popup/4747,653,무모한 상점 몬치치 팝업 - 명동 - 명동 팝업 | 팝가 Popga,20251121,20260721
/popup/5945,958,키엘 팝업 - 키엘 울트라 응급 구조대 - 성수 팝업 | 팝가 Popga,20260319,20260721
/popup/4915,297,시로 팝업 - 여의도 팝업 | 팝가 Popga,20251205,20260721
/popup/6535,145,와사비베어 팝업 - 메롱도 사랑이다 - 용산 팝업 | 팝가 Popga,20260422,20260721
/popup/7216,114,노드랩스 팝업 - 성수 팝업 | 팝가 Popga,20260526,20260721
/popup/7121,376,박지훈 소심이 팝업 - 영등포 팝업 | 팝가 Popga,20260520,20260721
/popup/6700,81,글로우이브닝클럽 X 아이 헤이트 에브리띵 X 르 아르베이 팝업 - 성수 팝업 | 팝가 Popga,20260428,20260721
/popup/7670,179,페이스팩토리 X 스누피 팝업 - 여의도 팝업 | 팝가 Popga,20260623,20260721
/popup/7103,182,민더리 팝업 - 성수 팝업 | 팝가 Popga,20260519,20260721
/popup/4330,41,페리카나 타임트래블 팝업 - 경주 | 팝가 Popga,20251016,20260721
/popup/6932,870,엔믹스 팝업 - 성수 팝업 | 팝가 Popga,20260508,20260721
/popup/5683,105,씨미즈 쇼룸 샘플 세일 이벤트 - 성수 팝업 | 팝가 Popga,20260223,20260721
/popup/7245,71,본디나 팝업 - 여의도 팝업 | 팝가 Popga,20260527,20260721
/popup/7550,80,비믹스 팝업 - 여의도 팝업 | 팝가 Popga,20260615,20260721
/popup/7208,75,에이지투웨니스 팝업 - 홍대 팝업 | 팝가 Popga,20260525,20260721
/popup/3776,99,솔솔푸른솔 팝업 - 솔솔푸른솔 팝업 팝업 | 팝가 Popga,20250827,20260721
/popup/6397,47,CW-X 팝업 - 여의도 팝업 | 팝가 Popga,20260416,20260721
/popup/6911,23,LOBETA 팝업 - 용산 팝업 | 팝가 Popga,20260506,20260721
/popup/476,75,세인트존스 랜드 팝업 - 세인트 존스 랜드 팝업 | 팝가 Popga,20240903,20260721
/popup/4591,126,병약이 팝업 - 여의도 팝업 | 팝가 Popga,20251107,20260721
/popup/576,265,하루필름 X 무화의 화원 팝업 | 팝가 POPGA,20240913,20260721
/popup/5414,199,옴니피플 팝업 - 성수 팝업 | 팝가 Popga,20260126,20260721
/popup/5289,519,은하특급 밀키☆서브웨이 X 애니메이트 콜라보 카페 - 홍대 - 홍대 팝업 | 팝가 Popga,20260113,20260721
/popup/6400,139,안동소주 팝업 - 성수 팝업 | 팝가 Popga,20260416,20260721
/popup/621,86,TEKLA 팝업 | 팝가 POPGA,20240927,20260721
/popup/5132,1084,스노우 팝업 - 잠실 팝업 | 팝가 Popga,20251226,20260721
/popup/5802,91,펑첸왕 팝업 - 성수 팝업 | 팝가 Popga,20260306,20260721
/popup/3024,52,리프 팝업 | 팝가 POPGA,20250612,20260721
/popup/5236,935,조니워커 팝업 - 잠실 팝업 | 팝가 Popga,20260108,20260721
/popup/2388,175,베리베리뱁 팝업 | 팝가 POPGA,20250331,20260721
/popup/6952,65,파인케이오스 팝업 - 성수 팝업 | 팝가 Popga,20260511,20260721
/popup/2776,87,오버더월 팝업 | 팝가 POPGA,20250516,20260721
/popup/5301,309,다즈비 X 애니메이트 콜라보 카페 - 잠실 - 잠실 팝업 | 팝가 Popga,20260114,20260721
/popup/4990,215,G마켓 상생푸드 페스티벌 팝업 - 성수 팝업 | 팝가 Popga,20251213,20260721
/popup/3708,658,스노우맨 팝업 | 팝가 POPGA,20250822,20260721
/popup/6988,78,템푸스 팝업 - 성수 팝업 | 팝가 Popga,20260512,20260721
/popup/6897,122,페넥 팝업 - 성수 팝업 | 팝가 Popga,20260505,20260721
/popup/5377,649,카린 전시 - 나비의 여정 - 성수 팝업 | 팝가 Popga,20260122,20260721
/popup/3446,403,윈브레 팝업 | 팝가 POPGA,20250731,20260721
/popup/5574,311,별정직 공무원 팝업 - 용산 팝업 | 팝가 Popga,20260210,20260721
/popup/5694,433,크랭크 팝업 - 성수 팝업 | 팝가 Popga,20260224,20260721
/popup/6284,723,네스프레소 버츄오 월드 팝업 - 성수 팝업 | 팝가 Popga,20260410,20260721
/popup/7011,90,트리밍버드 팝업 - 성수 팝업 | 팝가 Popga,20260513,20260721
/popup/6482,85,샌드사운드 팝업 - 성수 팝업 | 팝가 Popga,20260421,20260721
/popup/6414,35,오드스튜디오 팝업 - 성수 팝업 | 팝가 Popga,20260416,20260721
/popup/7506,246,PNC 2026 사전 팝업 - 성수 팝업 | 팝가 Popga,20260612,20260721
/popup/586,45,카케어 종합병원 팝업 - 삼성화재 팝업 | 팝가 Popga,20240921,20260721
/popup/7767,182,스파오프렌즈 팝업 - 잠실 팝업 | 팝가 Popga,20260630,20260721
/popup/6342,23,프쉬케 팝업 - 판교 팝업 | 팝가 Popga,20260415,20260721
/popup/7143,65,트웰브 원더바 X 어뮤즈 팝업 - 강남 팝업 | 팝가 Popga,20260520,20260721
/popup/7684,527,뮤지컬 헬스키친 팝업 - 성수 팝업 | 팝가 Popga,20260624,20260721
/popup/2391,119,노도니트 팝업 | 팝가 POPGA,20250331,20260721
/popup/7213,219,아데시 팝업 - 성수 팝업 | 팝가 Popga,20260525,20260721
/popup/4300,197,무모한 상점 몬치치 팝업 - 영등포 | 팝가 Popga,20251014,20260721
/popup/5515,49,앰배서더 쇼룸 팝업 - 성수 팝업 | 팝가 Popga,20260203,20260721
/popup/4672,300,이야이야앤프렌즈 팝업 - 성수 팝업 | 팝가 Popga,20251116,20260721
/popup/800,97,베놈 하우스 팝업 | 팝가 POPGA,20241018,20260721
/popup/660,221,나이스웨더 X 엔트로피메이크업 팝업 | 팝가 POPGA,20240927,20260721
/popup/4449,239,원룸만들기 팝업 - 원룸만들기 팝업 팝업 | 팝가 Popga,20251028,20260721
/popup/5493,78,몬스타기어 팝업 - 부산 - 부산 팝업 | 팝가 Popga,20260202,20260721
/popup/5050,82,론론 X 13DE MARZO 팝업 - 용산 팝업 | 팝가 Popga,20251218,20260721
/popup/6910,101,리큐엠 팝업 - 각자의 충전법 - 용산 팝업 | 팝가 Popga,20260506,20260721
/popup/5942,78,배드블러드 샘플 & 리퍼브 세일 이벤트 - 성수 - 성수 팝업 | 팝가 Popga,20260319,20260721
/popup/7645,185,마크모크 X 스테이씨 팝업 - 성수 팝업 | 팝가 Popga,20260622,20260721
/popup/6097,158,반스 팝업 - 성수 팝업 | 팝가 Popga,20260331,20260721
/popup/16,27,델몬트 모아비 팝업 | 팝가 POPGA,20241014,20260721
/popup/7477,58,GS25 X 코카콜라 오프라인 이벤트 - 홍대 팝업 | 팝가 Popga,20260610,20260721
/popup/1598,2428,오징어 게임: 더 익스피리언스 팝업 | 팝가 POPGA,20250113,20260722
/popup/3039,744,세터 팝업 | 팝가 POPGA,20250613,20260722
/popup/1660,81,웰터 익스페리먼트 팝업 | 팝가 POPGA,20250118,20260722
/popup/3798,567,NCT WISH 팝업 - Find Your Color | 팝가 POPGA,20250828,20260722
/popup/3841,148,스포티파이 X 에스파 팝업 - 마이 볼트 | 팝가 POPGA,20250902,20260722
/popup/5568,312,타이니빌 팝업 - 용산 팝업 | 팝가 Popga,20260209,20260722
/popup/4015,60,2025 소셜벤처 엑스포 이벤트 | 팝가 POPGA,20250916,20260722
/popup/5015,2288,다마고치 파라다이스 팝업 - 잠실 팝업 | 팝가 Popga,20251216,20260722
/popup/3635,714,뷰티쁠 슈퍼 코스메틱 어워드 위크 팝업 | 팝가 POPGA,20250813,20260722
/popup/3966,961,괴담에 떨어져도 출근을 해야 하는구나 전시 - 살아남은 자의 기록전 | 팝가 POPGA,20250911,20260722
/popup/4643,568,W컨셉 팝업 - 더블유클로젯 - 성수 팝업 | 팝가 Popga,20251112,20260722
/popup/4571,866,하츠네미쿠 X 애니메이트 콜라보 카페 - 잠실 팝업 | 팝가 Popga,20251106,20260722
/popup/2105,110,글입다 팝업 | 팝가 POPGA,20250307,20260722
/popup/1998,328,글루미베어 팝업 | 팝가 POPGA,20250225,20260722
/popup/5147,3019,체인소 맨 전시 - 부산 - 부산 팝업 | 팝가 Popga,20251229,20260722
/popup/4502,229,해브어웨일 팝업 | 팝가 Popga,20251031,20260722
/popup/4246,592,더한섬닷컴 10주년 팝업 : THE COAT CLUB | 팝가 Popga,20251010,20260722
/popup/5645,123,EBS 캐릭터 팝업 - 명동 팝업 | 팝가 Popga,20260220,20260722
/popup/4762,1452,POP MART Winter Village (팝마트 윈터 빌리지) - 성수 팝업 | 팝가 Popga,20251124,20260722
/popup/4751,525,스노우 팝업 - 여의도 팝업 | 팝가 Popga,20251121,20260722
/popup/5915,1193,그 비스크 돌은 사랑을 한다 X 애니플러스 콜라보 카페 - 부산 - 부산 팝업 | 팝가 Popga,20260317,20260722
/popup/5343,190,다흑의 곤충 & 파충류 팝업 - 부산 - 부산 팝업 | 팝가 Popga,20260119,20260722
/popup/5528,127,센틀리에 팝업 - 성수 팝업 | 팝가 Popga,20260204,20260722
/popup/4162,156,스토커즈 팝업 - STALKERS’ TAG | 팝가 Popga,20250930,20260722
/popup/7272,890,닥터지 팝업 - 성수 팝업 | 팝가 Popga,20260528,20260722
/popup/7087,876,실바니안 40주년 기념 팝업 - 성수 팝업 | 팝가 Popga,20260518,20260722
/popup/5475,144,롯데리아 소스 콜키지 프리 이벤트 - 홍대 팝업 | 팝가 Popga,20260130,20260722
/popup/5928,979,원피스 애니메이션 25주년 기념 특별전 - 고양 - 고양 팝업 | 팝가 Popga,20260318,20260722
/popup/5152,332,짐빔 이벤트 - 2026년 솔로 탈출 프로젝트 - 홍대 팝업 | 팝가 Popga,20251229,20260722
/popup/2619,155,혼다코리아 팝업 - 혼다 팝업 팝업 | 팝가 Popga,20250428,20260722
/popup/3634,215,요거트월드 게릴라 이벤트 | 팝가 POPGA,20250813,20260722
/popup/6098,62,센티멘토 팝업 - 성수 팝업 | 팝가 Popga,20260331,20260722
/popup/4933,590,타바스코 팝업 - Add a Kick at SEONGSU - 성수 팝업 | 팝가 Popga,20251208,20260722
/popup/4387,161,탄산마그네슘 팝업 - 여의도 팝업 | 팝가 Popga,20251022,20260722
/popup/7423,725,캐리마켓 팝업 - 여의도 팝업 | 팝가 Popga,20260608,20260722
/popup/7419,203,케이팝스퀘어 롯데월드몰점 오픈 이벤트 - 잠실 팝업 | 팝가 Popga,20260608,20260722
/popup/7398,1206,듀오링고 생일카페 @성수 - 홍대 팝업 | 팝가 Popga,20260605,20260722
/popup/5452,94,스쿠 팝업 - 명동 팝업 | 팝가 Popga,20260129,20260722
/popup/6726,770,미세키서울 팝업 - 성수 팝업 | 팝가 Popga,20260429,20260722
/popup/7196,53,아이딧 팝업 - 여의도 팝업 | 팝가 Popga,20260524,20260722
/popup/3800,107,슬로우슬로우 플리마켓 - 슬로우슬로우 플리마켓 팝업 | 팝가 Popga,20250828,20260722
/popup/6357,370,실바니안 패밀리 팝업 - 잠실 팝업 | 팝가 Popga,20260415,20260722
/popup/6921,195,레디어스 팝업 - 용산 팝업 | 팝가 Popga,20260507,20260722
/popup/4811,124,아라리북촌 팝업 - 잠실 팝업 | 팝가 Popga,20251127,20260722
/popup/7820,145,"한식, 병풍에 담다 이벤트 - 안국 팝업 | 팝가 Popga",20260702,20260722
/popup/7958,264,비온타임 팝업 - 여의도 팝업 | 팝가 Popga,20260710,20260722
/popup/7776,80,키움히어로즈 X 몰티즈 팝업 - 구로 팝업 | 팝가 Popga,20260630,20260722
/popup/4611,291,오도넛 팝업 - 대구 - 대구 팝업 | 팝가 Popga,20251110,20260722
/popup/6223,154,바이오던스 팝업 - Hydrogel Splash Bar @명동 - 명동 팝업 | 팝가 Popga,20260408,20260722
/popup/7074,229,브론슨 팝업 - 여의도 팝업 | 팝가 Popga,20260517,20260722
/popup/7088,69,2026 롯데타운 명동 페스티벌 - 명동 팝업 | 팝가 Popga,20260518,20260722
/popup/7508,119,루저스클럽 팝업 - 여의도 팝업 | 팝가 Popga,20260612,20260722
/popup/7995,312,비긴스 X 투어스 팝업 - 성수 팝업 | 팝가 Popga,20260713,20260722
/popup/3603,130,몰리 하우스 팝업 | 팝가 POPGA,20250811,20260722
/popup/1690,162,쿠오카 팝업 - 쿠오카 팝업 | 팝가 Popga,20250122,20260722
/popup/6277,84,볼꾸키꾸 팝업 - 홍대 팝업 | 팝가 Popga,20260410,20260722
/popup/6505,12,어티피컬 팝업 - 평촌 팝업 | 팝가 Popga,20260421,20260722
/popup/6317,107,메린드레 팝업 - 성수 팝업 | 팝가 Popga,20260414,20260722
/popup/6939,35,<성북천을 산책하는 여행자를 위한 안내소> 돌고돌아 성북천 팝업스토어 - 성북 팝업 | 팝가 Popga,20260508,20260722
/popup/6742,42,프랑스루브르바게트 팝업 @인천 - 인천 팝업 | 팝가 Popga,20260429,20260722
/popup/1200,21,듀베티카 팝업 - 듀베티카 팝업 | 팝가 Popga,20241130,20260722
/popup/2057,317,다이슨 COOL CLUB 팝업 | 팝가 POPGA,20250228,20260722
/popup/3327,236,다나와 팝업 | 팝가 POPGA,20250717,20260722
/popup/7774,58,건강베이커리 X 곡물도감 팝업 - 잠실 팝업 | 팝가 Popga,20260630,20260722
/popup/6807,23,바삭칩스 팝업 - 김포공항 팝업 | 팝가 Popga,20260429,20260722
/popup/7118,1210,모노샵 팝업 - 용산 팝업 | 팝가 Popga,20260519,20260722
/popup/5927,67,한글과자 팝업 - 동대문 - 동대문 팝업 | 팝가 Popga,20260318,20260722
/popup/5672,9,트리드 팝업 - 판교 - 판교 팝업 | 팝가 Popga,20260223,20260722
/popup/3181,526,명탐정 코난 X 야이바 팝업 | 팝가 POPGA,20250701,20260722
/popup/6640,31,피엘라벤 팝업 - 김포 팝업 | 팝가 Popga,20260426,20260722
/popup/7310,232,유어마인드 책갈피 팝업 - 연희 팝업 | 팝가 Popga,20260531,20260722
/popup/3342,169,압도 팝업 - 압도 팝업 | 팝가 Popga,20250721,20260722
/popup/5533,63,톤28 팝업 - 여의도 팝업 | 팝가 Popga,20260205,20260722
/popup/6594,375,텔레토비 팝업 - 경주 팝업 | 팝가 Popga,20260426,20260722
/popup/7053,133,나이키 토마 X 아루마루 팝업 - 중구 팝업 | 팝가 Popga,20260515,20260722
/popup/7783,54,베티붑 X 론론 팝업 @명동 - 명동 팝업 | 팝가 Popga,20260630,20260722
/popup/380,226,호랑이 들어와요 팝업 | 팝가 POPGA,20240827,20260722
/popup/8060,39,봄날엔 팝업 @파주 - 파주 팝업 | 팝가 Popga,20260716,20260722
/popup/7227,36,MEOVV “THE ‘DDI RO RI’ COMMUNE” - 용산 팝업 | 팝가 Popga,20260530,20260722
/popup/4073,117,댄스댄스댄스 팝업 | 팝가 POPGA,20250922,20260722
/popup/3286,375,꿈빛 파티시엘 팝업 - 수원 | 팝가 POPGA,20250711,20260722
/popup/5494,2814,젠레스 존 제로 엔젤디 팝업 - 여의도 팝업 | 팝가 Popga,20260202,20260722
/popup/7468,87,아스토믹 팝업 @대구 - 대구 팝업 | 팝가 Popga,20260610,20260722
/popup/3028,216,월드비전 X 한화생명 팝업 | 팝가 POPGA,20250612,20260722
/popup/7049,182,속초산도 팝업 - 여의도 팝업 | 팝가 Popga,20260515,20260722
/popup/6212,931,아이소이 흔적세럼 팝업 - 성수 팝업 | 팝가 Popga,20260408,20260722
/popup/5310,61,정남미명과 팝업 - 천안 - 천안아산 팝업 | 팝가 Popga,20260115,20260722
/popup/7754,159,암살교실 이벤트 - 명예 3학년 E반 모여라! - 신촌 팝업 | 팝가 Popga,20260629,20260722
/popup/6162,74,프랑스루브르바게트 팝업 - 명동 팝업 | 팝가 Popga,20260405,20260722
/popup/7235,206,코리아레거시 키친 팝업 - 용산 팝업 | 팝가 Popga,20260526,20260722
/popup/2217,64,힘펠 팝업 - 판교 | 팝가 POPGA,20250312,20260722
/popup/5003,2205,tbh X 헬로키티 팝업 - 성수 팝업 | 팝가 Popga,20251215,20260722
/popup/7503,931,디지몬 어드벤처 X 오드스튜디오 팝업 - 성수 팝업 | 팝가 Popga,20260612,20260722
/popup/7757,53,박뚜기 소금빵 X 요아정 팝업 @고양 - 고양시 팝업 팝업 | 팝가 Popga,20260629,20260722
/popup/6604,9,더비 팝업 - 광주 팝업 | 팝가 Popga,20260427,20260722
/popup/2598,261,문호 스트레이독스×애니메이트 콜라보 카페 - 부산 | 팝가 POPGA,20250425,20260722
/popup/2221,22,미차이 팝업 - 판교 | 팝가 POPGA,20250313,20260722
/popup/4745,105,로지킴 팝업 - 여의도 팝업 | 팝가 Popga,20251121,20260722
/popup/405,142,샘플로드 올리브영 진상 팝업 | POPUPNOW 팝업나우,20240827,20260722
/popup/5949,2807,꿈빛 파티시엘 콜라보 카페 - 홍대 팝업 | 팝가 Popga,20260320,20260722
/popup/4495,171,차코랩 팝업 - 잠실 팝업 | 팝가 Popga,20251031,20260722
/popup/5418,241,베티붑 팝업 - 여의도 팝업 | 팝가 Popga,20260126,20260722
/popup/2002,350,삼성분식 X 농심 내맘대로컵라면 팝업 | 팝가 POPGA,20250225,20260722
/popup/7463,61,틴리 팝업 - 용산 팝업 | 팝가 Popga,20260610,20260722
/popup/4072,179,PHILOSOPHY Ryo 전시 | 팝가 Popga,20250922,20260722
/popup/805,92,레오제이 팝업 | 팝가 POPGA,20241018,20260722
/popup/1936,1857,힌스 팝업 | 팝가 POPGA,20250219,20260722
/popup/6715,1356,토이 스토리 5 팝업 @여의도 - 여의도 팝업 | 팝가 Popga,20260428,20260722
/popup/6602,15,요이츠 팝업 - 광주 팝업 | 팝가 Popga,20260427,20260722
/popup/1905,496,프리티시리즈 팝업 | 팝가 POPGA,20250217,20260722
/popup/7305,232,이니스프리 X 뷰티쁠 무빙 팝업 - 성수 팝업 | 팝가 Popga,20260529,20260722
/popup/298,46,잔망스플래쉬 팝업 - 잔망루피 팝업 | 팝가 Popga,20240813,20260722
/popup/5047,403,성수율 카페 오픈 이벤트 - 성수 팝업 | 팝가 Popga,20251218,20260722
/popup/7585,117,멘톨로지 팝업 - 여의도 팝업 | 팝가 Popga,20260617,20260722
/popup/4938,295,아이돌마스터 샤이니 컬러즈 X 애니메이트 콜라보 카페 - 잠실 팝업 | 팝가 Popga,20251209,20260722
/popup/6471,1489,입생로랑 뷰티 팝업 - 성수 팝업 | 팝가 Popga,20260420,20260722
/popup/5642,423,에스티 로더 팝업 - 더블웨어 플레이하우스 - 강남 팝업 | 팝가 Popga,20260219,20260722
/popup/5784,898,러브이즈트루 X 캐릭캐릭체인지 팝업 - 홍대 팝업 | 팝가 Popga,20260305,20260722
/popup/4051,55,노마니즘 연희 팝업 - Clear With Care | 팝가 POPGA,20250918,20260722
/popup/4404,846,랄프 로렌 팝업 - Holiday Experience | 팝가 Popga,20251023,20260722
/popup/3124,304,퍼글러 팝업 | 팝가 POPGA,20250624,20260722
/popup/2310,562,엔믹스 팝업 - 엔믹스 팝업 | 팝가 Popga,20250321,20260722
/popup/6529,330,투어스 팝업 - 용산 팝업 | 팝가 Popga,20260422,20260722
/popup/102,86,오둥이의 아르바이트 부산 팝업 - 오둥이 팝업 | 팝가 Popga,20240801,20260722
/popup/981,1728,명탐정 코난 용산 팝업 | 팝가 POPGA,20241104,20260722
/popup/1760,141,벨라블랙 X 블랙컴뱃 팝업 | 팝가 POPGA,20250204,20260722
/popup/2789,379,바닐라코 플래그십 스토어 오픈 이벤트 | 팝가 POPGA,20250519,20260722
/popup/1689,126,슬코 팝업 - 대구 | 팝가 POPGA,20250122,20260722
/popup/3273,1150,부이 팝업 | 팝가 POPGA,20250710,20260722
/popup/1776,131,프라다 뷰티 팝업 | 팝가 POPGA,20250205,20260722
/popup/3358,455,오아드 팝업 - 인천국제공항 | 팝가 POPGA,20250724,20260722
/popup/3173,482,레고트 팝업 | 팝가 POPGA,20250701,20260722
/popup/3349,335,영화 전지적 독자 시점 팝업 | 팝가 POPGA,20250722,20260722
/popup/1172,253,티르티르 성수 팝업 | 팝가 POPGA,20241130,20260722
/popup/699,86,솔트에버 잠실 팝업 | 팝가 POPGA,20240928,20260722
/popup/5491,570,벌룬프렌즈 팝업 - 성수 팝업 | 팝가 Popga,20260202,20260722
/popup/5747,202,국립세종수목원 X 카카오프렌즈 특별전시 - 세종 - 세종 팝업 | 팝가 Popga,20260301,20260722
/popup/4759,1854,삼양 1963 팝업 - 성수 팝업 | 팝가 Popga,20251124,20260722
/popup/5891,110,세컨드모닝 X 상상마당 홍대 팝업 - 홍대 팝업 | 팝가 Popga,20260316,20260722
/popup/5505,276,프리미엄 가나 취향위크 이벤트 - 바이닐 성수 - 성수 팝업 | 팝가 Popga,20260203,20260722
/popup/5334,87,모퉁이 우표점 팝업 - 용산 팝업 | 팝가 Popga,20260117,20260722
/popup/7299,1376,토이스토리5 in 트렌드팟 바이 올리브영 성수 - 성수 팝업 | 팝가 Popga,20260601,20260722
/popup/5971,496,아임미미 팝업 - 성수 팝업 | 팝가 Popga,20260322,20260722
/popup/5316,112,정남미명과 팝업 - 부산 - 부산 팝업 | 팝가 Popga,20260115,20260722
/popup/6526,189,마이프로틴 팝업 - 홍대 팝업 | 팝가 Popga,20260422,20260722
/popup/5086,111,리베르 팝업 - 홍대 팝업 | 팝가 Popga,20251223,20260722
/popup/7150,225,2026 개러지 라이프 페스티벌 - 성수 팝업 | 팝가 Popga,20260520,20260722
/popup/6880,834,미츄 X 애니플러스 콜라보 카페 @합정 - 홍대 팝업 | 팝가 Popga,20260504,20260722
/popup/3561,85,팝마트 X 토이콘 서울 이벤트 | 팝가 POPGA,20250807,20260722
/popup/6480,131,오시오시오 팝업 - 홍대 팝업 | 팝가 Popga,20260421,20260722
/popup/6478,189,샌드뮤지엄 팝업 - 여의도 팝업 | 팝가 Popga,20260421,20260722
/popup/4669,168,애니모어 팝업 - 여의도 팝업 | 팝가 Popga,20251114,20260722
/popup/6263,82,니키 팝업 - 여의도 팝업 | 팝가 Popga,20260410,20260722
/popup/7316,663,귀멸의 칼날 스프링 페어 @홍대 - 홍대 팝업 | 팝가 Popga,20260531,20260722
/popup/5728,53,아크드롭 팝업 - 여의도 팝업 | 팝가 Popga,20260227,20260722
/popup/4695,56,부쏠해 팝업 - 영원을 향한 항로 - 종로 팝업 | 팝가 Popga,20251118,20260722
/popup/7237,97,게을러서 못열뻔한 플리마켓 - 동대문 팝업 | 팝가 Popga,20260526,20260722
/popup/5987,862,<악마는 프라다를 입는다 2> 쇼룸 성수점 - 성수 팝업 | 팝가 Popga,20260410,20260722
/popup/6914,615,포맨트 X 포켓몬스터 팝업 - 홍대 팝업 | 팝가 Popga,20260506,20260722
/popup/8013,30,비배니 팝업 - 고양시 팝업 | 팝가 Popga,20260714,20260722
/popup/6861,279,별정직 공무원 X 투니크 콜라보 카페 - 홍대 팝업 | 팝가 Popga,20260430,20260722
/popup/7735,267,요아정 팝업 - 잠실 팝업 | 팝가 Popga,20260628,20260722
/popup/7930,152,디드 팝업 - 잠실 팝업 | 팝가 Popga,20260708,20260722
/popup/6926,175,섬섬이네 팝업 - 여의도 팝업 | 팝가 Popga,20260507,20260722
/popup/6280,155,마프라 X 봄스퍼 팝업 - 용산 팝업 | 팝가 Popga,20260410,20260722
/popup/7997,188,레프트서울 팝업 - 여의도 팝업 | 팝가 Popga,20260713,20260722
/popup/3805,81,인스타360 플래그십 스토어 오픈 이벤트 | 팝가 POPGA,20250829,20260722
/popup/7826,65,그라미치 오프닝 이벤트 - 홍대 팝업 | 팝가 Popga,20260702,20260722
/popup/4996,322,이케아 팝업 - 판교 - 판교 팝업 | 팝가 Popga,20251215,20260722
/popup/1306,22,디즈니 플러피 페스티벌 | 팝가 POPGA,20241209,20260722
/popup/2747,51,아무로키 팝업 | 팝가 POPGA,20250513,20260722
/popup/3293,102,프라다 뷰티 패러독스 팝업 | 팝가 POPGA,20250714,20260722
/popup/6293,82,하이퍼쉘 팝업 - 여의도 팝업 | 팝가 Popga,20260413,20260722
/popup/5402,89,매기 팝업 - 여의도 팝업 | 팝가 Popga,20260125,20260722
/popup/5644,167,성수 빈티지 플리마켓 - 성수 팝업 | 팝가 Popga,20260219,20260722
/popup/6842,42,룩옵틱스 팝업 - 부산 팝업 | 팝가 Popga,20260430,20260722
/popup/6447,55,위드썸 팝업 - 부산 팝업 | 팝가 Popga,20260419,20260722
/popup/7629,448,몰든 팝업 - 여의도 팝업 | 팝가 Popga,20260621,20260722
/popup/6213,53,키스오브라이프 팝업 카페 - 영등포 팝업 | 팝가 Popga,20260408,20260722
/popup/1099,131,오쏘몰 팝업 | 팝가 POPGA,20241116,20260722
/popup/5959,161,아이린 전시 - 한남 팝업 | 팝가 Popga,20260320,20260722
/popup/5991,162,불가리 팝업 - 강남 팝업 | 팝가 Popga,20260324,20260722
/popup/6218,607,별의 커비 팝업 - 두근두근 크레인 피버 in 한국 - 홍대 팝업 | 팝가 Popga,20260408,20260722
/popup/6968,191,키덕투어 in 전주 - 전주 팝업 | 팝가 Popga,20260511,20260722
/popup/5926,60,한글과자 팝업 - 용산 - 용산 팝업 | 팝가 Popga,20260318,20260722
/popup/5203,94,할렌 팝업 - 여의도 팝업 | 팝가 Popga,20260105,20260722
/popup/7659,108,비틀스 이벤트 - 강남 팝업 | 팝가 Popga,20260623,20260722
/popup/4395,317,페르웨어 팝업 | 팝가 Popga,20251023,20260722
/popup/2755,594,나인 퍼즐 X 리얼월드 팝업 | 팝가 POPGA,20250514,20260722
/popup/1678,227,보따리제과점 팝업 - 판교 | 팝가 POPGA,20250121,20260722
/popup/7347,58,레인스 팝업 - 판교 팝업 | 팝가 Popga,20260602,20260722
/popup/7258,73,고유 팝업 - 여의도 팝업 | 팝가 Popga,20260527,20260722
/popup/4196,67,팝가스토어 동대문점 | 팝가 Popga,20251002,20260722
/popup/4463,747,"모두의 게임문화 팝업 - Play Together, Feel Forever | 팝가 Popga",20251029,20260722
/popup/7288,97,2026 경북 관광페스타 in 서울 - 경북으로 ON나 - 서울 팝업 | 팝가 Popga,20260529,20260722
/popup/7553,92,차학연 생일 카페 - 홍대 팝업 | 팝가 Popga,20260615,20260722
/popup/1088,192,오징어 게임 시즌 2 팝업 | 팝가 POPGA,20241115,20260722
/popup/7249,715,퍼시스 팝업스토어 UNSEEN AWARDS – Presented by FURSYS - 퍼시스 팝업 팝업 | 팝가 Popga,20260529,20260722
/popup/4684,1106,더 맥켈란 360 팝업 - 성수 팝업 | 팝가 Popga,20251117,20260722
/popup/605,36,DNSR 아포칼립스 컨셉 팝업 - DNSR 팝업 | 팝가 Popga,20240921,20260722
/popup/7232,66,공룡 덕후 박람회 - 대전 팝업 | 팝가 Popga,20260526,20260722
/popup/5944,346,23YEARSOLD 팝업 - 이태원 팝업 | 팝가 Popga,20260319,20260722
/popup/2659,148,토니모리 X 뷰티쁠 무빙팝업 | 팝가 POPGA,20250502,20260722
/popup/6514,131,맹꽁씨는 뭘해도 귀여워 팝업 - 광주 팝업 | 팝가 Popga,20260421,20260722
/popup/6065,1136,하트퍼센트 플래그십 스토어 오픈 이벤트 - 성수 팝업 | 팝가 Popga,20260329,20260722
/popup/5522,40,피너츠 컨셉스토어 - 송파구 팝업 | 팝가 Popga,20260204,20260722
/popup/6066,65,디아도라 X 아톰 팝업 - 강남 팝업 | 팝가 Popga,20260329,20260722
/popup/7115,580,뿔바투 팝업 - 성수 팝업 | 팝가 Popga,20260519,20260722
/popup/6576,197,이치방쿠지 팝업 - 영등포 팝업 | 팝가 Popga,20260424,20260722
/popup/6159,39,에이스침대 팝업 - 명동 팝업 | 팝가 Popga,20260405,20260722
/popup/3277,313,스티치 X 버터 팝업 이벤트 | 팝가 POPGA,20250710,20260722
/popup/6499,153,프랑스루브르바게트 팝업 - 부산 팝업 | 팝가 Popga,20260421,20260722
/popup/7579,966,요아정 X 무신사 팝업 - 성수 팝업 | 팝가 Popga,20260617,20260722
/popup/6178,592,셀바티코 팝업 - 성수 팝업 | 팝가 Popga,20260406,20260722
/popup/390,604,데이식스x데니멀즈 팝업 | 팝가 POPGA,20240826,20260722
/popup/6802,22,빌라봉 팝업 - 부산 팝업 | 팝가 Popga,20260430,20260722
/popup/2869,1570,롯데월드 X 포켓몬 썸머 페스타 | 팝가 POPGA,20250528,20260722
/popup/5669,531,옴니피플 빈티지 팝업 - 성수 팝업 | 팝가 Popga,20260223,20260722
/popup/4760,487,잇츠스킨 팝업 - FIRM + FUN PHARMACY - 성수 팝업 | 팝가 Popga,20251124,20260722
/popup/7058,132,고흥 스페이스팜 IN 성수 - 성수 팝업 | 팝가 Popga,20260515,20260722
/popup/2071,2498,지드래곤 전시 | 팝가 POPGA,20250304,20260722
/popup/1733,40,Spread The Love : 사랑을 퍼뜨리다 팝업 | 팝가 POPGA,20250131,20260722
/popup/655,76,쿠키런 로컬 어드벤처 전주 팝업 | 팝가 POPGA,20240926,20260722
/popup/sheet/4899,1821,홍대/신촌 애니/캐릭터 팝업스토어 찾기 | 팝가,20260223,20260722
/popup/8059,26,봄날엔 팝업 @대구 - 대구 팝업 | 팝가 Popga,20260716,20260722
/popup/2360,184,테토 팝업 | 팝가 POPGA,20250327,20260722
/popup/7112,62,라미 팝업 - 잠실 팝업 | 팝가 Popga,20260519,20260722
/popup/793,600,피넛버터바나나 팝업 | 팝가 POPGA,20241016,20260722
/popup/403,59,비긴스 바이 정샘물 팝업 - BeginS 팝업 | 팝가 Popga,20240830,20260722
/popup/20,123,짱구는 여행 중 전주 팝업 - 짱구는못말려 팝업 | 팝가 Popga,20240801,20260722
/popup/2075,611,메디힐 X 플레이브 팝업 | 팝가 POPGA,20250305,20260722
/popup/3242,242,매소스 진저비어 팝업 | 팝가 POPGA,20250707,20260722
/popup/1647,68,루즈슬립오버 팝업 - 루즈슬립오버 팝업 | 팝가 Popga,20250117,20260722
/popup/3127,619,모나미 X 레이어프 팝업 | 팝가 POPGA,20250624,20260722
/popup/2698,696,정샘물 팝업 | 팝가 POPGA,20250508,20260722
/popup/2340,601,안경만두 X NYXX 팝업 | 팝가 POPGA,20250326,20260722
/popup/3982,145,주세페주스티 팝업 | 팝가 POPGA,20250912,20260722
/popup/4664,862,레노버 팝업스토어 - 성수 팝업 | 팝가 Popga,20251114,20260722
/popup/2096,454,바이오던스 팝업 | 팝가 POPGA,20250307,20260722
/popup/5007,326,캐릭캐릭 체인지 X 애니메이트 콜라보 카페 - 부산 - 부산 팝업 | 팝가 Popga,20251216,20260722
/popup/645,239,시크릿랩 팝업 - SECRET LAB 팝업 | 팝가 Popga,20240925,20260722
/popup/4317,157,"그래도, 좋아해? X 투니크 콜라보 카페 | 팝가 Popga",20251016,20260722
/popup/4496,227,퇴마록 체험展 팝업 | 팝가 Popga,20251031,20260722
/popup/7339,757,오끼뜨 X 산리오캐릭터즈 팝업 - 성수 팝업 | 팝가 Popga,20260602,20260722
/popup/6714,356,토이 스토리 5 팝업 @판교 - 판교 팝업 | 팝가 Popga,20260428,20260722
/popup/5823,483,로아 팝업 - 성수 팝업 | 팝가 Popga,20260309,20260722
/popup/7221,104,커피토크 X 모애쿠 콜라보 카페 - 신촌 팝업 | 팝가 Popga,20260526,20260722
/popup/6717,275,집집 스핀오프 팝업 - 홍대 팝업 | 팝가 Popga,20260429,20260722
/popup/7404,215,캐리비안 베이 X 산리오캐릭터즈 - 용인 팝업 | 팝가 Popga,20260606,20260722
/popup/7063,949,오엔뷰 팝업 - 뷰티 플레이그라운드 - 성수 팝업 | 팝가 Popga,20260515,20260722
/popup/7457,403,EQL 6주년 이벤트 - EQL 6th BIRTHDAY PARTY @성수 - 성수 팝업 | 팝가 Popga,20260609,20260722
/popup/5282,336,올림포스 가디언 X 모애쿠 콜라보 카페 - 용산 팝업 | 팝가 Popga,20260113,20260722
/popup/6712,363,토이 스토리 5 팝업 @강남 - 무역 팝업 | 팝가 Popga,20260428,20260722
/popup/5872,146,베티붑 팝업 - 용산 팝업 | 팝가 Popga,20260313,20260722
/popup/4216,139,신서울 팝업 - 홍대 팝업 | 팝가 Popga,20251003,20260722
/popup/2669,223,장수돌침대 팝업 | 팝가 POPGA,20250502,20260722
/popup/5613,57,무유무유 팝업 - 신촌 팝업 | 팝가 Popga,20260213,20260722
/popup/7882,245,내셔널지오그래픽 어패럴 X 국가유산청 팝업 - 여의도 팝업 | 팝가 Popga,20260707,20260722
/popup/6084,31,베이비몬스터 데뷔 2주년 기념 팝업 - 합정 - 합정 팝업 | 팝가 Popga,20260330,20260722
/popup/7262,84,빈브로 팝업 - 홍대 팝업 | 팝가 Popga,20260528,20260722
/popup/6927,101,차이나플레인 팝업 - 성수 팝업 | 팝가 Popga,20260507,20260722
/popup/1573,43,곰곰이와 찬찬이 전시 - 부산 | 팝가 POPGA,20250118,20260722
/popup/1624,152,헌터 팝업 - 남양주 - 헌터 팝업 | 팝가 Popga,20250115,20260722
/popup/7960,49,펜필드 팝업 - 강남 팝업 | 팝가 Popga,20260710,20260722
/popup/8104,10,팝업스토어 상세 정보 | 팝가 Popga,20260720,20260722
/popup/7353,548,블랙핑크 X 다마고치 팝업 - 성수 팝업 | 팝가 Popga,20260602,20260722
/popup/5011,570,VT코스메틱 팝업 - 스킨 피트니스 센터 - 성수 팝업 | 팝가 Popga,20251216,20260722
/popup/5956,292,AGF 블렌디 – 현대인의 레시피 - 성수 팝업 | 팝가 Popga,20260320,20260722
/popup/6920,149,디오디너리 모공 놀이터 팝업 - 여의도 팝업 | 팝가 Popga,20260507,20260722
/popup/7349,190,서울파크뮤직페스티벌 - 올림픽공원 팝업 | 팝가 Popga,20260602,20260722
/popup/7077,140,네거티브 스플릿 클럽 팝업 - 여의도 팝업 | 팝가 Popga,20260517,20260722
/popup/3707,86,밀크하우스캔들 팝업 | 팝가 POPGA,20250820,20260722
/popup/7966,59,크래커하우스 팝업 - 홍대 팝업 | 팝가 Popga,20260710,20260722
/popup/7155,79,앨러간 에스테틱스 팝업 카페 @강남 - 강남 팝업 | 팝가 Popga,20260521,20260722
/popup/7131,538,미스터블루 팝업 - 미블 컴퍼니 연애사업 시작하겠습니다! - 홍대 팝업 | 팝가 Popga,20260520,20260722
/popup/4455,123,PIT STOP 빈티지 팝업 | 팝가 Popga,20251028,20260722
/popup/7169,1863,메이플스토리 팝업 - MAPLE ATTACK - 잠실 팝업 | 팝가 Popga,20260521,20260722
/popup/6545,497,스키피 팝업 - 성수 팝업 | 팝가 Popga,20260422,20260722
/popup/6979,1886,죠죠카라반 팝업 - 홍대 팝업 | 팝가 Popga,20260512,20260722
/popup/4728,2116,주토피아 X SKZOO 팝업 - 성수 팝업 | 팝가 Popga,20251120,20260722
/popup/7278,15,일스튜디오 X 엔사 팝업 - 중구 팝업 | 팝가 Popga,20260528,20260722
/popup/6435,925,몬스터에너지 팝업 - 판타지 루비레드 - 성수 팝업 | 팝가 Popga,20260417,20260722
/popup/7880,150,코스모폴리탄 트레일러 팝업 - 잠실 팝업 | 팝가 Popga,20260706,20260722
/popup/5820,270,와키윌리 성수 플래그십 스토어 오픈 이벤트 - 성수 팝업 | 팝가 Popga,20260309,20260722
/popup/4158,58,SMT라운지 X 키보에다마메 이벤트 | 팝가 Popga,20250930,20260722
/popup/7667,69,배신자의 러브송 팝업 - 홍대 팝업 | 팝가 Popga,20260623,20260722
/popup/2337,448,토스 페이스페이 스토어 팝업 | 팝가 POPGA,20250325,20260722
/popup/4537,178,토르홉 팝업 - 강남 팝업 | 팝가 Popga,20251104,20260722
/popup/5935,184,EQL 성수점 이벤트 - 이퀄쇼 - 성수 팝업 | 팝가 Popga,20260318,20260722
/popup/7280,1011,까르띠에 전시 - 인투 더 와일드 - 성수 팝업 | 팝가 Popga,20260528,20260722
/popup/4729,734,가나 초콜릿 팝업 - 가나 초콜릿 하우스 - 잠실 팝업 | 팝가 Popga,20251120,20260722
/popup/3243,333,정샘물 X 올리브영N 성수 팝업 | 팝가 POPGA,20250707,20260722
/popup/6092,290,메이크프렘 X 뷰티쁠 무빙 팝업 - 성수 팝업 | 팝가 Popga,20260331,20260722
/popup/2579,231,트립샵 팝업 | 팝가 POPGA,20250424,20260722
/popup/2393,70,로지텍G 팝업 | 팝가 POPGA,20250401,20260722
/popup/3703,1443,별의 커비 팝업 - 두근두근 크레인 피버 in 한국 | 팝가 POPGA,20250820,20260722
/popup/2490,487,유이크 팝업 | 팝가 POPGA,20250411,20260722
/popup/1601,75,짐빔 X 지평 막스키 팝업 | 팝가 POPGA,20250113,20260722
/popup/3975,126,땡땡샵 팝업 | 팝가 POPGA,20250912,20260722
/popup/2353,315,루이비통 X 무라카미 다카시 팝업 | 팝가 POPGA,20250326,20260722
/popup/4986,969,해리포터 위자드몰 팝업 - 여의도 - 여의도 팝업 | 팝가 Popga,20251212,20260722
/popup/2633,132,힉스커피 팝업 | 팝가 POPGA,20250429,20260722
/popup/4069,184,처음처럼 영동시장 스테이션 팝업 | 팝가 POPGA,20250919,20260722
/popup/4385,1986,토리든 커넥트 성수 이벤트 - 솔리빌리지 - 성수 팝업 | 팝가 Popga,20251022,20260722
/popup/3318,302,외모지상주의 팝업 - 부산 - 외모지상주의 팝업 팝업 | 팝가 Popga,20250716,20260722
/popup/5029,2802,몬치치 팝업 - 강남 팝업 | 팝가 Popga,20251217,20260722
/popup/3400,540,롤토체스 팝업 - K.O.콜로세움 | 팝가 POPGA,20250729,20260722
/popup/2538,172,사르투 팝업 | 팝가 POPGA,20250417,20260722
/popup/2263,323,장인한과 팝업 | 팝가 POPGA,20250317,20260722
/popup/2582,104,스미스키 팝업 | 팝가 POPGA,20250424,20260722
/popup/4795,3883,미스터리 수사반 X 픽셀리 전시 - The Prism 展 - 잠실 팝업 | 팝가 Popga,20251126,20260722
/popup/4270,300,뿔바투 콜라보 카페 | 팝가 Popga,20251013,20260722
/popup/4297,86,퍼플가라지 팝업 | 팝가 Popga,20251014,20260722
/popup/5555,56,굼바포터리 팝업 - 여의도 팝업 | 팝가 Popga,20260206,20260722
/popup/5284,820,로제 팝업 - one year of rosie - 용산 팝업 | 팝가 Popga,20260113,20260722
/popup/5744,570,매든 X 탄산마그네슘 팝업 - 성수 팝업 | 팝가 Popga,20260301,20260722
/popup/5650,215,플레이인더박스 X 네이버웹툰 팝업 - 용산 - 용산 팝업 | 팝가 Popga,20260220,20260722
/popup/5653,2820,헌터X헌터 X 애니플러스 콜라보 카페 - 합정 - 합정 팝업 | 팝가 Popga,20260222,20260722
/popup/3797,128,리치무드 이벤트 - 굿바이썸머 창고대방출 | 팝가 POPGA,20250828,20260722
/popup/6329,1132,스타워즈ㅣ서울스카이 - 잠실 팝업 | 팝가 Popga,20260414,20260722
/popup/4353,159,마리떼 프랑소와 저버 데님 아카이브 전시 | 팝가 Popga,20251020,20260722
/popup/5483,267,블로키 팝업 - 용산 팝업 | 팝가 Popga,20260201,20260722
/popup/4965,460,디어스윗랩 팝업 - 여의도 팝업 | 팝가 Popga,20251211,20260722
/popup/5165,285,니지산지 X 애니메이트 콜라보 카페 - Crystal Clockwork - 잠실 팝업 | 팝가 Popga,20251230,20260722
/popup/2724,191,도경수 찌랭이 & 찰스 팝업 | 팝가 POPGA,20250509,20260722
/popup/5911,277,이마트24 디저트랩 서울숲점 오픈 이벤트 - 서울숲 팝업 | 팝가 Popga,20260317,20260722
/popup/7273,247,멧앤멜 브랜드 팝업 - 용산 팝업 | 팝가 Popga,20260528,20260722
/popup/6107,113,원피스 이모션 전시회 오프라인 이벤트 - 미스터리 전보벌레 박스 - 홍대 팝업 | 팝가 Popga,20260331,20260722
/popup/2007,62,차일드라이프 팝업 - 대구 - 차일드라이프 팝업 | 팝가 Popga,20250225,20260722
/popup/5977,92,하이산 팝업 - 대구 - 대구 팝업 | 팝가 Popga,20260323,20260722
/popup/5297,151,토니모리 팝업 - 용산 팝업 | 팝가 Popga,20260114,20260722
/popup/7476,1027,ASCEplus 팝업스토어 - 성수 팝업 | 팝가 Popga,20260610,20260722
/popup/7179,85,버터앤오하오 팝업 - 더 로꽁 하우스 - 서울숲 팝업 | 팝가 Popga,20260522,20260722
/popup/5783,165,현대아울렛 동대문점 X 서울스티커샵 전시 - 동대문 팝업 | 팝가 Popga,20260305,20260722
/popup/6436,252,버켄스탁 팝업 - 한남 팝업 | 팝가 Popga,20260417,20260722
/popup/7698,76,기븐 X 모애쿠 콜라보 카페 - 신촌 팝업 | 팝가 Popga,20260624,20260722
/popup/7453,32,슈퍼럭키201마켓 오픈파티 팝업 - 중구 팝업 | 팝가 Popga,20260609,20260722
/popup/7787,102,베티붑 X 론론 팝업 @한남 - 용산 팝업 | 팝가 Popga,20260630,20260722
/popup/7359,175,사무엘 인형 팝업 - 신촌 팝업 | 팝가 Popga,20260604,20260722
/popup/3362,249,조선미녀 X 뷰티쁠 무빙팝업 | 팝가 POPGA,20250724,20260722
/popup/1133,513,캐릭캐릭 체인지 LIMITION 팝업 | 팝가 POPGA,20241121,20260722
/popup/5679,33,어티피컬 팝업 - 지구문방구 - 영등포 팝업 | 팝가 Popga,20260223,20260722
/popup/5000,94,어다울 팝업 - 여의도 팝업 | 팝가 Popga,20250709,20260722
/popup/4372,172,위니언 바이러스 팝업 - 홍대 팝업 | 팝가 Popga,20251021,20260722
/popup/6403,46,미술계 팝업 - 잠실 팝업 | 팝가 Popga,20260416,20260722
/popup/5298,107,도쿄유즈드 팝업 - 용산 팝업 | 팝가 Popga,20260114,20260722
/popup/4417,62,논노드 팝업 | 팝가 Popga,20251024,20260722
/popup/7465,151,아이돌리쉬세븐 X 모애쿠 콜라보 팝업 - 신촌 팝업 | 팝가 Popga,20260610,20260722
/popup/6930,1882,레이브 X 헬로키티 팝업 - 성수 팝업 | 팝가 Popga,20260507,20260722
/popup/3104,740,인스퍼 개러지 팝업 | 팝가 POPGA,20250623,20260722
/popup/7664,47,어글리쉐도우 팝업 - 명동 팝업 | 팝가 Popga,20260623,20260722
/popup/6955,54,티세르 팝업 - 여의도 팝업 | 팝가 Popga,20260511,20260722
/popup/6469,322,헤비 팝업 - 다시 설레는 시작 - 홍대 팝업 | 팝가 Popga,20260420,20260722
/popup/7338,141,히나쿠우 팝업 - 여의도 팝업 | 팝가 Popga,20260602,20260722
/popup/1793,440,왼그기그 팝업 | 팝가 POPGA,20250206,20260722
/popup/2369,607,블루 록 X 애니플러스 콜라보 카페 | 팝가 POPGA,20250328,20260722
/popup/5740,1020,명탐정 코난 팝업 - 여의도 팝업 | 팝가 Popga,20260301,20260722
/popup/545,18,THE READING ROOM 전시 - 퀴부 팝업 | 팝가 Popga,20240913,20260722
/popup/5519,68,마일드무무 X 그린라이트 팝업 - 잠실 팝업 | 팝가 Popga,20260204,20260722
/popup/6633,16,끄네들로 팝업 @대구 - 대구 팝업 | 팝가 Popga,20260427,20260722
/popup/6547,1257,신카이 마코토 작품 X 모애쿠 팝업 - 신촌 팝업 | 팝가 Popga,20260422,20260722
/popup/5759,80,무센트 팝업 - 부산 - 부산 팝업 | 팝가 Popga,20260303,20260722
/popup/6666,3,에코 팝업 - 동탄 팝업 | 팝가 Popga,20260618,20260722
/popup/7795,459,썸웨어버터 팝업 - 성수 팝업 | 팝가 Popga,20260701,20260722
/popup/1562,245,비비앙 팝업 - 대구 - 비비앙 팝업 | 팝가 Popga,20250108,20260722
/popup/4042,192,고양이와 스프 팝업 | 팝가 POPGA,20250918,20260722
/popup/6452,50,써누스 팝업 - 부산 팝업 | 팝가 Popga,20260420,20260722
/popup/6273,60,오헤시오 팝업 - 여의도 팝업 | 팝가 Popga,20260410,20260722
/popup/3058,1825,패트와 매트 팝업 | 팝가 POPGA,20250617,20260722
/popup/2247,529,주술회전 X 애니메이트 콜라보 카페 팝업 - 홍대 | 팝가 POPGA,20250317,20260722
/popup/5689,307,Mu-Mu X 러뷰루미 팝업 - 홍대 팝업 | 팝가 Popga,20260224,20260722
/popup/7266,56,뚜오미오 팝업 - 성수 팝업 | 팝가 Popga,20260528,20260722
/popup/4828,1308,하이큐 10주년 기념전 앵콜 팝업 - 홍대 팝업 | 팝가 Popga,20251128,20260722
/popup/778,101,퍼셀 팝업 | 팝가 POPGA,20241015,20260722
/popup/2467,2791,나의 히어로 아카데미아 전시 | 팝가 POPGA,20250409,20260722
/popup/4016,906,혜윰 스테이 팝업 - 혜윰 스테이 팝업 팝업 | 팝가 Popga,20250916,20260722
/popup/5526,638,베스트펜 팝업 - 여의도 팝업 | 팝가 Popga,20260204,20260722
/popup/4471,126,노배드바이브스 팝업 | 팝가 Popga,20251029,20260722
/popup/5544,453,포켓몬 GO 팝업 - 동대문 팝업 | 팝가 Popga,20260205,20260722
/popup/5485,158,리드볼트 팝업 - 부산 - 부산 팝업 | 팝가 Popga,20260201,20260722
/popup/4575,676,부실감자 팝업 - 홍대 팝업 | 팝가 Popga,20251107,20260722
/popup/7223,660,에르메스 전시 - <MYSTERY AT THE GROOMS> - 중구 팝업 | 팝가 Popga,20260526,20260722
/popup/4634,38,퍼마톨로지 팝업 - 판교 - 판교 팝업 | 팝가 Popga,20251112,20260722
/popup/7090,293,노빅딜 팝업 - 성수 팝업 | 팝가 Popga,20260518,20260722
/popup/867,121,VENUS <사랑의 형태들> 팝업 | 팝가 POPGA,20241023,20260722
/popup/6995,142,붓다를 붓다 팝업 - 영등포 팝업 | 팝가 Popga,20260512,20260722
/popup/7086,150,SKT X 윤주모 이벤트 - 성수동 잔칫날 - 성수 팝업 | 팝가 Popga,20260518,20260722
/popup/5791,89,예스아이씨 전시 - Timberline - 성수 팝업 | 팝가 Popga,20260305,20260722
/popup/7799,103,쭈악쭈악 팝업 @강남 - 강남 팝업 | 팝가 Popga,20260701,20260722
/popup/6596,56,동경생초코파이 팝업 @안양 - 평촌 팝업 | 팝가 Popga,20260426,20260722
/popup/6809,28,영도할매 꼬마김밥 @안산 - 안산 팝업 | 팝가 Popga,20260429,20260722
/popup/7810,82,빌리 캐릭터 팝업 - 영등포 팝업 | 팝가 Popga,20260701,20260722
/popup/6883,69,니얼지 팝업 - 성수 팝업 | 팝가 Popga,20260504,20260722
/popup/7386,660,사핀 팝업 - 성수 팝업 | 팝가 Popga,20260605,20260722
/popup/6917,67,러블리본 X 핑크퐁크 팝업 - 홍대 팝업 | 팝가 Popga,20260507,20260722
/popup/6039,1157,비오레 in 트렌드팟 바이 올리브영 성수 - 성수 팝업 | 팝가 Popga,20260327,20260722
/popup/7242,47,리베르 하우스 북촌 프로모션 - 북촌 팝업 | 팝가 Popga,20260527,20260722
/popup/7071,31,미미달 팝업 - 명동 팝업 | 팝가 Popga,20260517,20260722
/popup/7016,9,윗아웃비자 팝업 @명동 - 명동 팝업 | 팝가 Popga,20260513,20260722
/popup/2612,202,미니언즈 팝업 | 팝가 POPGA,20250428,20260722
/popup/7244,480,디지몬 어드벤처 X 애니메이트 콜라보 카페 @부산 - 부산 팝업 | 팝가 Popga,20260527,20260722
/popup/3281,280,매고렌 서울 팝업 | 팝가 POPGA,20250710,20260722
/popup/4931,91,스위치온 팝업 - 강남 팝업 | 팝가 Popga,20251208,20260722
/popup/5307,265,정남미명과 팝업 - 홍대 - 홍대 팝업 | 팝가 Popga,20260115,20260722
/popup/5413,460,아디다스 모터스포츠 팝업 - 성수 팝업 | 팝가 Popga,20260126,20260722
/popup/2823,99,피너츠 75주년 기념 팝업 - 대구 | 팝가 POPGA,20250522,20260722
/popup/4666,1939,싸이코드 X 애니플러스 콜라보 카페 - 홍대 팝업 | 팝가 Popga,20251114,20260722
/popup/7281,994,도브 X FIFA 월드컵 26™ 팝업 - 강남 팝업 | 팝가 Popga,20260528,20260722
/popup/6496,121,앨리스 사라다 팝업 - 인천 팝업 | 팝가 Popga,20260421,20260722
/popup/5776,2633,새로 팝업 - 새로중앙박물관 - 성수 팝업 | 팝가 Popga,20260304,20260722
/popup/1982,35,파넬 팝업 | 팝가 POPGA,20250224,20260722
/popup/4218,135,글로니 팝업 | 팝가 Popga,20251003,20260722
/popup/4596,324,텔레토비 팝업 - 여의도 팝업 | 팝가 Popga,20251109,20260722
/popup/7317,391,귀멸의 칼날 스프링 페어 @잠실 - 잠실 팝업 | 팝가 Popga,20260531,20260722
/popup/5340,1328,미세키서울 팝업 - 성수 팝업 | 팝가 Popga,20260117,20260722
/popup/2485,5935,디지몬 어드벤처 25주년 기념 전시 | 팝가 POPGA,20250410,20260722
/popup/4608,106,세컨드모닝 팝업 - 강남 팝업 | 팝가 Popga,20251110,20260722
/popup/3438,379,메디힐 X KBO 팝업 | 팝가 POPGA,20250730,20260722
/popup/4171,120,벨벳바니 팝업 | 팝가 Popga,20251001,20260722
/popup/4224,79,메모 파리 팝업 | 팝가 Popga,20251005,20260722
/popup/4818,205,52TOYS 팝업 - 여의도 팝업 | 팝가 Popga,20251128,20260722
/popup/4732,378,YIDP 2025 팝업 - 성수 팝업 | 팝가 Popga,20251120,20260722
/popup/5404,211,모프샌드 팝업 - 부산 - 부산 팝업 | 팝가 Popga,20260125,20260722
/popup/7478,371,차바코코 팝업 - 성수 팝업 | 팝가 Popga,20260610,20260722
/popup/7231,288,미야오 팝업 - 잠실 팝업 | 팝가 Popga,20260526,20260722
/popup/7660,1053,맥 팝업 - 성수 팝업 | 팝가 Popga,20260623,20260722
/popup/7410,134,비커즈 팝업 - 명동 팝업 | 팝가 Popga,20260606,20260722
/popup/5739,82,본부대로 팝업 - 홍대 팝업 | 팝가 Popga,20260301,20260722
/popup/1310,69,천사소녀 네티 팝업 | 팝가 POPGA,20241211,20260722
/popup/254,29,테디뵈르하우스 팝업 - 크로와상 팝업 | 팝가 Popga,20240807,20260722
/popup/5291,351,팝가스토어 용산점 - 용산 팝업 | 팝가 Popga,20260113,20260722
/popup/7400,108,쌤소나이트 넥시스 팝업 - 을지로 팝업 | 팝가 Popga,20260605,20260722
/popup/6246,60,로사나 캔디 팝업 - 잠실 팝업 | 팝가 Popga,20260409,20260722
/popup/2887,193,발로란트 5주년 팝업 | 팝가 POPGA,20250530,20260722
/popup/4742,4840,산리오캐릭터즈 팝업 - 스위트 홀리데이 크리스마스 하우스 - 성수 팝업 | 팝가 Popga,20251121,20260722
/popup/5736,142,크런키 스트레스 타파 학원 - 강남 팝업 | 팝가 Popga,20260227,20260722
/popup/6588,612,MBN 오렌지 스퀘어 팝업 - 성수 팝업 | 팝가 Popga,20260424,20260722
/popup/7407,126,어노브 트럭 팝업 @홍대 - 홍대 팝업 | 팝가 Popga,20260606,20260722
/popup/4326,629,스누피 캠프 하우스 팝업 | 팝가 Popga,20251016,20260722
/popup/5313,456,비엘알 팝업 - 성수 팝업 | 팝가 Popga,20260115,20260722
/popup/5224,75,오베베베이커리 팝업 - 잠실 팝업 | 팝가 Popga,20260107,20260722
/popup/5426,298,탄산마그네슘 팝업 - 잠실 팝업 | 팝가 Popga,20260127,20260722
/popup/5361,239,디어달리아 팝업 - 강남 팝업 | 팝가 Popga,20260120,20260722
/popup/1337,279,보노보노 소원의 숲 팝업 | 팝가 POPGA,20241213,20260722
/popup/3915,887,J-POP.ZIP 팝업 | 팝가 POPGA,20250908,20260722
/popup/7248,81,독주 낙원 페스티벌 - 종로 팝업 | 팝가 Popga,20260527,20260722
/popup/6912,518,꿈빛 파티시엘 팝업 - 홍대 팝업 | 팝가 Popga,20260506,20260722
/popup/5249,234,미니소 X 미미월드 팝업 - 김포 - 김포 팝업 | 팝가 Popga,20260109,20260722
/popup/5636,290,CU성수디저트파크점 오픈 이벤트 - 성수 팝업 | 팝가 Popga,20260219,20260722
/popup/6713,159,토이 스토리 5 팝업 @남양주 - 남양주 팝업 | 팝가 Popga,20260428,20260722
/popup/6625,22,찾다보니여기 팝업 @동탄 - 동탄 팝업 | 팝가 Popga,20260426,20260722
/popup/6706,16,화산귀환 팝업 - 홍대 팝업 | 팝가 Popga,20260428,20260722
/popup/1098,162,다니엘트루스 팝업 - daniel's truth 팝업 | 팝가 Popga,20241117,20260723
/popup/1784,726,윤숲 후르츠산도점 팝업 - 윤숲 팝업 | 팝가 Popga,20250205,20260723
/popup/1454,631,먼작귀 페스타 팝업 - 부산 | 팝가 POPGA,20241225,20260723
/popup/1458,410,케이스티파이 X 치이카와 팝업 | 팝가 POPGA,20241224,20260723
/popup/1418,67,모모이 팝업 - 모모이 팝업 | 팝가 Popga,20241219,20260723
/popup/1422,299,루루 더 피기 팝업 - 루루 더 피기 팝업 | 팝가 Popga,20241221,20260723
/popup/1993,101,메이커스 마크 팝업 | 팝가 POPGA,20250225,20260723
/popup/2033,162,아리얼 팝업 | 팝가 POPGA,20250227,20260723
/popup/2893,389,블루 아카이브 X 무신사 팝업 - 성수 | 팝가 POPGA,20250530,20260723
/popup/3725,868,명탐정 코난 콜라보 카페 | 팝가 POPGA,20250822,20260723
/popup/4175,555,전지적 독자 시점 전시 - 구원의 마왕전 | 팝가 Popga,20251001,20260723
/popup/3048,348,페일제이드 팝업 | 팝가 POPGA,20250616,20260723
/popup/3297,238,굴뚝강아지 팝업 | 팝가 POPGA,20250714,20260723
/popup/3177,326,익명깨꾹 팝업 | 팝가 POPGA,20250701,20260723
/popup/4366,2653,해즈빈 호텔 X 애니메이트 콜라보 카페 - 홍대 팝업 | 팝가 Popga,20251021,20260723
/popup/1235,46,센스튜디오 대구 팝업 | 팝가 POPGA,20241203,20260723
/popup/3244,295,소담상회 X 무신사 팝업 - 소담상회 팝업 팝업 | 팝가 Popga,20250707,20260723
/popup/5072,1463,키덕투어 팝업 - 잠실 팝업 | 팝가 Popga,20251222,20260723
/popup/2511,836,바닐라코 팝업 | 팝가 POPGA,20250414,20260723
/popup/2520,222,산리오 X 톰과 제리 팝업 | 팝가 POPGA,20250415,20260723
/popup/5551,2683,마피아42 팝업 - 성수 팝업 | 팝가 Popga,20260206,20260723
/popup/2463,293,무신사 슈즈 페스티벌 팝업 - 무신사 스퀘어 성수 4 | 팝가 POPGA,20250409,20260723
/popup/828,47,캐시미어 하우스 팝업 - 캐시미어 팝업 | 팝가 Popga,20241023,20260723
/popup/3713,157,알프릭 에덴 팝업 | 팝가 POPGA,20250821,20260723
/popup/3523,295,쿼시 팝업 | 팝가 POPGA,20250804,20260723
/popup/4928,1086,이모나리 팝업 - 성수 팝업 | 팝가 Popga,20251208,20260723
/popup/4050,1009,오늘의 귀여움 CLASS 팝업 - 오늘의 귀여움 CLASS 팝업 팝업 | 팝가 Popga,20250918,20260723
/popup/4630,452,퓨리피아 X 벨리곰 팝업 - 성수 팝업 | 팝가 Popga,20251112,20260723
/popup/2964,225,제주항공 X 산리오캐릭터즈 팝업 | 팝가 POPGA,20250611,20260723
/popup/4176,188,인천공항 해치 팝업스토어 - 인천 팝업 | 팝가 Popga,20251001,20260723
/popup/4291,346,밴드 고추잠자리 팝업 | 팝가 Popga,20251014,20260723
/popup/4509,220,[ WAYDN × NO-X KANG ] POP-UP IN SEONG-SU. | 팝가 Popga,20251031,20260723
/popup/5595,66,페코 팝업 - 성수 팝업 | 팝가 Popga,20260211,20260723
/popup/5486,218,원피스 팝업 - 청주 - 청주 팝업 | 팝가 Popga,20260202,20260723
/popup/6044,1675,투니크 X 데스노트 콜라보 카페 - 홍대 팝업 | 팝가 Popga,20260327,20260723
/popup/5852,344,웨차이굿즈 팝업 - 수원 - 수원 팝업 | 팝가 Popga,20260311,20260723
/popup/3565,305,아캄 팝업 | 팝가 POPGA,20250807,20260723
/popup/7274,357,토앤토 X 산리오캐릭터즈 팝업 - 용산 팝업 | 팝가 Popga,20260528,20260723
/popup/7095,489,NOS7 팝업 - 성수 팝업 | 팝가 Popga,20260518,20260723
/popup/6331,912,빤쮸토끼 팝업 @여의도 - 여의도 팝업 | 팝가 Popga,20260414,20260723
/popup/6090,2384,체인소 맨 팝업 - 홍대 팝업 | 팝가 Popga,20260331,20260723
/popup/6184,373,뚜오미오 X 산리오캐릭터즈 팝업 - 잠실 팝업 | 팝가 Popga,20260407,20260723
/popup/5028,770,외모지상주의 팝업 - 홍대 팝업 | 팝가 Popga,20251217,20260723
/popup/4378,321,오끼뜨 팝업 | 팝가 Popga,20251022,20260723
/popup/6483,653,3학년Z반 긴파치선생 X 애니메이트 카페 @홍대 - 홍대 팝업 | 팝가 Popga,20260421,20260723
/popup/6413,106,탄산마그네슘 팝업 - 명동 팝업 | 팝가 Popga,20260416,20260723
/popup/5353,289,로우바이브 팝업 - 여의도 팝업 | 팝가 Popga,20260119,20260723
/popup/5722,417,승리의 여신: 니케 X 애니메이트 콜라보 카페 - 잠실 - 잠실 팝업 | 팝가 Popga,20260226,20260723
/popup/5034,576,샤이샤이샤이 팝업 - 성수 팝업 | 팝가 Popga,20251217,20260723
/popup/4824,282,아이즈 팝업 - 성수 팝업 | 팝가 Popga,20251128,20260723
/popup/5800,116,투모로우바이투게더 전시 - 성수 팝업 | 팝가 Popga,20260306,20260723
/popup/3087,306,파삭 팝업 | 팝가 POPGA,20250620,20260723
/popup/6461,170,애프터 블로우 팝업 - 성수 팝업 | 팝가 Popga,20260420,20260723
/popup/5773,359,튜드먼트 팝업 - 성수 팝업 | 팝가 Popga,20260304,20260723
/popup/5319,282,연백 1227 팝업 - 용산 팝업 | 팝가 Popga,20260115,20260723
/popup/4285,83,미야오 X 김씨네 과일 팝업 - 용산 팝업 | 팝가 Popga,20251014,20260723
/popup/6542,1603,토코보 팝업 - IN MY SUN ERA - 성수 팝업 | 팝가 Popga,20260422,20260723
/popup/7171,32,세이드 팝업 - 여의도 팝업 | 팝가 Popga,20260522,20260723
/popup/7046,902,프로젝트 세카이 팝업 @서울 - 용산 팝업 | 팝가 Popga,20260514,20260723
/popup/7159,640,틈결 플래그쉽 with 에스더버니 팝업 - 성수 팝업 | 팝가 Popga,20260521,20260723
/popup/7332,1700,The Glen Grant Single Malt Scotch Whisky Distilled for Pairing - 성수 팝업 | 팝가 Popga,20260601,20260723
/popup/6867,72,미밍코 팝업 - 부산 팝업 | 팝가 Popga,20260501,20260723
/popup/7536,1016,메이플스토리 팝업 - 디어 마이 히어로 시네마 스토어 - 잠실 팝업 | 팝가 Popga,20260615,20260723
/popup/7729,111,오브먼트 팝업 - 성수 팝업 | 팝가 Popga,20260626,20260723
/popup/7501,2711,귀멸의 칼날 팝업 @홍대 - 홍대 팝업 | 팝가 Popga,20260612,20260723
/popup/7589,1071,XYZ 팝업 - 대체불가(代替不可) - 성수 팝업 | 팝가 Popga,20260617,20260723
/popup/7566,389,골스튜디오 팝업 - 잠실 팝업 | 팝가 Popga,20260616,20260723
/popup/7683,372,비이커 X 발란사 팝업 - 성수 팝업 | 팝가 Popga,20260624,20260723
/popup/6438,491,맥스 시덴토프 전시 - 서울역 팝업 | 팝가 Popga,20260417,20260723
/popup/5006,104,로우바이브 팝업 - 여의도 팝업 | 팝가 Popga,20251215,20260723
/popup/6962,193,조규매 팝업 - 강남 팝업 | 팝가 Popga,20260511,20260723
/popup/7108,857,모던하우스 3도씨 쿨링 팝업 - 여의도 팝업 | 팝가 Popga,20260519,20260723
/popup/7726,51,이베넛 팝업 @목동 - 목동 팝업 | 팝가 Popga,20260626,20260723
/popup/7717,1223,정서불안 김햄찌 팝업 - 서초 팝업 | 팝가 Popga,20260625,20260723
/popup/7725,88,이베넛 팝업 @압구정 - 강남 팝업 | 팝가 Popga,20260626,20260723
/popup/7693,634,톰과제리 한옥대소동 팝업 - 잠실 팝업 | 팝가 Popga,20260624,20260723
/popup/6728,407,보송보송 여우 보송이 팝업 - 홍대 팝업 | 팝가 Popga,20260429,20260723
/popup/6548,1074,반다이남코코리아 팝업 - 잠실 팝업 | 팝가 Popga,20260423,20260723
/popup/6707,575,BYD | 천하제빵 팝업스토어 - 성수 팝업 | 팝가 Popga,20260428,20260723
/popup/7329,46,엔프프 팝업 - 여의도 팝업 | 팝가 Popga,20260601,20260723
/popup/6285,228,폴 바셋 팝업 - 강남 팝업 | 팝가 Popga,20260410,20260723
/popup/5981,95,디즈니 팝업 - 제주 - 제주 팝업 | 팝가 Popga,20260323,20260723
/popup/6958,192,엄브로 팝업 - 성수 팝업 | 팝가 Popga,20260511,20260723
/popup/6885,130,레모앙 X 그린라이트 팝업 - 판교 팝업 | 팝가 Popga,20260504,20260723
/popup/6996,384,케이팝 데몬 헌터스 팝업 - 여의도 팝업 | 팝가 Popga,20260512,20260723
/popup/7107,420,영풍문고 X 토스 이벤트 - 영감이 필요한 순간 - 성수 팝업 | 팝가 Popga,20260519,20260723
/popup/7165,16,리스세라믹스 팝업 - 용산 팝업 | 팝가 Popga,20260521,20260723
/popup/7804,411,슈퍼스타 팝업 - 성수 팝업 | 팝가 Popga,20260701,20260723
/popup/7775,90,토이 스토리 5 팝업 @대구 - 대구 팝업 | 팝가 Popga,20260630,20260723
/popup/7384,1515,카카오프렌즈 팝업 - 후렌즈문방구 - 성수 팝업 | 팝가 Popga,20260604,20260723
/popup/7857,2931,봇치 더 록! X Gratte 콜라보 카페 - 홍대 팝업 | 팝가 Popga,20260705,20260723
/popup/7781,478,브라운더스트2 3주년 팝업 - 어린이대공원 팝업 | 팝가 Popga,20260630,20260723
/popup/7865,237,파이시스 팝업 @성수 - 성수 팝업 | 팝가 Popga,20260706,20260723
/popup/7844,1810,하츠네 미쿠 팝업 - 홍대 팝업 | 팝가 Popga,20260703,20260723
/popup/7747,532,묘냥이와 멍구 팝업스토어 - 홍대 팝업 | 팝가 Popga,20260629,20260723
/popup/7829,257,스타일 힌트 플리마켓 - 성수 팝업 | 팝가 Popga,20260703,20260723
/popup/7827,1077,짱구는 못말려 팝업 - 떡잎마을 주민 대축제 @용산 - 용산 팝업 | 팝가 Popga,20260702,20260723
/popup/8035,202,스트레이 키즈 팝업 - 성수 팝업 | 팝가 Popga,20260715,20260723
/popup/8056,101,아이들 미니니 팝업 @잠실 - i-dle 팝업 팝업 | 팝가 Popga,20260716,20260723
/popup/7858,221,윈드 브레이커 5주년 전시 X Gratte 콜라보 카페 - 홍대 팝업 | 팝가 Popga,20260705,20260723
/popup/8063,495,네스카페 팝업 - 성수 팝업 | 팝가 Popga,20260718,20260723
/popup/8021,676,미니언즈 X 부쉬맨 팝업 - 성수 팝업 | 팝가 Popga,20260715,20260723
/popup/7001,131,백조씽크 팝업 @목동 - 목동 팝업 | 팝가 Popga,20260512,20260723
/popup/7936,406,더뮤지엄비지터 팝업 - 성수 팝업 | 팝가 Popga,20260709,20260723
/popup/7805,157,라라레서피 팝업 - 광화문 팝업 | 팝가 Popga,20260701,20260723
/popup/7925,194,2026 보드게임콘 박람회 - 강남 팝업 | 팝가 Popga,20260708,20260723
/popup/7991,286,타이니빌 팝업 - 성수 팝업 | 팝가 Popga,20260713,20260723
/popup/7587,193,루블리스 팝업 - 잠실 팝업 | 팝가 Popga,20260617,20260723
/popup/6891,194,라카 컬러위크 팝업 - 성수 팝업 | 팝가 Popga,20260505,20260723
/popup/7904,205,태오앤더 팝업 - 여의도 팝업 | 팝가 Popga,20260707,20260723
/popup/7363,233,노니피아 팝업 - 용산 팝업 | 팝가 Popga,20260604,20260723
/popup/7933,122,수올리 팝업 - 잠실 팝업 | 팝가 Popga,20260708,20260723
/popup/7877,338,죠노네 팝업 - 성수 팝업 | 팝가 Popga,20260706,20260723
/popup/7471,392,후그 팝업 - 여의도 팝업 | 팝가 Popga,20260610,20260723
/popup/7594,367,볼빅 팝업 - 여의도 팝업 | 팝가 Popga,20260618,20260723
/popup/6895,359,코르티스 팝업 - 잠실 팝업 | 팝가 Popga,20260505,20260723
/popup/7642,300,외모지상주의 팝업 - Ep.인천 [선 : 죽음으로 가는 길] - 혜화 팝업 | 팝가 Popga,20260622,20260723
/popup/8022,50,시야쥬 팝업 - 강남 팝업 | 팝가 Popga,20260715,20260723
/popup/5754,121,왓플 팝업 - 잠실 팝업 | 팝가 Popga,20260303,20260723
/popup/7479,353,후르츠 바스켓 X 오마케 콜라보 카페 - 신촌 팝업 | 팝가 Popga,20260611,20260723
/popup/8096,226,오리지널비어컴퍼니 팝업 - 성수 팝업 | 팝가 Popga,20260720,20260723
/popup/8076,81,블루 아카이브 × 디스커스 애슬레틱 × 무신사 콜라보 - 무신사 팝업 | 팝가 Popga,20260720,20260723
/popup/7883,113,노커피 X 알파드라이브원 팝업 @강남 - 강남 팝업 | 팝가 Popga,20260707,20260723
/popup/8095,51,블랙핑크 X 다마고치 팝업 - 부산 팝업 | 팝가 Popga,20260720,20260723
/popup/8080,31,SOHC 아카이브 팝업 - 강남 팝업 | 팝가 Popga,20260720,20260723
/popup/8086,142,토이 스토리 5 팝업 @홍대 - 홍대 팝업 | 팝가 Popga,20260720,20260723
/popup/7870,199,데코보코 팝업 - 물 속에서 만난 친구들 - 홍대 팝업 | 팝가 Popga,20260706,20260723
/popup/7646,130,어스드롭 팝업 - 홍대 팝업 | 팝가 Popga,20260622,20260723
/popup/6566,95,폰피쉬 팝업 - 성수 팝업 | 팝가 Popga,20260428,20260723
/popup/7253,42,바이레도 팝업 - 여의도 팝업 | 팝가 Popga,20260527,20260723
/popup/8014,107,에포메이커 팝업 - 여의도 팝업 | 팝가 Popga,20260714,20260723
/popup/6224,85,CYC 프리미엄 빈티지샵 팝업 - 잠실 팝업 | 팝가 Popga,20260408,20260723
/popup/7373,74,슬이 와니 전시 - 홍대 팝업 | 팝가 Popga,20260604,20260723
/popup/8106,66,한손한끼 팝업 - 용산 팝업 | 팝가 Popga,20260721,20260723
/popup/8152,55,리딩웨이브 in LCDC SEOUL - 성수 팝업 | 팝가 Popga,20260723,20260723
/popup/8139,310,오피셜히게단디즘 팝업 - 성수 팝업 | 팝가 Popga,20260722,20260723
/popup/8119,935,치이카와 스시 팝업 - 성수 팝업 | 팝가 Popga,20260721,20260723
/popup/8099,26,디에이이펙트 팝업 in 신세계 센텀시티 - 부산 팝업 | 팝가 Popga,20260721,20260723
/popup/8128,34,아크시스템웍스 아시아 10주년 팝업 - 아크시스템웍스 팝업 팝업 | 팝가 Popga,20260722,20260723
/popup/3768,65,구찌 팝업 | 팝가 POPGA,20250826,20260723
/popup/4900,176,티니핑 X 아트박스 팝업 - 홍대 - 홍대 팝업 | 팝가 Popga,20251204,20260723
/popup/6572,32,니키 팝업 - 부산 팝업 | 팝가 Popga,20260426,20260723
/popup/7665,627,굿스마일 코리아 팝업 - 홍대 팝업 | 팝가 Popga,20260623,20260723
/popup/6843,19,프릴 팝업 - 일산 팝업 | 팝가 Popga,20260430,20260723
/popup/4962,72,알보우 팝업 - 용산 팝업 | 팝가 Popga,20251211,20260723
/popup/7920,52,홍실 퀘스트 팝업 @부산 - 부산 팝업 | 팝가 Popga,20260709,20260723
/popup/7856,195,스튜디오 지브리展 in Jeju X 도토리숲 팝업 - 제주 팝업 | 팝가 Popga,20260704,20260723
/popup/7401,324,효케츠 아이스매직 팝업스토어 - 여의도 팝업 | 팝가 Popga,20260605,20260723
/popup/7878,78,라벤더 앤 오트 팝업 - 강남 팝업 | 팝가 Popga,20260706,20260723
/popup/8105,34,애즈온 팝업 - 홍대 팝업 | 팝가 Popga,20260721,20260723
/popup/8156,23,피플웍스 X 신발원 팝업 - 여의도 팝업 | 팝가 Popga,20260723,20260723
/popup/8141,46,사이드킥 팝업 - 여의도 팝업 | 팝가 Popga,20260722,20260723
/popup/2050,51,쿨키튼 팝업 - 판교 | 팝가 POPGA,20250228,20260723
/popup/3313,196,갤럭시 스튜디오 팝업 - 여의도 | 팝가 POPGA,20250716,20260723
/popup/5940,746,메카소울 팝업 - 판교 - 판교 팝업 | 팝가 Popga,20260319,20260723
/popup/6997,268,앤더블 팝업 - 여의도 팝업 | 팝가 Popga,20260512,20260723
/popup/6314,65,엄브로 X 트레저 아사히 팝업 - 홍대 팝업 | 팝가 Popga,20260414,20260723
/popup/6645,83,태석광학 팝업 - 건대 팝업 | 팝가 Popga,20260426,20260723
/popup/7911,44,힛 미 하드 X Gratte 콜라보 카페 @잠실 - 잠실 팝업 | 팝가 Popga,20260708,20260723
/popup/8075,44,호호상박 X 비온아넥스 콜라보 카페 - 홍대 팝업 | 팝가 Popga,20260720,20260723
/popup/8089,55,돗자리마켓 팝업 - 홍대 팝업 | 팝가 Popga,20260720,20260723
/popup/7818,132,젠야 팝업 - 여의도 팝업 | 팝가 Popga,20260702,20260723
/popup/8046,35,디에토 팝업 - 강남 팝업 | 팝가 Popga,20260716,20260723
/popup/8057,38,아이들 미니니 팝업 @부산 - 부산 팝업 | 팝가 Popga,20260716,20260723
/popup/7978,34,스타필드 벌룬 페스티벌 @안성 - 안성 팝업 | 팝가 Popga,20260712,20260723
/popup/5729,450,닛카 프론티어 팝업 - 여의도 팝업 | 팝가 Popga,20260227,20260723
/popup/5908,47,아투스모멍트 팝업 - 하남 - 하남 팝업 | 팝가 Popga,20260316,20260723
/popup/7989,18,비커즈 팝업 - 부천 팝업 | 팝가 Popga,20260713,20260723
/popup/2348,44,KT 롤스터 팝업 - kt롤스터 팝업 | 팝가 Popga,20250326,20260723
/popup/7981,34,종원의 뷔르슈 X 애니메이트 콜라보 카페 @잠실 - 잠실 팝업 | 팝가 Popga,20260712,20260723
/popup/8085,18,토이 스토리 5 팝업 @대전 - 대전 팝업 | 팝가 Popga,20260720,20260723
/popup/1955,111,볼앤체인 팝업 - 판교 | 팝가 POPGA,20250220,20260723
/popup/7571,1970,오아시스 팝업 - 마포 팝업 | 팝가 Popga,20260616,20260723
/popup/2267,139,쿠오카 팝업 | 팝가 POPGA,20250318,20260723
/popup/7172,7741,이직로그 팝업 - 신촌 팝업 | 팝가 Popga,20260522,20260723
/popup/7771,217,브레드이발소 여름방학 특별전 - 한남 팝업 | 팝가 Popga,20260630,20260723
/popup/4394,464,판옵티콘 고양이 팝업 | 팝가 Popga,20251023,20260723
/popup/6021,796,키덕투어 팝업 - 대구 - 대구 팝업 | 팝가 Popga,20260326,20260723
/popup/6296,130,픽베이크 팝업 - 명동 팝업 | 팝가 Popga,20260413,20260723
/popup/4308,95,투어스 포토부스 팝업 - play hard | 팝가 Popga,20251015,20260723
/popup/5738,225,림버스 컴퍼니 3주년 팝업 - 대구 - 대구 팝업 | 팝가 Popga,20260227,20260723
/popup/7677,146,봉보니 팝업 - 잠실 팝업 | 팝가 Popga,20260623,20260723
/popup/8131,73,가정교사 히트맨 리본! 20주년 기념 팝업 - 홍대 팝업 | 팝가 Popga,20260722,20260723
/popup/6449,20,황금마차 팝업 - 대전 팝업 | 팝가 Popga,20260419,20260723
/popup/1124,210,톰과 제리 크리스마스 하우스 팝업 | 팝가 POPGA,20241120,20260723
/popup/2191,519,감탄브라 팝업 - 대구 | 팝가 POPGA,20250310,20260723
/popup/5664,599,29CM 이불 팝업 - 29 NOOP HOUSE - 성수 팝업 | 팝가 Popga,20260223,20260723
/popup/7621,1004,홀로라이브 콜라보 카페 - 홍대 팝업 | 팝가 Popga,20260619,20260723
/popup/4796,409,브롤스타즈 팝업 - 메리 브롤리마스 in Starfield - 하남 팝업 | 팝가 Popga,20251126,20260723
/popup/7134,675,KFC 팝업 - 켄터키 할아버지의 바삭한 집들이 - 종로 팝업 | 팝가 Popga,20260520,20260723
/popup/7688,161,레이지스튜디오 팝업 @용산 - 용산 팝업 | 팝가 Popga,20260624,20260723
/popup/7825,227,나비엔 응급숨표센터 팝업 - 시청 팝업 | 팝가 Popga,20260702,20260723
/popup/7597,73,베델하우스 이벤트 - 베델벼룩시장 - 신설동 팝업 | 팝가 Popga,20260618,20260723
/popup/7307,268,나나 X 투니크 콜라보 카페 - 부산 팝업 | 팝가 Popga,20260531,20260723
/popup/7411,1006,29CM X LOFT 협업 문구 팝업 - 성수 팝업 | 팝가 Popga,20260606,20260723
/popup/5570,92,비피블랑쉬 팝업 - 용산 팝업 | 팝가 Popga,20260209,20260723
/popup/6980,147,아디다스 팝업 - 성수 팝업 | 팝가 Popga,20260512,20260723
/popup/7583,659,헌터 X 빈폴 팝업 - 성수 팝업 | 팝가 Popga,20260617,20260723
/popup/7863,748,원신 팝업 - 찬란한 밤의 연회 - 용산 팝업 | 팝가 Popga,20260706,20260723
/popup/8072,327,에반게리온 팝업 - 홍대 팝업 | 팝가 Popga,20260719,20260723
/popup/4859,576,봉화사과 팝업 - 성수 팝업 | 팝가 Popga,20251202,20260723
/popup/5246,374,몰댄룩 팝업 - 굿뉴스 아카이브 - 용산 팝업 | 팝가 Popga,20260108,20260723
/popup/8043,485,나나 X 투니크 콜라보 카페 - 홍대 팝업 | 팝가 Popga,20260716,20260723
/popup/8044,34,에데닉 팝업 - 서초 팝업 | 팝가 Popga,20260716,20260723
/popup/449,20,아크로밧 팝업 | 팝업나우,20240830,20260723
/popup/7146,846,메르세데스 벤츠 전시 - 성수 팝업 | 팝가 Popga,20260520,20260723
/popup/7554,480,명탐정 코난 콜라보 카페 @잠실 - 잠실 팝업 | 팝가 Popga,20260616,20260723
/popup/8149,15,위키노 팝업 - 잠실 팝업 | 팝가 Popga,20260723,20260723
/popup/152,182,망그러진 곰과 비밀의 다락방 - 망그러진곰 팝업 | 팝가 Popga,20240801,20260723
/popup/7633,84,삼정타워 7주년 이벤트 - 부산 팝업 | 팝가 Popga,20260621,20260723
/popup/8028,177,데일리디렉션 팝업 - 성수 팝업 | 팝가 Popga,20260715,20260723
/popup/8069,45,아이엠스타! X 프리파라 THE MOVIE 만남의 기적! 페어 @잠실 - 아이엠스타! 팝업 | 팝가 Popga,20260720,20260723
/popup/4252,287,트와이스 팝업 - 10VE UNIVERSE | 팝가 Popga,20251011,20260723
/popup/7382,414,동국제약 팝업 - 성수 팝업 | 팝가 Popga,20260604,20260723
/popup/7875,312,페르웨어 성수 오프라인 이벤트 - 성수 팝업 | 팝가 Popga,20260706,20260723
/popup/4248,626,밀크터치 X 카페 오푸 팝업 | 팝가 Popga,20251010,20260723
/popup/5240,143,더콜디스트모먼트 팝업 - 여의도 팝업 | 팝가 Popga,20260108,20260723
/popup/7399,386,낯가리는카페 팝업 - 성수 팝업 | 팝가 Popga,20260605,20260723
/popup/7433,501,얼렁뚱땅 상점 팝업 - 잠실 팝업 | 팝가 Popga,20260609,20260723
/popup/7761,95,소닉 X 프렌즈 콜라보 카페 - 마리오아울렛 팝업 팝업 | 팝가 Popga,20260629,20260723
/popup/7901,230,로블록스 팝업 @청주 - 청주 팝업 | 팝가 Popga,20260707,20260723
/popup/8019,169,안상규벌꿀 팝업 - 잠실 팝업 | 팝가 Popga,20260715,20260723
/popup/8050,64,오운서 팝업 - 홍대 팝업 | 팝가 Popga,20260716,20260723
/popup/5836,31,헤어플러스 팝업 - 구로 팝업 | 팝가 Popga,20260310,20260723
/popup/7860,544,미트트리 팝업 - 성수 팝업 | 팝가 Popga,20260705,20260723
/popup/4307,161,괴수 8호 팝업 | 팝가 Popga,20251015,20260723
/popup/7033,63,오운서 플리마켓 - 성수 팝업 | 팝가 Popga,20260514,20260723
/popup/8145,100,키핀터치 팝업 - 성수 팝업 | 팝가 Popga,20260723,20260723
/popup/3148,2387,하이큐 10주년 기념 전시 | 팝가 POPGA,20250626,20260723
/popup/4612,520,에이치덱스 도성 팝업 - HDEX X 피지컬:아시아 - 성수 팝업 | 팝가 Popga,20251111,20260723
/popup/7786,236,용감한 쿠키 TOUR in 부산 - 부산 팝업 | 팝가 Popga,20260630,20260723
/popup/6738,57,봄날엔 팝업 @수원 - 수원 팝업 | 팝가 Popga,20260430,20260723
/popup/8107,24,영카이브 오픈 이벤트 - 홍대 팝업 | 팝가 Popga,20260721,20260723
/popup/2896,682,컬러버랩 퍼스널컬러 팝업 | 팝가 POPGA,20250602,20260723
/popup/7782,313,산해두화 또우화 팝업 - 여의도 팝업 | 팝가 Popga,20260630,20260723
/popup/3758,168,비플레인 팝업 | 팝가 POPGA,20250826,20260723
/popup/7604,119,스위치 팝업 - 여의도 팝업 | 팝가 Popga,20260618,20260723
/popup/6227,68,위칙 팝업 - 강남 팝업 | 팝가 Popga,20260409,20260723
/popup/7243,1075,디지몬 어드벤처 X 애니메이트 콜라보 카페 @홍대 - 홍대 팝업 | 팝가 Popga,20260527,20260723
/popup/7644,2199,토이 스토리 X 피스마이너스원 팝업 - THE FIRST FAN - 성수 팝업 | 팝가 Popga,20260622,20260723
/popup/21,122,SENTI SUMMER CLUB 팝업 - 센티 팝업 | 팝가 Popga,20250416,20260723
/popup/4682,116,써스데이아일랜드 X 키키 팝업 - 잠실 팝업 | 팝가 Popga,20251117,20260723
/popup/5654,652,헌터X헌터 X 애니플러스 콜라보 카페 - 부산 - 부산 팝업 | 팝가 Popga,20260222,20260723
/popup/5833,294,이그노타 팝업 - 성수 팝업 | 팝가 Popga,20260310,20260723
/popup/6429,738,명탐정 코난 팝업 - 여의도 팝업 | 팝가 Popga,20260417,20260723
/popup/7636,51,모찌네당고 팝업 - 부산 팝업 | 팝가 Popga,20260621,20260723
/popup/6264,22,노운언노운 팝업 - 여의도 팝업 | 팝가 Popga,20260410,20260723
/popup/6415,233,NBA 서울 플래그십 스토어 1주년 이벤트 - 성수 팝업 | 팝가 Popga,20260416,20260723
/popup/4110,1528,체인소 맨 팝업 | 팝가 Popga,20250923,20260723
/popup/2027,241,봇치 더 록! X 애니메이트 콜라보 카페 팝업 | 팝가 POPGA,20250226,20260723
/popup/7892,35,구민성 팝업 - 강남 팝업 | 팝가 Popga,20260707,20260723
/popup/7038,27,압소바 x 헬로키티 팝업 @강남 - 강남 팝업 | 팝가 Popga,20260514,20260723
/popup/5972,33,센티카 팝업 - 부산 - 부산 팝업 | 팝가 Popga,20260323,20260723
/popup/3679,173,커리쉴 팝업 | 팝가 POPGA,20250819,20260723
/popup/1077,1565,블리치전 애니메이션 20주년 기념 서울 전시 | 팝가 POPGA,20250117,20260723
/popup/4107,129,투플레이츠투플레이스 팝업 | 팝가 POPGA,20250924,20260723
/popup/3868,1063,메디큐브 에이지알 X 마이멜로디 in 트렌드팟 바이 올리브영 성수 | 팝가 POPGA,20250904,20260723
/popup/5196,1030,오둥이 팝업 - 이번엔 오둥이가 반장이 되었둥! - 여의도 팝업 | 팝가 Popga,20260105,20260723
/popup/5508,721,끌리메 뷰티 팝업 - 성수 팝업 | 팝가 Popga,20260203,20260723
/popup/sheet/6707,418,성수 팝업스토어 찾기 | 팝가,20260428,20260723
/popup/8108,31,구미코 팝업 - 신촌 팝업 | 팝가 Popga,20260721,20260723
/popup/7030,153,미닉스 팝업 - 집안일 해결소 - 북촌 팝업 | 팝가 Popga,20260513,20260723
/popup/7434,58,키코지 팝업 - 여의도 팝업 | 팝가 Popga,20260609,20260723
/popup/7699,125,도겐져스 X 피규어프레소 콜라보 카페 - 홍대 팝업 | 팝가 Popga,20260624,20260723
/popup/7770,117,코코라커 팝업 - 부산 팝업 | 팝가 Popga,20260630,20260723
/popup/8097,25,도담도담 팝업 - 대구 팝업 | 팝가 Popga,20260720,20260723
/popup/5365,112,최선의한과 팝업 - 용산 팝업 | 팝가 Popga,20260121,20260723
/popup/5360,965,맥캘란 팝업 - 성수 팝업 | 팝가 Popga,20260120,20260723
/popup/7257,206,원룸조교님 X 애니플러스 콜라보 카페 @부산 - 부산 팝업 | 팝가 Popga,20260527,20260723
/popup/7538,2079,농협은행 팝업 - NH드림뱅크 - 성수 팝업 | 팝가 Popga,20260615,20260723
/popup/8054,130,맘스터치 팝업 - 갓빠삭 치킨 연구소 - 이태원 팝업 | 팝가 Popga,20260716,20260723
/popup/1566,54,한밤중의 나를 봐줘 전시 | 팝가 POPGA,20250109,20260723
/popup/7509,662,한솥 도시락 34주년 창립 기념 전시 - 밥심(飯心) : 입안 가득 풍경 - 강남 팝업 | 팝가 Popga,20260612,20260723
/popup/3065,42,낫띵에브리띵 팝업 - 낫띵에브리띵 팝업 | 팝가 Popga,20250618,20260723
/popup/4839,449,TOPS CONNECT SHOP with MUSINSA - 성수 팝업 | 팝가 Popga,20251128,20260723
/popup/3335,784,게스케 X 데일리위클리 팝업 | 팝가 POPGA,20250718,20260723
/popup/4371,279,아리얼 X 뷰티쁠 무빙 팝업 | 팝가 Popga,20251021,20260723
/popup/6170,187,플레이브 팝업 - 여의도 팝업 | 팝가 Popga,20260406,20260723
/popup/7125,96,이너프원 팝업 - 강남 팝업 | 팝가 Popga,20260520,20260723
/popup/8142,44,오브젝트 X 이나피스퀘어 팝업 - 홍대 팝업 | 팝가 Popga,20260722,20260723
/popup/573,44,윤안경 팝업 | 팝가 POPGA,20240913,20260723
/popup/7626,369,루키스타 팝업 - 여의도 팝업 | 팝가 Popga,20260619,20260723
/popup/3375,112,코랄리크 팝업 | 팝가 POPGA,20250725,20260723
/popup/7701,273,페르소나5 X 애니메이트 콜라보 카페 @잠실 - 잠실 팝업 | 팝가 Popga,20260624,20260723
/popup/7658,9259,안경만두 타운 팝업 - 여의도 팝업 | 팝가 Popga,20260623,20260723
/popup/4899,12696,장송의 프리렌 전시 - 모험의 끝에서 시작되는 이야기 - 홍대 팝업 | 팝가 Popga,20251204,20260723
/popup/4166,333,올리브영 헤바 라운지 in 트렌드팟 바이 올리브영 홍대 | 팝가 Popga,20251001,20260723
/popup/5892,1796,마리페(MARIFE) 팝업 스토어 - 마리페 팝업스토어 팝업 | 팝가 Popga,20260316,20260723
/popup/7957,39,사이드킥 팝업 - tndud 천호 - 천호 팝업 | 팝가 Popga,20260710,20260723
/popup/3742,248,패트와 매트 팝업 - 부산 | 팝가 POPGA,20250825,20260723
/popup/7557,1079,디에디트 10주년 팝업 - 성수 팝업 | 팝가 Popga,20260616,20260723
/popup/3226,165,아쿠아 디 파르마 팝업 | 팝가 POPGA,20250704,20260723
/popup/5295,155,아르넛 팝업 - 용산 팝업 | 팝가 Popga,20260114,20260723
/popup/7042,1272,우마무스메 프리티 더비 팝업 - 홍대 팝업 | 팝가 Popga,20260514,20260723
/popup/6338,761,자이 브랜드 팝업 - 성수 팝업 | 팝가 Popga,20260414,20260723
/popup/8068,102,아이엠스타! X 프리파라 THE MOVIE 만남의 기적! 페어 @홍대 - 홍대 팝업 | 팝가 Popga,20260719,20260723
/popup/8109,67,얼굴만으론 좋아할 수 없어요 콜라보 카페 - 신촌 팝업 | 팝가 Popga,20260721,20260723
/popup/656,79,러브엠 X 아뮈프레자일 <러브밋치 성수> 팝업 | 팝가 POPGA,20240928,20260723
/popup/7164,672,피치피치핏치 X 투니크 콜라보 카페 - 홍대 팝업 | 팝가 Popga,20260521,20260723
/popup/7802,142,SEOUL SNACK CLUB 팝업 - 명동 팝업 | 팝가 Popga,20260701,20260723
/popup/7881,786,스파이더맨 전시 - 잠실 팝업 | 팝가 Popga,20260706,20260723
/popup/6226,197,니도 팝업 - 강남 팝업 | 팝가 Popga,20260409,20260723
/popup/6612,28,비터셀즈 팝업 - 수원 팝업 | 팝가 Popga,20260426,20260723
/popup/7686,227,플로디스튜디오 팝업 - 여의도 팝업 | 팝가 Popga,20260624,20260723
/popup/7910,125,힛 미 하드 X Gratte 콜라보 카페 @홍대 - 홍대 팝업 | 팝가 Popga,20260708,20260723
/popup/7999,623,아이브 X 미니브 팝업 - 잠실 팝업 | 팝가 Popga,20260713,20260723
/popup/7924,1005,CUTIE STREET 팝업 - 성수 팝업 | 팝가 Popga,20260708,20260723
/popup/7548,1492,오프사이드 팝업 - 용산 팝업 | 팝가 Popga,20260615,20260723
/popup/7691,116,원희는 스무살 생일 카페 - 홍대 팝업 | 팝가 Popga,20260624,20260723
/popup/7669,341,마루는 강쥐 팝업 - 마루의 냠냠 해피바캉스! - 여의도 팝업 | 팝가 Popga,20260623,20260723
/popup/6896,41,더피넛스튜디오 팝업 - 강남 팝업 | 팝가 Popga,20260505,20260723
/popup/938,111,정년이 X 잔망 루피 팝업 | 팝가 POPGA,20241029,20260723
/popup/1365,558,홀리데이 퍼글러 팝업 | 팝가 POPGA,20241213,20260723
/popup/1804,494,하리보 X GS25 팝업 | 팝가 POPGA,20250207,20260723
/popup/2080,1141,새로도원 팝업 | 팝가 POPGA,20250305,20260723
/popup/1960,179,시너진 팝업 - 시너진 팝업 | 팝가 Popga,20250220,20260723
/popup/1888,175,위글위글 팝업 - 울산 - 위글위글 팝업 | 팝가 Popga,20250214,20260723
/popup/2939,13828,2025 짱구 팝업 - 서울 | 팝가 POPGA,20250609,20260723
/popup/2522,3143,롬앤 플래그십스토어 | 팝가 POPGA,20250417,20260723
/popup/3578,2416,에반게리온 전시 - Lines of EVANGELION - 에반게리온 팝업 팝업 | 팝가 Popga,20250808,20260723
/popup/1634,61,스모클리 팝업 | 팝가 POPGA,20250116,20260723
/popup/3054,317,2025 승리의 여신: 니케 팝업 | 팝가 POPGA,20250617,20260723
/popup/5569,3614,프로젝트 세카이 팝업 - 강남 팝업 | 팝가 Popga,20260209,20260723
/popup/3260,1591,스마도리 바 팝업 in 서울 | 팝가 POPGA,20250709,20260723
/popup/3146,1646,스웨그키 팝업 | 팝가 POPGA,20250626,20260723
/popup/2604,231,다이슨 뷰티 팝업 | 팝가 POPGA,20250425,20260723
/popup/4049,288,테이스티 성수 치킨 파티 - 위너위너 치킨디너 | 팝가 POPGA,20250918,20260723
/popup/5621,5564,니케 전시회 - 홍대 팝업 | 팝가 Popga,20260213,20260723
/popup/2672,283,리스키 무빙 팝업 - 성수 | 팝가 POPGA,20250502,20260723
/popup/3940,88,언스페셜데이 시즌4: 더 바리스타 팝업 | 팝가 POPGA,20250910,20260723
/popup/4287,2671,가치서울 팝업 - 성수 팝업 | 팝가 Popga,20251014,20260723
/popup/4518,381,"나도, 복숭아 팝업 - 성수 팝업 | 팝가 Popga",20251103,20260723
/popup/4298,268,무모한 상점 몬치치 팝업 - 서울숲 - 성수 팝업 | 팝가 Popga,20251014,20260723
/popup/5502,306,디즈니 K-Heritage 팝업 - 명동 팝업 | 팝가 Popga,20260203,20260723
/popup/1889,70,락앤락 팝업 - 울산 - 락앤락 팝업 | 팝가 Popga,20250214,20260723
/popup/4269,154,에이티즈 팝업 - 8ROOM | 팝가 Popga,20251013,20260723
/popup/4710,779,코스알엑스 더마 랩 팝업 - 성수 팝업 | 팝가 Popga,20251119,20260723
/popup/4700,241,오늘 쌀소주 팝업 - 명동 팝업 | 팝가 Popga,20251118,20260723
/popup/6177,148,아메스월드와이드 팝업 - 성수 팝업 | 팝가 Popga,20260406,20260723
/popup/5431,819,망곰이의 특별한 하루 in 트렌드팟 바이 올리브영 홍대 - 홍대 팝업 | 팝가 Popga,20260127,20260723
/popup/4834,1319,올리브영 어워즈 in 올리브영N 성수 - 성수 팝업 | 팝가 Popga,20251128,20260723
/popup/4478,173,세이프 키즈 존 이벤트 | 팝가 Popga,20251030,20260723
/popup/6083,10205,포켓몬 시크릿 포레스트 - 성수 팝업 | 팝가 Popga,20260330,20260723
/popup/5781,13601,ZUTOMAYO INTENSE II IN SEOUL POPUP STORE - 성수 팝업 | 팝가 Popga,20260305,20260723
/popup/5287,170,러브앤딥스페이스 X 애니메이트 콜라보 카페 - 잠실 - 잠실 팝업 | 팝가 Popga,20260113,20260723
/popup/6087,307,이즈앤트리 팝업 - 성수 팝업 | 팝가 Popga,20260330,20260723
/popup/6335,371,에어로케이 X 오프뷰티 팝업 - 성수 팝업 | 팝가 Popga,20260414,20260723
/popup/4489,649,포카아이 팝업 - 명동 - 명동 팝업 | 팝가 Popga,20251030,20260723
/popup/5651,907,두산베어스 X 스너글 팝업 - 베어스랜드 - 성수 팝업 | 팝가 Popga,20260220,20260723
/popup/5489,250,에스팩토리 발렌타인 팝업 - 성수 팝업 | 팝가 Popga,20260202,20260723
/popup/5895,818,메디힐 팝업 - 성수 팝업 | 팝가 Popga,20260316,20260723
/popup/3542,312,글로니 팝업 | 팝가 POPGA,20250805,20260723
/popup/6274,129,다올상점 팝업 - 다올 단추가게 - 홍대 팝업 | 팝가 Popga,20260410,20260723
/popup/6256,981,투에이엔 팝업 - 성수 팝업 | 팝가 Popga,20260409,20260723
/popup/6369,1286,뮤드 팝업 - Angel Hug Delivery - 성수 팝업 | 팝가 Popga,20260416,20260723
/popup/357,162,실바니안 패밀리 숲 속 아기 친구들 팝업 - 실바니안패밀리 팝업 | 팝가 Popga,20240826,20260723
/popup/6367,174,유스이즈유어스 팝업 - 성수 팝업 | 팝가 Popga,20260415,20260723
/popup/6028,85,구미래 플리마켓 - 용산 팝업 | 팝가 Popga,20260326,20260723
/popup/5902,212,브랜든 X 북촌 오늘의집 팝업 - 북촌 팝업 | 팝가 Popga,20260316,20260723
/popup/6465,883,하이산 팝업 - 잠실 팝업 | 팝가 Popga,20260420,20260723
/popup/6451,361,자일리톨스톤 팝업 - 청량리 팝업 | 팝가 Popga,20260420,20260723
/popup/7388,222,레페리 크리에이터 플리마켓 - 성수 팝업 | 팝가 Popga,20260605,20260723
/popup/7256,427,원룸조교님 X 애니플러스 콜라보 카페 @홍대 - 홍대 팝업 | 팝가 Popga,20260527,20260723
/popup/7663,483,데이비 팝업 - 성수 팝업 | 팝가 Popga,20260623,20260723
/popup/7674,288,빵고미 팝업 - 여의도 팝업 | 팝가 Popga,20260623,20260723
/popup/5807,1145,하이큐 팝업 - 홍대 팝업 | 팝가 Popga,20260309,20260723
/popup/7710,480,뷰오리 팝업 - 성수 팝업 | 팝가 Popga,20260625,20260723
/popup/7720,1043,전지적 독자 시점 콜라보 카페 - 한여름의 유람 - 홍대 팝업 | 팝가 Popga,20260625,20260723
/popup/7620,1353,주술회전 팝업 - 홍대 팝업 | 팝가 Popga,20260619,20260723
/popup/7432,136,노일리 팝업 - 여의도 팝업 | 팝가 Popga,20260609,20260723
/popup/7100,68,쿠쿠 신세계백화점 타임스퀘어점 팝업스토어 - 영등포 팝업 | 팝가 Popga,20260504,20260723
/popup/7255,136,댄꼼마 오픈 이벤트 - 판교 팝업 | 팝가 Popga,20260527,20260723
/popup/6332,880,나가노마켓 팝업 - 대구 팝업 | 팝가 Popga,20260415,20260723
/popup/7811,483,일소 X 짱구는 못말려 팝업 - 강남 팝업 | 팝가 Popga,20260701,20260723
/popup/7792,278,K-BEAUTY MAKE UP IN A PRIVATE SUITE - 명동 팝업 | 팝가 Popga,20260701,20260723
/popup/7756,911,박뚜기 소금빵 X 요아정 팝업 @성수 - 성수 팝업 | 팝가 Popga,20260629,20260723
/popup/7788,200,모아나 썸머 아일랜드 이벤트 - 여의도 팝업 | 팝가 Popga,20260630,20260723
/popup/7853,2536,<붕괴: 스타레일> 전시 - 별 사이를 걷는 회고록 - 잠실 팝업 | 팝가 Popga,20260704,20260723
/popup/7722,748,스컬프터 팝업 - 성수 팝업 | 팝가 Popga,20260626,20260723
/popup/7859,528,이터널 리턴 3주년 페스티벌 - 대전 팝업 | 팝가 Popga,20260705,20260723
/popup/7855,4862,좀비고등학교 팝업 - 용산 팝업 | 팝가 Popga,20260704,20260723
/popup/7873,657,하트퍼센트 팝업 - 성수 팝업 | 팝가 Popga,20260706,20260723
/popup/7899,781,듀이트리 X 꿈돌이 팝업 스토어 in 성수 - 성수 팝업 | 팝가 Popga,20260707,20260723
/popup/7801,182,오마이걸 팝업 - Close To You - 홍대 팝업 | 팝가 Popga,20260701,20260723
/popup/7753,867,승리의 여신:니케 팝업 - 여의도 팝업 | 팝가 Popga,20260629,20260723
/popup/7943,1950,리센느 공식 캐릭터 '레미니(REMINI)' 팝업스토어 - 2026 캐릭터라이선싱페어 - 강남 팝업 | 팝가 Popga,20260716,20260723
/popup/7935,732,디지몬 어드벤처 X 오드스튜디오 팝업 - 용산 팝업 | 팝가 Popga,20260709,20260723
/popup/7588,1115,아노에틱 뷰티 팝업 - 성수 팝업 | 팝가 Popga,20260617,20260723
/popup/8007,575,러쉬 성수 팝업 - 마음을 뉘이는 순간 - 성수 팝업 | 팝가 Popga,20260714,20260723
/popup/8001,132,허그유어스킨 팝업 - 홍대 팝업 | 팝가 Popga,20260713,20260723
/popup/8067,207,노플라스틱선데이 팝업 - 여의도 팝업 | 팝가 Popga,20260718,20260723
/popup/8036,136,리락쿠마 팝업 - 목동 팝업 | 팝가 Popga,20260715,20260723
/popup/6584,179,미키와 친구들 K-헤리티지 팝업 - 홍대 팝업 | 팝가 Popga,20260424,20260723
/popup/1393,202,위글위글 수원 팝업 - 위글위글 팝업 | 팝가 Popga,20241218,20260723
/popup/7970,216,트릭컬 리바이브 X 커넥트현대 팝업 - 부산 팝업 | 팝가 Popga,20260710,20260723
/popup/7934,81,룩옵티컬 팝업 - 잠실 팝업 | 팝가 Popga,20260708,20260723
/popup/7251,42,운세박람회 - 서초 팝업 | 팝가 Popga,20260527,20260723
/popup/5214,226,메이드바이 행운맨숀 팝업 - 서면 - 서면 팝업 | 팝가 Popga,20260106,20260723
/popup/7528,212,에브랩 팝업 - 여의도 팝업 | 팝가 Popga,20260615,20260723
/popup/7914,210,바잇미 X 산리오캐릭터즈 팝업 - 잠실 팝업 | 팝가 Popga,20260708,20260723
/popup/7932,122,방추리 팝업 - 광진구 팝업 | 팝가 Popga,20260708,20260723
/popup/7968,194,유이크 피부 쿨링 충전소 팝업 - 강남 팝업 | 팝가 Popga,20260710,20260723
/popup/7543,500,명조 팝업 - Night Tales - 용산 팝업 | 팝가 Popga,20260615,20260723
/popup/7413,208,키덕투어 in 대전 - 대전 팝업 | 팝가 Popga,20260608,20260723
/popup/6741,50,왓어브레드 팝업 - 인천 팝업 | 팝가 Popga,20260429,20260723
/popup/6882,132,묘냥이와 멍구 팝업 - 잠실 팝업 | 팝가 Popga,20260504,20260723
/popup/6211,82,레카로 팝업 - 강남 팝업 | 팝가 Popga,20260408,20260723
/popup/7908,164,자취지화 X Gratte 콜라보 카페 @홍대 - 홍대 팝업 | 팝가 Popga,20260708,20260723
/popup/7348,247,에브리바디빈티지 스페셜라운지 팝업 @여의도 - 여의도 팝업 | 팝가 Popga,20260602,20260723
/popup/5994,33,키즈망고 팝업 - 천호 팝업 | 팝가 Popga,20260325,20260723
/popup/7984,108,약사의 혼잣말 X 애니메이트 콜라보 카페 @잠실 - 잠실 팝업 | 팝가 Popga,20260712,20260723
/popup/7906,606,로블록스 X 무신사 팝업 - 성수 팝업 | 팝가 Popga,20260708,20260723
/popup/7195,124,티르티르 성수 플래그십 스토어 1주년 이벤트 - 성수 팝업 | 팝가 Popga,20260524,20260723
/popup/7097,145,르세라핌 팝업 - 용산 팝업 | 팝가 Popga,20260518,20260723
/popup/7370,107,노르딕슬립 팝업 - 여의도 팝업 | 팝가 Popga,20260604,20260723
/popup/7328,272,김세현 X 박시호 AURA 전시 - 성수 팝업 | 팝가 Popga,20260601,20260723
/popup/8055,84,아이들 미니니 팝업 @홍대 - 홍대 팝업 | 팝가 Popga,20260716,20260723
/popup/7847,205,나의 히어로 아카데미아 X Gratte 팝업 @잠실 - 잠실 팝업 | 팝가 Popga,20260704,20260723
/popup/7790,252,강원 관광 통합브랜딩 홍보 팝업스토어 '강원이 딱이다' - 명동 팝업 | 팝가 Popga,20260706,20260723
/popup/8120,102,K리그 X 산리오 썸머캠프 팝업 - 여의도 팝업 | 팝가 Popga,20260721,20260723
/popup/7937,364,솔테라이브러리 플래그십 스토어 오픈 이벤트 - 성수 팝업 | 팝가 Popga,20260709,20260723
/popup/8005,440,로스트아크 팝업 - 모코코 스트릿 팝업 - 로스트아크 팝업 | 팝가 Popga,20260715,20260723
/popup/8112,41,고고다이노 체험전 - 탐험대원 모여라 - 부천 팝업 | 팝가 Popga,20260721,20260723
/popup/8042,34,오스하이 팝업 - 홍대 팝업 | 팝가 Popga,20260716,20260723
/popup/8026,125,넷플릭스 시리즈 <동궁> 팝업: 귀의 세계로 - 영등포 팝업 | 팝가 Popga,20260715,20260723
/popup/7982,46,종원의 뷔르슈 X 애니메이트 콜라보 카페 @홍대 - 홍대 팝업 | 팝가 Popga,20260712,20260723
/popup/2423,671,카스 팝업 | 팝가 POPGA,20250403,20260723
/popup/3025,149,에이티즈 팝업 | 팝가 POPGA,20250612,20260723
/popup/634,79,시작 레스토랑 팝업 | 팝가 POPGA,20240924,20260723
/popup/7385,146,카라운드 팝업 - 영등포 팝업 | 팝가 Popga,20260605,20260723
/popup/5454,147,바쿠 팝업 - 잠실 팝업 | 팝가 Popga,20260129,20260723
/popup/6298,85,룸 포 원더 전시 - 상상의 문을 열다 - 건대입구 팝업 | 팝가 Popga,20260413,20260723
/popup/7831,53,디아도라 X 텔레토비 팝업 - 강남 팝업 | 팝가 Popga,20260703,20260723
/popup/6341,17,로엄버 팝업 - 판교 팝업 | 팝가 Popga,20260415,20260723
/popup/7897,35,무제움 팝업스토어 in 더현대 대구 - 대구 팝업 | 팝가 Popga,20260707,20260723
/popup/491,86,우부아 팝업 - 우부아 팝업 | 팝가 Popga,20240905,20260723
/popup/8102,72,베러루틴코리아마켓 - 명동 팝업 | 팝가 Popga,20260720,20260723
/popup/8083,59,센티 SUMMER CLUB 팝업 - 서초 팝업 | 팝가 Popga,20260720,20260723
/popup/7961,128,이모나리 팝업 - 홍대 팝업 | 팝가 Popga,20260710,20260723
/popup/7939,76,토아베 팝업 - 용산 팝업 | 팝가 Popga,20260709,20260723
/popup/8133,101,어글리쉐도우 세일 팝업 - 성수 팝업 | 팝가 Popga,20260722,20260723
/popup/7440,157,제로 컨셉 스토어 팝업 - 강남 팝업 | 팝가 Popga,20260609,20260723
/popup/7839,121,은혼 팝업 - 요시와라 대염상 @수원 - 수원 팝업 | 팝가 Popga,20260703,20260723
/popup/7824,98,BIGZERO SOLO 전시 - 서촌 팝업 | 팝가 Popga,20260702,20260723
/popup/7946,48,네거티브 스플릿 클럽 팝업 - 중구 팝업 | 팝가 Popga,20260709,20260723
/popup/5992,41,펠로우 팝업 - 판교 - 판교 팝업 | 팝가 Popga,20260324,20260723
/popup/7745,83,김아홉 팝업 - 썸머 플리마켓 - 마포 팝업 | 팝가 Popga,20260628,20260723
/popup/5054,67,그래블스토어 팝업 - 그래블리 - 홍대 팝업 | 팝가 Popga,20251219,20260723
/popup/8122,18,Bloom 10주년 & 멜로키스 8주년 X Gratte 팝업 @홍대 - 홍대 팝업 | 팝가 Popga,20260722,20260723
/popup/3620,572,오도넛 팝업 | 팝가 POPGA,20250812,20260723
/popup/7326,557,연도문구 팝업 - 홍대 팝업 | 팝가 Popga,20260601,20260723
/popup/94,66,문보장(文寶藏) X 아난티 앳 부산 - 문보장 팝업 | 팝가 Popga,20240812,20260723
/popup/5695,56,8DIVISION 팝업 - 여의도 팝업 | 팝가 Popga,20260224,20260723
/popup/5858,117,마이티즈 팝업 - Wonder Room - 홍대 - 홍대 팝업 | 팝가 Popga,20260312,20260723
/popup/1313,18,로컬 히어로즈 팝업 - 로컬러 팝업 | 팝가 Popga,20241210,20260723
/popup/6508,16,마이크로아티장 팝업 - 포항 팝업 | 팝가 Popga,20260421,20260723
/popup/8115,28,티켓투더문 팝업 @청량리 - 청량리 팝업 | 팝가 Popga,20260721,20260723
/popup/7073,35,휴그 팝업 - 송도 팝업 | 팝가 Popga,20260517,20260723
/popup/5525,199,한국후지필름 팝업 - 용산 팝업 | 팝가 Popga,20260204,20260723
/popup/5091,268,흔한남매 팝업 - 파주 - 파주 팝업 | 팝가 Popga,20251223,20260723
/popup/7605,172,2026 FC서울 썸머 팝업 - 잠실 팝업 | 팝가 Popga,20260618,20260723
/popup/7985,361,팝업스토어 상세 정보 | 팝가 Popga,20260712,20260723
/popup/8092,125,폼폼푸린 베이커리 카페 - 강남 팝업 | 팝가 Popga,20260720,20260723
/popup/8110,267,피엘라벤 팝업 - 성수 팝업 | 팝가 Popga,20260721,20260723
/popup/1132,139,"미안하다, 사랑한다 팝업 | 팝가 POPGA",20241121,20260723
/popup/2051,151,쿨키튼 팝업 - 대구 | 팝가 POPGA,20250228,20260723
/popup/6981,574,마하그리드 X 진격의 거인 팝업 - 성수 팝업 | 팝가 Popga,20260512,20260723
/popup/5292,212,팝가스토어 동대문점 - 동대문 팝업 | 팝가 Popga,20260113,20260723
/popup/7734,677,컨버스 팝업 @성수 - 성수 팝업 | 팝가 Popga,20260628,20260723
/popup/7812,148,스폰지밥 팝업 - 부산 팝업 | 팝가 Popga,20260701,20260723
/popup/5723,242,승리의 여신: 니케 X 애니메이트 콜라보 카페 - 부산 - 부산 팝업 | 팝가 Popga,20260226,20260723
/popup/7435,1232,핏플랍 팝업 - 성수 팝업 | 팝가 Popga,20260609,20260723
/popup/8125,13,박앵귀 X Gratte 팝업 @잠실 - 박앵귀 팝업 | 팝가 Popga,20260722,20260723
/popup/3091,9407,로블록스 팝업 | 팝가 POPGA,20250620,20260723
/popup/1934,196,마이오마이 팝업 | 팝가 POPGA,20250219,20260723
/popup/6046,111,아오키 치이상점 팝업 - 대구 - 대구 팝업 | 팝가 Popga,20260328,20260723
/popup/7499,4392,T1 팝업 - 암행천문: 별을 헤다 - 성수 팝업 | 팝가 Popga,20260611,20260723
/popup/7940,110,베이비메탈클럽 팝업 - 상수 팝업 | 팝가 Popga,20260709,20260723
/popup/8134,44,치이상점 팝업 - 영등포 팝업 | 팝가 Popga,20260722,20260723
/popup/400,100,리바이스 성수 진정성 팝업 - 리바이스 팝업 | 팝가 Popga,20240830,20260723
/popup/4242,7378,오아시스 라이브 '25 팬 스토어 팝업 | 팝가 Popga,20251006,20260723
/popup/5041,362,언스페셜티 팝업 - 강남 팝업 | 팝가 Popga,20251218,20260723
/popup/7436,291,롬앤 핑크오피스 이벤트 - 성수 팝업 | 팝가 Popga,20260609,20260723
/popup/7898,416,키덕투어 in 타임스퀘어 - 영등포 팝업 | 팝가 Popga,20260707,20260723
/popup/233,49,미니언즈X하울팟 한남동 팝업 - 하울팟 팝업 | 팝가 Popga,20240814,20260723
/popup/8093,41,텍스쳐 선수 생일 이벤트 - 동대문 팝업 | 팝가 Popga,20260720,20260723
/popup/8079,120,미옥 팝업 - 여의도 팝업 | 팝가 Popga,20260720,20260723
/popup/6088,264,나의 히어로 아카데미아 X 애니메이트 카페 - 부산 - 부산 팝업 | 팝가 Popga,20260330,20260723
/popup/6851,611,꼬마마법사 레미 팝업스토어 & 콜라보 카페 - 성수 팝업 | 팝가 Popga,20260430,20260723
/popup/8024,43,닉앤니콜 팝업 - 영등포 팝업 | 팝가 Popga,20260715,20260723
/popup/7740,115,팝마트 이벤트 - 더 몬스터즈 헤어 살롱 - 안국 팝업 | 팝가 Popga,20260628,20260723
/popup/3784,67,슈퍼 믹스 마켓 팝업 | 팝가 POPGA,20250827,20260723
/popup/7965,103,테켓 팝업 - 홍대 팝업 | 팝가 Popga,20260710,20260723
/popup/2874,458,헉슬리 X 헬로 선라이즈 팝업 | 팝가 POPGA,20250529,20260723
/popup/4490,1468,포카아이 팝업 - 홍대 - 홍대 팝업 | 팝가 Popga,20251030,20260723
/popup/8140,66,센슬 팝업 - 여의도 팝업 | 팝가 Popga,20260722,20260723
/popup/6333,338,무신사 뷰티 컬러렌즈 팝업 - 성수 팝업 | 팝가 Popga,20260414,20260723
/popup/7942,472,이스트씨 팝업 - 여의도 팝업 | 팝가 Popga,20260709,20260723
/popup/8032,77,밈 팝업 - 서초 팝업 | 팝가 Popga,20260715,20260723
/popup/259,145,가마쿠라 와라비모찌 팝업 - 가마쿠라 팝업 | 팝가 Popga,20240812,20260723
/popup/8146,32,히카루가 죽은 여름 X 모애쿠 콜라보 카페 - 신촌 팝업 | 팝가 Popga,20260723,20260723
/popup/5997,28,근제베이커리 팝업 - 압구정 팝업 | 팝가 Popga,20260324,20260723
/popup/7491,176,물가의 밤 X 애니플러스 콜라보 카페 @서면 - 부산 팝업 | 팝가 Popga,20260611,20260723
/popup/3140,320,<오징어 게임> 시즌 3 팝업 | 팝가 POPGA,20250625,20260723
/popup/5135,141,상쾌환 팝업 - 시흥 팝업 | 팝가 Popga,20251226,20260723
/popup/6191,336,르버브 팝업 - 성수 팝업 | 팝가 Popga,20260407,20260723
/popup/7489,263,베이비몬스터 팝업 - 홍대 팝업 | 팝가 Popga,20260611,20260723
/popup/7948,997,토니모리 20주년 팝업 - 성수 팝업 | 팝가 Popga,20260710,20260723
/popup/5882,30,더케미 팝업 - 강남 팝업 | 팝가 Popga,20260315,20260723
/popup/3135,5587,가나디 팝업 | 팝가 POPGA,20250625,20260723
/popup/7963,452,토니모리 20주년 팝업 - 성수 팝업 | 팝가 Popga,20260710,20260723
/popup/7744,139,데가미샤 팝업 - 용산 팝업 | 팝가 Popga,20260628,20260723
/popup/7028,54,메디힐 X 두산 베어스 팝업 - 잠실 팝업 | 팝가 Popga,20260513,20260723
/popup/4523,144,쫀냐미 쇼룸 in 카페운중동 - 분당 팝업 | 팝가 Popga,20251103,20260723
/popup/5764,114,푸마 팝업 - 홍대 팝업 | 팝가 Popga,20260303,20260723
/popup/668,247,유병재 X 모리스&보리스 행운던전 팝업 | 팝가 POPGA,20240927,20260723
/popup/4985,475,연도문구 팝업 - 용산 팝업 | 팝가 Popga,20251212,20260723
/popup/7403,130,현대 모터스튜디오 하남 브랜드 팝업 - 하남 팝업 | 팝가 Popga,20260605,20260723
/popup/581,208,초당옥수수 콘서트 팝업 | 팝가 POPGA,20240913,20260723
/popup/8061,497,"한강,서울 팝업 - 성수 팝업 | 팝가 Popga",20260718,20260723
/popup/8009,293,다이닛 팝업 @성수 - 성수 팝업 | 팝가 Popga,20260714,20260723
/popup/7895,94,펀키스 타건샵 팝업 - 용산 팝업 | 팝가 Popga,20260707,20260723
/popup/2786,216,맨체스터 시티 팝업 | 팝가 POPGA,20250516,20260723
/popup/5924,1518,비오레 팝업 - 성수 팝업 | 팝가 Popga,20260317,20260723
/popup/4415,287,셔레이드쇼 팝업 - 홍대 팝업 | 팝가 Popga,20251024,20260723
/popup/7921,495,승리의 여신: 니케 팝업 - 여의도 팝업 | 팝가 Popga,20260708,20260723
/popup/7224,1159,아카데미과학 포켓몬 컨셉 팝업 - 용산 팝업 | 팝가 Popga,20260526,20260723
/popup/7031,603,윈드브레이커 5주년 기념전 - 홍대 팝업 | 팝가 Popga,20260513,20260723
/popup/6943,32,투머치택스 X 윤이재 팝업 - 여의도 팝업 | 팝가 Popga,20260508,20260723
/popup/7612,563,라이즈 X CU 팝업 - 성수 팝업 | 팝가 Popga,20260619,20260723
/popup/7846,501,나의 히어로 아카데미아 X Gratte 팝업 @홍대 - 홍대 팝업 | 팝가 Popga,20260704,20260723
/popup/631,268,헬로키티 50주년 팝업 | 팝가 POPGA,20240924,20260723
/popup/5198,2504,슈가슈가룬 팝업 - 홍대 팝업 | 팝가 Popga,20260105,20260723
/popup/7441,325,블루 록 X 애니메이트 콜라보 카페 - 잠실 팝업 | 팝가 Popga,20260609,20260723
/popup/7648,620,나가노마켓 팝업 - 신촌 팝업 | 팝가 Popga,20260622,20260723
/popup/2556,2962,짱구스토어 팝업 - 제주 | 팝가 POPGA,20250421,20260723
/popup/2940,4849,2025 짱구 팝업 - 청주 | 팝가 POPGA,20250609,20260723
/popup/5455,7383,스텔라이브 팝업 - 홍대 팝업 | 팝가 Popga,20260129,20260723
/popup/6103,383,퍼글러 팝업 - 홍대 - 홍대 팝업 | 팝가 Popga,20260331,20260723
/popup/6656,113,뉴욕러브베이글 팝업 - 잠실 팝업 | 팝가 Popga,20260427,20260723
/popup/831,107,꾸미버스 팝업 | 팝가 POPGA,20241022,20260723
/popup/5659,324,무직타이거 X 팝퍼블 콜라보 카페 - 용산 팝업 | 팝가 Popga,20260222,20260723
/popup/474,108,골 때리는 그녀들 팝업 | 팝가 POPGA,20240903,20260723
/popup/3219,134,패트와 매트 팝업 - 청주 | 팝가 POPGA,20250704,20260723
/popup/7147,415,키덕투어 in 건대스타시티 - 건대 팝업 | 팝가 Popga,20260520,20260723
/popup/6969,2453,NCT 10TH ANNIVERSARY [NCT 2026] POP UP : NEO GROUND - NCT 팝업 | 팝가 Popga,20260511,20260723
/popup/6352,316,무신사 스탠다드 X 노홍철 팝업 @성수 - 성수 팝업 | 팝가 Popga,20260415,20260723
/popup/7738,263,벤슨 X 하츠투하츠 팝업 - 강남 팝업 | 팝가 Popga,20260628,20260723
/popup/8123,17,Bloom 10주년 & 멜로키스 8주년 X Gratte 팝업 @잠실 - Bloom 팝업 | 팝가 Popga,20260722,20260723
/popup/7864,578,주술회전 팝업 - 사멸회유 - 홍대 팝업 | 팝가 Popga,20260706,20260723
/popup/6077,1147,나의 히어로 아카데미아 X 애니메이트 카페 - 홍대 - 홍대 팝업 | 팝가 Popga,20260330,20260723
/popup/6311,71,자일리톨스톤 팝업 - 안양 - 안양 팝업 | 팝가 Popga,20260413,20260723
/popup/7563,74,니나코스타 팝업 - 용산 팝업 | 팝가 Popga,20260616,20260723
/popup/7905,392,익꾹쨍 팝업 -여름여행 - 용산 팝업 | 팝가 Popga,20260708,20260723
/popup/7315,639,<우리 길드 아이돌> 팝업 - 홍대 팝업 | 팝가 Popga,20260531,20260723
/popup/8017,97,아홉 쇼룸 팝업 - 여의도 팝업 | 팝가 Popga,20260714,20260723
/popup/5970,202,리틀템포 팝업 - 서촌여행 - 서촌 팝업 | 팝가 Popga,20260322,20260723
/popup/6422,226,스트레이키즈 팝업 - 성수 팝업 | 팝가 Popga,20260417,20260723
/popup/4689,1251,메노킨 팝업 - 성수 팝업 | 팝가 Popga,20251118,20260723
/popup/7616,265,에이티즈 팝업 - 여의도 팝업 | 팝가 Popga,20260619,20260723
/popup/7238,208,목욕 마켓 - 강남 팝업 | 팝가 Popga,20260526,20260723
/popup/7814,979,디제이맥스 리스펙트 V X 브이스퀘어 콜라보 카페 - 건대 팝업 | 팝가 Popga,20260701,20260723
/popup/5713,3092,콜랩코리아 팝업 - 성수 팝업 | 팝가 Popga,20260226,20260723
/popup/1248,253,방구빵빵의 홈파티 팝업 | 팝가 POPGA,20241203,20260723
/popup/1348,3109,캐릭캐릭 체인지 X 팝퍼블 콜라보 팝업 | 팝가 POPGA,20241212,20260723
/popup/2894,231,던전앤파이터 SNOWMAGE 팝업 | 팝가 POPGA,20250530,20260723
/popup/3129,1648,짱구 <부리부리 바캉스> | 팝가 POPGA,20250624,20260723
/popup/1676,647,올라잇24 팝업 - 올라잇24 팝업 | 팝가 Popga,20250120,20260723
/popup/2517,155,K리그 X 산리오캐릭터즈 팝업 - 대구 | 팝가 POPGA,20250415,20260723
/popup/1887,118,빅쏘갤러리 팝업 - 울산 | 팝가 POPGA,20250214,20260723
/popup/2493,1255,괴수 8호 팝업 | 팝가 POPGA,20250411,20260723
/popup/2228,90,딥티크 팝업 | 팝가 POPGA,20250313,20260723
/popup/5593,2060,오버워치 디지털 팝업 - 판교 팝업 | 팝가 Popga,20260211,20260723
/popup/5119,2123,운빨존많겜 팝업 - 운빨가챠샵 - 성수 팝업 | 팝가 Popga,20251225,20260723
/popup/4347,348,원피스 팝업스토어 현대아울렛 김포점 | 팝가 Popga,20251020,20260723
/popup/2527,909,주미소 X 주술회전 팝업 | 팝가 POPGA,20250416,20260723
/popup/526,86,해피냠냠 라면가게 팝업 | 팝가 POPGA,20240910,20260723
/popup/3681,571,다마고치 팝업 | 팝가 POPGA,20250819,20260723
/popup/2829,271,바이비 팝업 | 팝가 POPGA,20250523,20260723
/popup/2437,675,오렌즈 성수점 이벤트 - 오렌즈 팝업 팝업 | 팝가 Popga,20250404,20260723
/popup/3738,244,성심당 이벤트 - 나만의 성심당 케이크 만들기 | 팝가 POPGA,20250822,20260723
/popup/3699,288,바이시클 코리아 팝업 | 팝가 POPGA,20250820,20260723
/popup/4447,1153,나메코 팝업 - 홍대 팝업 | 팝가 Popga,20251028,20260723
/popup/4352,972,LH 메이커스 스튜디오 팝업 - 성수 팝업 | 팝가 Popga,20251020,20260723
/popup/4373,144,보스 팝업 | 팝가 Popga,20251021,20260723
/popup/4691,9521,천사 vs 악마 가나디 팝업 - 성수 팝업 | 팝가 Popga,20251118,20260723
/popup/5035,573,코토팍시 팝업 - 여의도 팝업 | 팝가 Popga,20251217,20260723
/popup/3700,141,두산베어스 X 망그러진곰 팝업 - 망곰베어스 DAY - 망곰베어스데이 팝업 팝업 | 팝가 Popga,20250820,20260723
/popup/4041,108,웁 비주얼 아트 페스티벌 | 팝가 POPGA,20250918,20260723
/popup/5914,3090,그 비스크 돌은 사랑을 한다 X 애니플러스 콜라보 카페 - 합정 - 합정 팝업 | 팝가 Popga,20260317,20260723
/popup/3333,224,송화칩스 팝업 | 팝가 POPGA,20250718,20260723
/popup/5326,201,제니 전시 - 강남 팝업 | 팝가 Popga,20260116,20260723
/popup/5888,202,몽슈슈 팝업 - 용산 팝업 | 팝가 Popga,20260315,20260723
/popup/6626,21,더티치즈바이트 팝업 - 광복 팝업 | 팝가 Popga,20260426,20260723
/popup/6174,1715,초(超) 가구야 공주! 팝업 - 홍대 팝업 | 팝가 Popga,20260406,20260723
/popup/5724,679,지박소년 하나코 군 2 X 애니메이트 콜라보 카페 - 홍대 팝업 | 팝가 Popga,20260226,20260723
/popup/4831,288,슈타인즈 게이트 15주년 기념 팝업 - 홍대 - 홍대 팝업 | 팝가 Popga,20251128,20260723
/popup/4785,233,꽁래쉬 팝업 - 홍대 팝업 | 팝가 Popga,20251126,20260723
/popup/7194,5440,토이스토리 팝업 @성수 - 성수 팝업 | 팝가 Popga,20260524,20260723
/popup/6110,110,푸드올로지 X 헬로키티 팝업 - 명동 팝업 | 팝가 Popga,20260331,20260723
/popup/6358,484,당고네 팝업 - 성수 팝업 | 팝가 Popga,20260415,20260723
/popup/5685,177,국민 매트리스 블라인드 테스트 - 성수 팝업 | 팝가 Popga,20260224,20260723
/popup/6294,857,리즈다 팝업 - 성수 팝업 | 팝가 Popga,20260413,20260723
/popup/6295,1028,감자밭마켓 X 프리카픽 팝업 - 성수 팝업 | 팝가 Popga,20260413,20260723
/popup/6270,376,고흥우주항공축제 X 더현대 서울 팝업 - 여의도 팝업 | 팝가 Popga,20260410,20260723
/popup/2836,317,콰니 X 헤븐리젤리 팝업 | 팝가 POPGA,20250523,20260723
/popup/6117,138,탄산 마그네슘 플리마켓 - 성수 팝업 | 팝가 Popga,20260401,20260723
/popup/7246,151,라빈호프 팝업 - 용산 팝업 | 팝가 Popga,20260527,20260723
/popup/7352,389,키크니 특별전 - 그렸고 그런사이 - 동대문 팝업 | 팝가 Popga,20260602,20260723
/popup/7212,1366,예쁘다 팝업 - 성수 팝업 | 팝가 Popga,20260525,20260723
/popup/7492,4014,이세계아이돌 X 아우어베이커리 팝업 - 신촌 팝업 | 팝가 Popga,20260611,20260723
/popup/7482,192,스포식스 트럭 팝업 @성수 - 성수 팝업 | 팝가 Popga,20260611,20260723
/popup/7443,1658,"ICE ON, The frozen moment in 베리시 성수 - 성수 팝업 | 팝가 Popga",20260610,20260723
/popup/7340,43,북메카 팝업 - 잠실 팝업 | 팝가 Popga,20260602,20260723
/popup/7692,2527,"마뗑킴 전시 - NEW WORDS, NEW WORTH - 성수 팝업 | 팝가 Popga",20260624,20260723
/popup/7707,77,스타드림 콜라보 카페 - 홍대 팝업 | 팝가 Popga,20260625,20260723
/popup/7727,1083,너무착한데? & 틀린 건 아닌데 전시 @종로 - 종로 팝업 | 팝가 Popga,20260626,20260723
/popup/7275,1116,Marn5 Beach Club in Mallorca - 성수 팝업 | 팝가 Popga,20260528,20260723
/popup/1637,325,구황작물빵 팝업 - 대구 - 구황작물빵 팝업 | 팝가 Popga,20250116,20260723
/popup/3491,120,카스쿨 페스티벌 | 팝가 POPGA,20250731,20260723
/popup/6978,548,원신 미니니 팝업 - 홍대 팝업 | 팝가 Popga,20260512,20260723
/popup/7724,346,핑구 X 롯데월드 아쿠아리움 팝업 - 눗눗! 캡틴핑구와 대항해 - 잠실 팝업 | 팝가 Popga,20260626,20260723
/popup/7311,203,메디큐브 팝업 - 잠실 팝업 | 팝가 Popga,20260531,20260723
/popup/6163,187,소피텔 서울 X 라인프렌즈 브라운 이벤트 - 잠실 팝업 | 팝가 Popga,20260405,20260723
/popup/6721,66,소닉 레이싱 크로스월드 팝업 - 인천 팝업 | 팝가 Popga,20260429,20260723
/popup/5379,162,엔하이픈 팝업 - 강남 팝업 | 팝가 Popga,20260122,20260723
/popup/1277,35,리민 팝업 | 팝가 POPGA,20241205,20260723
/popup/7511,3841,신라면 분식 더 팩토리 - 성수 팝업 | 팝가 Popga,20260612,20260723
/popup/7766,432,체리 무빙 팝업 - 서울 팝업 | 팝가 Popga,20260630,20260723
/popup/7582,1408,약사의 혼잣말 특별전 - 홍대 팝업 | 팝가 Popga,20260617,20260723
/popup/7798,499,쭈악쭈악 팝업 @여의도 - 여의도 팝업 | 팝가 Popga,20260701,20260723
/popup/7749,261,황민현 사진전 - 성수 팝업 | 팝가 Popga,20260629,20260723
/popup/7871,654,수키도키 팝업 - 자존감 운동회 @성수 - 성수 팝업 | 팝가 Popga,20260706,20260723
/popup/7840,1323,올리브영 썸머 레시피 팝업 - 성수 팝업 | 팝가 Popga,20260703,20260723
/popup/7842,148,스윔마베베 팝업 - 잠실 팝업 | 팝가 Popga,20260703,20260723
/popup/7785,312,K-헤리티지 with 쿠키런 팝업 - 부산 팝업 | 팝가 Popga,20260630,20260723
/popup/7807,160,LG트윈스 X 태닝 헬로키티 팝업 - 잠실 팝업 | 팝가 Popga,20260701,20260723
/popup/7709,126,찰스퍼니처 팝업 - 용산 팝업 | 팝가 Popga,20260625,20260723
/popup/7813,152,박뚜기 소금빵 팝업 @청주 - 청주 팝업 | 팝가 Popga,20260701,20260723
/popup/7996,178,크리미 팝업 - 잠실 팝업 | 팝가 Popga,20260713,20260723
/popup/7703,1361,올리브영 서바이벌 뷰티 팝업 in 트렌드팟 바이 올리브영 성수 - 성수 팝업 | 팝가 Popga,20260709,20260723
/popup/7876,199,아이들 팝업 - 홍대 팝업 | 팝가 Popga,20260706,20260723
/popup/8048,394,FLOWER IN THE ASHES 팝업 - 성수 팝업 | 팝가 Popga,20260716,20260723
/popup/7956,338,더콜디스트모먼트 팝업 - 성수 팝업 | 팝가 Popga,20260710,20260723
/popup/8034,208,더티니핑 팝업 - 잠실 팝업 | 팝가 Popga,20260715,20260723
/popup/7167,234,어티슈 데저트 카우보이 컬렉션 팝업 - 강남 팝업 | 팝가 Popga,20260521,20260723
/popup/6857,513,오늘부터신령님 X 오마케 콜라보 카페 - 신촌 팝업 | 팝가 Popga,20260430,20260723
/popup/6491,36,폴로 랄프로렌 팝업 - 잠실 팝업 | 팝가 Popga,20260421,20260723
/popup/7952,4322,오버워치 X 요아소비 팝업 - 홍대 팝업 | 팝가 Popga,20260710,20260723
/popup/7993,138,버블솝 팝업 - 신촌 팝업 | 팝가 Popga,20260713,20260723
/popup/7986,64,루메나 팝업 @영등포 - 영등포 팝업 | 팝가 Popga,20260713,20260723
/popup/7922,104,비브람 파이브핑거스 팝업 - 잠실 팝업 | 팝가 Popga,20260708,20260723
/popup/6562,253,정식품 X 오쎄 이벤트 - 성수장터 - 성수 팝업 | 팝가 Popga,20260423,20260723
/popup/7575,340,플라워노즈 [나이트유니콘] 팝업 - 여의도 팝업 | 팝가 Popga,20260619,20260723
/popup/7752,196,더벤티 X 젠레스존제로 팝업 - 신림 팝업 | 팝가 Popga,20260629,20260723
/popup/7680,56,김미재 X 엘엘엘디자인스튜디오 팝업 - 여의도 팝업 | 팝가 Popga,20260623,20260723
/popup/7500,268,보이넥스트도어 팝업 - 용산 팝업 | 팝가 Popga,20260516,20260723
/popup/7572,1253,포인트리스 저니 팝업 - 성수 팝업 | 팝가 Popga,20260616,20260723
/popup/7994,128,쥬베룩 플래그십 스토어 오픈 이벤트 - 강남 팝업 | 팝가 Popga,20260713,20260723
/popup/7954,501,우리 길드 아이돌 팝업 - 달무리: Offline Guild Room - 우리 길드 아이돌 팝업 | 팝가 Popga,20260710,20260723
/popup/7763,51,젤리젤리해 팝업 - 잠실 팝업 | 팝가 Popga,20260629,20260723
/popup/7565,378,아웃스탠딩 서울숲점 오픈 이벤트 - 성수 팝업 | 팝가 Popga,20260616,20260723
/popup/7161,41,스위니트 팝업 - 묘한술책 - 서대문구 팝업 | 팝가 Popga,20260521,20260723
/popup/7178,122,브롤스타즈 팝업 - 홍대 팝업 | 팝가 Popga,20260522,20260723
/popup/7913,257,뮤지컬 겨울왕국 팝업 - 잠실 팝업 | 팝가 Popga,20260708,20260723
/popup/6186,343,데코보코 팝업 - 물 속에서 만난 친구들 - 홍대 팝업 | 팝가 Popga,20260407,20260723
/popup/7546,55,말렌카 팝업 @안성 - 안성 팝업 | 팝가 Popga,20260615,20260723
/popup/7493,71,버터 패밀리 팝업 - 부산 팝업 | 팝가 Popga,20260611,20260723
/popup/8006,266,할리데이비슨 컬렉션스 '1903 티셔츠 개러지' 팝업 - 성수 팝업 | 팝가 Popga,20260714,20260723
/popup/8087,61,LEAP 팝업 - 여의도 팝업 | 팝가 Popga,20260720,20260723
/popup/6849,66,메디큐브 AGE-R 팝업 in 부산 - 부산 팝업 | 팝가 Popga,20260430,20260723
/popup/8118,63,로지텍 팝업 - 성북 팝업 | 팝가 Popga,20260721,20260723
/popup/7907,678,스니커즈 무빙 팝업 - 아이스바 트럭 - 서울 팝업 | 팝가 Popga,20260708,20260723
/popup/7866,200,파이시스 팝업 @여의도 - 여의도 팝업 | 팝가 Popga,20260706,20260723
/popup/7923,169,고카프 오픈런 이벤트 - 강남 팝업 | 팝가 Popga,20260708,20260723
/popup/7917,70,플레이팝 × 스튜디오 세뇨 팝업 - 홍대 팝업 | 팝가 Popga,20260708,20260723
/popup/7387,256,클리시어 팝업 - 여의도 팝업 | 팝가 Popga,20260605,20260723
/popup/8157,28,마르쉐 팝업 - DDP 디자인마켓 - 동대문 팝업 | 팝가 Popga,20260723,20260723
/popup/1941,109,이리온김치 팝업 - 이리온김치 팝업 | 팝가 Popga,20250219,20260723
/popup/8052,90,르브아제 팝업 - 여의도 팝업 | 팝가 Popga,20260716,20260723
/popup/8138,186,양양네일팁 팝업 - 성수 팝업 | 팝가 Popga,20260722,20260723
/popup/8020,164,밀로 아카이브 팝업 - 성수 팝업 | 팝가 Popga,20260715,20260723
/popup/2275,173,김준수 팝업 | 팝가 POPGA,20250318,20260723
/popup/7487,72,쿠쿠수제뜨 팝업 - 종로 팝업 | 팝가 Popga,20260611,20260723
/popup/7488,110,아보 팝업 - 강남 팝업 | 팝가 Popga,20260611,20260723
/popup/7728,350,너무착한데? & 틀린 건 아닌데 전시 @부산 - 부산 팝업 | 팝가 Popga,20260626,20260723
/popup/7758,47,박뚜기 소금빵 X 요아정 팝업 @대구 - 대구 팝업 | 팝가 Popga,20260629,20260723
/popup/7974,29,정남미명과 X 브레드이발소 팝업 - 강릉 팝업 | 팝가 Popga,20260712,20260723
/popup/5648,90,마르쉐 아침시장 팝업 - 동대문 팝업 | 팝가 Popga,20260220,20260723
/popup/7778,64,쓸모없는 플리마켓 - 홍대 팝업 | 팝가 Popga,20260630,20260723
/popup/8121,30,필립 예니카 기획전: 럭키 럭키 럭키 - 홍대 팝업 | 팝가 Popga,20260721,20260723
/popup/7916,74,타이니빌 팝업 - 판교 팝업 | 팝가 Popga,20260708,20260723
/popup/8148,30,탄산마그네슘 X 안녕자두야 팝업 - 잠실 팝업 | 팝가 Popga,20260723,20260723
/popup/8126,101,애니플러스샵 빅세일 이벤트 @합정 - 합정 팝업 | 팝가 Popga,20260722,20260723
/popup/7428,34,소울로스터리 초당옥수수커피 팝업 - 천호 팝업 | 팝가 Popga,20260609,20260723
/popup/389,36,샤이니 태민 전시 - TAEMIN 팝업 | 팝가 Popga,20240826,20260723
/popup/6089,63,댄스온더플로어 팝업 - 여의도 팝업 | 팝가 Popga,20260331,20260723
/popup/8153,14,에트오소메 팝업 - 용산 팝업 | 팝가 Popga,20260723,20260723
/popup/8151,6,플랏투 팝업 - 대구 팝업 | 팝가 Popga,20260723,20260723
/popup/2937,262,고블린 웨어 팝업 | 팝가 POPGA,20250609,20260723
/popup/6970,47,굴뚝강아지 팝업 - 영등포 팝업 | 팝가 Popga,20260511,20260723
/popup/268,44,니커버커 베이글 현대백화점 무역센터점 팝업 - 니커버커 팝업 | 팝가 Popga,20240813,20260723
/popup/3896,79,피넛버터바나나 팝업 | 팝가 POPGA,20250905,20260723
/popup/4045,326,러브라이브 션샤인 전시 - 러브라이브 션샤인 전시 팝업 | 팝가 Popga,20250918,20260723
/popup/7611,297,글로벌 축제 팝업 - Global K-Festival Pop-up in 서울역 - 글로벌 축제 팝업 팝업 | 팝가 Popga,20260618,20260723
/popup/6029,745,킥플립 팝업 - 성수 팝업 | 팝가 Popga,20260326,20260723
/popup/7739,514,쿠키런: 킹덤 팝업 - 위대한 왕국의 유산 - 판교 팝업 | 팝가 Popga,20260628,20260723
/popup/7896,172,뷰티마블 팝업 - 여의도 팝업 | 팝가 Popga,20260707,20260723
/popup/2399,939,파워레인저 콜라보 카페 | 팝가 POPGA,20250401,20260723
/popup/4872,1609,레노버 성수 스토어 - 성수 팝업 | 팝가 Popga,20251202,20260723
/popup/7713,40,포토토 에어라인 팝업 - 김포 팝업 | 팝가 Popga,20260625,20260723
/popup/7793,774,에이쁘 팝업 - 성수 팝업 | 팝가 Popga,20260701,20260723
/popup/7929,194,인스탁스 미니 런칭 팝업 - 용산 팝업 | 팝가 Popga,20260708,20260723
/popup/8008,40,박명수의 라디오쇼 - 명수 밤바다 - 여수 팝업 | 팝가 Popga,20260714,20260723
/popup/8136,66,에일리언스테이지 'AaD' 팝업 카페 - 홍대 팝업 | 팝가 Popga,20260722,20260723
/popup/2881,1676,지구오락실 우주떡집 팝업 | 팝가 POPGA,20250529,20260723
/popup/8010,356,아라바그 팝업 - 성수 팝업 | 팝가 Popga,20260714,20260723
/popup/3110,109,iM금융그룹 팝업 | 팝가 POPGA,20250623,20260723
/popup/6657,324,러쉬 X 슈퍼마리오 갤럭시 팝업 - 잠실 팝업 | 팝가 Popga,20260427,20260723
/popup/8031,45,아베크백 팝업 - 강남 팝업 | 팝가 Popga,20260715,20260723
/popup/3398,287,몽키숄더 용하당 팝업 | 팝가 POPGA,20250729,20260723
/popup/6550,2843,치이카와 베이비 팝업 - 부산 팝업 | 팝가 Popga,20260422,20260723
/popup/7841,84,모닝글로리 모일페 꾸꾸마켓 팝업 - 의정부 팝업 | 팝가 Popga,20260703,20260723
/popup/5359,1533,토미카 팝업 - 용산 팝업 | 팝가 Popga,20260120,20260723
/popup/575,80,온리디스베이커리 팝업 | 팝가 POPGA,20240913,20260723
/popup/3262,651,무용지용 키보드키링 팝업 - 여의도 | 팝가 POPGA,20250709,20260723
/popup/4769,335,커브드 팝업 - 성수 팝업 | 팝가 Popga,20251125,20260723
/popup/6663,40,그린라이트 X 동팔이와 두칠이 팝업 - 강남 팝업 | 팝가 Popga,20260427,20260723
/popup/4454,74,도드람 페스타 - THE GRILLIST | 팝가 Popga,20251028,20260723
/popup/7545,90,말렌카 팝업 @하남 - 하남 팝업 | 팝가 Popga,20260615,20260723
/popup/518,58,Abib 팝업 - 아비브 팝업 | 팝가 Popga,20240911,20260723
/popup/5806,1281,하츠네미쿠 팝업 - 신촌 팝업 | 팝가 Popga,20260309,20260723
/popup/6858,2184,제2회 미쿠감사제 - 우리들의 즐거운 시간 - 홍대 팝업 | 팝가 Popga,20260430,20260723
/popup/6919,112,아메리칸 투어리스터 트란토 팝업 - 성수 팝업 | 팝가 Popga,20260507,20260723
/popup/7695,185,하우스 아카이브 팝업 - 홈 디깅 페어 - 강남 팝업 | 팝가 Popga,20260624,20260723
/popup/3485,82,민트라온 팝업 | 팝가 POPGA,20250731,20260723
/popup/4976,65,앵브록스 팝업 - 여의도 팝업 | 팝가 Popga,20251212,20260723
/popup/7885,1013,죠죠의 기묘한 모험 X 나이스고스트클럽 팝업 - 성수 팝업 | 팝가 Popga,20260707,20260723
/popup/3908,1515,팬게이머 팝업 | 팝가 POPGA,20250908,20260723
/popup/7130,455,티팩토리 성수 카메라 렌탈 이벤트 - 성수 팝업 | 팝가 Popga,20260520,20260723
/popup/6291,128,비나이다 팝업 - 여의도 팝업 | 팝가 Popga,20260413,20260723
/popup/6426,68,로우클래식 팝업 - 여의도 팝업 | 팝가 Popga,20260417,20260723
/popup/7622,658,수호천사 엔젤이 팝업 - 홍대 팝업 | 팝가 Popga,20260619,20260723
/popup/1837,86,팀밸 팝업 - 여의도 - 팀밸 팝업 | 팝가 Popga,20250211,20260723
/popup/5467,142,이상한 행궁동 팝업 - 수원 - 수원 팝업 | 팝가 Popga,20260130,20260723
/popup/7591,522,스위치온 팝업 - 잠실 팝업 | 팝가 Popga,20260617,20260723
/popup/7746,1010,닥터포헤어 팝업 - 성수 팝업 | 팝가 Popga,20260629,20260723
/popup/6290,108,발루토커피 팝업 - 강남 팝업 | 팝가 Popga,20260413,20260723
/popup/7549,1389,명탐정 코난 추리게임 팝업 - 홍대 팝업 | 팝가 Popga,20260615,20260723
/popup/2422,822,쿠팡 메가뷰티쇼 팝업 | 팝가 POPGA,20250403,20260723
/popup/5318,189,에키노마에 팝업 - 용산 팝업 | 팝가 Popga,20260115,20260723
/popup/4374,439,어노브 팝업 - 베어글로우 SPOT 2 | 팝가 Popga,20251021,20260723
/popup/1472,101,풋볼스탠다드 팝업 | 팝가 POPGA,20241228,20260723
/popup/5771,2472,젠틀몬스터 X 디즈니 X F1 팝업 - 성수 팝업 | 팝가 Popga,20260304,20260723
/popup/7850,75,가정교사 히트맨 REBORN! X Gratte 팝업 @잠실 - 잠실 팝업 | 팝가 Popga,20260704,20260723
/popup/7848,175,나의 히어로 아카데미아 X Gratte 팝업 @부산 - 부산 팝업 | 팝가 Popga,20260704,20260723
/popup/3615,157,르망고 팝업 | 팝가 POPGA,20250812,20260723
/popup/8127,25,애니플러스샵 빅세일 이벤트 @부산 - 부산 팝업 | 팝가 Popga,20260722,20260723
/popup/2469,2292,대환장 기안장 팝업 | 팝가 POPGA,20250409,20260723
/popup/7627,755,원피스 대해적시대 아시아 투어 - 제주 팝업 | 팝가 Popga,20260619,20260723
/popup/7562,208,SEGA 미니 뮤지엄 팝업 - 세가 : 즐거움의 여정 - 금천구 팝업 | 팝가 Popga,20260616,20260723
/popup/5176,139,스픽 팝업 - 강남 팝업 | 팝가 Popga,20251231,20260723
/popup/1903,1888,실바니안 패밀리 40주년 팝업 | 팝가 POPGA,20250217,20260723
/popup/2952,140,미즈노 팝업 - 강남 | 팝가 POPGA,20250610,20260723
/popup/7928,243,써머 스위트 투어 팝업 - 용산 팝업 | 팝가 Popga,20260708,20260723
/popup/2721,4048,사카모토 데이즈 팝업 | 팝가 POPGA,20250509,20260723
/popup/5559,2130,케로로 팝업 - 용산 팝업 | 팝가 Popga,20260209,20260723
/popup/5186,1431,가정교사 히트맨 리본! 팝업 - 홍대 팝업 | 팝가 Popga,20260102,20260723
/popup/7101,1121,고스트 바둑왕 전시 - 용산 팝업 | 팝가 Popga,20260519,20260723
/popup/7523,217,브루 아이웨어 팝업 - 성수 팝업 | 팝가 Popga,20260615,20260723
/popup/3849,62,K리그 X 산리오캐릭터즈 팝업 | 팝가 POPGA,20250902,20260723
/popup/4816,88,불가리 홀리데이 디바스 드림 팝업 - 강남 - 강남 팝업 | 팝가 Popga,20251127,20260723
/popup/7282,753,클리오 팝업 - 서울숲 팝업 | 팝가 Popga,20260528,20260723
/popup/5814,110,도담도담 팝업 - 대구 - 대구 팝업 | 팝가 Popga,20260309,20260723
/popup/2876,226,티켓투더문 팝업 - 명동 | 팝가 POPGA,20250529,20260723
/popup/8078,36,코멜리코 아틀리에 팝업 - 강남 팝업 | 팝가 Popga,20260720,20260723
/popup/8025,54,우바우 팝업 - 강남 팝업 | 팝가 Popga,20260715,20260723
/popup/6485,10033,메타몽 놀이터 - 성수 팝업 | 팝가 Popga,20260421,20260723
/popup/7502,425,귀멸의 칼날 팝업 @수원 - 수원 팝업 | 팝가 Popga,20260612,20260723
/popup/7768,382,시엔느 성수부티크 오프라인 이벤트 - 성수 팝업 | 팝가 Popga,20260630,20260723
/popup/7909,70,자취지화 X Gratte 콜라보 카페 @잠실 - 잠실 팝업 | 팝가 Popga,20260708,20260723
/popup/5140,717,오사카 오지상 치즈케이크 팝업 - 홍대 팝업 | 팝가 Popga,20251226,20260723
/popup/7953,177,앙상블스타즈!! 10주년 팝업 - 앙상블스타즈!! 팝업 | 팝가 Popga,20260710,20260723
/popup/5837,433,굿스마일 코리아 팝업 - 신촌 팝업 | 팝가 Popga,20260310,20260723
/popup/8077,98,핑구 팝업 - 서초 팝업 | 팝가 Popga,20260720,20260723
/popup/7867,296,덕다이브 X 펠릭스랩 팝업 - 성수 팝업 | 팝가 Popga,20260706,20260723
/popup/4226,111,이야이야앤프렌즈 팝업 - 강남 팝업 | 팝가 Popga,20251005,20260723
/popup/5208,119,박물구안 팝업 - 여의도 팝업 | 팝가 Popga,20260107,20260723
/popup/4301,1060,구찌 뷰티 하우스 팝업 | 팝가 Popga,20251014,20260723
/popup/7836,552,떼구르르 베이커리 X 프리카픽 디저트 팝업 - 성수 팝업 | 팝가 Popga,20260703,20260723
/popup/5627,376,오프뷰티 이벤트 - 성수 - 성수 팝업 | 팝가 Popga,20260217,20260723
/popup/7461,69,이베넛 팝업 - 신촌 팝업 | 팝가 Popga,20260610,20260723
/popup/8132,100,하이산 팝업 - 성수 팝업 | 팝가 Popga,20260722,20260723
/popup/1049,555,던전밥 팝업 | 팝가 POPGA,20241111,20260723
/popup/260,290,누디트서울숲 무유무유 팝업 | 팝가 POPGA,20240818,20260723
/popup/952,123,프레스샷 X 베베더오리 팝업 | 팝가 POPGA,20241030,20260723
/popup/1747,171,조셉앤스테이시 X 헬로키티 팝업 | 팝가 POPGA,20250203,20260723
/popup/1540,395,은혼 20주년 기념 팝업 | 팝가 POPGA,20250107,20260723
/popup/1834,344,마이온리독 팝업 - 마이온리독 팝업 | 팝가 Popga,20250211,20260723
/popup/1493,988,전지적 독자 시점 팝업 | 팝가 POPGA,20241230,20260723
/popup/2865,1457,젠틀몬스터 X 브랏츠 팝업 | 팝가 POPGA,20250528,20260723
/popup/3027,317,아일릿 팝업 | 팝가 POPGA,20250612,20260723
/popup/4159,2634,나 혼자만 레벨업 전시 - 나 혼자만 레벨업 전시 팝업 | 팝가 Popga,20250930,20260723
/popup/3674,4632,너무 착한데? & 너무 별론데? 전시 | 팝가 POPGA,20250818,20260723
/popup/2605,444,얼터너티브스테레오 팝업 | 팝가 POPGA,20250425,20260723
/popup/4391,367,어바웃톤 팝업 | 팝가 Popga,20251022,20260723
/popup/5109,4396,점프샵 팝업 - 용산 팝업 | 팝가 Popga,20251224,20260723
/popup/4810,1464,오란고교 사교클럽 X 모애쿠 콜라보 카페 - 홍대 팝업 | 팝가 Popga,20251127,20260723
/popup/2596,490,문호 스트레이독스×애니메이트 콜라보 카페 - 홍대 | 팝가 POPGA,20250425,20260723
/popup/3546,362,디플러스 기아 팝업 - 딮기 편의점 | 팝가 POPGA,20250806,20260723
/popup/5032,2387,월리를 찾아라 특별전 - 성수 팝업 | 팝가 Popga,20251217,20260723
/popup/5599,5293,치이카와샵 용산점 오픈 이벤트 - 용산 팝업 | 팝가 Popga,20260212,20260723
/popup/4071,78,테디테일즈 팝업 - 명동 - 테디테일즈 팝업 팝업 | 팝가 Popga,20250922,20260723
/popup/3649,139,더뮤지엄비지터 팝업 - THE MUSEUM HOME PARTY | 팝가 POPGA,20250814,20260723
/popup/3311,404,포켓몬 팝업 - 부산 | 팝가 POPGA,20250716,20260723
/popup/3314,213,갤럭시 스튜디오 팝업 - 강남 | 팝가 POPGA,20250716,20260723
/popup/2728,79,LG트윈스 X 블루밍테일 팝업 | 팝가 POPGA,20250512,20260723
/popup/4593,425,스킴스 팝업 - 여의도 - 여의도 팝업 | 팝가 Popga,20251107,20260723
/popup/4607,315,티엘스 팝업 - 성수 팝업 | 팝가 Popga,20251110,20260723
/popup/4893,816,모프샌드 팝업 - 홍대 팝업 | 팝가 Popga,20251204,20260723
/popup/2291,165,핸드인글러브 팝업 | 팝가 POPGA,20250320,20260723
/popup/3987,119,Ado 팝업 | 팝가 POPGA,20250915,20260723
/popup/347,170,오포르 팝업 | 팝가 POPGA,20240821,20260723
/popup/4305,133,샬롯부띠끄 이벤트 | 팝가 Popga,20251015,20260723
/popup/5252,7724,치이카와 베이비 팝업 - 여의도 팝업 | 팝가 Popga,20260109,20260723
/popup/5016,623,네이버 X 스포티파이 팝업 - 성수 팝업 | 팝가 Popga,20251216,20260723
/popup/4775,448,올리브영 베이크 하우스 팝업 - 잠실 팝업 | 팝가 Popga,20251125,20260723
/popup/5979,345,ABC마트 그랜드스테이지 플래그십 성수 이벤트 - 성수 - 성수 팝업 | 팝가 Popga,20260323,20260723
/popup/6096,1162,프라포투투 팝업 - 성수 팝업 | 팝가 Popga,20260331,20260723
/popup/3753,102,글렌피딕 X 애스턴마틴 팝업 | 팝가 POPGA,20250825,20260723
/popup/5411,347,명일방주 팝업 - 겨울의 초대장 - 건대 팝업 | 팝가 Popga,20260126,20260723
/popup/5386,2298,이터널 리턴 시즌9 마츠리 팝업 - 용산 팝업 | 팝가 Popga,20260122,20260723
/popup/5675,4186,하츠네미쿠 팝업 - Meet and Greet - 영등포 팝업 | 팝가 Popga,20260223,20260723
/popup/7022,380,MGM IP UNIVERSE 2026 - 마리오아울렛 팝업 | 팝가 Popga,20260513,20260723
/popup/7102,9292,귀멸의 칼날 전시 - 전집중展 - 성수 팝업 | 팝가 Popga,20260519,20260723
/popup/6947,2759,주술회전 팝업 - 홍대 팝업 | 팝가 Popga,20260508,20260723
/popup/7303,4724,매지컬 치이카와 팝업 - 용산 팝업 | 팝가 Popga,20260529,20260723
/popup/5406,1006,전지적 독자 시점 팝업 - 연남 팝업 | 팝가 Popga,20260126,20260723
/popup/6322,10681,포켓몬 30주년 파티 팝업 - 성수 팝업 | 팝가 Popga,20260414,20260723
/popup/4724,263,온유 팝업 - 찡냥스 트윙클 스노위랜드 - 여의도 팝업 | 팝가 Popga,20251120,20260723
/popup/5296,141,타이키치도 팝업 - 용산 팝업 | 팝가 Popga,20260114,20260723
/popup/4709,281,탄산마그네슘 팝업 - 홍대 팝업 | 팝가 Popga,20251119,20260723
/popup/5589,377,곰돌이 푸 100주년 팝업 - 강남 팝업 | 팝가 Popga,20260211,20260723
/popup/6219,3709,클램프 전시 - 홍대 팝업 | 팝가 Popga,20260408,20260723
/popup/6116,234,후쿠사야카스테라 팝업 - 압구정 팝업 | 팝가 Popga,20260401,20260723
/popup/5637,52,디어드라세나 팝업 - 여의도 팝업 | 팝가 Popga,20260219,20260723
/popup/7286,1872,온그리디언츠 팝업 - 이너글로우 VIP 라운지 - 성수 팝업 | 팝가 Popga,20260529,20260723
/popup/7020,351,산가지는 도깨비의 꿈을 꾼다 팝업 - 홍대 팝업 | 팝가 Popga,20260513,20260723
/popup/6971,3964,진격의 거인 전시 - 홍대 팝업 | 팝가 Popga,20260511,20260723
/popup/7415,269,나가노마켓 팝업 - 영등포 팝업 | 팝가 Popga,20260608,20260723
/popup/7333,3096,쿠이료코전＆던전밥 미궁탐색전 - 성수 팝업 | 팝가 Popga,20260601,20260723
/popup/7723,145,아기상어 비밀 초대장: 비커밍 샤크 전시 - 동대문 팝업 | 팝가 Popga,20260626,20260723
/popup/7450,1775,메디큐브 X 조앤프렌즈 팝업 - 성수 팝업 | 팝가 Popga,20260609,20260723
/popup/5422,334,LG전자 브랜드 전시 - THE FIRST : Origins - 강남 팝업 | 팝가 Popga,20260127,20260723
/popup/7254,376,퓨어파이브 팝업 - 여의도 팝업 | 팝가 Popga,20260527,20260723
/popup/7581,523,스폰지밥 부산시티투어버스 - 부산 팝업 | 팝가 Popga,20260617,20260723
/popup/6597,43,자일리톨스톤 팝업 - 전주 팝업 | 팝가 Popga,20260426,20260723
/popup/6442,78,찾다보니여기 팝업 - 대구 팝업 | 팝가 Popga,20260419,20260723
/popup/7110,193,명조 X 무신사 팝업 - 홍대 팝업 | 팝가 Popga,20260519,20260723
/popup/3581,115,바이칸 팝업 | 팝가 POPGA,20250808,20260723
/popup/7472,215,버켄스탁 팝업 - 여의도 팝업 | 팝가 Popga,20260610,20260723
/popup/7736,1355,짱구 이벤트 - 떡잎마을 수박 대소동 - 용산 팝업 | 팝가 Popga,20260628,20260723
/popup/7628,230,이토준지 X 무신사 팝업 - 홍대 팝업 | 팝가 Popga,20260621,20260723
/popup/7719,286,투프 X 욤욤클럽 팝업 - 성수 팝업 | 팝가 Popga,20260625,20260723
/popup/7884,181,노커피 X 알파드라이브원 팝업 @잠실 - 잠실 팝업 | 팝가 Popga,20260707,20260723
/popup/8027,541,스트릿레스토랑파이터 셰프 릴레이 팝업 - 잠실 팝업 | 팝가 Popga,20260715,20260723
/popup/8064,1224,레고트 X 포켓몬 팝업 - 성수 팝업 | 팝가 Popga,20260718,20260723
/popup/8002,137,오프레임 팝업 - 여의도 팝업 | 팝가 Popga,20260713,20260723
/popup/7931,552,쿠에른 썸머 팝업 - 성수 팝업 | 팝가 Popga,20260708,20260723
/popup/6953,106,스파이 패밀리 콜라보 카페 - 잠실 팝업 | 팝가 Popga,20260511,20260723
/popup/7160,168,코리아보드게임즈 팝업 - 잠실 팝업 | 팝가 Popga,20260521,20260723
/popup/7944,103,도자기동물원 <야생동물주의>전시 - 성북 팝업 | 팝가 Popga,20260709,20260723
/popup/7983,274,약사의 혼잣말 X 애니메이트 콜라보 카페 @홍대 - 홍대 팝업 | 팝가 Popga,20260712,20260723
/popup/7292,230,오아일랜드 팝업 - 홍대 팝업 | 팝가 Popga,20260529,20260723
/popup/7687,556,메터 팝업 - 성수 팝업 | 팝가 Popga,20260624,20260723
/popup/6652,27,이야이야앤프렌즈 팝업 - 강남 팝업 | 팝가 Popga,20260427,20260723
/popup/7780,70,보드라이더스 팝업 - 잠실 팝업 | 팝가 Popga,20260630,20260723
/popup/7510,235,악센트 아이디 팝업 - 최애 연구소 - 홍대 팝업 | 팝가 Popga,20260612,20260723
/popup/7980,940,프로젝트 세카이 컬러풀 스테이지! feat.하츠네 미쿠 팝업 - 부산 팝업 | 팝가 Popga,20260712,20260723
/popup/8033,60,서일페 V.21 유오코 부스 - 강남 팝업 | 팝가 Popga,20260715,20260723
/popup/7888,461,마르디 메크르디 팝업 - 딴지와 모토 - 성수 팝업 | 팝가 Popga,20260707,20260723
/popup/8114,21,티켓투더문 팝업 @강서 - 강서 팝업 | 팝가 Popga,20260721,20260723
/popup/8041,68,원그기그 팝업 - 강남 팝업 | 팝가 Popga,20260716,20260723
/popup/7852,115,최애의 아이 X 애니플러스 콜라보 카페 @서면 - 부산 팝업 | 팝가 Popga,20260704,20260723
/popup/8124,20,박앵귀 X Gratte 팝업 @홍대 - 홍대 팝업 | 팝가 Popga,20260722,20260723
/popup/1258,64,별마당 도서관 골드 포레스트 팝업 | 팝가 POPGA,20241204,20260723
/popup/1954,42,클라랑스 뷰티 팩토리 - 판교 | 팝가 POPGA,20250220,20260723
/popup/5649,64,플레이인더박스 X 네이버웹툰 팝업 - 강남 - 코엑스 팝업 | 팝가 Popga,20260220,20260723
/popup/7336,940,카사 페라리 팝업 - 성수 팝업 | 팝가 Popga,20260602,20260723
/popup/7240,65,새촌 & 프렌즈 플리마켓 - 성수 팝업 | 팝가 Popga,20260527,20260723
/popup/8084,40,2026 대한민국 우표전시회 - 동대문 팝업 | 팝가 Popga,20260720,20260723
/popup/8016,31,레고트 팝업 - 판교 팝업 | 팝가 Popga,20260714,20260723
/popup/8111,68,바우어 팝업 - 여의도 팝업 | 팝가 Popga,20260721,20260723
/popup/8155,13,노앙 팝업 - 한남동 팝업 팝업 | 팝가 Popga,20260723,20260723
/popup/22,32,주술회전 대구 팝업 - 주술회전 팝업 | 팝가 Popga,20240801,20260723
/popup/6026,27,벤노트 팝업 - 부천 팝업 | 팝가 Popga,20260326,20260723
/popup/6360,44,러닝 부트 캠프 팝업 - 잠실 팝업 | 팝가 Popga,20260415,20260723
/popup/7791,64,얼박사 MIX&MAX LOUNGE 팝업 - 부산 팝업 | 팝가 Popga,20260701,20260723
/popup/6283,15,앤더슨벨 X 브레인데드 팝업 - 성수 팝업 | 팝가 Popga,20260410,20260723
/popup/8100,33,썬슈룹 팝업 in 신세계 센텀시티 - 부산 팝업 | 팝가 Popga,20260721,20260723
/popup/6672,18,명동도나쓰 팝업 - 미아 팝업 | 팝가 Popga,20260428,20260723
/popup/8143,47,오들로 팝업 - 여의도 팝업 | 팝가 Popga,20260722,20260723
/popup/190,159,춘식이의 생일파티 팝업 | 팝가 POPGA,20240801,20260723
/popup/1502,34,Haus of CHA 팝업 - 씨에이치에이 팝업 | 팝가 Popga,20241231,20260723
/popup/7690,147,소니엔젤 팝업 @잠실 - 잠실 팝업 | 팝가 Popga,20260624,20260723
/popup/6565,153,헬로키티 애플카페 팝업 - 부산 팝업 | 팝가 Popga,20260423,20260723
/popup/7822,186,오아일랜드 팝업 - 홍대 팝업 | 팝가 Popga,20260702,20260723
/popup/4902,182,티니핑 X 아트박스 팝업 - 강남 - 강남 팝업 | 팝가 Popga,20251204,20260723
/popup/7652,706,NCT WISH 팝업 - Ode to Love - 왕십리 팝업 | 팝가 Popga,20260622,20260723
/popup/8030,50,로미스토리 팝업 - 영등포 팝업 | 팝가 Popga,20260715,20260723
/popup/8088,40,듀 인피니스 팝업 - 강남 팝업 | 팝가 Popga,20260720,20260723
/popup/6444,16,바나제이 팝업 - 고양 팝업 | 팝가 Popga,20260419,20260723
/popup/7872,95,수키도키 팝업 - 자존감 운동회 @서면 - 서면 팝업 | 팝가 Popga,20260706,20260723
/popup/7052,370,2026 서울바앤스피릿쇼 - 강남 팝업 | 팝가 Popga,20260515,20260723
/popup/3539,166,핫토이 스티치 팝업 | 팝가 POPGA,20250805,20260723
/popup/7845,550,에일리언 스테이지 팝업 - 명동 팝업 | 팝가 Popga,20260704,20260723
/popup/1410,192,치플레 용산 팝업 - 치플레 팝업 | 팝가 Popga,20241218,20260723
/popup/5158,456,치플레 팝업 - 여의도 팝업 | 팝가 Popga,20251230,20260723
/popup/7919,330,홍실 퀘스트 팝업 @홍대 - 홍대 팝업 | 팝가 Popga,20260708,20260723
/popup/7158,121,엑스러브 콜라보 카페 - 홍대 팝업 | 팝가 Popga,20260521,20260723
/popup/7416,71,긱타 팝업 @영등포 - 영등포 팝업 | 팝가 Popga,20260608,20260723
/popup/4203,697,비비앙 팝업 | 팝가 Popga,20251003,20260723
/popup/4937,60,골드윈 팝업 - 강남 팝업 | 팝가 Popga,20251209,20260723
/popup/6230,1044,뉴발란스 X 기안84 팝업 @성수 - 성수 팝업 | 팝가 Popga,20260408,20260723
/popup/7682,3988,말랑페스타 in Seoul - 용산 팝업 | 팝가 Popga,20260624,20260723
/popup/6589,520,더티니핑 성수 오프라인 매장 이벤트 - 어린이날 해피페스타 - 성수 팝업 | 팝가 Popga,20260424,20260723
/popup/6999,353,프로젝트 세카이 팝업 @대구 - 대구 팝업 | 팝가 Popga,20260512,20260723
/popup/5757,346,탄산마그네슘 팝업 - 수원 - 수원 팝업 | 팝가 Popga,20260303,20260723
/popup/2625,675,더마팩토리 성분연구소 팝업 | 팝가 POPGA,20250428,20260723
/popup/7325,349,팬들의 베이스캠프 팝업 - 여의도 팝업 | 팝가 Popga,20260601,20260723
/popup/7748,132,FC서울 X 포켓몬 팝업 - 잠실 팝업 | 팝가 Popga,20260629,20260723
/popup/7851,238,최애의 아이 X 애니플러스 콜라보 카페 @합정 - 합정 팝업 | 팝가 Popga,20260704,20260723
/popup/8029,30,트렌드지 팝업 - 중구 팝업 | 팝가 Popga,20260715,20260723
/popup/5251,5474,디지몬 어드벤처 X 오마케 콜라보 카페 - 신촌 팝업 | 팝가 Popga,20260109,20260723
/popup/5594,48,르메메 서울숲쇼룸 이벤트 - 서울숲 팝업 | 팝가 Popga,20260211,20260723
/popup/7903,192,헬로바 보스 X 애니메이트 콜라보 카페 - 잠실 팝업 | 팝가 Popga,20260707,20260723
/popup/8091,32,레시타 팝업 - 홍대 팝업 | 팝가 Popga,20260720,20260723
/popup/7830,61,보따리 마켓 - 안국 팝업 | 팝가 Popga,20260703,20260723
/popup/7555,217,명탐정 코난 콜라보 카페 @부산 - 부산 팝업 | 팝가 Popga,20260616,20260723
/popup/7947,317,집집 팝업 - 성수 팝업 | 팝가 Popga,20260709,20260723
/popup/1839,62,강원 관광두레 팝업 | 팝가 POPGA,20250211,20260723
/popup/5009,2907,명탐정 코난 추리게임 팝업 - 홍대 팝업 | 팝가 Popga,20251216,20260723
/popup/4635,147,안젤로비안코 팝업 - 성수 팝업 | 팝가 Popga,20251112,20260723
/popup/3341,285,썸웨어버터 팝업 | 팝가 POPGA,20250721,20260723
/popup/5829,396,BTS 팝업 - ARIRANG @SHINSEGAE THE MAIN - 명동 팝업 | 팝가 Popga,20260310,20260723
/popup/3672,822,라로슈포제 팝업 | 팝가 POPGA,20250818,20260723
/popup/6493,100,닌텐도 스위치 2 이벤트 - 영등포 팝업 | 팝가 Popga,20260421,20260723
/popup/4367,610,블루아카이브 X 애니메이트 콜라보 카페 - 홍대 팝업 | 팝가 Popga,20251021,20260723
/popup/8011,37,다이닛 팝업 @부산 - 부산 팝업 | 팝가 Popga,20260714,20260723
/popup/5419,298,글입다 팝업 - 홍대 팝업 | 팝가 Popga,20260126,20260723
/popup/6638,69,슬렙트 팝업 @수원 - 수원 팝업 | 팝가 Popga,20260426,20260723
/popup/8113,55,쓰리와우 팝업 - 양천구 팝업 | 팝가 Popga,20260721,20260723
/popup/2471,267,롯데월드 아쿠아리움 X 보노보노 팝업 | 팝가 POPGA,20250409,20260723
/popup/7714,665,아디다스 X F1 블루 원더 컬렉션 팝업 - 성수 팝업 | 팝가 Popga,20260625,20260723
/popup/7828,138,짱구는 못말려 팝업 - 떡잎마을 주민 대축제 @청주 - 청주 팝업 | 팝가 Popga,20260702,20260723
/popup/7029,130,브레드이발소 X 타임스퀘어 팝업 - 빵빵 페스티벌 - 영등포 팝업 | 팝가 Popga,20260513,20260723
/popup/6303,853,무신사 메가스토어 성수 오픈 이벤트 - 성수 팝업 | 팝가 Popga,20260413,20260723
/popup/8058,188,몬치치 히퍼 X 버터샵 팝업 - 몬치치 팝업 팝업 | 팝가 Popga,20260716,20260723
/popup/8090,118,스트레이키즈 생일카페 - 성수 팝업 | 팝가 Popga,20260720,20260723
/popup/2679,474,한화이글스 X 꿈돌이 팝업 | 팝가 POPGA,20250507,20260723
/popup/5260,113,쏘쏘사라다 - 판교 - 판교 팝업 | 팝가 Popga,20260110,20260723
/popup/8137,108,키키 팝업 - 성수 팝업 | 팝가 Popga,20260722,20260723
/popup/4917,398,원피스 팝업 - 대전 - 대전 팝업 | 팝가 Popga,20251205,20260723
/popup/7843,305,영 이노베이터 드림 프로젝트 2026 팝업 - 성수 팝업 | 팝가 Popga,20260703,20260723
/popup/8000,694,라카 UV 립밤&세럼 런칭 성수 이벤트 - 성수 팝업 | 팝가 Popga,20260516,20260723
/popup/8116,37,양자 워터밤 - 양자세대 물폭탄 대잔치! - 과천 팝업 | 팝가 Popga,20260721,20260723
/popup/7331,903,스파오프렌즈 팝업 - 여의도 팝업 | 팝가 Popga,20260601,20260723
/popup/7614,320,망나니PD 아이돌로 살아남기 팝업 - 여의도 팝업 | 팝가 Popga,20260619,20260723
/popup/7298,256,레고트 코엑스 파르나스몰 팝업 - 강남 팝업 | 팝가 Popga,20260529,20260723
/popup/6577,24,마히나 팝업 - 홍대 팝업 | 팝가 Popga,20260424,20260723
/popup/1803,91,비이커 X 태극당 콜라보 팝업 | 팝가 POPGA,20250207,20260723
/popup/7469,72,JAY B 팝업 - 𝖳𝖱.𝖤𝖤 - 홍대 팝업 | 팝가 Popga,20260610,20260723
/popup/2194,151,리사 팝업 | 팝가 POPGA,20250310,20260723
/popup/6599,38,굿즈 플래너 팝업 - 부천 팝업 | 팝가 Popga,20260426,20260723
/popup/6356,66,압소바 X 헬로키티 팝업 @강남 - 강남 팝업 | 팝가 Popga,20260415,20260723
/popup/1117,72,로지텍G X APOKI 팝업 | 팝가 POPGA,20241119,20260723
/popup/859,47,바이엘캐시미어 팝업 - 실크울 캐시미어 팝업 | 팝가 Popga,20241024,20260723
/popup/1243,799,먼작귀 페스타 팝업 - 먼작귀 팝업 | 팝가 Popga,20241203,20260723
/popup/1486,1330,명탐정 코난 팝업 - 명탐정 코난 팝업 | 팝가 Popga,20241227,20260723
/popup/1385,203,안테나 X 최고심 팝업 | 팝가 POPGA,20241219,20260723
/popup/1654,149,에이프 AAPE 팝업 - 대구 - AAPE 팝업 | 팝가 Popga,20250120,20260723
/popup/1611,645,fxng 퐁 팝업 | 팝가 POPGA,20250114,20260723
/popup/2954,364,닥터지 팝업 | 팝가 POPGA,20250610,20260723
/popup/1769,265,갤럭시 스튜디오 팝업 - 코엑스 | 팝가 POPGA,20250204,20260723
/popup/1186,1479,스폰지밥의 우당탕탕 시간여행 전시 | 팝가 POPGA,20241201,20260723
/popup/1901,117,쿠키런: 킹덤 4주년 기념 행사 <거짓의 카니발> - 수원 | 팝가 POPGA,20250218,20260723
/popup/3511,546,투슬래시포 팝업 - 투슬래시포 팝업 팝업 | 팝가 Popga,20250804,20260723
/popup/5495,3492,NCT WISH 팝업 - 위시 베이커리 - 성수 팝업 | 팝가 Popga,20260202,20260723
/popup/3718,151,케이스티파이 X 짱구는 못말려 팝업 | 팝가 POPGA,20250821,20260723
/popup/3645,283,스포티파이 스테이디움 서울 팝업 | 팝가 POPGA,20250814,20260723
/popup/4399,288,몰랑이 팝업 - 홍대 팝업 | 팝가 Popga,20251023,20260723
/popup/2892,124,블루 아카이브 X 무신사 팝업 - 홍대 - 블루 아카이브 팝업 팝업 | 팝가 Popga,20250531,20260723
/popup/4315,850,바이오던스 팝업 - GLOW STAY IN SEONGSU | 팝가 Popga,20251016,20260723
/popup/3655,263,삼무삼유 막걸리 팝업 - 삼무삼유 막걸리 팝업 팝업 | 팝가 Popga,20250814,20260723
/popup/4506,649,아누아 in 트렌드팟 바이 올리브영 성수 | 팝가 Popga,20251101,20260723
/popup/6001,2688,로블록스 팝업 - 대구 - 대구 팝업 | 팝가 Popga,20260325,20260723
/popup/5476,2759,쿠팡 알럭스 팝업 - 성수 팝업 | 팝가 Popga,20260130,20260723
/popup/5803,1483,<오늘부터 신령님> 팝업 - 홍대 팝업 | 팝가 Popga,20260306,20260723
/popup/7003,6253,체인소맨:레제 콜라보 카페 - 홍대 팝업 | 팝가 Popga,20260512,20260723
/popup/5033,1017,블로키 팝업 - 용산 팝업 | 팝가 Popga,20251217,20260723
/popup/5623,144,쓰리타임즈 팝업 - 강남 팝업 | 팝가 Popga,20260217,20260723
/popup/510,71,도너리 X 우주먼지 팝업 | 팝가 POPGA,20240906,20260723
/popup/4950,441,진도 곱창김 팝업 - 테토김 에겐밥 - 성수 팝업 | 팝가 Popga,20251210,20260723
/popup/6175,894,김퇴사 팝업 - 퇴사게임천국 - 홍대 팝업 | 팝가 Popga,20260406,20260723
/popup/6428,3577,쿠키런 팝업 - 쿠키앤모어 - 잠실 팝업 | 팝가 Popga,20260417,20260723
/popup/4805,74,르누이 팝업 - 강남 팝업 | 팝가 Popga,20251127,20260723
/popup/3587,97,호지 팝업 | 팝가 POPGA,20250808,20260723
/popup/3609,180,오삼삼 팝업 - 오삼삼 팝업 팝업 | 팝가 Popga,20250811,20260723
/popup/5702,88,[부산] NCT DREAM 팝업 - SWEET Dreamiez - 부산 팝업 | 팝가 Popga,20260225,20260723
/popup/6983,913,해리포터 마호도코로 팝업 - 잠실 팝업 | 팝가 Popga,20260512,20260723
/popup/6462,442,에이티즈 X 애니티즈 팝업 - 영등포 팝업 | 팝가 Popga,20260420,20260723
/popup/6204,171,킥플립 X 키이스케이프 방탈출 프로모션 - 강남 팝업 | 팝가 Popga,20260408,20260723
/popup/6908,159,오늘모찌 팝업 - 잠실 팝업 | 팝가 Popga,20260506,20260723
/popup/7815,74,로지텍 팝업 - 용인 팝업 | 팝가 Popga,20260702,20260723
/popup/7893,422,킬러들의 쇼핑몰 시즌2 팝업 - 강남 팝업 | 팝가 Popga,20260707,20260723
/popup/7120,212,메디힐 X 뷰티쁠 무빙 팝업 - 성수 팝업 | 팝가 Popga,20260520,20260723
/popup/7915,2089,프로젝트아이 팝업 - 이번 여름은 처음이니까 - 신촌 팝업 | 팝가 Popga,20260708,20260723
/popup/6470,303,다이슨 뷰티 팝업 - 슈퍼소닉 트래블 라운지 - 성수 팝업 | 팝가 Popga,20260420,20260723
/popup/7755,295,산리오 키즈 페스티벌 - 강남 팝업 | 팝가 Popga,20260629,20260723
/popup/7445,603,"ICE ON, The frozen moment in 베리시 명동 - 명동 팝업 | 팝가 Popga",20260610,20260723
/popup/7678,132,헌터 팝업 - 잠실 팝업 | 팝가 Popga,20260623,20260723
/popup/8018,225,명탐정 코난 전시 - 홍대 팝업 | 팝가 Popga,20260715,20260723
/popup/7879,146,울트라맨 60주년 기념 팝업 - 용산 팝업 | 팝가 Popga,20260706,20260723
/popup/7900,138,듀이트리 X 꿈돌이 팝업 스토어 in 홍대 - 홍대 팝업 | 팝가 Popga,20260707,20260723
/popup/7517,315,프리메라 X 얼루어 무빙 팝업 - 성수 팝업 | 팝가 Popga,20260612,20260723
/popup/8040,80,메이드바이 팝업 - 영등포 팝업 | 팝가 Popga,20260716,20260723
/popup/8023,108,이너프 팝업 - 여의도 팝업 | 팝가 Popga,20260715,20260723
/popup/2358,143,피노 X 뷰티쁠 무빙팝업 | 팝가 POPGA,20250327,20260723
/popup/2030,100,이케아 팝업 - 대전 | 팝가 POPGA,20250227,20260723
/popup/5996,49,메종프란시스커정 팝업 - 천재 조향사의 이야기 - 압구정 팝업 | 팝가 Popga,20260324,20260723
/popup/6269,58,골드 실버 더스트 팝업 - 여의도 팝업 | 팝가 Popga,20260410,20260723
/popup/7988,29,루메나 팝업 @광화문점 - 광화문 팝업 | 팝가 Popga,20260713,20260723
/popup/8117,39,웃웃 플리마켓 - 건대입구 팝업 | 팝가 Popga,20260721,20260723
/popup/7662,86,오호스 팝업 - 서촌 팝업 | 팝가 Popga,20260623,20260723
/popup/8144,42,라운즈 팝업 - 동대문 팝업 | 팝가 Popga,20260722,20260723
/popup/6208,1556,명조 X 갤럭시 스토어 팝업 - 홍대 팝업 | 팝가 Popga,20260408,20260723
/popup/7887,113,에틀리에 팝업 - 강남 팝업 | 팝가 Popga,20260707,20260723
/popup/7951,319,명일방주 팝업 - 뉴 시에스타로의 초대장 - 건대 팝업 | 팝가 Popga,20260712,20260723
/popup/7868,17,위드토리 팝업 - 판교 팝업 | 팝가 Popga,20260706,20260723
/popup/8150,47,이크 팝업 - 성수 팝업 | 팝가 Popga,20260723,20260723
/popup/7849,154,가정교사 히트맨 REBORN! X Gratte 팝업 @홍대 - 홍대 팝업 | 팝가 Popga,20260704,20260723
/popup/7838,386,은혼 팝업 - 요시와라 대염상 @홍대 - 홍대 팝업 | 팝가 Popga,20260703,20260723
/popup/7252,234,인벤타리오: 2026 문구페어 - 강남 팝업 | 팝가 Popga,20260527,20260723
/popup/5692,523,월드 오브 워크래프트 이벤트 - 성수 팝업 | 팝가 Popga,20260224,20260723
/popup/5973,1783,토리든 커넥트 성수 이벤트 - 성수 팝업 | 팝가 Popga,20260323,20260723
/popup/3872,384,웰라쥬 팝업 | 팝가 POPGA,20250904,20260723
/popup/4043,142,괴수 8호 팝업 | 팝가 POPGA,20250918,20260723
/popup/4657,1874,주술회전 팝업 - 홍대 팝업 | 팝가 Popga,20251113,20260723
/popup/3559,1538,라카 성수 플래그십 스토어 이벤트 | 팝가 POPGA,20250806,20260723
/popup/8039,1145,하츠네 미쿠 X NORI 팝업 - 홍대 팝업 | 팝가 Popga,20260715,20260723
/popup/4676,155,핑거힐 팝업 - 홍대 팝업 | 팝가 Popga,20251116,20260723
/popup/7955,247,원피스 팝업 - 잠실 팝업 | 팝가 Popga,20260710,20260723
/popup/6257,1708,이걸… 누가사? 팝업 - 성수 팝업 | 팝가 Popga,20260409,20260723
/popup/6974,40,비플레인 팝업 - 용산 팝업 | 팝가 Popga,20260512,20260723
/popup/2666,83,럽오브더부쉬 팝업 - LOVE OF THE BUSH 팝업 | 팝가 Popga,20250502,20260723
/popup/7504,1009,키르시 팝업 - 성수 팝업 | 팝가 Popga,20260612,20260723
/popup/7819,473,포켓몬 느긋느긋 바캉스 팝업 - 부산 팝업 | 팝가 Popga,20260702,20260723
/popup/6646,43,월드리페어 팝업 - 부산 팝업 | 팝가 Popga,20260426,20260723
/popup/8098,79,서울아트책보고 팝업 - 잠실 팝업 | 팝가 Popga,20260720,20260723
/popup/7918,272,세븐나이츠 리버스 X BOX cafe&space 콜라보 카페 - 홍대 팝업 | 팝가 Popga,20260708,20260723
/popup/3162,516,묘냥이와 멍구 팝업 | 팝가 POPGA,20250630,20260723
/popup/7854,41,린나이 팝업 - 하남 팝업 | 팝가 Popga,20260704,20260723
/popup/1881,183,제로베이스원 팝업 | 팝가 POPGA,20250213,20260723
/popup/7821,356,시나모롤 X 롯데호텔월드 이벤트 - 잠실 팝업 | 팝가 Popga,20260702,20260723
/popup/6900,3153,휩드 팝업 - 성수 팝업 | 팝가 Popga,20260506,20260723
/popup/8015,165,듄 스튜디오 팝업 - 여의도 팝업 | 팝가 Popga,20260714,20260723
/popup/7685,762,무직타이거 팝업 - 성수 팝업 | 팝가 Popga,20260624,20260723
/popup/4941,267,월리를 찾아라 팝업 - 잠실 팝업 | 팝가 Popga,20251209,20260723
/popup/8012,77,토마쓰리 X 오브젝트 콜라보 인형 팝업 - 홍대 팝업 | 팝가 Popga,20260714,20260723
/popup/839,244,AK플라자 X 유어굿즈 원주 팝업 - YOUR GOODS 팝업 | 팝가 Popga,20241023,20260723
/popup/3951,686,에일리언스테이지 X 애니플러스 콜라보 카페 - 홍대 - 에일리언스테이지 X 애니플러스 콜라보 카페 팝업 | 팝가 Popga,20250910,20260723
/popup/7806,345,외교부 X 말해보카 [SAFE CHECK-IN] 팝업 - 여의도 팝업 | 팝가 Popga,20260707,20260723
/popup/5719,189,토카 팝업 - 홍대 팝업 | 팝가 Popga,20260226,20260723
/popup/7205,203,와일드 씽 역조공 카페 이벤트 - 홍대 팝업 | 팝가 Popga,20260524,20260723
/popup/7796,928,키르시 팝업 - 성수 팝업 | 팝가 Popga,20260701,20260723
/popup/1498,87,스파오키즈 부산 팝업 - 스파오키즈 팝업 | 팝가 Popga,20241230,20260723
/popup/7941,99,302 마켓 팝업 - 성수 팝업 | 팝가 Popga,20260709,20260723
/popup/8071,39,산가지는 도깨비의 꿈을 꾼다 팝업 - 홍대 팝업 | 팝가 Popga,20260720,20260723
/popup/8074,32,박하사탕 X 모펀 콜라보 카페 - 홍대 팝업 | 팝가 Popga,20260720,20260723
/popup/6236,308,에이프 팝업 - 성수 팝업 | 팝가 Popga,20260409,20260723
/popup/6544,1044,타몬 군 지금 어느 쪽?! X 팝퍼블 콜라보 카페 - 용산 팝업 | 팝가 Popga,20260422,20260723
/popup/5602,631,코리아보드게임즈 팝업 - 잠실 팝업 | 팝가 Popga,20260212,20260723
/popup/5817,45,더현대 대구 포토네컷 이벤트 - 대구 팝업 | 팝가 Popga,20260309,20260723
/popup/7624,3151,히얼 와쿠쿠 팝업 - 용산 팝업 | 팝가 Popga,20260619,20260723
/popup/5023,409,TCL 팝업 - TCL QD-Mini LED 게임하우스 - 성수 팝업 | 팝가 Popga,20251216,20260723
/popup/8051,44,모닝글로리 모일페 여름방학 팝업 - 일산 팝업 | 팝가 Popga,20260716,20260723
/popup/989,424,드브르베 팝업 | 팝가 POPGA,20241105,20260723
/popup/7998,404,포어필 팝업 - 성수 팝업 | 팝가 Popga,20260713,20260723
/popup/8135,125,프로미스나인 팝업 - 홍대 팝업 | 팝가 Popga,20260722,20260723
/popup/3442,364,탄산 마그네슘 X 이자반 X 철님보석함 팝업 - 탄산 마그네슘 팝업 팝업 | 팝가 Popga,20250730,20260723
/popup/7902,126,"타시로, 너란 녀석은.치 X 투니크 콜라보 카페 - 홍대 팝업 | 팝가 Popga",20260707,20260723
/popup/393,2488,디즈니 100주년 기념 전시 | 팝가 POPGA,20240826,20260723
/popup/3218,318,코끼리밥 캡슐토이 팝업 | 팝가 POPGA,20250703,20260723
/popup/5306,2923,온그리디언츠 팝업 - 성수 팝업 | 팝가 Popga,20260115,20260723
/popup/2730,216,아이브 X 미니브 팝업 | 팝가 POPGA,20250512,20260723
/popup/4569,669,하나카드 X 지드래곤 팝업 - 성수 팝업 | 팝가 Popga,20251106,20260723
/popup/4924,1555,빤쮸토끼 팝업 - 성수 팝업 | 팝가 Popga,20251208,20260723
/popup/3787,445,2025 월드웹툰페스티벌 | 팝가 POPGA,20250827,20260723
/popup/4029,167,카와이토모 퍼글러 팝업 - 카와이토모 퍼글러 팝업 팝업 | 팝가 Popga,20250917,20260723
/popup/4799,494,슈퍼스타 팝업 - 성수 팝업 | 팝가 Popga,20251126,20260723
/popup/6007,279,오늘의 귀여움 CLASS 팝업 - 복슬이 - 홍대 팝업 | 팝가 Popga,20260325,20260723
/popup/4344,357,게임 속 바바리안으로 살아남기 X 2025 월드 웹툰 페스티벌 팝업 - 잠실 팝업 | 팝가 Popga,20251020,20260723
/popup/6070,840,마르디 메크르디 팝업 - 성수 팝업 | 팝가 Popga,20260330,20260723
/popup/7426,336,카스 FIFA 월드컵 팬 베이스캠프 - 강남 팝업 | 팝가 Popga,20260608,20260723
/popup/7365,409,푸마 팝업 - 성수 팝업 | 팝가 Popga,20260604,20260723
/popup/7711,258,라테일 20주년 팝업 - 홍대 팝업 | 팝가 Popga,20260625,20260723
/popup/7541,835,하츠투하츠 팝업 - 여의도 팝업 | 팝가 Popga,20260615,20260723
/popup/6859,158,SAKK X 언더 더 파고라 팝업 - 성수 팝업 | 팝가 Popga,20260430,20260723
/popup/7578,554,아리수 팝업 - 여의도 팝업 | 팝가 Popga,20260617,20260723
/popup/7809,302,다이아몬드 에이스 콜라보 카페 - 홍대 팝업 | 팝가 Popga,20260701,20260723
/popup/7808,1141,<스파이더맨: 브랜드 뉴 데이> 친절한 이웃 팝업 - 여의도 팝업 | 팝가 Popga,20260713,20260723
/popup/7794,592,길라아카이브 팝업 - 성수 팝업 | 팝가 Popga,20260701,20260723
/popup/7490,559,물가의 밤 X 애니플러스 콜라보 카페 @합정 - 홍대 팝업 | 팝가 Popga,20260611,20260723
/popup/8065,132,메디큐브 X 포에버체리 팝업 - 명동 팝업 | 팝가 Popga,20260718,20260723
/popup/8081,80,프랑스루브르바게트 X 이즈나 팝업 - 잠실 팝업 | 팝가 Popga,20260720,20260723
/popup/7372,55,와일드 씽 팝업 - 잠실 팝업 | 팝가 Popga,20260604,20260723
/popup/8049,72,Project:H X F45 팝업 - 잠실 팝업 | 팝가 Popga,20260716,20260723
/popup/4588,143,클램 팝업 - 여의도 팝업 | 팝가 Popga,20251107,20260723
/popup/782,79,베티붑 팝업 | 팝가 POPGA,20241015,20260723
/popup/7977,44,스타필드 벌룬 페스티벌 @하남 - 하남 팝업 | 팝가 Popga,20260712,20260723
/popup/8073,37,왼그기그 팝업 - 강남 팝업 | 팝가 Popga,20260719,20260723
/popup/909,67,오늑 더현대 서울 팝업 - 오늑 팝업 | 팝가 Popga,20241025,20260723
/popup/84,42,마리끌레르 MARINERS CLUB 팝업 - 마리끌레르 팝업 | 팝가 Popga,20240801,20260723
/popup/3676,156,슈퍼주니어 팝업 - SJ Market | 팝가 POPGA,20250818,20260723
/popup/7732,63,WEBHOUSE X CH2P 팝업 - 여의도 팝업 | 팝가 Popga,20260628,20260723
/popup/4214,1092,지박소년 하나코 군 2기 콜라보 카페 - 홍대 - 홍대 팝업 | 팝가 Popga,20251003,20260723
/popup/5667,749,레터프롬문 팝업 - 성수 팝업 | 팝가 Popga,20260223,20260723
/popup/8147,18,폴리테루 아카이브 팝업 - 강남 팝업 | 팝가 Popga,20260723,20260723
/popup/5531,508,므메미무 팝업 - 홍대 - 홍대 팝업 | 팝가 Popga,20260205,20260723
/popup/5335,144,해피퍼즐 팝업 - 용산 팝업 | 팝가 Popga,20260117,20260723
/popup/5288,446,러브앤딥스페이스 X 애니메이트 콜라보 카페 - 홍대 - 홍대 팝업 | 팝가 Popga,20260113,20260723
/popup/2287,42,쿠로 데님 팝업 | 팝가 POPGA,20250319,20260723
/popup/8129,122,2026 웨이든X노익스강 성수 팝업스토어 - 성수 팝업 | 팝가 Popga,20260722,20260723
/popup/7716,35,폴커랑 팝업 - 목동 팝업 | 팝가 Popga,20260625,20260723
/popup/5478,106,원베이크팩토리 팝업 - 부산 - 부산 팝업 | 팝가 Popga,20260130,20260723
/popup/7938,154,구우움 베이커리 팝업 - 홍대 팝업 | 팝가 Popga,20260709,20260723
/popup/4837,575,그립 팝업 - Grip's-mas Market - 성수 팝업 | 팝가 Popga,20251205,20260723
/popup/7759,1015,루아렌 팝업 - 성수 팝업 | 팝가 Popga,20260629,20260723
/popup/7976,43,스타필드 벌룬 페스티벌 @고양 - 고양 팝업 | 팝가 Popga,20260712,20260723
/popup/7949,837,나스 NEW 인세이셔블 리퀴드 블러쉬 팝업 - 성수 팝업 | 팝가 Popga,20260710,20260723
/popup/8082,43,고유 팝업 - 강남 팝업 | 팝가 Popga,20260720,20260723
/popup/5187,298,봄날엔 팝업 - 홍대 팝업 | 팝가 Popga,20260102,20260723
/popup/7702,617,페르소나5 X 애니메이트 콜라보 카페 @홍대 - 홍대 팝업 | 팝가 Popga,20260624,20260723
/popup/7176,102,어센티카 팝업 - 수원 팝업 | 팝가 Popga,20260522,20260723
/popup/4901,73,티니핑 X 아트박스 팝업 - 명동 - 명동 팝업 | 팝가 Popga,20251204,20260723
/popup/5375,1662,나츠메우인장 콜라보 카페 - 홍대 팝업 | 팝가 Popga,20260121,20260723
/popup/7817,332,치플레 팝업 - 용산 팝업 | 팝가 Popga,20260702,20260723
/popup/3432,222,팝마트 헬로 문 전시 - MEGA SPACE MOLLY | 팝가 POPGA,20250730,20260723
/popup/1603,22,무누스 팝업 | 팝가 POPGA,20250114,20260723
/popup/6635,52,샌디버터 팝업 - 잠실 팝업 | 팝가 Popga,20260426,20260723
/popup/5153,997,오프사이드 팝업 - 판교 - 판교 팝업 | 팝가 Popga,20251229,20260723
/popup/993,156,이영지 차린건 쥐뿔도 없지만 팝업 | 팝가 POPGA,20241106,20260723
/popup/5922,1324,루미르 팝업 - 성수 팝업 | 팝가 Popga,20260317,20260723
/popup/8037,288,소담상회 with 무신사 이벤트 - 성수 팝업 | 팝가 Popga,20260715,20260723
/popup/8103,154,명탐정 코난 팝업 - 하이웨이의 타천사 - 홍대 팝업 | 팝가 Popga,20260720,20260723
/popup/3193,2417,토리든 커넥트 성수 <토리웨이브 클럽> 이벤트 | 팝가 POPGA,20250702,20260723
/popup/1990,662,스킵과 로퍼 콜라보 카페 팝업 | 팝가 POPGA,20250224,20260723
/popup/3319,291,솜솜뜨개 팝업 | 팝가 POPGA,20250716,20260723
/popup/2092,154,나 혼자만 레벨업 X 스페이스 브이 팝업 | 팝가 POPGA,20250306,20260723
/popup/3238,215,입생로랑 뷰티 팝업 | 팝가 POPGA,20250707,20260723
/popup/2969,341,스텔라이브 페어 - 잠실 - 스텔라이브 팝업 | 팝가 Popga,20250611,20260723
/popup/3119,166,2025 산리오 키즈 페스티벌 | 팝가 POPGA,20250624,20260723
/popup/3507,255,킹 오브 킹스 팝업 | 팝가 POPGA,20250801,20260723
/popup/5618,66,서스스토어 팝업 - 매옹이의 천태만상 - 여의도 팝업 | 팝가 Popga,20260213,20260723
/popup/5550,58,휴그 팝업 - 용산 팝업 | 팝가 Popga,20260206,20260723
/popup/6239,74,중식마녀 팝업 - 하남 팝업 | 팝가 Popga,20260409,20260723
/popup/4354,249,앤더슨씨 전시 - 333 CHAIRS | 팝가 Popga,20251020,20260723
/popup/1446,146,미스터두낫띵 대구 팝업 - 미스터두낫띵 팝업 | 팝가 Popga,20241223,20260723
/popup/5884,178,브레더스 팝업 - 용산 - 용산 팝업 | 팝가 Popga,20260315,20260723
/popup/7542,4058,스텔라이브 팝업 - SIX STAR STELLIVE - 홍대 팝업 | 팝가 Popga,20260615,20260723
/popup/7474,629,GOODEES 팝업 - 성수 팝업 | 팝가 Popga,20260610,20260723
/popup/7777,195,토이 스토리 5 팝업 @광주 - 광주 팝업 | 팝가 Popga,20260630,20260723
/popup/7912,299,에일리언 스테이지 전시 - 홍대 팝업 | 팝가 Popga,20260708,20260723
/popup/7979,154,미해결사건부 X 굿즈모먼트 콜라보 카페 - 홍대 팝업 | 팝가 Popga,20260712,20260723
/popup/8070,25,아이엠스타! X 프리파라 THE MOVIE 만남의 기적! 페어 @부산 - 부산 팝업 | 팝가 Popga,20260720,20260723
/popup/7869,85,바카라 팝업 - 강남 팝업 | 팝가 Popga,20260706,20260723
/popup/6105,37,폴뉴아 도산 플래그십 스토어 오픈 이벤트 - 강남 팝업 | 팝가 Popga,20260331,20260723
/popup/5676,66,WMC 팝업 - 잠실 팝업 | 팝가 Popga,20260223,20260723
/popup/6690,23,클라우드 크러시 런칭 기념 팝업 @인천 - 인천 팝업 | 팝가 Popga,20260427,20260723
/popup/8066,52,몽심 팝업 - 대전 팝업 | 팝가 Popga,20260718,20260723
/popup/8004,35,고후나비 X 달파티 팝업 - 중구 팝업 | 팝가 Popga,20260714,20260723
/popup/8101,22,파이벌 팝업 in 신세계 센텀시티 - 부산 팝업 | 팝가 Popga,20260721,20260723
